MANDT	FKNUM	FKPOS	FKPTY	BUKRS	NETWR	MWSBP	WAERS	MWSKZ	PRSDT	BUDAT	EXTI1	EXTI2	TPLST	VSART	KALSM	KNUMV	WERKS	EKORG	EKGRP	EBELN	EBELP	LBLNI	PARVW	TDLNR	RECHS	KURST	KOSTY	REFTY	REBEL	REPOS	POSTX	KNTTP	BKLAS	STBER	DTBER	UZBER	STFRE	DTFRE	UZFRE	STABR	DTABR	UZABR	ERNAM	ERDAT	ERZET	AENAM	AEDAT	AEZET	LOGSYS	KSTAU	TRFZNA	TRFZNZ	TXJCD	BASWR	SLAND1_A	SLAND1_Z	FKSTO	KZWI1	KZWI2	KZWI3	KZWI4	KZWI5	KZWI6
700	1100608871	000001	Z001	1000	7,460.00	0.00	INR		17.08.2026	17.08.2026	1100605471		7683	01	ZSCL02	0039353118	7683	1000	701	6000105831	00001	1003382363	SP	0013000730	0013000730		B	8	1100605471	000001	1100605471BEAWARNTRJ[LP] BAMOR	K	3102	C	17.08.2026	11:11:28	C	17.08.2026	11:11:28	C	17.08.2026	11:11:30	S019423	17.08.2026	11:11:28	S019423	17.08.2026	11:11:29		C				0.00	IN	IN		7,460.00	0.00	7,460.00	0.00	0.00	0.00
700	1302430351	000001	Z002	1000	1,500.00	0.00	INR		14.08.2026	14.08.2026	1302430241		1022	01	ZSCL01	0039353105	1022	1000	701		00000		SP	0013000730	0013000730		B	8	1302430241	000001	1302430241 UTTAMNAGAR	K	3101	C	14.08.2026	16:21:40	A		00:00:00	A		00:00:00	RVSD01	14.08.2026	16:21:43			00:00:00		C				0.00	IN	IN		1,500.00	0.00	1,500.00	0.00	0.00	0.00
700	2100000256	000001	Z007	1000	5,396.40	0.00	INR		01.02.2024	01.02.2024	2100000256		1040	01	ZSCL01	0000005773					00000		SP	0013000913			B	8	2100000256	000001	2100000256 RHIHRLYSIDING	K	3101	C	01.02.2024	12:43:54			00:00:00			00:00:00	SCLADMIN	01.02.2024	12:43:54			00:00:00		C				0.00	IN	IN		5,396.40	0.00	5,396.40	0.00	0.00	0.00
700	2100000391	000001	Z007	1000	5,402.40	0.00	INR		01.02.2024	01.02.2024	2100000391		1040	01	ZSCL01	0000007364					00000		SP	0013000913			B	8	2100000391	000001	2100000391 RHIHRLYSIDING	K	3101	C	01.02.2024	15:25:06			00:00:00			00:00:00	SCLADMIN	01.02.2024	15:25:06			00:00:00		C				0.00	IN	IN		5,402.40	0.00	5,402.40	0.00	0.00	0.00
700	2100001447	000001	Z007	1000	5,407.20	0.00	INR		02.02.2024	02.02.2024	2100001457		1040	01	ZSCL01	0000017712					00000		SP	0013000913			B	8	2100001457	000001	2100001457 RHIHRLYSIDING	K	3101	C	02.02.2024	09:12:06			00:00:00			00:00:00	SCLADMIN	02.02.2024	09:12:06			00:00:00		C				0.00	IN	IN		5,407.20	0.00	5,407.20	0.00	0.00	0.00
700	2100008624	000001	Z007	1000	5,394.00	0.00	INR		06.02.2024	06.02.2024	2100008642		1040	01	ZSCL01	0000105216					00000		SP	0013000913			B	8	2100008642	000001	2100008642 RHIHRLYSIDING	K	3101	C	06.02.2024	04:49:08			00:00:00			00:00:00	SCLADMIN	06.02.2024	04:49:08			00:00:00		C				0.00	IN	IN		5,394.00	0.00	5,394.00	0.00	0.00	0.00
700	2100023236	000001	Z007	1000	5,407.20	0.00	INR		13.02.2024	13.02.2024	2100023263		1040	01	ZSCL01	0000296451					00000		SP	0013000913			B	8	2100023263	000001	2100023263 RHIHRLYSIDING	K	3101	C	13.02.2024	00:49:24			00:00:00			00:00:00	SCLADMIN	13.02.2024	00:49:24			00:00:00		C				0.00	IN	IN		5,407.20	0.00	5,407.20	0.00	0.00	0.00
700	2100023739	000001	Z007	1000	5,396.40	0.00	INR		13.02.2024	13.02.2024	2100023767		1040	01	ZSCL01	0000299538					00000		SP	0013000913			B	8	2100023767	000001	2100023767 RHIHRLYSIDING	K	3101	C	13.02.2024	07:50:42			00:00:00			00:00:00	SCLADMIN	13.02.2024	07:50:42			00:00:00		C				0.00	IN	IN		5,396.40	0.00	5,396.40	0.00	0.00	0.00
700	2100023745	000001	Z007	1000	5,394.00	0.00	INR		13.02.2024	13.02.2024	2100023773		1040	01	ZSCL01	0000299569					00000		SP	0013000913			B	8	2100023773	000001	2100023773 RHIHRLYSIDING	K	3101	C	13.02.2024	07:59:43			00:00:00			00:00:00	SCLADMIN	13.02.2024	07:59:43			00:00:00		C				0.00	IN	IN		5,394.00	0.00	5,394.00	0.00	0.00	0.00
700	2100023776	000001	Z007	1000	5,402.40	0.00	INR		13.02.2024	13.02.2024	2100023804		1040	01	ZSCL01	0000299866					00000		SP	0013000913			B	8	2100023804	000001	2100023804 RHIHRLYSIDING	K	3101	C	13.02.2024	08:53:24			00:00:00			00:00:00	SCLADMIN	13.02.2024	08:53:24			00:00:00		C				0.00	IN	IN		5,402.40	0.00	5,402.40	0.00	0.00	0.00
700	2100024417	000001	Z007	1000	5,394.00	0.00	INR		13.02.2024	13.02.2024	2100024465		1040	01	ZSCL01	0000314912					00000		SP	0013000913			B	8	2100024465	000001	2100024465 RHIHRLYSIDING	K	3101	C	13.02.2024	17:58:07			00:00:00			00:00:00	SCLADMIN	13.02.2024	17:58:07			00:00:00		C				0.00	IN	IN		5,394.00	0.00	5,394.00	0.00	0.00	0.00
700	2100025839	000001	Z007	1000	5,396.40	0.00	INR		14.02.2024	14.02.2024	2100025887		1040	01	ZSCL01	0000330396					00000		SP	0013000913			B	8	2100025887	000001	2100025887 RHIHRLYSIDING	K	3101	C	14.02.2024	07:09:15			00:00:00			00:00:00	SCLADMIN	14.02.2024	07:09:15			00:00:00		C				0.00	IN	IN		5,396.40	0.00	5,396.40	0.00	0.00	0.00
700	2100025922	000001	Z007	1000	5,396.40	0.00	INR		14.02.2024	14.02.2024	2100025960		1040	01	ZSCL01	0000330726					00000		SP	0013000913			B	8	2100025960	000001	2100025960 RHIHRLYSIDING	K	3101	C	14.02.2024	07:48:30			00:00:00			00:00:00	SCLADMIN	14.02.2024	07:48:30			00:00:00		C				0.00	IN	IN		5,396.40	0.00	5,396.40	0.00	0.00	0.00
700	2100025931	000001	Z007	1000	5,407.20	0.00	INR		14.02.2024	14.02.2024	2100025969		1040	01	ZSCL01	0000330769					00000		SP	0013000913			B	8	2100025969	000001	2100025969 RHIHRLYSIDING	K	3101	C	14.02.2024	07:57:56			00:00:00			00:00:00	SCLADMIN	14.02.2024	07:57:56			00:00:00		C				0.00	IN	IN		5,407.20	0.00	5,407.20	0.00	0.00	0.00
700	2100027787	000001	Z007	1000	5,394.00	0.00	INR		15.02.2024	15.02.2024	2100027835		1040	01	ZSCL01	0000360798					00000		SP	0013000913			B	8	2100027835	000001	2100027835 RHIHRLYSIDING	K	3101	C	15.02.2024	03:03:49			00:00:00			00:00:00	SCLADMIN	15.02.2024	03:03:49			00:00:00		C				0.00	IN	IN		5,394.00	0.00	5,394.00	0.00	0.00	0.00
700	2100028279	000001	Z007	1000	5,402.40	0.00	INR		15.02.2024	15.02.2024	2100028327		1040	01	ZSCL01	0000363173					00000		SP	0013000913			B	8	2100028327	000001	2100028327 RHIHRLYSIDING	K	3101	C	15.02.2024	09:09:45			00:00:00			00:00:00	SCLADMIN	15.02.2024	09:09:45			00:00:00		C				0.00	IN	IN		5,402.40	0.00	5,402.40	0.00	0.00	0.00
700	2100028721	000001	Z007	1000	5,407.20	0.00	INR		15.02.2024	15.02.2024	2100028759		1040	01	ZSCL01	0000371158					00000		SP	0013000913			B	8	2100028759	000001	2100028759 RHIHRLYSIDING	K	3101	C	15.02.2024	15:36:16			00:00:00			00:00:00	SCLADMIN	15.02.2024	15:36:16			00:00:00		C				0.00	IN	IN		5,407.20	0.00	5,407.20	0.00	0.00	0.00
700	2100028847	000001	Z007	1000	5,407.20	0.00	INR		15.02.2024	15.02.2024	2100028895		1040	01	ZSCL01	0000373719					00000		SP	0013000913			B	8	2100028895	000001	2100028895 RHIHRLYSIDING	K	3101	C	15.02.2024	16:42:41			00:00:00			00:00:00	SCLADMIN	15.02.2024	16:42:41			00:00:00		C				0.00	IN	IN		5,407.20	0.00	5,407.20	0.00	0.00	0.00
700	2100028893	000001	Z007	1000	5,396.40	0.00	INR		15.02.2024	15.02.2024	2100028943		1040	01	ZSCL01	0000374862					00000		SP	0013000913			B	8	2100028943	000001	2100028943 RHIHRLYSIDING	K	3101	C	15.02.2024	17:06:01			00:00:00			00:00:00	SCLADMIN	15.02.2024	17:06:01			00:00:00		C				0.00	IN	IN		5,396.40	0.00	5,396.40	0.00	0.00	0.00
700	2100029045	000001	Z007	1000	5,407.20	0.00	INR		15.02.2024	15.02.2024	2100029105		1040	01	ZSCL01	0000380182					00000		SP	0013000913			B	8	2100029105	000001	2100029105 RHIHRLYSIDING	K	3101	C	15.02.2024	18:36:17			00:00:00			00:00:00	SCLADMIN	15.02.2024	18:36:17			00:00:00		C				0.00	IN	IN		5,407.20	0.00	5,407.20	0.00	0.00	0.00
700	2100029133	000001	Z007	1000	5,396.40	0.00	INR		15.02.2024	15.02.2024	2100029183		1040	01	ZSCL01	0000382108					00000		SP	0013000913			B	8	2100029183	000001	2100029183 RHIHRLYSIDING	K	3101	C	15.02.2024	19:14:56			00:00:00			00:00:00	SCLADMIN	15.02.2024	19:14:56			00:00:00		C				0.00	IN	IN		5,396.40	0.00	5,396.40	0.00	0.00	0.00
700	2100029310	000001	Z007	1000	5,407.20	0.00	INR		15.02.2024	15.02.2024	2100029350		1040	01	ZSCL01	0000384440					00000		SP	0013000913			B	8	2100029350	000001	2100029350 RHIHRLYSIDING	K	3101	C	15.02.2024	20:07:36			00:00:00			00:00:00	SCLADMIN	15.02.2024	20:07:36			00:00:00		C				0.00	IN	IN		5,407.20	0.00	5,407.20	0.00	0.00	0.00
700	2100029642	000001	Z007	1000	5,396.40	0.00	INR		15.02.2024	15.02.2024	2100029682		1040	01	ZSCL01	0000389296					00000		SP	0013000913			B	8	2100029682	000001	2100029682 RHIHRLYSIDING	K	3101	C	15.02.2024	22:28:06			00:00:00			00:00:00	SCLADMIN	15.02.2024	22:28:06			00:00:00		C				0.00	IN	IN		5,396.40	0.00	5,396.40	0.00	0.00	0.00
700	2100029988	000001	Z007	1000	5,402.40	0.00	INR		16.02.2024	16.02.2024	2100030038		1040	01	ZSCL01	0000391852					00000		SP	0013000913			B	8	2100030038	000001	2100030038 RHIHRLYSIDING	K	3101	C	16.02.2024	01:08:15			00:00:00			00:00:00	SCLADMIN	16.02.2024	01:08:15			00:00:00		C				0.00	IN	IN		5,402.40	0.00	5,402.40	0.00	0.00	0.00
700	2100031742	000001	Z007	1000	5,407.20	0.00	INR		16.02.2024	16.02.2024	2100031783		1040	01	ZSCL01	0000417095					00000		SP	0013000913			B	8	2100031783	000001	2100031783 RHIHRLYSIDING	K	3101	C	16.02.2024	20:46:39			00:00:00			00:00:00	SCLADMIN	16.02.2024	20:46:39			00:00:00		C				0.00	IN	IN		5,407.20	0.00	5,407.20	0.00	0.00	0.00
700	2100031780	000001	Z007	1000	5,407.20	0.00	INR		16.02.2024	16.02.2024	2100031831		1040	01	ZSCL01	0000417519					00000		SP	0013000913			B	8	2100031831	000001	2100031831 RHIHRLYSIDING	K	3101	C	16.02.2024	20:59:59			00:00:00			00:00:00	SCLADMIN	16.02.2024	20:59:59			00:00:00		C				0.00	IN	IN		5,407.20	0.00	5,407.20	0.00	0.00	0.00
700	2100032739	000001	Z007	1000	5,394.00	0.00	INR		17.02.2024	17.02.2024	2100032782		1040	01	ZSCL01	0000424756					00000		SP	0013000913			B	8	2100032782	000001	2100032782 RHIHRLYSIDING	K	3101	C	17.02.2024	05:05:51			00:00:00			00:00:00	SCLADMIN	17.02.2024	05:05:51			00:00:00		C				0.00	IN	IN		5,394.00	0.00	5,394.00	0.00	0.00	0.00
700	2100032873	000001	Z007	1000	5,396.40	0.00	INR		17.02.2024	17.02.2024	2100032916		1040	01	ZSCL01	0000425492					00000		SP	0013000913			B	8	2100032916	000001	2100032916 RHIHRLYSIDING	K	3101	C	17.02.2024	07:48:25			00:00:00			00:00:00	SCLADMIN	17.02.2024	07:48:25			00:00:00		C				0.00	IN	IN		5,396.40	0.00	5,396.40	0.00	0.00	0.00
700	2100032976	000001	Z007	1000	5,394.00	0.00	INR		17.02.2024	17.02.2024	2100033009		1040	01	ZSCL01	0000426318					00000		SP	0013000913			B	8	2100033009	000001	2100033009 RHIHRLYSIDING	K	3101	C	17.02.2024	09:39:27			00:00:00			00:00:00	SCLADMIN	17.02.2024	09:39:27			00:00:00		C				0.00	IN	IN		5,394.00	0.00	5,394.00	0.00	0.00	0.00
700	2100033174	000001	Z007	1000	5,402.40	0.00	INR		17.02.2024	17.02.2024	2100033204		1040	01	ZSCL01	0000429139					00000		SP	0013000913			B	8	2100033204	000001	2100033204 RHIHRLYSIDING	K	3101	C	17.02.2024	13:20:46			00:00:00			00:00:00	SCLADMIN	17.02.2024	13:20:46			00:00:00		C				0.00	IN	IN		5,402.40	0.00	5,402.40	0.00	0.00	0.00
700	2100033193	000001	Z007	1000	5,396.40	0.00	INR		17.02.2024	17.02.2024	2100033223		1040	01	ZSCL01	0000429573					00000		SP	0013000913			B	8	2100033223	000001	2100033223 RHIHRLYSIDING	K	3101	C	17.02.2024	13:35:06			00:00:00			00:00:00	SCLADMIN	17.02.2024	13:35:06			00:00:00		C				0.00	IN	IN		5,396.40	0.00	5,396.40	0.00	0.00	0.00
700	2100033263	000001	Z007	1000	5,407.20	0.00	INR		17.02.2024	17.02.2024	2100033293		1040	01	ZSCL01	0000431673					00000		SP	0013000913			B	8	2100033293	000001	2100033293 RHIHRLYSIDING	K	3101	C	17.02.2024	14:47:46			00:00:00			00:00:00	SCLADMIN	17.02.2024	14:47:46			00:00:00		C				0.00	IN	IN		5,407.20	0.00	5,407.20	0.00	0.00	0.00
700	2100034365	000001	Z007	1000	5,407.20	0.00	INR		17.02.2024	17.02.2024	2100034405		1040	01	ZSCL01	0000452061					00000		SP	0013000913			B	8	2100034405	000001	2100034405 RHIHRLYSIDING	K	3101	C	17.02.2024	22:44:54			00:00:00			00:00:00	SCLADMIN	17.02.2024	22:44:54			00:00:00		C				0.00	IN	IN		5,407.20	0.00	5,407.20	0.00	0.00	0.00
700	2100034654	000001	Z007	1000	5,396.40	0.00	INR		18.02.2024	18.02.2024	2100034694		1040	01	ZSCL01	0000454353					00000		SP	0013000913			B	8	2100034694	000001	2100034694 RHIHRLYSIDING	K	3101	C	18.02.2024	00:55:39			00:00:00			00:00:00	SCLADMIN	18.02.2024	00:55:39			00:00:00		C				0.00	IN	IN		5,396.40	0.00	5,396.40	0.00	0.00	0.00
700	2100034776	000001	Z007	1000	5,407.20	0.00	INR		18.02.2024	18.02.2024	2100034816		1040	01	ZSCL01	0000454954					00000		SP	0013000913			B	8	2100034816	000001	2100034816 RHIHRLYSIDING	K	3101	C	18.02.2024	01:54:46			00:00:00			00:00:00	SCLADMIN	18.02.2024	01:54:46			00:00:00		C				0.00	IN	IN		5,407.20	0.00	5,407.20	0.00	0.00	0.00
700	2100035071	000001	Z007	1000	5,402.40	0.00	INR		18.02.2024	18.02.2024	2100035111		1040	01	ZSCL01	0000456635					00000		SP	0013000913			B	8	2100035111	000001	2100035111 RHIHRLYSIDING	K	3101	C	18.02.2024	05:20:29			00:00:00			00:00:00	SCLADMIN	18.02.2024	05:20:29			00:00:00		C				0.00	IN	IN		5,402.40	0.00	5,402.40	0.00	0.00	0.00
700	2100035127	000001	Z007	1000	5,407.20	0.00	INR		18.02.2024	18.02.2024	2100035167		1040	01	ZSCL01	0000456965					00000		SP	0013000913			B	8	2100035167	000001	2100035167 RHIHRLYSIDING	K	3101	C	18.02.2024	06:23:56			00:00:00			00:00:00	SCLADMIN	18.02.2024	06:23:56			00:00:00		C				0.00	IN	IN		5,407.20	0.00	5,407.20	0.00	0.00	0.00
700	2100035161	000001	Z007	1000	5,402.40	0.00	INR		18.02.2024	18.02.2024	2100035201		1040	01	ZSCL01	0000457106					00000		SP	0013000913			B	8	2100035201	000001	2100035201 RHIHRLYSIDING	K	3101	C	18.02.2024	07:15:09			00:00:00			00:00:00	SCLADMIN	18.02.2024	07:15:09			00:00:00		C				0.00	IN	IN		5,402.40	0.00	5,402.40	0.00	0.00	0.00
700	2100035375	000001	Z007	1000	5,396.40	0.00	INR		18.02.2024	18.02.2024	2100035415		1040	01	ZSCL01	0000458647					00000		SP	0013000913			B	8	2100035415	000001	2100035415 RHIHRLYSIDING	K	3101	C	18.02.2024	09:59:20			00:00:00			00:00:00	SCLADMIN	18.02.2024	09:59:20			00:00:00		C				0.00	IN	IN		5,396.40	0.00	5,396.40	0.00	0.00	0.00
700	2100035628	000001	Z007	1000	5,394.00	0.00	INR		18.02.2024	18.02.2024	2100035668		1040	01	ZSCL01	0000462277					00000		SP	0013000913			B	8	2100035668	000001	2100035668 RHIHRLYSIDING	K	3101	C	18.02.2024	12:46:06			00:00:00			00:00:00	SCLADMIN	18.02.2024	12:46:06			00:00:00		C				0.00	IN	IN		5,394.00	0.00	5,394.00	0.00	0.00	0.00
700	2100037256	000001	Z007	1000	5,407.20	0.00	INR		19.02.2024	19.02.2024	2100037286		1040	01	ZSCL01	0000481031					00000		SP	0013000913			B	8	2100037286	000001	2100037286 RHIHRLYSIDING	K	3101	C	19.02.2024	01:12:10			00:00:00			00:00:00	SCLADMIN	19.02.2024	01:12:10			00:00:00		C				0.00	IN	IN		5,407.20	0.00	5,407.20	0.00	0.00	0.00
700	2100037588	000001	Z007	1000	5,396.40	0.00	INR		19.02.2024	19.02.2024	2100037618		1040	01	ZSCL01	0000482778					00000		SP	0013000913			B	8	2100037618	000001	2100037618 RHIHRLYSIDING	K	3101	C	19.02.2024	04:26:01			00:00:00			00:00:00	SCLADMIN	19.02.2024	04:26:01			00:00:00		C				0.00	IN	IN		5,396.40	0.00	5,396.40	0.00	0.00	0.00
700	2100037606	000001	Z007	1000	5,407.20	0.00	INR		19.02.2024	19.02.2024	2100037636		1040	01	ZSCL01	0000482854					00000		SP	0013000913			B	8	2100037636	000001	2100037636 RHIHRLYSIDING	K	3101	C	19.02.2024	04:32:56			00:00:00			00:00:00	SCLADMIN	19.02.2024	04:32:56			00:00:00		C				0.00	IN	IN		5,407.20	0.00	5,407.20	0.00	0.00	0.00
700	2100037965	000001	Z007	1000	5,402.40	0.00	INR		19.02.2024	19.02.2024	2100037995		1040	01	ZSCL01	0000484853					00000		SP	0013000913			B	8	2100037995	000001	2100037995 RHIHRLYSIDING	K	3101	C	19.02.2024	09:50:41			00:00:00			00:00:00	SCLADMIN	19.02.2024	09:50:41			00:00:00		C				0.00	IN	IN		5,402.40	0.00	5,402.40	0.00	0.00	0.00
700	2100038795	000001	Z007	1000	5,396.40	0.00	INR		19.02.2024	19.02.2024	2100038845		1040	01	ZSCL01	0000503372					00000		SP	0013000913			B	8	2100038845	000001	2100038845 RHIHRLYSIDING	K	3101	C	19.02.2024	18:56:52			00:00:00			00:00:00	SCLADMIN	19.02.2024	18:56:52			00:00:00		C				0.00	IN	IN		5,396.40	0.00	5,396.40	0.00	0.00	0.00
700	2100038905	000001	Z007	1000	5,402.40	0.00	INR		19.02.2024	19.02.2024	2100038945		1040	01	ZSCL01	0000505847					00000		SP	0013000913			B	8	2100038945	000001	2100038945 RHIHRLYSIDING	K	3101	C	19.02.2024	19:37:15			00:00:00			00:00:00	SCLADMIN	19.02.2024	19:37:15			00:00:00		C				0.00	IN	IN		5,402.40	0.00	5,402.40	0.00	0.00	0.00
700	2100040938	000001	Z007	1000	5,394.00	0.00	INR		20.02.2024	20.02.2024	2100040989		1040	01	ZSCL01	0000535678					00000		SP	0013000913			B	8	2100040989	000001	2100040989 RHIHRLYSIDING	K	3101	C	20.02.2024	18:55:58			00:00:00			00:00:00	SCLADMIN	20.02.2024	18:55:58			00:00:00		C				0.00	IN	IN		5,394.00	0.00	5,394.00	0.00	0.00	0.00
700	2100041042	000001	Z007	1000	5,394.00	0.00	INR		20.02.2024	20.02.2024	2100041093		1040	01	ZSCL01	0000537774					00000		SP	0013000913			B	8	2100041093	000001	2100041093 RHIHRLYSIDING	K	3101	C	20.02.2024	19:39:30			00:00:00			00:00:00	SCLADMIN	20.02.2024	19:39:30			00:00:00		C				0.00	IN	IN		5,394.00	0.00	5,394.00	0.00	0.00	0.00
700	2100041538	000001	Z007	1000	5,396.40	0.00	INR		20.02.2024	20.02.2024	2100041599		1040	01	ZSCL01	0000544260					00000		SP	0013000913			B	8	2100041599	000001	2100041599 RHIHRLYSIDING	K	3101	C	20.02.2024	22:54:47			00:00:00			00:00:00	SCLADMIN	20.02.2024	22:54:47			00:00:00		C				0.00	IN	IN		5,396.40	0.00	5,396.40	0.00	0.00	0.00
700	2100042811	000001	Z007	1000	5,396.40	0.00	INR		21.02.2024	21.02.2024	2100042862		1040	01	ZSCL01	0000554839					00000		SP	0013000913			B	8	2100042862	000001	2100042862 RHIHRLYSIDING	K	3101	C	21.02.2024	12:58:34			00:00:00			00:00:00	SCLADMIN	21.02.2024	12:58:34			00:00:00		C				0.00	IN	IN		5,396.40	0.00	5,396.40	0.00	0.00	0.00
700	2100042820	000001	Z007	1000	5,396.40	0.00	INR		21.02.2024	21.02.2024	2100042871		1040	01	ZSCL01	0000555023					00000		SP	0013000913			B	8	2100042871	000001	2100042871 RHIHRLYSIDING	K	3101	C	21.02.2024	13:03:31			00:00:00			00:00:00	SCLADMIN	21.02.2024	13:03:31			00:00:00		C				0.00	IN	IN		5,396.40	0.00	5,396.40	0.00	0.00	0.00
700	2100043001	000001	Z007	1000	5,396.40	0.00	INR		21.02.2024	21.02.2024	2100043052		1040	01	ZSCL01	0000559956					00000		SP	0013000913			B	8	2100043052	000001	2100043052 RHIHRLYSIDING	K	3101	C	21.02.2024	15:37:36			00:00:00			00:00:00	SCLADMIN	21.02.2024	15:37:36			00:00:00		C				0.00	IN	IN		5,396.40	0.00	5,396.40	0.00	0.00	0.00
700	2100043161	000001	Z007	1000	5,396.40	0.00	INR		21.02.2024	21.02.2024	2100043212		1040	01	ZSCL01	0000563221					00000		SP	0013000913			B	8	2100043212	000001	2100043212 RHIHRLYSIDING	K	3101	C	21.02.2024	16:49:05			00:00:00			00:00:00	SCLADMIN	21.02.2024	16:49:05			00:00:00		C				0.00	IN	IN		5,396.40	0.00	5,396.40	0.00	0.00	0.00
700	2100044647	000001	Z007	1000	5,407.20	0.00	INR		22.02.2024	22.02.2024	2100044698		1040	01	ZSCL01	0000582098					00000		SP	0013000913			B	8	2100044698	000001	2100044698 RHIHRLYSIDING	K	3101	C	22.02.2024	04:00:38			00:00:00			00:00:00	SCLADMIN	22.02.2024	04:00:38			00:00:00		C				0.00	IN	IN		5,407.20	0.00	5,407.20	0.00	0.00	0.00
700	2100045250	000001	Z007	1000	5,402.40	0.00	INR		22.02.2024	22.02.2024	2100045301		1040	01	ZSCL01	0000588275					00000		SP	0013000913			B	8	2100045301	000001	2100045301 RHIHRLYSIDING	K	3101	C	22.02.2024	13:10:00			00:00:00			00:00:00	SCLADMIN	22.02.2024	13:10:00			00:00:00		C				0.00	IN	IN		5,402.40	0.00	5,402.40	0.00	0.00	0.00
700	2100045681	000001	Z007	1000	5,407.20	0.00	INR		22.02.2024	22.02.2024	2100045732		1040	01	ZSCL01	0000596218					00000		SP	0013000913			B	8	2100045732	000001	2100045732 RHIHRLYSIDING	K	3101	C	22.02.2024	17:08:20			00:00:00			00:00:00	SCLADMIN	22.02.2024	17:08:20			00:00:00		C				0.00	IN	IN		5,407.20	0.00	5,407.20	0.00	0.00	0.00
700	2100045707	000001	Z007	1000	5,402.40	0.00	INR		22.02.2024	22.02.2024	2100045758		1040	01	ZSCL01	0000597103					00000		SP	0013000913			B	8	2100045758	000001	2100045758 RHIHRLYSIDING	K	3101	C	22.02.2024	17:25:11			00:00:00			00:00:00	SCLADMIN	22.02.2024	17:25:11			00:00:00		C				0.00	IN	IN		5,402.40	0.00	5,402.40	0.00	0.00	0.00
700	2100046094	000001	Z007	1000	5,394.00	0.00	INR		22.02.2024	22.02.2024	2100046145		1040	01	ZSCL01	0000608966					00000		SP	0013000913			B	8	2100046145	000001	2100046145 RHIHRLYSIDING	K	3101	C	22.02.2024	20:17:10			00:00:00			00:00:00	SCLADMIN	22.02.2024	20:17:10			00:00:00		C				0.00	IN	IN		5,394.00	0.00	5,394.00	0.00	0.00	0.00
700	2100047154	000001	Z007	1000	5,396.40	0.00	INR		23.02.2024	23.02.2024	2100047215		1040	01	ZSCL01	0000618271					00000		SP	0013000913			B	8	2100047215	000001	2100047215 RHIHRLYSIDING	K	3101	C	23.02.2024	05:44:52			00:00:00			00:00:00	SCLADMIN	23.02.2024	05:44:52			00:00:00		C				0.00	IN	IN		5,396.40	0.00	5,396.40	0.00	0.00	0.00
700	2100047281	000001	Z007	1000	5,394.00	0.00	INR		23.02.2024	23.02.2024	2100047352		1040	01	ZSCL01	0000619149					00000		SP	0013000913			B	8	2100047352	000001	2100047352 RHIHRLYSIDING	K	3101	C	23.02.2024	08:28:37			00:00:00			00:00:00	SCLADMIN	23.02.2024	08:28:37			00:00:00		C				0.00	IN	IN		5,394.00	0.00	5,394.00	0.00	0.00	0.00
700	2100047627	000001	Z007	1000	5,394.00	0.00	INR		23.02.2024	23.02.2024	2100047698		1040	01	ZSCL01	0000625801					00000		SP	0013000913			B	8	2100047698	000001	2100047698 RHIHRLYSIDING	K	3101	C	23.02.2024	12:55:57			00:00:00			00:00:00	SCLADMIN	23.02.2024	12:55:57			00:00:00		C				0.00	IN	IN		5,394.00	0.00	5,394.00	0.00	0.00	0.00
700	2100048152	000001	Z007	1000	5,394.00	0.00	INR		23.02.2024	23.02.2024	2100048203		1040	01	ZSCL01	0000639080					00000		SP	0013000913			B	8	2100048203	000001	2100048203 RHIHRLYSIDING	K	3101	C	23.02.2024	17:11:16			00:00:00			00:00:00	SCLADMIN	23.02.2024	17:11:16			00:00:00		C				0.00	IN	IN		5,394.00	0.00	5,394.00	0.00	0.00	0.00
700	2100048446	000001	Z007	1000	5,394.00	0.00	INR		23.02.2024	23.02.2024	2100048497		1040	01	ZSCL01	0000647758					00000		SP	0013000913			B	8	2100048497	000001	2100048497 RHIHRLYSIDING	K	3101	C	23.02.2024	19:03:12			00:00:00			00:00:00	SCLADMIN	23.02.2024	19:03:12			00:00:00		C				0.00	IN	IN		5,394.00	0.00	5,394.00	0.00	0.00	0.00
700	2100048785	000001	Z007	1000	5,402.40	0.00	INR		23.02.2024	23.02.2024	2100048846		1040	01	ZSCL01	0000652553					00000		SP	0013000913			B	8	2100048846	000001	2100048846 RHIHRLYSIDING	K	3101	C	23.02.2024	21:09:14			00:00:00			00:00:00	SCLADMIN	23.02.2024	21:09:14			00:00:00		C				0.00	IN	IN		5,402.40	0.00	5,402.40	0.00	0.00	0.00
700	2100049005	000001	Z007	1000	5,396.40	0.00	INR		23.02.2024	23.02.2024	2100049056		1040	01	ZSCL01	0000655219					00000		SP	0013000913			B	8	2100049056	000001	2100049056 RHIHRLYSIDING	K	3101	C	23.02.2024	23:03:45			00:00:00			00:00:00	SCLADMIN	23.02.2024	23:03:45			00:00:00		C				0.00	IN	IN		5,396.40	0.00	5,396.40	0.00	0.00	0.00
700	2100049023	000001	Z007	1000	5,407.20	0.00	INR		23.02.2024	23.02.2024	2100049074		1040	01	ZSCL01	0000655358					00000		SP	0013000913			B	8	2100049074	000001	2100049074 RHIHRLYSIDING	K	3101	C	23.02.2024	23:09:51			00:00:00			00:00:00	SCLADMIN	23.02.2024	23:09:51			00:00:00		C				0.00	IN	IN		5,407.20	0.00	5,407.20	0.00	0.00	0.00
700	2100049959	000001	Z007	1000	5,394.00	0.00	INR		24.02.2024	24.02.2024	2100050010		1040	01	ZSCL01	0000661737					00000		SP	0013000913			B	8	2100050010	000001	2100050010 RHIHRLYSIDING	K	3101	C	24.02.2024	09:45:49			00:00:00			00:00:00	SCLADMIN	24.02.2024	09:45:49			00:00:00		C				0.00	IN	IN		5,394.00	0.00	5,394.00	0.00	0.00	0.00
700	2100050284	000001	Z007	1000	5,407.20	0.00	INR		24.02.2024	24.02.2024	2100050335		1040	01	ZSCL01	0000669029					00000		SP	0013000913			B	8	2100050335	000001	2100050335 RHIHRLYSIDING	K	3101	C	24.02.2024	13:08:33			00:00:00			00:00:00	SCLADMIN	24.02.2024	13:08:33			00:00:00		C				0.00	IN	IN		5,407.20	0.00	5,407.20	0.00	0.00	0.00
700	2100050544	000001	Z007	1000	5,396.40	0.00	INR		24.02.2024	24.02.2024	2100050595		1040	01	ZSCL01	0000676396					00000		SP	0013000913			B	8	2100050595	000001	2100050595 RHIHRLYSIDING	K	3101	C	24.02.2024	15:41:01			00:00:00			00:00:00	SCLADMIN	24.02.2024	15:41:01			00:00:00		C				0.00	IN	IN		5,396.40	0.00	5,396.40	0.00	0.00	0.00
700	2100050558	000001	Z007	1000	5,396.40	0.00	INR		24.02.2024	24.02.2024	2100050609		1040	01	ZSCL01	0000676740					00000		SP	0013000913			B	8	2100050609	000001	2100050609 RHIHRLYSIDING	K	3101	C	24.02.2024	15:50:06			00:00:00			00:00:00	SCLADMIN	24.02.2024	15:50:06			00:00:00		C				0.00	IN	IN		5,396.40	0.00	5,396.40	0.00	0.00	0.00
700	2100050619	000001	Z007	1000	5,396.40	0.00	INR		24.02.2024	24.02.2024	2100050680		1040	01	ZSCL01	0000678236					00000		SP	0013000913			B	8	2100050680	000001	2100050680 RHIHRLYSIDING	K	3101	C	24.02.2024	16:20:43			00:00:00			00:00:00	SCLADMIN	24.02.2024	16:20:43			00:00:00		C				0.00	IN	IN		5,396.40	0.00	5,396.40	0.00	0.00	0.00
700	2100051327	000001	Z007	1000	5,407.20	0.00	INR		24.02.2024	24.02.2024	2100051389		1040	01	ZSCL01	0000690341					00000		SP	0013000913			B	8	2100051389	000001	2100051389 RHIHRLYSIDING	K	3101	C	24.02.2024	21:08:24			00:00:00			00:00:00	SCLADMIN	24.02.2024	21:08:24			00:00:00		C				0.00	IN	IN		5,407.20	0.00	5,407.20	0.00	0.00	0.00
700	2100051380	000001	Z007	1000	5,394.00	0.00	INR		24.02.2024	24.02.2024	2100051432		1040	01	ZSCL01	0000690863					00000		SP	0013000913			B	8	2100051432	000001	2100051432 RHIHRLYSIDING	K	3101	C	24.02.2024	21:28:31			00:00:00			00:00:00	SCLADMIN	24.02.2024	21:28:31			00:00:00		C				0.00	IN	IN		5,394.00	0.00	5,394.00	0.00	0.00	0.00
700	2100051586	000001	Z007	1000	5,407.20	0.00	INR		24.02.2024	24.02.2024	2100051648		1040	01	ZSCL01	0000692484					00000		SP	0013000913			B	8	2100051648	000001	2100051648 RHIHRLYSIDING	K	3101	C	24.02.2024	22:48:25			00:00:00			00:00:00	SCLADMIN	24.02.2024	22:48:25			00:00:00		C				0.00	IN	IN		5,407.20	0.00	5,407.20	0.00	0.00	0.00
700	2100052047	000001	Z007	1000	5,402.40	0.00	INR		25.02.2024	25.02.2024	2100052109		1040	01	ZSCL01	0000695620					00000		SP	0013000913			B	8	2100052109	000001	2100052109 RHIHRLYSIDING	K	3101	C	25.02.2024	02:57:08			00:00:00			00:00:00	SCLADMIN	25.02.2024	02:57:08			00:00:00		C				0.00	IN	IN		5,402.40	0.00	5,402.40	0.00	0.00	0.00
700	2100052549	000001	Z007	1000	5,402.40	0.00	INR		25.02.2024	25.02.2024	2100052611		1040	01	ZSCL01	0000698749					00000		SP	0013000913			B	8	2100052611	000001	2100052611 RHIHRLYSIDING	K	3101	C	25.02.2024	09:13:54			00:00:00			00:00:00	SCLADMIN	25.02.2024	09:13:54			00:00:00		C				0.00	IN	IN		5,402.40	0.00	5,402.40	0.00	0.00	0.00
700	2100053916	000001	Z007	1000	5,407.20	0.00	INR		25.02.2024	25.02.2024	2100053968		1040	01	ZSCL01	0000717911					00000		SP	0013000913			B	8	2100053968	000001	2100053968 RHIHRLYSIDING	K	3101	C	25.02.2024	20:40:57			00:00:00			00:00:00	SCLADMIN	25.02.2024	20:40:57			00:00:00		C				0.00	IN	IN		5,407.20	0.00	5,407.20	0.00	0.00	0.00
700	2100054265	000001	Z007	1000	5,394.00	0.00	INR		25.02.2024	25.02.2024	2100054327		1040	01	ZSCL01	0000720961					00000		SP	0013000913			B	8	2100054327	000001	2100054327 RHIHRLYSIDING	K	3101	C	25.02.2024	22:28:49			00:00:00			00:00:00	SCLADMIN	25.02.2024	22:28:49			00:00:00		C				0.00	IN	IN		5,394.00	0.00	5,394.00	0.00	0.00	0.00
700	2100054307	000001	Z007	1000	5,396.40	0.00	INR		25.02.2024	25.02.2024	2100054369		1040	01	ZSCL01	0000721308					00000		SP	0013000913			B	8	2100054369	000001	2100054369 RHIHRLYSIDING	K	3101	C	25.02.2024	22:39:19			00:00:00			00:00:00	SCLADMIN	25.02.2024	22:39:19			00:00:00		C				0.00	IN	IN		5,396.40	0.00	5,396.40	0.00	0.00	0.00
700	2100054846	000001	Z007	1000	5,402.40	0.00	INR		26.02.2024	26.02.2024	2100054898		1040	01	ZSCL01	0000724918					00000		SP	0013000913			B	8	2100054898	000001	2100054898 RHIHRLYSIDING	K	3101	C	26.02.2024	04:14:10			00:00:00			00:00:00	SCLADMIN	26.02.2024	04:14:10			00:00:00		C				0.00	IN	IN		5,402.40	0.00	5,402.40	0.00	0.00	0.00
700	2100054866	000001	Z007	1000	5,402.40	0.00	INR		26.02.2024	26.02.2024	2100054918		1040	01	ZSCL01	0000725031					00000		SP	0013000913			B	8	2100054918	000001	2100054918 RHIHRLYSIDING	K	3101	C	26.02.2024	04:32:55			00:00:00			00:00:00	SCLADMIN	26.02.2024	04:32:55			00:00:00		C				0.00	IN	IN		5,402.40	0.00	5,402.40	0.00	0.00	0.00
700	2100055449	000001	Z007	1000	5,407.20	0.00	INR		26.02.2024	26.02.2024	2100055511		1040	01	ZSCL01	0000731926					00000		SP	0013000913			B	8	2100055511	000001	2100055511 RHIHRLYSIDING	K	3101	C	26.02.2024	13:42:39			00:00:00			00:00:00	SCLADMIN	26.02.2024	13:42:39			00:00:00		C				0.00	IN	IN		5,407.20	0.00	5,407.20	0.00	0.00	0.00
700	2100055519	000001	Z007	1000	5,394.00	0.00	INR		26.02.2024	26.02.2024	2100055581		1040	01	ZSCL01	0000733034					00000		SP	0013000913			B	8	2100055581	000001	2100055581 RHIHRLYSIDING	K	3101	C	26.02.2024	14:25:55			00:00:00			00:00:00	SCLADMIN	26.02.2024	14:25:55			00:00:00		C				0.00	IN	IN		5,394.00	0.00	5,394.00	0.00	0.00	0.00
700	2100055549	000001	Z007	1000	5,402.40	0.00	INR		26.02.2024	26.02.2024	2100055611		1040	01	ZSCL01	0000733582					00000		SP	0013000913			B	8	2100055611	000001	2100055611 RHIHRLYSIDING	K	3101	C	26.02.2024	14:43:36			00:00:00			00:00:00	SCLADMIN	26.02.2024	14:43:36			00:00:00		C				0.00	IN	IN		5,402.40	0.00	5,402.40	0.00	0.00	0.00
700	2100056697	000001	Z007	1000	5,394.00	0.00	INR		26.02.2024	26.02.2024	2100056759		1040	01	ZSCL01	0000755141					00000		SP	0013000913			B	8	2100056759	000001	2100056759 RHIHRLYSIDING	K	3101	C	26.02.2024	23:24:20			00:00:00			00:00:00	SCLADMIN	26.02.2024	23:24:20			00:00:00		C				0.00	IN	IN		5,394.00	0.00	5,394.00	0.00	0.00	0.00
700	2100057283	000001	Z007	1000	5,402.40	0.00	INR		27.02.2024	27.02.2024	2100057356		1040	01	ZSCL01	0000758656					00000		SP	0013000913			B	8	2100057356	000001	2100057356 RHIHRLYSIDING	K	3101	C	27.02.2024	05:23:34			00:00:00			00:00:00	SCLADMIN	27.02.2024	05:23:34			00:00:00		C				0.00	IN	IN		5,402.40	0.00	5,402.40	0.00	0.00	0.00
700	2100057407	000001	Z007	1000	5,394.00	0.00	INR		27.02.2024	27.02.2024	2100057480		1040	01	ZSCL01	0000759593					00000		SP	0013000913			B	8	2100057480	000001	2100057480 RHIHRLYSIDING	K	3101	C	27.02.2024	07:56:47			00:00:00			00:00:00	SCLADMIN	27.02.2024	07:56:47			00:00:00		C				0.00	IN	IN		5,394.00	0.00	5,394.00	0.00	0.00	0.00
700	2100057754	000001	Z007	1000	5,402.40	0.00	INR		27.02.2024	27.02.2024	2100057827		1040	01	ZSCL01	0000766261					00000		SP	0013000913			B	8	2100057827	000001	2100057827 RHIHRLYSIDING	K	3101	C	27.02.2024	13:04:47			00:00:00			00:00:00	SCLADMIN	27.02.2024	13:04:47			00:00:00		C				0.00	IN	IN		5,402.40	0.00	5,402.40	0.00	0.00	0.00
700	2100060731	000001	Z007	1000	5,396.40	0.00	INR		28.02.2024	28.02.2024	2100060802		1040	01	ZSCL01	0000846139					00000		SP	0013000913			B	8	2100060802	000001	2100060802 RHIHRLYSIDING	K	3101	C	28.02.2024	17:46:53			00:00:00			00:00:00	SCLADMIN	28.02.2024	17:46:53			00:00:00		C				0.00	IN	IN		5,396.40	0.00	5,396.40	0.00	0.00	0.00
700	2100061769	000001	Z007	1000	5,402.40	0.00	INR		29.02.2024	29.02.2024	2100061841		1040	01	ZSCL01	0000864967					00000		SP	0013000913			B	8	2100061841	000001	2100061841 RHIHRLYSIDING	K	3101	C	29.02.2024	02:21:22			00:00:00			00:00:00	SCLADMIN	29.02.2024	02:21:22			00:00:00		C				0.00	IN	IN		5,402.40	0.00	5,402.40	0.00	0.00	0.00
700	2100062036	000001	Z007	1000	5,396.40	0.00	INR		29.02.2024	29.02.2024	2100062108		1040	01	ZSCL01	0000866834					00000		SP	0013000913			B	8	2100062108	000001	2100062108 RHIHRLYSIDING	K	3101	C	29.02.2024	05:38:09			00:00:00			00:00:00	SCLADMIN	29.02.2024	05:38:09			00:00:00		C				0.00	IN	IN		5,396.40	0.00	5,396.40	0.00	0.00	0.00
700	2100063646	000001	Z007	1000	5,402.40	0.00	INR		29.02.2024	29.02.2024	2100063708		1040	01	ZSCL01	0000949071					00000		SP	0013000913			B	8	2100063708	000001	2100063708 RHIHRLYSIDING	K	3101	C	29.02.2024	21:27:10			00:00:00			00:00:00	SCLADMIN	29.02.2024	21:27:10			00:00:00		C				0.00	IN	IN		5,402.40	0.00	5,402.40	0.00	0.00	0.00
700	2100064658	000001	Z007	1000	5,407.20	0.00	INR		01.03.2024	01.03.2024	2100064722		1040	01	ZSCL01	0000968623					00000		SP	0013000913			B	8	2100064722	000001	2100064722 RHIHRLYSIDING	K	3101	C	01.03.2024	08:34:22			00:00:00			00:00:00	SCLADMIN	01.03.2024	08:34:22			00:00:00		C				0.00	IN	IN		5,407.20	0.00	5,407.20	0.00	0.00	0.00
700	2100065107	000001	Z007	1000	5,396.40	0.00	INR		01.03.2024	01.03.2024	2100065181		1040	01	ZSCL01	0000975173					00000		SP	0013000913			B	8	2100065181	000001	2100065181 RHIHRLYSIDING	K	3101	C	01.03.2024	14:50:42			00:00:00			00:00:00	SCLADMIN	01.03.2024	14:50:42			00:00:00		C				0.00	IN	IN		5,396.40	0.00	5,396.40	0.00	0.00	0.00
700	2100065502	000001	Z007	1000	5,407.20	0.00	INR		01.03.2024	01.03.2024	2100065576		1040	01	ZSCL01	0000984260					00000		SP	0013000913			B	8	2100065576	000001	2100065576 RHIHRLYSIDING	K	3101	C	01.03.2024	18:06:42			00:00:00			00:00:00	SCLADMIN	01.03.2024	18:06:42			00:00:00		C				0.00	IN	IN		5,407.20	0.00	5,407.20	0.00	0.00	0.00
700	2100067341	000001	Z007	1000	5,402.40	0.00	INR		02.03.2024	02.03.2024	2100067395		1040	01	ZSCL01	0001007034					00000		SP	0013000913			B	8	2100067395	000001	2100067395 RHIHRLYSIDING	K	3101	C	02.03.2024	15:04:48			00:00:00			00:00:00	SCLADMIN	02.03.2024	15:04:48			00:00:00		C				0.00	IN	IN		5,402.40	0.00	5,402.40	0.00	0.00	0.00
700	2100068076	000001	Z007	1000	5,394.00	0.00	INR		02.03.2024	02.03.2024	2100068130		1040	01	ZSCL01	0001026864					00000		SP	0013000913			B	8	2100068130	000001	2100068130 RHIHRLYSIDING	K	3101	C	02.03.2024	20:56:09			00:00:00			00:00:00	SCLADMIN	02.03.2024	20:56:09			00:00:00		C				0.00	IN	IN		5,394.00	0.00	5,394.00	0.00	0.00	0.00
700	2100068114	000001	Z007	1000	5,394.00	0.00	INR		02.03.2024	02.03.2024	2100068168		1040	01	ZSCL01	0001027242					00000		SP	0013000913			B	8	2100068168	000001	2100068168 RHIHRLYSIDING	K	3101	C	02.03.2024	21:11:32			00:00:00			00:00:00	SCLADMIN	02.03.2024	21:11:32			00:00:00		C				0.00	IN	IN		5,394.00	0.00	5,394.00	0.00	0.00	0.00
700	2100069013	000001	Z007	1000	5,396.40	0.00	INR		03.03.2024	03.03.2024	2100069087		1040	01	ZSCL01	0001033357					00000		SP	0013000913			B	8	2100069087	000001	2100069087 RHIHRLYSIDING	K	3101	C	03.03.2024	06:52:16			00:00:00			00:00:00	SCLADMIN	03.03.2024	06:52:16			00:00:00		C				0.00	IN	IN		5,396.40	0.00	5,396.40	0.00	0.00	0.00
700	2100069078	000001	Z007	1000	5,396.40	0.00	INR		03.03.2024	03.03.2024	2100069152		1040	01	ZSCL01	0001033764					00000		SP	0013000913			B	8	2100069152	000001	2100069152 RHIHRLYSIDING	K	3101	C	03.03.2024	07:58:20			00:00:00			00:00:00	SCLADMIN	03.03.2024	07:58:20			00:00:00		C				0.00	IN	IN		5,396.40	0.00	5,396.40	0.00	0.00	0.00
700	2100069080	000001	Z007	1000	5,396.40	0.00	INR		03.03.2024	03.03.2024	2100069154		1040	01	ZSCL01	0001033770					00000		SP	0013000913			B	8	2100069154	000001	2100069154 RHIHRLYSIDING	K	3101	C	03.03.2024	07:59:25			00:00:00			00:00:00	SCLADMIN	03.03.2024	07:59:25			00:00:00		C				0.00	IN	IN		5,396.40	0.00	5,396.40	0.00	0.00	0.00
700	2100069324	000001	Z007	1000	5,407.20	0.00	INR		03.03.2024	03.03.2024	2100069398		1040	01	ZSCL01	0001036488					00000		SP	0013000913			B	8	2100069398	000001	2100069398 RHIHRLYSIDING	K	3101	C	03.03.2024	11:38:45			00:00:00			00:00:00	SCLADMIN	03.03.2024	11:38:45			00:00:00		C				0.00	IN	IN		5,407.20	0.00	5,407.20	0.00	0.00	0.00
700	2100069464	000001	Z007	1000	5,407.20	0.00	INR		03.03.2024	03.03.2024	2100069538		1040	01	ZSCL01	0001038745					00000		SP	0013000913			B	8	2100069538	000001	2100069538 RHIHRLYSIDING	K	3101	C	03.03.2024	13:27:21			00:00:00			00:00:00	SCLADMIN	03.03.2024	13:27:21			00:00:00		C				0.00	IN	IN		5,407.20	0.00	5,407.20	0.00	0.00	0.00
700	2100069897	000001	Z007	1000	5,407.20	0.00	INR		03.03.2024	03.03.2024	2100069956		1040	01	ZSCL01	0001045781					00000		SP	0013000913			B	8	2100069956	000001	2100069956 RHIHRLYSIDING	K	3101	C	03.03.2024	17:37:42			00:00:00			00:00:00	SCLADMIN	03.03.2024	17:37:42			00:00:00		C				0.00	IN	IN		5,407.20	0.00	5,407.20	0.00	0.00	0.00
700	2100070293	000001	Z007	1000	5,394.00	0.00	INR		03.03.2024	03.03.2024	2100070362		1040	01	ZSCL01	0001050097					00000		SP	0013000913			B	8	2100070362	000001	2100070362 RHIHRLYSIDING	K	3101	C	03.03.2024	20:21:04			00:00:00			00:00:00	SCLADMIN	03.03.2024	20:21:04			00:00:00		C				0.00	IN	IN		5,394.00	0.00	5,394.00	0.00	0.00	0.00
700	2100070411	000001	Z007	1000	5,402.40	0.00	INR		03.03.2024	03.03.2024	2100070470		1040	01	ZSCL01	0001051084					00000		SP	0013000913			B	8	2100070470	000001	2100070470 RHIHRLYSIDING	K	3101	C	03.03.2024	21:00:20			00:00:00			00:00:00	SCLADMIN	03.03.2024	21:00:20			00:00:00		C				0.00	IN	IN		5,402.40	0.00	5,402.40	0.00	0.00	0.00
700	2100070566	000001	Z007	1000	5,394.00	0.00	INR		03.03.2024	03.03.2024	2100070625		1040	01	ZSCL01	0001052447					00000		SP	0013000913			B	8	2100070625	000001	2100070625 RHIHRLYSIDING	K	3101	C	03.03.2024	22:03:29			00:00:00			00:00:00	SCLADMIN	03.03.2024	22:03:29			00:00:00		C				0.00	IN	IN		5,394.00	0.00	5,394.00	0.00	0.00	0.00
700	2100071256	000001	Z007	1000	5,407.20	0.00	INR		04.03.2024	04.03.2024	2100071325		1040	01	ZSCL01	0001056404					00000		SP	0013000913			B	8	2100071325	000001	2100071325 RHIHRLYSIDING	K	3101	C	04.03.2024	04:36:04			00:00:00			00:00:00	SCLADMIN	04.03.2024	04:36:04			00:00:00		C				0.00	IN	IN		5,407.20	0.00	5,407.20	0.00	0.00	0.00
700	2100071459	000001	Z007	1000	5,394.00	0.00	INR		04.03.2024	04.03.2024	2100071528		1040	01	ZSCL01	0001057395					00000		SP	0013000913			B	8	2100071528	000001	2100071528 RHIHRLYSIDING	K	3101	C	04.03.2024	08:04:24			00:00:00			00:00:00	SCLADMIN	04.03.2024	08:04:24			00:00:00		C				0.00	IN	IN		5,394.00	0.00	5,394.00	0.00	0.00	0.00
700	2100071499	000001	Z007	1000	5,407.20	0.00	INR		04.03.2024	04.03.2024	2100071568		1040	01	ZSCL01	0001057750					00000		SP	0013000913			B	8	2100071568	000001	2100071568 RHIHRLYSIDING	K	3101	C	04.03.2024	09:08:15			00:00:00			00:00:00	SCLADMIN	04.03.2024	09:08:15			00:00:00		C				0.00	IN	IN		5,407.20	0.00	5,407.20	0.00	0.00	0.00
700	2100071677	000001	Z007	1000	5,407.20	0.00	INR		04.03.2024	04.03.2024	2100071756		1040	01	ZSCL01	0001060467					00000		SP	0013000913			B	8	2100071756	000001	2100071756 RHIHRLYSIDING	K	3101	C	04.03.2024	12:04:19			00:00:00			00:00:00	SCLADMIN	04.03.2024	12:04:19			00:00:00		C				0.00	IN	IN		5,407.20	0.00	5,407.20	0.00	0.00	0.00
700	2100072039	000001	Z007	1000	5,394.00	0.00	INR		04.03.2024	04.03.2024	2100072118		1040	01	ZSCL01	0001067584					00000		SP	0013000913			B	8	2100072118	000001	2100072118 RHIHRLYSIDING	K	3101	C	04.03.2024	16:40:46			00:00:00			00:00:00	SCLADMIN	04.03.2024	16:40:46			00:00:00		C				0.00	IN	IN		5,394.00	0.00	5,394.00	0.00	0.00	0.00
700	2100072040	000001	Z007	1000	5,407.20	0.00	INR		04.03.2024	04.03.2024	2100072119		1040	01	ZSCL01	0001067599					00000		SP	0013000913			B	8	2100072119	000001	2100072119 RHIHRLYSIDING	K	3101	C	04.03.2024	16:41:42			00:00:00			00:00:00	SCLADMIN	04.03.2024	16:41:42			00:00:00		C				0.00	IN	IN		5,407.20	0.00	5,407.20	0.00	0.00	0.00
700	2100073178	000001	Z007	1000	5,402.40	0.00	INR		05.03.2024	05.03.2024	2100073255		1040	01	ZSCL01	0001084017					00000		SP	0013000913			B	8	2100073255	000001	2100073255 RHIHRLYSIDING	K	3101	C	05.03.2024	01:13:28			00:00:00			00:00:00	SCLADMIN	05.03.2024	01:13:28			00:00:00		C				0.00	IN	IN		5,402.40	0.00	5,402.40	0.00	0.00	0.00
700	2100073340	000001	Z007	1000	5,394.00	0.00	INR		05.03.2024	05.03.2024	2100073417		1040	01	ZSCL01	0001084892					00000		SP	0013000913			B	8	2100073417	000001	2100073417 RHIHRLYSIDING	K	3101	C	05.03.2024	02:53:58			00:00:00			00:00:00	SCLADMIN	05.03.2024	02:53:58			00:00:00		C				0.00	IN	IN		5,394.00	0.00	5,394.00	0.00	0.00	0.00
700	2100073902	000001	Z007	1000	5,407.20	0.00	INR		05.03.2024	05.03.2024	2100073989		1040	01	ZSCL01	0001089229					00000		SP	0013000913			B	8	2100073989	000001	2100073989 RHIHRLYSIDING	K	3101	C	05.03.2024	10:14:14			00:00:00			00:00:00	SCLADMIN	05.03.2024	10:14:14			00:00:00		C				0.00	IN	IN		5,407.20	0.00	5,407.20	0.00	0.00	0.00
700	2100073927	000001	Z007	1000	5,396.40	0.00	INR		05.03.2024	05.03.2024	2100074014		1040	01	ZSCL01	0001090315					00000		SP	0013000913			B	8	2100074014	000001	2100074014 RHIHRLYSIDING	K	3101	C	05.03.2024	10:45:51			00:00:00			00:00:00	SCLADMIN	05.03.2024	10:45:51			00:00:00		C				0.00	IN	IN		5,396.40	0.00	5,396.40	0.00	0.00	0.00
700	2100074225	000001	Z007	1000	5,394.00	0.00	INR		05.03.2024	05.03.2024	2100074316		1040	01	ZSCL01	0001099059					00000		SP	0013000913			B	8	2100074316	000001	2100074316 RHIHRLYSIDING	K	3101	C	05.03.2024	14:58:29			00:00:00			00:00:00	SCLADMIN	05.03.2024	14:58:29			00:00:00		C				0.00	IN	IN		5,394.00	0.00	5,394.00	0.00	0.00	0.00
700	2100074884	000001	Z007	1000	5,402.40	0.00	INR		05.03.2024	05.03.2024	2100074985		1040	01	ZSCL01	0001115502					00000		SP	0013000913			B	8	2100074985	000001	2100074985 RHIHRLYSIDING	K	3101	C	05.03.2024	19:33:53			00:00:00			00:00:00	SCLADMIN	05.03.2024	19:33:53			00:00:00		C				0.00	IN	IN		5,402.40	0.00	5,402.40	0.00	0.00	0.00
700	2100075907	000001	Z007	1000	5,394.00	0.00	INR		06.03.2024	06.03.2024	2100076008		1040	01	ZSCL01	0001124465					00000		SP	0013000913			B	8	2100076008	000001	2100076008 RHIHRLYSIDING	K	3101	C	06.03.2024	07:01:04			00:00:00			00:00:00	SCLADMIN	06.03.2024	07:01:04			00:00:00		C				0.00	IN	IN		5,394.00	0.00	5,394.00	0.00	0.00	0.00
700	2100075930	000001	Z007	1000	5,402.40	0.00	INR		06.03.2024	06.03.2024	2100076031		1040	01	ZSCL01	0001124628					00000		SP	0013000913			B	8	2100076031	000001	2100076031 RHIHRLYSIDING	K	3101	C	06.03.2024	07:23:33			00:00:00			00:00:00	SCLADMIN	06.03.2024	07:23:33			00:00:00		C				0.00	IN	IN		5,402.40	0.00	5,402.40	0.00	0.00	0.00
700	2100076415	000001	Z007	1000	5,402.40	0.00	INR		06.03.2024	06.03.2024	2100076526		1040	01	ZSCL01	0001135604					00000		SP	0013000913			B	8	2100076526	000001	2100076526 RHIHRLYSIDING	K	3101	C	06.03.2024	14:54:51			00:00:00			00:00:00	SCLADMIN	06.03.2024	14:54:51			00:00:00		C				0.00	IN	IN		5,402.40	0.00	5,402.40	0.00	0.00	0.00
700	2100076486	000001	Z007	1000	5,396.40	0.00	INR		06.03.2024	06.03.2024	2100076597		1040	01	ZSCL01	0001137524					00000		SP	0013000913			B	8	2100076597	000001	2100076597 RHIHRLYSIDING	K	3101	C	06.03.2024	15:34:20			00:00:00			00:00:00	SCLADMIN	06.03.2024	15:34:20			00:00:00		C				0.00	IN	IN		5,396.40	0.00	5,396.40	0.00	0.00	0.00
700	2100076741	000001	Z007	1000	5,407.20	0.00	INR		06.03.2024	06.03.2024	2100076852		1040	01	ZSCL01	0001143194					00000		SP	0013000913			B	8	2100076852	000001	2100076852 RHIHRLYSIDING	K	3101	C	06.03.2024	17:42:25			00:00:00			00:00:00	SCLADMIN	06.03.2024	17:42:25			00:00:00		C				0.00	IN	IN		5,407.20	0.00	5,407.20	0.00	0.00	0.00
700	2100076832	000001	Z007	1000	5,402.40	0.00	INR		06.03.2024	06.03.2024	2100076943		1040	01	ZSCL01	0001146909					00000		SP	0013000913			B	8	2100076943	000001	2100076943 RHIHRLYSIDING	K	3101	C	06.03.2024	18:16:15			00:00:00			00:00:00	SCLADMIN	06.03.2024	18:16:15			00:00:00		C				0.00	IN	IN		5,402.40	0.00	5,402.40	0.00	0.00	0.00
700	2100077557	000001	Z007	1000	5,394.00	0.00	INR		06.03.2024	06.03.2024	2100077648		1040	01	ZSCL01	0001156915					00000		SP	0013000913			B	8	2100077648	000001	2100077648 RHIHRLYSIDING	K	3101	C	06.03.2024	23:56:54			00:00:00			00:00:00	SCLADMIN	06.03.2024	23:56:54			00:00:00		C				0.00	IN	IN		5,394.00	0.00	5,394.00	0.00	0.00	0.00
700	2100078162	000001	Z007	1000	5,407.20	0.00	INR		07.03.2024	07.03.2024	2100078253		1040	01	ZSCL01	0001160437					00000		SP	0013000913			B	8	2100078253	000001	2100078253 RHIHRLYSIDING	K	3101	C	07.03.2024	07:02:26			00:00:00			00:00:00	SCLADMIN	07.03.2024	07:02:26			00:00:00		C				0.00	IN	IN		5,407.20	0.00	5,407.20	0.00	0.00	0.00
700	2100078271	000001	Z007	1000	5,396.40	0.00	INR		07.03.2024	07.03.2024	2100078362		1040	01	ZSCL01	0001161192					00000		SP	0013000913			B	8	2100078362	000001	2100078362 RHIHRLYSIDING	K	3101	C	07.03.2024	09:09:08			00:00:00			00:00:00	SCLADMIN	07.03.2024	09:09:08			00:00:00		C				0.00	IN	IN		5,396.40	0.00	5,396.40	0.00	0.00	0.00
700	2100078318	000001	Z007	1000	5,402.40	0.00	INR		07.03.2024	07.03.2024	2100078409		1040	01	ZSCL01	0001161852					00000		SP	0013000913			B	8	2100078409	000001	2100078409 RHIHRLYSIDING	K	3101	C	07.03.2024	10:02:14			00:00:00			00:00:00	SCLADMIN	07.03.2024	10:02:14			00:00:00		C				0.00	IN	IN		5,402.40	0.00	5,402.40	0.00	0.00	0.00
700	2100078456	000001	Z007	1000	5,402.40	0.00	INR		07.03.2024	07.03.2024	2100078557		1040	01	ZSCL01	0001169231					00000		SP	0013000913			B	8	2100078557	000001	2100078557 RHIHRLYSIDING	K	3101	C	07.03.2024	12:30:20			00:00:00			00:00:00	SCLADMIN	07.03.2024	12:30:20			00:00:00		C				0.00	IN	IN		5,402.40	0.00	5,402.40	0.00	0.00	0.00
700	2100080094	000001	Z007	1000	5,394.00	0.00	INR		08.03.2024	08.03.2024	2100080205		1040	01	ZSCL01	0001213790					00000		SP	0013000913			B	8	2100080205	000001	2100080205 RHIHRLYSIDING	K	3101	C	08.03.2024	03:22:26			00:00:00			00:00:00	SCLADMIN	08.03.2024	03:22:26			00:00:00		C				0.00	IN	IN		5,394.00	0.00	5,394.00	0.00	0.00	0.00
700	2100080849	000001	Z007	1000	5,407.20	0.00	INR		08.03.2024	08.03.2024	2100080960		1040	01	ZSCL01	0001227811					00000		SP	0013000913			B	8	2100080960	000001	2100080960 RHIHRLYSIDING	K	3101	C	08.03.2024	14:57:15			00:00:00			00:00:00	SCLADMIN	08.03.2024	14:57:15			00:00:00		C				0.00	IN	IN		5,407.20	0.00	5,407.20	0.00	0.00	0.00
700	2100080880	000001	Z007	1000	5,407.20	0.00	INR		08.03.2024	08.03.2024	2100080991		1040	01	ZSCL01	0001229229					00000		SP	0013000913			B	8	2100080991	000001	2100080991 RHIHRLYSIDING	K	3101	C	08.03.2024	15:12:05			00:00:00			00:00:00	SCLADMIN	08.03.2024	15:12:05			00:00:00		C				0.00	IN	IN		5,407.20	0.00	5,407.20	0.00	0.00	0.00
700	2100080898	000001	Z007	1000	5,394.00	0.00	INR		08.03.2024	08.03.2024	2100081009		1040	01	ZSCL01	0001229615					00000		SP	0013000913			B	8	2100081009	000001	2100081009 RHIHRLYSIDING	K	3101	C	08.03.2024	15:24:55			00:00:00			00:00:00	SCLADMIN	08.03.2024	15:24:55			00:00:00		C				0.00	IN	IN		5,394.00	0.00	5,394.00	0.00	0.00	0.00
700	2100081046	000001	Z007	1000	5,402.40	0.00	INR		08.03.2024	08.03.2024	2100081157		1040	01	ZSCL01	0001232400					00000		SP	0013000913			B	8	2100081157	000001	2100081157 RHIHRLYSIDING	K	3101	C	08.03.2024	16:33:52			00:00:00			00:00:00	SCLADMIN	08.03.2024	16:33:52			00:00:00		C				0.00	IN	IN		5,402.40	0.00	5,402.40	0.00	0.00	0.00
700	2100081272	000001	Z007	1000	5,394.00	0.00	INR		08.03.2024	08.03.2024	2100081383		1040	01	ZSCL01	0001236922					00000		SP	0013000913			B	8	2100081383	000001	2100081383 RHIHRLYSIDING	K	3101	C	08.03.2024	18:16:31			00:00:00			00:00:00	SCLADMIN	08.03.2024	18:16:31			00:00:00		C				0.00	IN	IN		5,394.00	0.00	5,394.00	0.00	0.00	0.00
700	2100081425	000001	Z007	1000	5,394.00	0.00	INR		08.03.2024	08.03.2024	2100081536		1040	01	ZSCL01	0001239843					00000		SP	0013000913			B	8	2100081536	000001	2100081536 RHIHRLYSIDING	K	3101	C	08.03.2024	19:23:05			00:00:00			00:00:00	SCLADMIN	08.03.2024	19:23:05			00:00:00		C				0.00	IN	IN		5,394.00	0.00	5,394.00	0.00	0.00	0.00
700	2100081579	000001	Z007	1000	5,396.40	0.00	INR		08.03.2024	08.03.2024	2100081690		1040	01	ZSCL01	0001241690					00000		SP	0013000913			B	8	2100081690	000001	2100081690 RHIHRLYSIDING	K	3101	C	08.03.2024	20:24:02			00:00:00			00:00:00	SCLADMIN	08.03.2024	20:24:02			00:00:00		C				0.00	IN	IN		5,396.40	0.00	5,396.40	0.00	0.00	0.00
700	2100081751	000001	Z007	1000	5,394.00	0.00	INR		08.03.2024	08.03.2024	2100081862		1040	01	ZSCL01	0001243744					00000		SP	0013000913			B	8	2100081862	000001	2100081862 RHIHRLYSIDING	K	3101	C	08.03.2024	21:30:56			00:00:00			00:00:00	SCLADMIN	08.03.2024	21:30:56			00:00:00		C				0.00	IN	IN		5,394.00	0.00	5,394.00	0.00	0.00	0.00
700	2100082685	000001	Z007	1000	5,402.40	0.00	INR		09.03.2024	09.03.2024	2100082796		1040	01	ZSCL01	0001250192					00000		SP	0013000913			B	8	2100082796	000001	2100082796 RHIHRLYSIDING	K	3101	C	09.03.2024	07:44:41			00:00:00			00:00:00	SCLADMIN	09.03.2024	07:44:41			00:00:00		C				0.00	IN	IN		5,402.40	0.00	5,402.40	0.00	0.00	0.00
700	2100082932	000001	Z007	1000	5,396.40	0.00	INR		09.03.2024	09.03.2024	2100083013		1040	01	ZSCL01	0001255219					00000		SP	0013000913			B	8	2100083013	000001	2100083013 RHIHRLYSIDING	K	3101	C	09.03.2024	11:46:30			00:00:00			00:00:00	SCLADMIN	09.03.2024	11:46:30			00:00:00		C				0.00	IN	IN		5,396.40	0.00	5,396.40	0.00	0.00	0.00
700	2100083093	000001	Z007	1000	5,394.00	0.00	INR		09.03.2024	09.03.2024	2100083174		1040	01	ZSCL01	0001258262					00000		SP	0013000913			B	8	2100083174	000001	2100083174 RHIHRLYSIDING	K	3101	C	09.03.2024	13:53:14			00:00:00			00:00:00	SCLADMIN	09.03.2024	13:53:14			00:00:00		C				0.00	IN	IN		5,394.00	0.00	5,394.00	0.00	0.00	0.00
700	2100083275	000001	Z007	1000	5,394.00	0.00	INR		09.03.2024	09.03.2024	2100083366		1040	01	ZSCL01	0001261705					00000		SP	0013000913			B	8	2100083366	000001	2100083366 RHIHRLYSIDING	K	3101	C	09.03.2024	15:46:13			00:00:00			00:00:00	SCLADMIN	09.03.2024	15:46:13			00:00:00		C				0.00	IN	IN		5,394.00	0.00	5,394.00	0.00	0.00	0.00
700	2100083408	000001	Z007	1000	5,394.00	0.00	INR		09.03.2024	09.03.2024	2100083489		1040	01	ZSCL01	0001264345					00000		SP	0013000913			B	8	2100083489	000001	2100083489 RHIHRLYSIDING	K	3101	C	09.03.2024	16:53:40			00:00:00			00:00:00	SCLADMIN	09.03.2024	16:53:40			00:00:00		C				0.00	IN	IN		5,394.00	0.00	5,394.00	0.00	0.00	0.00
700	2100083936	000001	Z007	1000	5,396.40	0.00	INR		09.03.2024	09.03.2024	2100084027		1040	01	ZSCL01	0001273180					00000		SP	0013000913			B	8	2100084027	000001	2100084027 RHIHRLYSIDING	K	3101	C	09.03.2024	20:34:02			00:00:00			00:00:00	SCLADMIN	09.03.2024	20:34:02			00:00:00		C				0.00	IN	IN		5,396.40	0.00	5,396.40	0.00	0.00	0.00
700	2100084372	000001	Z007	1000	5,394.00	0.00	INR		09.03.2024	09.03.2024	2100084463		1040	01	ZSCL01	0001277130					00000		SP	0013000913			B	8	2100084463	000001	2100084463 RHIHRLYSIDING	K	3101	C	09.03.2024	23:02:36			00:00:00			00:00:00	SCLADMIN	09.03.2024	23:02:36			00:00:00		C				0.00	IN	IN		5,394.00	0.00	5,394.00	0.00	0.00	0.00
700	2100084724	000001	Z007	1000	5,402.40	0.00	INR		10.03.2024	10.03.2024	2100084815		1040	01	ZSCL01	0001281382					00000		SP	0013000913			B	8	2100084815	000001	2100084815 RHIHRLYSIDING	K	3101	C	10.03.2024	02:34:39			00:00:00			00:00:00	SCLADMIN	10.03.2024	02:34:39			00:00:00		C				0.00	IN	IN		5,402.40	0.00	5,402.40	0.00	0.00	0.00
700	2100085231	000001	Z007	1000	5,396.40	0.00	INR		10.03.2024	10.03.2024	2100085312		1040	01	ZSCL01	0001283675					00000		SP	0013000913			B	8	2100085312	000001	2100085312 RHIHRLYSIDING	K	3101	C	10.03.2024	07:35:29			00:00:00			00:00:00	SCLADMIN	10.03.2024	07:35:29			00:00:00		C				0.00	IN	IN		5,396.40	0.00	5,396.40	0.00	0.00	0.00
700	2100086139	000001	Z007	1000	5,394.00	0.00	INR		10.03.2024	10.03.2024	2100086220		1040	01	ZSCL01	0001296567					00000		SP	0013000913			B	8	2100086220	000001	2100086220 RHIHRLYSIDING	K	3101	C	10.03.2024	17:29:11			00:00:00			00:00:00	SCLADMIN	10.03.2024	17:29:11			00:00:00		C				0.00	IN	IN		5,394.00	0.00	5,394.00	0.00	0.00	0.00
700	2100086968	000001	Z007	1000	5,402.40	0.00	INR		10.03.2024	10.03.2024	2100087060		1040	01	ZSCL01	0001306196					00000		SP	0013000913			B	8	2100087060	000001	2100087060 RHIHRLYSIDING	K	3101	C	10.03.2024	23:04:12			00:00:00			00:00:00	SCLADMIN	10.03.2024	23:04:12			00:00:00		C				0.00	IN	IN		5,402.40	0.00	5,402.40	0.00	0.00	0.00
700	2100087133	000001	Z007	1000	5,396.40	0.00	INR		11.03.2024	11.03.2024	2100087225		1040	01	ZSCL01	0001307189					00000		SP	0013000913			B	8	2100087225	000001	2100087225 RHIHRLYSIDING	K	3101	C	11.03.2024	00:43:44			00:00:00			00:00:00	SCLADMIN	11.03.2024	00:43:44			00:00:00		C				0.00	IN	IN		5,396.40	0.00	5,396.40	0.00	0.00	0.00
700	2100088509	000001	Z007	1000	5,394.00	0.00	INR		11.03.2024	11.03.2024	2100088601		1040	01	ZSCL01	0001325747					00000		SP	0013000913			B	8	2100088601	000001	2100088601 RHIHRLYSIDING	K	3101	C	11.03.2024	17:21:16			00:00:00			00:00:00	SCLADMIN	11.03.2024	17:21:16			00:00:00		C				0.00	IN	IN		5,394.00	0.00	5,394.00	0.00	0.00	0.00
700	2100088577	000001	Z007	1000	5,407.20	0.00	INR		11.03.2024	11.03.2024	2100088669		1040	01	ZSCL01	0001329000					00000		SP	0013000913			B	8	2100088669	000001	2100088669 RHIHRLYSIDING	K	3101	C	11.03.2024	17:55:54			00:00:00			00:00:00	SCLADMIN	11.03.2024	17:55:54			00:00:00		C				0.00	IN	IN		5,407.20	0.00	5,407.20	0.00	0.00	0.00
700	2100089019	000001	Z007	1000	5,402.40	0.00	INR		11.03.2024	11.03.2024	2100089121		1040	01	ZSCL01	0001338513					00000		SP	0013000913			B	8	2100089121	000001	2100089121 RHIHRLYSIDING	K	3101	C	11.03.2024	21:12:45			00:00:00			00:00:00	SCLADMIN	11.03.2024	21:12:45			00:00:00		C				0.00	IN	IN		5,402.40	0.00	5,402.40	0.00	0.00	0.00
700	2100089095	000001	Z007	1000	5,396.40	0.00	INR		11.03.2024	11.03.2024	2100089197		1040	01	ZSCL01	0001339284					00000		SP	0013000913			B	8	2100089197	000001	2100089197 RHIHRLYSIDING	K	3101	C	11.03.2024	21:41:26			00:00:00			00:00:00	SCLADMIN	11.03.2024	21:41:26			00:00:00		C				0.00	IN	IN		5,396.40	0.00	5,396.40	0.00	0.00	0.00
700	2100089180	000001	Z007	1000	5,402.40	0.00	INR		11.03.2024	11.03.2024	2100089282		1040	01	ZSCL01	0001340288					00000		SP	0013000913			B	8	2100089282	000001	2100089282 RHIHRLYSIDING	K	3101	C	11.03.2024	22:30:14			00:00:00			00:00:00	SCLADMIN	11.03.2024	22:30:14			00:00:00		C				0.00	IN	IN		5,402.40	0.00	5,402.40	0.00	0.00	0.00
700	2100089388	000001	Z007	1000	5,396.40	0.00	INR		11.03.2024	11.03.2024	2100089480		1040	01	ZSCL01	0001342120					00000		SP	0013000913			B	8	2100089480	000001	2100089480 RHIHRLYSIDING	K	3101	C	11.03.2024	23:48:54			00:00:00			00:00:00	SCLADMIN	11.03.2024	23:48:54			00:00:00		C				0.00	IN	IN		5,396.40	0.00	5,396.40	0.00	0.00	0.00
700	2100089747	000001	Z007	1000	5,396.40	0.00	INR		12.03.2024	12.03.2024	2100089849		1040	01	ZSCL01	0001344267					00000		SP	0013000913			B	8	2100089849	000001	2100089849 RHIHRLYSIDING	K	3101	C	12.03.2024	03:19:40			00:00:00			00:00:00	SCLADMIN	12.03.2024	03:19:40			00:00:00		C				0.00	IN	IN		5,396.40	0.00	5,396.40	0.00	0.00	0.00
700	2100090128	000001	Z007	1000	5,394.00	0.00	INR		12.03.2024	12.03.2024	2100090220		1040	01	ZSCL01	0001346051					00000		SP	0013000913			B	8	2100090220	000001	2100090220 RHIHRLYSIDING	K	3101	C	12.03.2024	07:20:52			00:00:00			00:00:00	SCLADMIN	12.03.2024	07:20:52			00:00:00		C				0.00	IN	IN		5,394.00	0.00	5,394.00	0.00	0.00	0.00
700	2100090270	000001	Z007	1000	5,402.40	0.00	INR		12.03.2024	12.03.2024	2100090372		1040	01	ZSCL01	0001347035					00000		SP	0013000913			B	8	2100090372	000001	2100090372 RHIHRLYSIDING	K	3101	C	12.03.2024	09:32:21			00:00:00			00:00:00	SCLADMIN	12.03.2024	09:32:21			00:00:00		C				0.00	IN	IN		5,402.40	0.00	5,402.40	0.00	0.00	0.00
700	2100091353	000001	Z007	1000	5,402.40	0.00	INR		12.03.2024	12.03.2024	2100091445		1040	01	ZSCL01	0001368356					00000		SP	0013000913			B	8	2100091445	000001	2100091445 RHIHRLYSIDING	K	3101	C	12.03.2024	19:43:56			00:00:00			00:00:00	SCLADMIN	12.03.2024	19:43:56			00:00:00		C				0.00	IN	IN		5,402.40	0.00	5,402.40	0.00	0.00	0.00
700	2100092658	000001	Z007	1000	5,396.40	0.00	INR		13.03.2024	13.03.2024	2100092750		1040	01	ZSCL01	0001378752					00000		SP	0013000913			B	8	2100092750	000001	2100092750 RHIHRLYSIDING	K	3101	C	13.03.2024	07:10:48			00:00:00			00:00:00	SCLADMIN	13.03.2024	07:10:48			00:00:00		C				0.00	IN	IN		5,396.40	0.00	5,396.40	0.00	0.00	0.00
700	2100092665	000001	Z007	1000	5,394.00	0.00	INR		13.03.2024	13.03.2024	2100092757		1040	01	ZSCL01	0001378847					00000		SP	0013000913			B	8	2100092757	000001	2100092757 RHIHRLYSIDING	K	3101	C	13.03.2024	07:17:06			00:00:00			00:00:00	SCLADMIN	13.03.2024	07:17:06			00:00:00		C				0.00	IN	IN		5,394.00	0.00	5,394.00	0.00	0.00	0.00
700	2100092803	000001	Z007	1000	5,394.00	0.00	INR		13.03.2024	13.03.2024	2100092895		1040	01	ZSCL01	0001379763					00000		SP	0013000913			B	8	2100092895	000001	2100092895 RHIHRLYSIDING	K	3101	C	13.03.2024	09:12:12			00:00:00			00:00:00	SCLADMIN	13.03.2024	09:12:12			00:00:00		C				0.00	IN	IN		5,394.00	0.00	5,394.00	0.00	0.00	0.00
700	2100092813	000001	Z007	1000	5,407.20	0.00	INR		13.03.2024	13.03.2024	2100092905		1040	01	ZSCL01	0001379865					00000		SP	0013000913			B	8	2100092905	000001	2100092905 RHIHRLYSIDING	K	3101	C	13.03.2024	09:23:22			00:00:00			00:00:00	SCLADMIN	13.03.2024	09:23:22			00:00:00		C				0.00	IN	IN		5,407.20	0.00	5,407.20	0.00	0.00	0.00
700	2100092861	000001	Z007	1000	5,402.40	0.00	INR		13.03.2024	13.03.2024	2100092953		1040	01	ZSCL01	0001380436					00000		SP	0013000913			B	8	2100092953	000001	2100092953 RHIHRLYSIDING	K	3101	C	13.03.2024	10:09:02			00:00:00			00:00:00	SCLADMIN	13.03.2024	10:09:02			00:00:00		C				0.00	IN	IN		5,402.40	0.00	5,402.40	0.00	0.00	0.00
700	2100092909	000001	Z007	1000	5,396.40	0.00	INR		13.03.2024	13.03.2024	2100093001		1040	01	ZSCL01	0001381088					00000		SP	0013000913			B	8	2100093001	000001	2100093001 RHIHRLYSIDING	K	3101	C	13.03.2024	10:41:43			00:00:00			00:00:00	SCLADMIN	13.03.2024	10:41:43			00:00:00		C				0.00	IN	IN		5,396.40	0.00	5,396.40	0.00	0.00	0.00
700	2100092966	000001	Z007	1000	5,407.20	0.00	INR		13.03.2024	13.03.2024	2100093058		1040	01	ZSCL01	0001382181					00000		SP	0013000913			B	8	2100093058	000001	2100093058 RHIHRLYSIDING	K	3101	C	13.03.2024	11:26:37			00:00:00			00:00:00	SCLADMIN	13.03.2024	11:26:37			00:00:00		C				0.00	IN	IN		5,407.20	0.00	5,407.20	0.00	0.00	0.00
700	2100093157	000001	Z007	1000	5,396.40	0.00	INR		13.03.2024	13.03.2024	2100093249		1040	01	ZSCL01	0001391248					00000		SP	0013000913			B	8	2100093249	000001	2100093249 RHIHRLYSIDING	K	3101	C	13.03.2024	14:30:48			00:00:00			00:00:00	SCLADMIN	13.03.2024	14:30:48			00:00:00		C				0.00	IN	IN		5,396.40	0.00	5,396.40	0.00	0.00	0.00
700	2100093816	000001	Z007	1000	5,396.40	0.00	INR		13.03.2024	13.03.2024	2100093918		1040	01	ZSCL01	0001422876					00000		SP	0013000913			B	8	2100093918	000001	2100093918 RHIHRLYSIDING	K	3101	C	13.03.2024	19:28:49			00:00:00			00:00:00	SCLADMIN	13.03.2024	19:28:49			00:00:00		C				0.00	IN	IN		5,396.40	0.00	5,396.40	0.00	0.00	0.00
700	2100094080	000001	Z007	1000	5,396.40	0.00	INR		13.03.2024	13.03.2024	2100094172		1040	01	ZSCL01	0001427969					00000		SP	0013000913			B	8	2100094172	000001	2100094172 RHIHRLYSIDING	K	3101	C	13.03.2024	21:06:18			00:00:00			00:00:00	SCLADMIN	13.03.2024	21:06:18			00:00:00		C				0.00	IN	IN		5,396.40	0.00	5,396.40	0.00	0.00	0.00
700	2100094443	000001	Z007	1000	5,394.00	0.00	INR		14.03.2024	14.03.2024	2100094543		1040	01	ZSCL01	0001431651					00000		SP	0013000913			B	8	2100094543	000001	2100094543 RHIHRLYSIDING	K	3101	C	14.03.2024	00:44:53			00:00:00			00:00:00	SCLADMIN	14.03.2024	00:44:53			00:00:00		C				0.00	IN	IN		5,394.00	0.00	5,394.00	0.00	0.00	0.00
700	2100095487	000001	Z007	1000	5,394.00	0.00	INR		14.03.2024	14.03.2024	2100095587		1040	01	ZSCL01	0001440282					00000		SP	0013000913			B	8	2100095587	000001	2100095587 RHIHRLYSIDING	K	3101	C	14.03.2024	13:10:21			00:00:00			00:00:00	SCLADMIN	14.03.2024	13:10:21			00:00:00		C				0.00	IN	IN		5,394.00	0.00	5,394.00	0.00	0.00	0.00
700	2100095923	000001	Z007	1000	5,396.40	0.00	INR		14.03.2024	14.03.2024	2100096023		1040	01	ZSCL01	0001455467					00000		SP	0013000913			B	8	2100096023	000001	2100096023 RHIHRLYSIDING	K	3101	C	14.03.2024	17:12:50			00:00:00			00:00:00	SCLADMIN	14.03.2024	17:12:50			00:00:00		C				0.00	IN	IN		5,396.40	0.00	5,396.40	0.00	0.00	0.00
700	2100096360	000001	Z007	1000	5,396.40	0.00	INR		14.03.2024	14.03.2024	2100096460		1040	01	ZSCL01	0001479652					00000		SP	0013000913			B	8	2100096460	000001	2100096460 RHIHRLYSIDING	K	3101	C	14.03.2024	20:16:29			00:00:00			00:00:00	SCLADMIN	14.03.2024	20:16:29			00:00:00		C				0.00	IN	IN		5,396.40	0.00	5,396.40	0.00	0.00	0.00
700	2100096891	000001	Z007	1000	5,394.00	0.00	INR		14.03.2024	14.03.2024	2100096991		1040	01	ZSCL01	0001496582					00000		SP	0013000913			B	8	2100096991	000001	2100096991 RHIHRLYSIDING	K	3101	C	14.03.2024	23:47:24			00:00:00			00:00:00	SCLADMIN	14.03.2024	23:47:24			00:00:00		C				0.00	IN	IN		5,394.00	0.00	5,394.00	0.00	0.00	0.00
700	2100097588	000001	Z007	1000	5,402.40	0.00	INR		15.03.2024	15.03.2024	2100097688		1040	01	ZSCL01	0001500447					00000		SP	0013000913			B	8	2100097688	000001	2100097688 RHIHRLYSIDING	K	3101	C	15.03.2024	05:47:15			00:00:00			00:00:00	SCLADMIN	15.03.2024	05:47:15			00:00:00		C				0.00	IN	IN		5,402.40	0.00	5,402.40	0.00	0.00	0.00
700	2100097625	000001	Z007	1000	5,402.40	0.00	INR		15.03.2024	15.03.2024	2100097725		1040	01	ZSCL01	0001500743					00000		SP	0013000913			B	8	2100097725	000001	2100097725 RHIHRLYSIDING	K	3101	C	15.03.2024	06:52:35			00:00:00			00:00:00	SCLADMIN	15.03.2024	06:52:35			00:00:00		C				0.00	IN	IN		5,402.40	0.00	5,402.40	0.00	0.00	0.00
700	2100097626	000001	Z007	1000	5,396.40	0.00	INR		15.03.2024	15.03.2024	2100097726		1040	01	ZSCL01	0001500745					00000		SP	0013000913			B	8	2100097726	000001	2100097726 RHIHRLYSIDING	K	3101	C	15.03.2024	06:53:40			00:00:00			00:00:00	SCLADMIN	15.03.2024	06:53:40			00:00:00		C				0.00	IN	IN		5,396.40	0.00	5,396.40	0.00	0.00	0.00
700	2100097745	000001	Z007	1000	5,396.40	0.00	INR		15.03.2024	15.03.2024	2100097845		1040	01	ZSCL01	0001501441					00000		SP	0013000913			B	8	2100097845	000001	2100097845 RHIHRLYSIDING	K	3101	C	15.03.2024	08:38:10			00:00:00			00:00:00	SCLADMIN	15.03.2024	08:38:10			00:00:00		C				0.00	IN	IN		5,396.40	0.00	5,396.40	0.00	0.00	0.00
700	2100097882	000001	Z007	1000	5,394.00	0.00	INR		15.03.2024	15.03.2024	2100097982		1040	01	ZSCL01	0001503112					00000		SP	0013000913			B	8	2100097982	000001	2100097982 RHIHRLYSIDING	K	3101	C	15.03.2024	10:57:17			00:00:00			00:00:00	SCLADMIN	15.03.2024	10:57:17			00:00:00		C				0.00	IN	IN		5,394.00	0.00	5,394.00	0.00	0.00	0.00
700	2100097978	000001	Z007	1000	5,402.40	0.00	INR		15.03.2024	15.03.2024	2100098078		1040	01	ZSCL01	0001504683					00000		SP	0013000913			B	8	2100098078	000001	2100098078 RHIHRLYSIDING	K	3101	C	15.03.2024	12:02:50			00:00:00			00:00:00	SCLADMIN	15.03.2024	12:02:50			00:00:00		C				0.00	IN	IN		5,402.40	0.00	5,402.40	0.00	0.00	0.00
700	2100099004	000001	Z007	1000	5,402.40	0.00	INR		15.03.2024	15.03.2024	2100099105		1040	01	ZSCL01	0001541332					00000		SP	0013000913			B	8	2100099105	000001	2100099105 RHIHRLYSIDING	K	3101	C	15.03.2024	20:49:42			00:00:00			00:00:00	SCLADMIN	15.03.2024	20:49:42			00:00:00		C				0.00	IN	IN		5,402.40	0.00	5,402.40	0.00	0.00	0.00
700	2100099252	000001	Z007	1000	5,402.40	0.00	INR		15.03.2024	15.03.2024	2100099353		1040	01	ZSCL01	0001544421					00000		SP	0013000913			B	8	2100099353	000001	2100099353 RHIHRLYSIDING	K	3101	C	15.03.2024	22:48:18			00:00:00			00:00:00	SCLADMIN	15.03.2024	22:48:18			00:00:00		C				0.00	IN	IN		5,402.40	0.00	5,402.40	0.00	0.00	0.00
700	2100099334	000001	Z007	1000	5,402.40	0.00	INR		15.03.2024	15.03.2024	2100099435		1040	01	ZSCL01	0001545075					00000		SP	0013000913			B	8	2100099435	000001	2100099435 RHIHRLYSIDING	K	3101	C	15.03.2024	23:16:49			00:00:00			00:00:00	SCLADMIN	15.03.2024	23:16:49			00:00:00		C				0.00	IN	IN		5,402.40	0.00	5,402.40	0.00	0.00	0.00
700	2100100109	000001	Z007	1000	5,394.00	0.00	INR		16.03.2024	16.03.2024	2100100210		1040	01	ZSCL01	0001549639					00000		SP	0013000913			B	8	2100100210	000001	2100100210 RHIHRLYSIDING	K	3101	C	16.03.2024	06:53:38			00:00:00			00:00:00	SCLADMIN	16.03.2024	06:53:38			00:00:00		C				0.00	IN	IN		5,394.00	0.00	5,394.00	0.00	0.00	0.00
700	2100100346	000001	Z007	1000	5,402.40	0.00	INR		16.03.2024	16.03.2024	2100100447		1040	01	ZSCL01	0001552595					00000		SP	0013000913			B	8	2100100447	000001	2100100447 RHIHRLYSIDING	K	3101	C	16.03.2024	10:48:38			00:00:00			00:00:00	SCLADMIN	16.03.2024	10:48:38			00:00:00		C				0.00	IN	IN		5,402.40	0.00	5,402.40	0.00	0.00	0.00
700	2100100459	000001	Z007	1000	5,394.00	0.00	INR		16.03.2024	16.03.2024	2100100560		1040	01	ZSCL01	0001555716					00000		SP	0013000913			B	8	2100100560	000001	2100100560 RHIHRLYSIDING	K	3101	C	16.03.2024	12:00:30			00:00:00			00:00:00	SCLADMIN	16.03.2024	12:00:30			00:00:00		C				0.00	IN	IN		5,394.00	0.00	5,394.00	0.00	0.00	0.00
700	2100100763	000001	Z007	1000	5,396.40	0.00	INR		16.03.2024	16.03.2024	2100100864		1040	01	ZSCL01	0001566733					00000		SP	0013000913			B	8	2100100864	000001	2100100864 RHIHRLYSIDING	K	3101	C	16.03.2024	15:17:19			00:00:00			00:00:00	SCLADMIN	16.03.2024	15:17:19			00:00:00		C				0.00	IN	IN		5,396.40	0.00	5,396.40	0.00	0.00	0.00
700	2100101320	000001	Z007	1000	5,402.40	0.00	INR		16.03.2024	16.03.2024	2100101421		1040	01	ZSCL01	0001581402					00000		SP	0013000913			B	8	2100101421	000001	2100101421 RHIHRLYSIDING	K	3101	C	16.03.2024	19:30:24			00:00:00			00:00:00	SCLADMIN	16.03.2024	19:30:24			00:00:00		C				0.00	IN	IN		5,402.40	0.00	5,402.40	0.00	0.00	0.00
700	2100102764	000001	Z007	1000	5,402.40	0.00	INR		17.03.2024	17.03.2024	2100102865		1040	01	ZSCL01	0001593175					00000		SP	0013000913			B	8	2100102865	000001	2100102865 RHIHRLYSIDING	K	3101	C	17.03.2024	07:35:48			00:00:00			00:00:00	SCLADMIN	17.03.2024	07:35:48			00:00:00		C				0.00	IN	IN		5,402.40	0.00	5,402.40	0.00	0.00	0.00
700	2100102888	000001	Z007	1000	5,396.40	0.00	INR		17.03.2024	17.03.2024	2100102989		1040	01	ZSCL01	0001594021					00000		SP	0013000913			B	8	2100102989	000001	2100102989 RHIHRLYSIDING	K	3101	C	17.03.2024	09:19:33			00:00:00			00:00:00	SCLADMIN	17.03.2024	09:19:33			00:00:00		C				0.00	IN	IN		5,396.40	0.00	5,396.40	0.00	0.00	0.00
700	2100103182	000001	Z007	1000	5,396.40	0.00	INR		17.03.2024	17.03.2024	2100103283		1040	01	ZSCL01	0001598060					00000		SP	0013000913			B	8	2100103283	000001	2100103283 RHIHRLYSIDING	K	3101	C	17.03.2024	12:38:17			00:00:00			00:00:00	SCLADMIN	17.03.2024	12:38:17			00:00:00		C				0.00	IN	IN		5,396.40	0.00	5,396.40	0.00	0.00	0.00
700	2100104275	000001	Z007	1000	5,407.20	0.00	INR		17.03.2024	17.03.2024	2100104386		1040	01	ZSCL01	0001612870					00000		SP	0013000913			B	8	2100104386	000001	2100104386 RHIHRLYSIDING	K	3101	C	17.03.2024	21:27:20			00:00:00			00:00:00	SCLADMIN	17.03.2024	21:27:20			00:00:00		C				0.00	IN	IN		5,407.20	0.00	5,407.20	0.00	0.00	0.00
700	2100105307	000001	Z007	1000	5,396.40	0.00	INR		18.03.2024	18.03.2024	2100105418		1040	01	ZSCL01	0001619850					00000		SP	0013000913			B	8	2100105418	000001	2100105418 RHIHRLYSIDING	K	3101	C	18.03.2024	07:23:45			00:00:00			00:00:00	SCLADMIN	18.03.2024	07:23:45			00:00:00		C				0.00	IN	IN		5,396.40	0.00	5,396.40	0.00	0.00	0.00
700	2100105327	000001	Z007	1000	5,402.40	0.00	INR		18.03.2024	18.03.2024	2100105438		1040	01	ZSCL01	0001619957					00000		SP	0013000913			B	8	2100105438	000001	2100105438 RHIHRLYSIDING	K	3101	C	18.03.2024	07:38:30			00:00:00			00:00:00	SCLADMIN	18.03.2024	07:38:30			00:00:00		C				0.00	IN	IN		5,402.40	0.00	5,402.40	0.00	0.00	0.00
700	2100106203	000001	Z007	1000	5,394.00	0.00	INR		18.03.2024	18.03.2024	2100106315		1040	01	ZSCL01	0001641241					00000		SP	0013000913			B	8	2100106315	000001	2100106315 RHIHRLYSIDING	K	3101	C	18.03.2024	16:07:41			00:00:00			00:00:00	SCLADMIN	18.03.2024	16:07:41			00:00:00		C				0.00	IN	IN		5,394.00	0.00	5,394.00	0.00	0.00	0.00
700	2100106534	000001	Z007	1000	5,407.20	0.00	INR		18.03.2024	18.03.2024	2100106646		1040	01	ZSCL01	0001661713					00000		SP	0013000913			B	8	2100106646	000001	2100106646 RHIHRLYSIDING	K	3101	C	18.03.2024	18:29:42			00:00:00			00:00:00	SCLADMIN	18.03.2024	18:29:42			00:00:00		C				0.00	IN	IN		5,407.20	0.00	5,407.20	0.00	0.00	0.00
700	2100109314	000001	Z007	1000	5,396.40	0.00	INR		19.03.2024	19.03.2024	2100109415		1040	01	ZSCL01	0001739454					00000		SP	0013000913			B	8	2100109415	000001	2100109415 RHIHRLYSIDING	K	3101	C	19.03.2024	20:28:30			00:00:00			00:00:00	SCLADMIN	19.03.2024	20:28:30			00:00:00		C				0.00	IN	IN		5,396.40	0.00	5,396.40	0.00	0.00	0.00
700	2100111504	000001	Z007	1000	5,402.40	0.00	INR		20.03.2024	20.03.2024	2100111617		1040	01	ZSCL01	0001774025					00000		SP	0013000913			B	8	2100111617	000001	2100111617 RHIHRLYSIDING	K	3101	C	20.03.2024	17:51:35			00:00:00			00:00:00	SCLADMIN	20.03.2024	17:51:35			00:00:00		C				0.00	IN	IN		5,402.40	0.00	5,402.40	0.00	0.00	0.00
700	2100113075	000001	Z007	1000	5,402.40	0.00	INR		21.03.2024	21.03.2024	2100113178		1040	01	ZSCL01	0001794403					00000		SP	0013000913			B	8	2100113178	000001	2100113178 RHIHRLYSIDING	K	3101	C	21.03.2024	08:31:50			00:00:00			00:00:00	SCLADMIN	21.03.2024	08:31:50			00:00:00		C				0.00	IN	IN		5,402.40	0.00	5,402.40	0.00	0.00	0.00
700	2100113294	000001	Z007	1000	5,394.00	0.00	INR		21.03.2024	21.03.2024	2100113397		1040	01	ZSCL01	0001798779					00000		SP	0013000913			B	8	2100113397	000001	2100113397 RHIHRLYSIDING	K	3101	C	21.03.2024	11:04:07			00:00:00			00:00:00	SCLADMIN	21.03.2024	11:04:07			00:00:00		C				0.00	IN	IN		5,394.00	0.00	5,394.00	0.00	0.00	0.00
700	2100114724	000001	Z007	1000	5,407.20	0.00	INR		21.03.2024	21.03.2024	2100114837		1040	01	ZSCL01	0001844269					00000		SP	0013000913			B	8	2100114837	000001	2100114837 RHIHRLYSIDING	K	3101	C	21.03.2024	21:45:15			00:00:00			00:00:00	SCLADMIN	21.03.2024	21:45:15			00:00:00		C				0.00	IN	IN		5,407.20	0.00	5,407.20	0.00	0.00	0.00
700	2100115939	000001	Z007	1000	5,394.00	0.00	INR		22.03.2024	22.03.2024	2100116062		1040	01	ZSCL01	0001854352					00000		SP	0013000913			B	8	2100116062	000001	2100116062 RHIHRLYSIDING	K	3101	C	22.03.2024	09:57:01			00:00:00			00:00:00	SCLADMIN	22.03.2024	09:57:01			00:00:00		C				0.00	IN	IN		5,394.00	0.00	5,394.00	0.00	0.00	0.00
700	2100116161	000001	Z007	1000	5,407.20	0.00	INR		22.03.2024	22.03.2024	2100116274		1040	01	ZSCL01	0001862896					00000		SP	0013000913			B	8	2100116274	000001	2100116274 RHIHRLYSIDING	K	3101	C	22.03.2024	12:40:21			00:00:00			00:00:00	SCLADMIN	22.03.2024	12:40:21			00:00:00		C				0.00	IN	IN		5,407.20	0.00	5,407.20	0.00	0.00	0.00
700	2100116625	000001	Z007	1000	5,407.20	0.00	INR		22.03.2024	22.03.2024	2100116758		1040	01	ZSCL01	0001877403					00000		SP	0013000913			B	8	2100116758	000001	2100116758 RHIHRLYSIDING	K	3101	C	22.03.2024	16:43:33			00:00:00			00:00:00	SCLADMIN	22.03.2024	16:43:33			00:00:00		C				0.00	IN	IN		5,407.20	0.00	5,407.20	0.00	0.00	0.00
700	2100117620	000001	Z007	1000	5,407.20	0.00	INR		22.03.2024	22.03.2024	2100117733		1040	01	ZSCL01	0001913900					00000		SP	0013000913			B	8	2100117733	000001	2100117733 RHIHRLYSIDING	K	3101	C	22.03.2024	23:26:11			00:00:00			00:00:00	SCLADMIN	22.03.2024	23:26:11			00:00:00		C				0.00	IN	IN		5,407.20	0.00	5,407.20	0.00	0.00	0.00
700	2100118304	000001	Z007	1000	5,394.00	0.00	INR		23.03.2024	23.03.2024	2100118407		1040	01	ZSCL01	0001917945					00000		SP	0013000913			B	8	2100118407	000001	2100118407 RHIHRLYSIDING	K	3101	C	23.03.2024	05:38:59			00:00:00			00:00:00	SCLADMIN	23.03.2024	05:38:59			00:00:00		C				0.00	IN	IN		5,394.00	0.00	5,394.00	0.00	0.00	0.00
700	2100118489	000001	Z007	1000	5,402.40	0.00	INR		23.03.2024	23.03.2024	2100118592		1040	01	ZSCL01	0001919301					00000		SP	0013000913			B	8	2100118592	000001	2100118592 RHIHRLYSIDING	K	3101	C	23.03.2024	08:49:37			00:00:00			00:00:00	SCLADMIN	23.03.2024	08:49:37			00:00:00		C				0.00	IN	IN		5,402.40	0.00	5,402.40	0.00	0.00	0.00
700	2100118517	000001	Z007	1000	5,396.40	0.00	INR		23.03.2024	23.03.2024	2100118620		1040	01	ZSCL01	0001919525					00000		SP	0013000913			B	8	2100118620	000001	2100118620 RHIHRLYSIDING	K	3101	C	23.03.2024	09:13:29			00:00:00			00:00:00	SCLADMIN	23.03.2024	09:13:29			00:00:00		C				0.00	IN	IN		5,396.40	0.00	5,396.40	0.00	0.00	0.00
700	2100118604	000001	Z007	1000	5,394.00	0.00	INR		23.03.2024	23.03.2024	2100118707		1040	01	ZSCL01	0001922557					00000		SP	0013000913			B	8	2100118707	000001	2100118707 RHIHRLYSIDING	K	3101	C	23.03.2024	10:30:48			00:00:00			00:00:00	SCLADMIN	23.03.2024	10:30:48			00:00:00		C				0.00	IN	IN		5,394.00	0.00	5,394.00	0.00	0.00	0.00
700	2100119083	000001	Z007	1000	5,396.40	0.00	INR		23.03.2024	23.03.2024	2100119196		1040	01	ZSCL01	0001937900					00000		SP	0013000913			B	8	2100119196	000001	2100119196 RHIHRLYSIDING	K	3101	C	23.03.2024	15:48:40			00:00:00			00:00:00	SCLADMIN	23.03.2024	15:48:40			00:00:00		C				0.00	IN	IN		5,396.40	0.00	5,396.40	0.00	0.00	0.00
700	2100119896	000001	Z007	1000	5,396.40	0.00	INR		23.03.2024	23.03.2024	2100120009		1040	01	ZSCL01	0001957660					00000		SP	0013000913			B	8	2100120009	000001	2100120009 RHIHRLYSIDING	K	3101	C	23.03.2024	21:50:22			00:00:00			00:00:00	SCLADMIN	23.03.2024	21:50:22			00:00:00		C				0.00	IN	IN		5,396.40	0.00	5,396.40	0.00	0.00	0.00
700	2100120600	000001	Z007	1000	5,394.00	0.00	INR		24.03.2024	24.03.2024	2100120713		1040	01	ZSCL01	0001962941					00000		SP	0013000913			B	8	2100120713	000001	2100120713 RHIHRLYSIDING	K	3101	C	24.03.2024	05:30:18			00:00:00			00:00:00	SCLADMIN	24.03.2024	05:30:18			00:00:00		C				0.00	IN	IN		5,394.00	0.00	5,394.00	0.00	0.00	0.00
700	2100120731	000001	Z007	1000	5,396.40	0.00	INR		24.03.2024	24.03.2024	2100120844		1040	01	ZSCL01	0001963702					00000		SP	0013000913			B	8	2100120844	000001	2100120844 RHIHRLYSIDING	K	3101	C	24.03.2024	08:08:13			00:00:00			00:00:00	SCLADMIN	24.03.2024	08:08:13			00:00:00		C				0.00	IN	IN		5,396.40	0.00	5,396.40	0.00	0.00	0.00
700	2100120926	000001	Z007	1000	5,396.40	0.00	INR		24.03.2024	24.03.2024	2100121039		1040	01	ZSCL01	0001966321					00000		SP	0013000913			B	8	2100121039	000001	2100121039 RHIHRLYSIDING	K	3101	C	24.03.2024	11:45:04			00:00:00			00:00:00	SCLADMIN	24.03.2024	11:45:04			00:00:00		C				0.00	IN	IN		5,396.40	0.00	5,396.40	0.00	0.00	0.00
700	2100121157	000001	Z007	1000	5,402.40	0.00	INR		24.03.2024	24.03.2024	2100121270		1040	01	ZSCL01	0001969423					00000		SP	0013000913			B	8	2100121270	000001	2100121270 RHIHRLYSIDING	K	3101	C	24.03.2024	14:20:44			00:00:00			00:00:00	SCLADMIN	24.03.2024	14:20:44			00:00:00		C				0.00	IN	IN		5,402.40	0.00	5,402.40	0.00	0.00	0.00
700	2100121712	000001	Z007	1000	5,396.40	0.00	INR		24.03.2024	24.03.2024	2100121835		1040	01	ZSCL01	0001976351					00000		SP	0013000913			B	8	2100121835	000001	2100121835 RHIHRLYSIDING	K	3101	C	24.03.2024	20:11:39			00:00:00			00:00:00	SCLADMIN	24.03.2024	20:11:39			00:00:00		C				0.00	IN	IN		5,396.40	0.00	5,396.40	0.00	0.00	0.00
700	2100122174	000001	Z007	1000	5,402.40	0.00	INR		25.03.2024	25.03.2024	2100122277		1040	01	ZSCL01	0001980072					00000		SP	0013000913			B	8	2100122277	000001	2100122277 RHIHRLYSIDING	K	3101	C	25.03.2024	07:19:47			00:00:00			00:00:00	SCLADMIN	25.03.2024	07:19:47			00:00:00		C				0.00	IN	IN		5,402.40	0.00	5,402.40	0.00	0.00	0.00
700	2100122181	000001	Z007	1000	5,407.20	0.00	INR		25.03.2024	25.03.2024	2100122284		1040	01	ZSCL01	0001980124					00000		SP	0013000913			B	8	2100122284	000001	2100122284 RHIHRLYSIDING	K	3101	C	25.03.2024	07:36:27			00:00:00			00:00:00	SCLADMIN	25.03.2024	07:36:27			00:00:00		C				0.00	IN	IN		5,407.20	0.00	5,407.20	0.00	0.00	0.00
700	2100122189	000001	Z007	1000	5,402.40	0.00	INR		25.03.2024	25.03.2024	2100122292		1040	01	ZSCL01	0001980145					00000		SP	0013000913			B	8	2100122292	000001	2100122292 RHIHRLYSIDING	K	3101	C	25.03.2024	07:47:57			00:00:00			00:00:00	SCLADMIN	25.03.2024	07:47:57			00:00:00		C				0.00	IN	IN		5,402.40	0.00	5,402.40	0.00	0.00	0.00
700	2100122959	000001	Z007	1000	5,396.40	0.00	INR		26.03.2024	26.03.2024	2100123072		1040	01	ZSCL01	0001993690					00000		SP	0013000913			B	8	2100123072	000001	2100123072 RHIHRLYSIDING	K	3101	C	26.03.2024	07:09:03			00:00:00			00:00:00	SCLADMIN	26.03.2024	07:09:03			00:00:00		C				0.00	IN	IN		5,396.40	0.00	5,396.40	0.00	0.00	0.00
700	2100123236	000001	Z007	1000	5,407.20	0.00	INR		26.03.2024	26.03.2024	2100123349		1040	01	ZSCL01	0001999129					00000		SP	0013000913			B	8	2100123349	000001	2100123349 RHIHRLYSIDING	K	3101	C	26.03.2024	12:32:59			00:00:00			00:00:00	SCLADMIN	26.03.2024	12:32:59			00:00:00		C				0.00	IN	IN		5,407.20	0.00	5,407.20	0.00	0.00	0.00
700	2100123910	000001	Z007	1000	5,396.40	0.00	INR		26.03.2024	26.03.2024	2100124023		1040	01	ZSCL01	0002033837					00000		SP	0013000913			B	8	2100124023	000001	2100124023 RHIHRLYSIDING	K	3101	C	26.03.2024	19:17:49			00:00:00			00:00:00	SCLADMIN	26.03.2024	19:17:49			00:00:00		C				0.00	IN	IN		5,396.40	0.00	5,396.40	0.00	0.00	0.00
700	2100124670	000001	Z007	1000	5,396.40	0.00	INR		27.03.2024	27.03.2024	2100124783		1040	01	ZSCL01	0002042024					00000		SP	0013000913			B	8	2100124783	000001	2100124783 RHIHRLYSIDING	K	3101	C	27.03.2024	03:29:55			00:00:00			00:00:00	SCLADMIN	27.03.2024	03:29:55			00:00:00		C				0.00	IN	IN		5,396.40	0.00	5,396.40	0.00	0.00	0.00
700	2100124982	000001	Z007	1000	5,402.40	0.00	INR		27.03.2024	27.03.2024	2100125085		1040	01	ZSCL01	0002043991					00000		SP	0013000913			B	8	2100125085	000001	2100125085 RHIHRLYSIDING	K	3101	C	27.03.2024	08:54:43			00:00:00			00:00:00	SCLADMIN	27.03.2024	08:54:43			00:00:00		C				0.00	IN	IN		5,402.40	0.00	5,402.40	0.00	0.00	0.00
700	2100125181	000001	Z007	1000	5,407.20	0.00	INR		27.03.2024	27.03.2024	2100125284		1040	01	ZSCL01	0002048407					00000		SP	0013000913			B	8	2100125284	000001	2100125284 RHIHRLYSIDING	K	3101	C	27.03.2024	11:46:46			00:00:00			00:00:00	SCLADMIN	27.03.2024	11:46:46			00:00:00		C				0.00	IN	IN		5,407.20	0.00	5,407.20	0.00	0.00	0.00
700	2100125347	000001	Z007	1000	5,394.00	0.00	INR		27.03.2024	27.03.2024	2100125450		1040	01	ZSCL01	0002056109					00000		SP	0013000913			B	8	2100125450	000001	2100125450 RHIHRLYSIDING	K	3101	C	27.03.2024	13:47:26			00:00:00			00:00:00	SCLADMIN	27.03.2024	13:47:26			00:00:00		C				0.00	IN	IN		5,394.00	0.00	5,394.00	0.00	0.00	0.00
700	2100125452	000001	Z007	1000	5,394.00	0.00	INR		27.03.2024	27.03.2024	2100125565		1040	01	ZSCL01	0002061173					00000		SP	0013000913			B	8	2100125565	000001	2100125565 RHIHRLYSIDING	K	3101	C	27.03.2024	15:20:01			00:00:00			00:00:00	SCLADMIN	27.03.2024	15:20:01			00:00:00		C				0.00	IN	IN		5,394.00	0.00	5,394.00	0.00	0.00	0.00
700	2100125539	000001	Z007	1000	5,396.40	0.00	INR		27.03.2024	27.03.2024	2100125662		1040	01	ZSCL01	0002063578					00000		SP	0013000913			B	8	2100125662	000001	2100125662 RHIHRLYSIDING	K	3101	C	27.03.2024	15:58:26			00:00:00			00:00:00	SCLADMIN	27.03.2024	15:58:26			00:00:00		C				0.00	IN	IN		5,396.40	0.00	5,396.40	0.00	0.00	0.00
700	2100125549	000001	Z007	1000	5,394.00	0.00	INR		27.03.2024	27.03.2024	2100125672		1040	01	ZSCL01	0002063729					00000		SP	0013000913			B	8	2100125672	000001	2100125672 RHIHRLYSIDING	K	3101	C	27.03.2024	16:02:14			00:00:00			00:00:00	SCLADMIN	27.03.2024	16:02:14			00:00:00		C				0.00	IN	IN		5,394.00	0.00	5,394.00	0.00	0.00	0.00
700	2100125629	000001	Z007	1000	5,407.20	0.00	INR		27.03.2024	27.03.2024	2100125752		1040	01	ZSCL01	0002065723					00000		SP	0013000913			B	8	2100125752	000001	2100125752 RHIHRLYSIDING	K	3101	C	27.03.2024	16:42:46			00:00:00			00:00:00	SCLADMIN	27.03.2024	16:42:46			00:00:00		C				0.00	IN	IN		5,407.20	0.00	5,407.20	0.00	0.00	0.00
700	2100125988	000001	Z007	1000	5,402.40	0.00	INR		27.03.2024	27.03.2024	2100126101		1040	01	ZSCL01	0002090638					00000		SP	0013000913			B	8	2100126101	000001	2100126101 RHIHRLYSIDING	K	3101	C	27.03.2024	19:27:17			00:00:00			00:00:00	SCLADMIN	27.03.2024	19:27:17			00:00:00		C				0.00	IN	IN		5,402.40	0.00	5,402.40	0.00	0.00	0.00
700	2100126267	000001	Z007	1000	5,394.00	0.00	INR		27.03.2024	27.03.2024	2100126381		1040	01	ZSCL01	0002098015					00000		SP	0013000913			B	8	2100126381	000001	2100126381 RHIHRLYSIDING	K	3101	C	27.03.2024	21:33:51			00:00:00			00:00:00	SCLADMIN	27.03.2024	21:33:51			00:00:00		C				0.00	IN	IN		5,394.00	0.00	5,394.00	0.00	0.00	0.00
700	2100127069	000001	Z007	1000	5,407.20	0.00	INR		28.03.2024	28.03.2024	2100127173		1040	01	ZSCL01	0002106615					00000		SP	0013000913			B	8	2100127173	000001	2100127173 RHIHRLYSIDING	K	3101	C	28.03.2024	05:31:49			00:00:00			00:00:00	SCLADMIN	28.03.2024	05:31:49			00:00:00		C				0.00	IN	IN		5,407.20	0.00	5,407.20	0.00	0.00	0.00
700	2100127470	000001	Z007	1000	5,407.20	0.00	INR		28.03.2024	28.03.2024	2100127574		1040	01	ZSCL01	0002112226					00000		SP	0013000913			B	8	2100127574	000001	2100127574 RHIHRLYSIDING	K	3101	C	28.03.2024	11:36:29			00:00:00			00:00:00	SCLADMIN	28.03.2024	11:36:29			00:00:00		C				0.00	IN	IN		5,407.20	0.00	5,407.20	0.00	0.00	0.00
700	2100127498	000001	Z007	1000	5,396.40	0.00	INR		28.03.2024	28.03.2024	2100127602		1040	01	ZSCL01	0002112519					00000		SP	0013000913			B	8	2100127602	000001	2100127602 RHIHRLYSIDING	K	3101	C	28.03.2024	11:46:50			00:00:00			00:00:00	SCLADMIN	28.03.2024	11:46:50			00:00:00		C				0.00	IN	IN		5,396.40	0.00	5,396.40	0.00	0.00	0.00
700	2100127647	000001	Z007	1000	5,407.20	0.00	INR		28.03.2024	28.03.2024	2100127761		1040	01	ZSCL01	0002119038					00000		SP	0013000913			B	8	2100127761	000001	2100127761 RHIHRLYSIDING	K	3101	C	28.03.2024	12:53:40			00:00:00			00:00:00	SCLADMIN	28.03.2024	12:53:40			00:00:00		C				0.00	IN	IN		5,407.20	0.00	5,407.20	0.00	0.00	0.00
700	2100127852	000001	Z007	1000	5,394.00	0.00	INR		28.03.2024	28.03.2024	2100127966		1040	01	ZSCL01	0002143887					00000		SP	0013000913			B	8	2100127966	000001	2100127966 RHIHRLYSIDING	K	3101	C	28.03.2024	15:08:36			00:00:00			00:00:00	SCLADMIN	28.03.2024	15:08:36			00:00:00		C				0.00	IN	IN		5,394.00	0.00	5,394.00	0.00	0.00	0.00
700	2100128104	000001	Z007	1000	5,407.20	0.00	INR		28.03.2024	28.03.2024	2100128228		1040	01	ZSCL01	0002159575					00000		SP	0013000913			B	8	2100128228	000001	2100128228 RHIHRLYSIDING	K	3101	C	28.03.2024	17:12:00			00:00:00			00:00:00	SCLADMIN	28.03.2024	17:12:00			00:00:00		C				0.00	IN	IN		5,407.20	0.00	5,407.20	0.00	0.00	0.00
700	2100128106	000001	Z007	1000	5,396.40	0.00	INR		28.03.2024	28.03.2024	2100128230		1040	01	ZSCL01	0002159643					00000		SP	0013000913			B	8	2100128230	000001	2100128230 RHIHRLYSIDING	K	3101	C	28.03.2024	17:12:14			00:00:00			00:00:00	SCLADMIN	28.03.2024	17:12:14			00:00:00		C				0.00	IN	IN		5,396.40	0.00	5,396.40	0.00	0.00	0.00
700	2100128120	000001	Z007	1000	5,396.40	0.00	INR		28.03.2024	28.03.2024	2100128244		1040	01	ZSCL01	0002160632					00000		SP	0013000913			B	8	2100128244	000001	2100128244 RHIHRLYSIDING	K	3101	C	28.03.2024	17:22:21			00:00:00			00:00:00	SCLADMIN	28.03.2024	17:22:21			00:00:00		C				0.00	IN	IN		5,396.40	0.00	5,396.40	0.00	0.00	0.00
700	2100128383	000001	Z007	1000	5,396.40	0.00	INR		28.03.2024	28.03.2024	2100128507		1040	01	ZSCL01	0002171700					00000		SP	0013000913			B	8	2100128507	000001	2100128507 RHIHRLYSIDING	K	3101	C	28.03.2024	19:33:49			00:00:00			00:00:00	SCLADMIN	28.03.2024	19:33:49			00:00:00		C				0.00	IN	IN		5,396.40	0.00	5,396.40	0.00	0.00	0.00
700	2100128500	000001	Z007	1000	5,396.40	0.00	INR		28.03.2024	28.03.2024	2100128614		1040	01	ZSCL01	0002176494					00000		SP	0013000913			B	8	2100128614	000001	2100128614 RHIHRLYSIDING	K	3101	C	28.03.2024	20:31:52			00:00:00			00:00:00	SCLADMIN	28.03.2024	20:31:52			00:00:00		C				0.00	IN	IN		5,396.40	0.00	5,396.40	0.00	0.00	0.00
700	2100128516	000001	Z007	1000	5,402.40	0.00	INR		28.03.2024	28.03.2024	2100128630		1040	01	ZSCL01	0002176787					00000		SP	0013000913			B	8	2100128630	000001	2100128630 RHIHRLYSIDING	K	3101	C	28.03.2024	20:36:07			00:00:00			00:00:00	SCLADMIN	28.03.2024	20:36:07			00:00:00		C				0.00	IN	IN		5,402.40	0.00	5,402.40	0.00	0.00	0.00
700	2100128758	000001	Z007	1000	5,407.20	0.00	INR		28.03.2024	28.03.2024	2100128872		1040	01	ZSCL01	0002183721					00000		SP	0013000913			B	8	2100128872	000001	2100128872 RHIHRLYSIDING	K	3101	C	28.03.2024	22:45:06			00:00:00			00:00:00	SCLADMIN	28.03.2024	22:45:06			00:00:00		C				0.00	IN	IN		5,407.20	0.00	5,407.20	0.00	0.00	0.00
700	2100129036	000001	Z007	1000	5,402.40	0.00	INR		29.03.2024	29.03.2024	2100129150		1040	01	ZSCL01	0002186339					00000		SP	0013000913			B	8	2100129150	000001	2100129150 RHIHRLYSIDING	K	3101	C	29.03.2024	01:30:47			00:00:00			00:00:00	SCLADMIN	29.03.2024	01:30:47			00:00:00		C				0.00	IN	IN		5,402.40	0.00	5,402.40	0.00	0.00	0.00
700	2100129571	000001	Z007	1000	5,407.20	0.00	INR		29.03.2024	29.03.2024	2100129695		1040	01	ZSCL01	0002189791					00000		SP	0013000913			B	8	2100129695	000001	2100129695 RHIHRLYSIDING	K	3101	C	29.03.2024	07:26:36			00:00:00			00:00:00	SCLADMIN	29.03.2024	07:26:36			00:00:00		C				0.00	IN	IN		5,407.20	0.00	5,407.20	0.00	0.00	0.00
700	2100129592	000001	Z007	1000	5,407.20	0.00	INR		29.03.2024	29.03.2024	2100129716		1040	01	ZSCL01	0002189898					00000		SP	0013000913			B	8	2100129716	000001	2100129716 RHIHRLYSIDING	K	3101	C	29.03.2024	07:35:26			00:00:00			00:00:00	SCLADMIN	29.03.2024	07:35:26			00:00:00		C				0.00	IN	IN		5,407.20	0.00	5,407.20	0.00	0.00	0.00
700	2100129866	000001	Z007	1000	5,407.20	0.00	INR		29.03.2024	29.03.2024	2100129980		1040	01	ZSCL01	0002192993					00000		SP	0013000913			B	8	2100129980	000001	2100129980 RHIHRLYSIDING	K	3101	C	29.03.2024	10:43:51			00:00:00			00:00:00	SCLADMIN	29.03.2024	10:43:51			00:00:00		C				0.00	IN	IN		5,407.20	0.00	5,407.20	0.00	0.00	0.00
700	2100130475	000001	Z007	1000	5,396.40	0.00	INR		29.03.2024	29.03.2024	2100130589		1040	01	ZSCL01	0002216179					00000		SP	0013000913			B	8	2100130589	000001	2100130589 RHIHRLYSIDING	K	3101	C	29.03.2024	16:24:51			00:00:00			00:00:00	SCLADMIN	29.03.2024	16:24:51			00:00:00		C				0.00	IN	IN		5,396.40	0.00	5,396.40	0.00	0.00	0.00
700	2100131172	000001	Z007	1000	5,402.40	0.00	INR		29.03.2024	29.03.2024	2100131288		1040	01	ZSCL01	0002254652					00000		SP	0013000913			B	8	2100131288	000001	2100131288 RHIHRLYSIDING	K	3101	C	29.03.2024	21:18:20			00:00:00			00:00:00	SCLADMIN	29.03.2024	21:18:20			00:00:00		C				0.00	IN	IN		5,402.40	0.00	5,402.40	0.00	0.00	0.00
700	2100132682	000001	Z007	1000	5,407.20	0.00	INR		30.03.2024	30.03.2024	2100132808		1040	01	ZSCL01	0002285124					00000		SP	0013000913			B	8	2100132808	000001	2100132808 RHIHRLYSIDING	K	3101	C	30.03.2024	13:49:52			00:00:00			00:00:00	SCLADMIN	30.03.2024	13:49:52			00:00:00		C				0.00	IN	IN		5,407.20	0.00	5,407.20	0.00	0.00	0.00
700	2100133074	000001	Z007	1000	5,402.40	0.00	INR		30.03.2024	30.03.2024	2100133190		1040	01	ZSCL01	0002315826					00000		SP	0013000913			B	8	2100133190	000001	2100133190 RHIHRLYSIDING	K	3101	C	30.03.2024	17:26:05			00:00:00			00:00:00	SCLADMIN	30.03.2024	17:26:05			00:00:00		C				0.00	IN	IN		5,402.40	0.00	5,402.40	0.00	0.00	0.00
700	2100133236	000001	Z007	1000	5,396.40	0.00	INR		30.03.2024	30.03.2024	2100133362		1040	01	ZSCL01	0002328967					00000		SP	0013000913			B	8	2100133362	000001	2100133362 RHIHRLYSIDING	K	3101	C	30.03.2024	18:38:17			00:00:00			00:00:00	SCLADMIN	30.03.2024	18:38:17			00:00:00		C				0.00	IN	IN		5,396.40	0.00	5,396.40	0.00	0.00	0.00
700	2100133255	000001	Z007	1000	5,402.40	0.00	INR		30.03.2024	30.03.2024	2100133381		1040	01	ZSCL01	0002329763					00000		SP	0013000913			B	8	2100133381	000001	2100133381 RHIHRLYSIDING	K	3101	C	30.03.2024	18:50:21			00:00:00			00:00:00	SCLADMIN	30.03.2024	18:50:21			00:00:00		C				0.00	IN	IN		5,402.40	0.00	5,402.40	0.00	0.00	0.00
700	2100133779	000001	Z007	1000	5,402.40	0.00	INR		30.03.2024	30.03.2024	2100133905		1040	01	ZSCL01	0002341036					00000		SP	0013000913			B	8	2100133905	000001	2100133905 RHIHRLYSIDING	K	3101	C	30.03.2024	22:40:53			00:00:00			00:00:00	SCLADMIN	30.03.2024	22:40:53			00:00:00		C				0.00	IN	IN		5,402.40	0.00	5,402.40	0.00	0.00	0.00
700	2100133933	000001	Z007	1000	5,235.60	0.00	INR		31.03.2024	31.03.2024	2100134059		1040	01	ZSCL01	0002342989					00000		SP	0013000913			B	8	2100134059	000001	2100134059 RHIHRLYSIDING	K	3101	C	31.03.2024	00:02:04			00:00:00			00:00:00	SCLADMIN	31.03.2024	00:02:04			00:00:00		C				0.00	IN	IN		5,235.60	0.00	5,235.60	0.00	0.00	0.00
700	2100133934	000001	Z007	1000	5,547.60	0.00	INR		31.03.2024	31.03.2024	2100134060		1040	01	ZSCL01	0002342992					00000		SP	0013000913			B	8	2100134060	000001	2100134060 RHIHRLYSIDING	K	3101	C	31.03.2024	00:02:12			00:00:00			00:00:00	SCLADMIN	31.03.2024	00:02:12			00:00:00		C				0.00	IN	IN		5,547.60	0.00	5,547.60	0.00	0.00	0.00
700	2100133937	000001	Z007	1000	5,346.00	0.00	INR		31.03.2024	31.03.2024	2100134063		1040	01	ZSCL01	0002343023					00000		SP	0013000913			B	8	2100134063	000001	2100134063 RHIHRLYSIDING	K	3101	C	31.03.2024	00:04:33			00:00:00			00:00:00	SCLADMIN	31.03.2024	00:04:33			00:00:00		C				0.00	IN	IN		5,346.00	0.00	5,346.00	0.00	0.00	0.00
700	2100133959	000001	Z007	1000	5,780.40	0.00	INR		31.03.2024	31.03.2024	2100134085		1040	01	ZSCL01	0002343133					00000		SP	0013000913			B	8	2100134085	000001	2100134085 RHIHRLYSIDING	K	3101	C	31.03.2024	00:11:50			00:00:00			00:00:00	SCLADMIN	31.03.2024	00:11:50			00:00:00		C				0.00	IN	IN		5,780.40	0.00	5,780.40	0.00	0.00	0.00
700	2100133960	000001	Z007	1000	5,552.40	0.00	INR		31.03.2024	31.03.2024	2100134086		1040	01	ZSCL01	0002343137					00000		SP	0013000913			B	8	2100134086	000001	2100134086 RHIHRLYSIDING	K	3101	C	31.03.2024	00:12:00			00:00:00			00:00:00	SCLADMIN	31.03.2024	00:12:00			00:00:00		C				0.00	IN	IN		5,552.40	0.00	5,552.40	0.00	0.00	0.00
700	2100133965	000001	Z007	1000	5,509.20	0.00	INR		31.03.2024	31.03.2024	2100134091		1040	01	ZSCL01	0002343177					00000		SP	0013000913			B	8	2100134091	000001	2100134091 RHIHRLYSIDING	K	3101	C	31.03.2024	00:15:00			00:00:00			00:00:00	SCLADMIN	31.03.2024	00:15:00			00:00:00		C				0.00	IN	IN		5,509.20	0.00	5,509.20	0.00	0.00	0.00
700	2100133966	000001	Z007	1000	5,439.60	0.00	INR		31.03.2024	31.03.2024	2100134092		1040	01	ZSCL01	0002343221					00000		SP	0013000913			B	8	2100134092	000001	2100134092 RHIHRLYSIDING	K	3101	C	31.03.2024	00:15:17			00:00:00			00:00:00	SCLADMIN	31.03.2024	00:15:17			00:00:00		C				0.00	IN	IN		5,439.60	0.00	5,439.60	0.00	0.00	0.00
700	2100133971	000001	Z007	1000	5,407.20	0.00	INR		31.03.2024	31.03.2024	2100134097		1040	01	ZSCL01	0002343237					00000		SP	0013000913			B	8	2100134097	000001	2100134097 RHIHRLYSIDING	K	3101	C	31.03.2024	00:17:04			00:00:00			00:00:00	SCLADMIN	31.03.2024	00:17:04			00:00:00		C				0.00	IN	IN		5,407.20	0.00	5,407.20	0.00	0.00	0.00
700	2100133973	000001	Z007	1000	5,560.80	0.00	INR		31.03.2024	31.03.2024	2100134099		1040	01	ZSCL01	0002343269					00000		SP	0013000913			B	8	2100134099	000001	2100134099 RHIHRLYSIDING	K	3101	C	31.03.2024	00:18:24			00:00:00			00:00:00	SCLADMIN	31.03.2024	00:18:24			00:00:00		C				0.00	IN	IN		5,560.80	0.00	5,560.80	0.00	0.00	0.00
700	2100133974	000001	Z007	1000	5,568.00	0.00	INR		31.03.2024	31.03.2024	2100134100		1040	01	ZSCL01	0002343280					00000		SP	0013000913			B	8	2100134100	000001	2100134100 RHIHRLYSIDING	K	3101	C	31.03.2024	00:19:34			00:00:00			00:00:00	SCLADMIN	31.03.2024	00:19:34			00:00:00		C				0.00	IN	IN		5,568.00	0.00	5,568.00	0.00	0.00	0.00
700	2100133977	000001	Z007	1000	5,402.40	0.00	INR		31.03.2024	31.03.2024	2100134103		1040	01	ZSCL01	0002343301					00000		SP	0013000913			B	8	2100134103	000001	2100134103 RHIHRLYSIDING	K	3101	C	31.03.2024	00:21:39			00:00:00			00:00:00	SCLADMIN	31.03.2024	00:21:39			00:00:00		C				0.00	IN	IN		5,402.40	0.00	5,402.40	0.00	0.00	0.00
700	2100133990	000001	Z007	1000	5,584.80	0.00	INR		31.03.2024	31.03.2024	2100134116		1040	01	ZSCL01	0002343372					00000		SP	0013000913			B	8	2100134116	000001	2100134116 RHIHRLYSIDING	K	3101	C	31.03.2024	00:29:45			00:00:00			00:00:00	SCLADMIN	31.03.2024	00:29:45			00:00:00		C				0.00	IN	IN		5,584.80	0.00	5,584.80	0.00	0.00	0.00
700	2100133991	000001	Z007	1000	5,419.20	0.00	INR		31.03.2024	31.03.2024	2100134117		1040	01	ZSCL01	0002343401					00000		SP	0013000913			B	8	2100134117	000001	2100134117 RHIHRLYSIDING	K	3101	C	31.03.2024	00:31:54			00:00:00			00:00:00	SCLADMIN	31.03.2024	00:31:54			00:00:00		C				0.00	IN	IN		5,419.20	0.00	5,419.20	0.00	0.00	0.00
700	2100133998	000001	Z007	1000	5,547.60	0.00	INR		31.03.2024	31.03.2024	2100134124		1040	01	ZSCL01	0002343475					00000		SP	0013000913			B	8	2100134124	000001	2100134124 RHIHRLYSIDING	K	3101	C	31.03.2024	00:36:36			00:00:00			00:00:00	SCLADMIN	31.03.2024	00:36:36			00:00:00		C				0.00	IN	IN		5,547.60	0.00	5,547.60	0.00	0.00	0.00
700	2100134041	000001	Z007	1000	5,394.00	0.00	INR		31.03.2024	31.03.2024	2100134167		1040	01	ZSCL01	0002343819					00000		SP	0013000913			B	8	2100134167	000001	2100134167 RHIHRLYSIDING	K	3101	C	31.03.2024	01:03:14			00:00:00			00:00:00	SCLADMIN	31.03.2024	01:03:14			00:00:00		C				0.00	IN	IN		5,394.00	0.00	5,394.00	0.00	0.00	0.00
700	2100134096	000001	Z007	1000	5,463.60	0.00	INR		31.03.2024	31.03.2024	2100134222		1040	01	ZSCL01	0002344314					00000		SP	0013000913			B	8	2100134222	000001	2100134222 RHIHRLYSIDING	K	3101	C	31.03.2024	01:39:24			00:00:00			00:00:00	SCLADMIN	31.03.2024	01:39:24			00:00:00		C				0.00	IN	IN		5,463.60	0.00	5,463.60	0.00	0.00	0.00
700	2100134097	000001	Z007	1000	5,474.40	0.00	INR		31.03.2024	31.03.2024	2100134223		1040	01	ZSCL01	0002344320					00000		SP	0013000913			B	8	2100134223	000001	2100134223 RHIHRLYSIDING	K	3101	C	31.03.2024	01:39:46			00:00:00			00:00:00	SCLADMIN	31.03.2024	01:39:46			00:00:00		C				0.00	IN	IN		5,474.40	0.00	5,474.40	0.00	0.00	0.00
700	2100134118	000001	Z007	1000	5,469.60	0.00	INR		31.03.2024	31.03.2024	2100134244		1040	01	ZSCL01	0002344502					00000		SP	0013000913			B	8	2100134244	000001	2100134244 RHIHRLYSIDING	K	3101	C	31.03.2024	01:57:10			00:00:00			00:00:00	SCLADMIN	31.03.2024	01:57:10			00:00:00		C				0.00	IN	IN		5,469.60	0.00	5,469.60	0.00	0.00	0.00
700	2100134214	000001	Z007	1000	5,560.80	0.00	INR		31.03.2024	31.03.2024	2100134340		1040	01	ZSCL01	0002345403					00000		SP	0013000913			B	8	2100134340	000001	2100134340 RHIHRLYSIDING	K	3101	C	31.03.2024	03:20:36			00:00:00			00:00:00	SCLADMIN	31.03.2024	03:20:36			00:00:00		C				0.00	IN	IN		5,560.80	0.00	5,560.80	0.00	0.00	0.00
700	2100134217	000001	Z007	1000	5,348.40	0.00	INR		31.03.2024	31.03.2024	2100134343		1040	01	ZSCL01	0002345419					00000		SP	0013000913			B	8	2100134343	000001	2100134343 RHIHRLYSIDING	K	3101	C	31.03.2024	03:22:32			00:00:00			00:00:00	SCLADMIN	31.03.2024	03:22:32			00:00:00		C				0.00	IN	IN		5,348.40	0.00	5,348.40	0.00	0.00	0.00
700	2100134250	000001	Z007	1000	5,238.00	0.00	INR		31.03.2024	31.03.2024	2100134376		1040	01	ZSCL01	0002345756					00000		SP	0013000913			B	8	2100134376	000001	2100134376 RHIHRLYSIDING	K	3101	C	31.03.2024	03:55:31			00:00:00			00:00:00	SCLADMIN	31.03.2024	03:55:31			00:00:00		C				0.00	IN	IN		5,238.00	0.00	5,238.00	0.00	0.00	0.00
700	2100134263	000001	Z007	1000	5,301.60	0.00	INR		31.03.2024	31.03.2024	2100134389		1040	01	ZSCL01	0002345861					00000		SP	0013000913			B	8	2100134389	000001	2100134389 RHIHRLYSIDING	K	3101	C	31.03.2024	04:05:11			00:00:00			00:00:00	SCLADMIN	31.03.2024	04:05:11			00:00:00		C				0.00	IN	IN		5,301.60	0.00	5,301.60	0.00	0.00	0.00
700	2100134265	000001	Z007	1000	5,462.40	0.00	INR		31.03.2024	31.03.2024	2100134391		1040	01	ZSCL01	0002345883					00000		SP	0013000913			B	8	2100134391	000001	2100134391 RHIHRLYSIDING	K	3101	C	31.03.2024	04:07:17			00:00:00			00:00:00	SCLADMIN	31.03.2024	04:07:17			00:00:00		C				0.00	IN	IN		5,462.40	0.00	5,462.40	0.00	0.00	0.00
700	2100134269	000001	Z007	1000	5,419.20	0.00	INR		31.03.2024	31.03.2024	2100134395		1040	01	ZSCL01	0002345907					00000		SP	0013000913			B	8	2100134395	000001	2100134395 RHIHRLYSIDING	K	3101	C	31.03.2024	04:09:05			00:00:00			00:00:00	SCLADMIN	31.03.2024	04:09:05			00:00:00		C				0.00	IN	IN		5,419.20	0.00	5,419.20	0.00	0.00	0.00
700	2100134272	000001	Z007	1000	5,454.00	0.00	INR		31.03.2024	31.03.2024	2100134398		1040	01	ZSCL01	0002345933					00000		SP	0013000913			B	8	2100134398	000001	2100134398 RHIHRLYSIDING	K	3101	C	31.03.2024	04:14:03			00:00:00			00:00:00	SCLADMIN	31.03.2024	04:14:03			00:00:00		C				0.00	IN	IN		5,454.00	0.00	5,454.00	0.00	0.00	0.00
700	2100134273	000001	Z007	1000	5,283.60	0.00	INR		31.03.2024	31.03.2024	2100134399		1040	01	ZSCL01	0002345942					00000		SP	0013000913			B	8	2100134399	000001	2100134399 RHIHRLYSIDING	K	3101	C	31.03.2024	04:14:35			00:00:00			00:00:00	SCLADMIN	31.03.2024	04:14:35			00:00:00		C				0.00	IN	IN		5,283.60	0.00	5,283.60	0.00	0.00	0.00
700	2100134285	000001	Z007	1000	5,428.80	0.00	INR		31.03.2024	31.03.2024	2100134411		1040	01	ZSCL01	0002346021					00000		SP	0013000913			B	8	2100134411	000001	2100134411 RHIHRLYSIDING	K	3101	C	31.03.2024	04:21:30			00:00:00			00:00:00	SCLADMIN	31.03.2024	04:21:30			00:00:00		C				0.00	IN	IN		5,428.80	0.00	5,428.80	0.00	0.00	0.00
700	2100134298	000001	Z007	1000	5,314.80	0.00	INR		31.03.2024	31.03.2024	2100134424		1040	01	ZSCL01	0002346092					00000		SP	0013000913			B	8	2100134424	000001	2100134424 RHIHRLYSIDING	K	3101	C	31.03.2024	04:25:46			00:00:00			00:00:00	SCLADMIN	31.03.2024	04:25:46			00:00:00		C				0.00	IN	IN		5,314.80	0.00	5,314.80	0.00	0.00	0.00
700	2100134299	000001	Z007	1000	5,522.40	0.00	INR		31.03.2024	31.03.2024	2100134425		1040	01	ZSCL01	0002346096					00000		SP	0013000913			B	8	2100134425	000001	2100134425 RHIHRLYSIDING	K	3101	C	31.03.2024	04:26:01			00:00:00			00:00:00	SCLADMIN	31.03.2024	04:26:01			00:00:00		C				0.00	IN	IN		5,522.40	0.00	5,522.40	0.00	0.00	0.00
700	2100134369	000001	Z007	1000	5,390.40	0.00	INR		31.03.2024	31.03.2024	2100134495		1040	01	ZSCL01	0002346504					00000		SP	0013000913			B	8	2100134495	000001	2100134495 RHIHRLYSIDING	K	3101	C	31.03.2024	05:01:31			00:00:00			00:00:00	SCLADMIN	31.03.2024	05:01:31			00:00:00		C				0.00	IN	IN		5,390.40	0.00	5,390.40	0.00	0.00	0.00
700	2100134374	000001	Z007	1000	5,410.80	0.00	INR		31.03.2024	31.03.2024	2100134500		1040	01	ZSCL01	0002346523					00000		SP	0013000913			B	8	2100134500	000001	2100134500 RHIHRLYSIDING	K	3101	C	31.03.2024	05:03:15			00:00:00			00:00:00	SCLADMIN	31.03.2024	05:03:15			00:00:00		C				0.00	IN	IN		5,410.80	0.00	5,410.80	0.00	0.00	0.00
700	2100134385	000001	Z007	1000	5,280.00	0.00	INR		31.03.2024	31.03.2024	2100134511		1040	01	ZSCL01	0002346608					00000		SP	0013000913			B	8	2100134511	000001	2100134511 RHIHRLYSIDING	K	3101	C	31.03.2024	05:13:40			00:00:00			00:00:00	SCLADMIN	31.03.2024	05:13:40			00:00:00		C				0.00	IN	IN		5,280.00	0.00	5,280.00	0.00	0.00	0.00
700	2100134447	000001	Z007	1000	5,497.20	0.00	INR		31.03.2024	31.03.2024	2100134573		1040	01	ZSCL01	0002347050					00000		SP	0013000913			B	8	2100134573	000001	2100134573 RHIHRLYSIDING	K	3101	C	31.03.2024	05:52:35			00:00:00			00:00:00	SCLADMIN	31.03.2024	05:52:35			00:00:00		C				0.00	IN	IN		5,497.20	0.00	5,497.20	0.00	0.00	0.00
700	2100134467	000001	Z007	1000	5,014.80	0.00	INR		31.03.2024	31.03.2024	2100134603		1040	01	ZSCL01	0002347254					00000		SP	0013000913			B	8	2100134603	000001	2100134603 RHIHRLYSIDING	K	3101	C	31.03.2024	06:36:18			00:00:00			00:00:00	SCLADMIN	31.03.2024	06:36:18			00:00:00		C				0.00	IN	IN		5,014.80	0.00	5,014.80	0.00	0.00	0.00
700	2100134468	000001	Z007	1000	5,491.20	0.00	INR		31.03.2024	31.03.2024	2100134604		1040	01	ZSCL01	0002347258					00000		SP	0013000913			B	8	2100134604	000001	2100134604 RHIHRLYSIDING	K	3101	C	31.03.2024	06:36:28			00:00:00			00:00:00	SCLADMIN	31.03.2024	06:36:28			00:00:00		C				0.00	IN	IN		5,491.20	0.00	5,491.20	0.00	0.00	0.00
700	2100134481	000001	Z007	1000	5,254.80	0.00	INR		31.03.2024	31.03.2024	2100134617		1040	01	ZSCL01	0002347319					00000		SP	0013000913			B	8	2100134617	000001	2100134617 RHIHRLYSIDING	K	3101	C	31.03.2024	06:45:58			00:00:00			00:00:00	SCLADMIN	31.03.2024	06:45:58			00:00:00		C				0.00	IN	IN		5,254.80	0.00	5,254.80	0.00	0.00	0.00
700	2100134485	000001	Z007	1000	5,529.60	0.00	INR		31.03.2024	31.03.2024	2100134621		1040	01	ZSCL01	0002347339					00000		SP	0013000913			B	8	2100134621	000001	2100134621 RHIHRLYSIDING	K	3101	C	31.03.2024	06:48:32			00:00:00			00:00:00	SCLADMIN	31.03.2024	06:48:32			00:00:00		C				0.00	IN	IN		5,529.60	0.00	5,529.60	0.00	0.00	0.00
700	2100134489	000001	Z007	1000	5,449.20	0.00	INR		31.03.2024	31.03.2024	2100134625		1040	01	ZSCL01	0002347378					00000		SP	0013000913			B	8	2100134625	000001	2100134625 RHIHRLYSIDING	K	3101	C	31.03.2024	06:50:18			00:00:00			00:00:00	SCLADMIN	31.03.2024	06:50:18			00:00:00		C				0.00	IN	IN		5,449.20	0.00	5,449.20	0.00	0.00	0.00
700	2100134490	000001	Z007	1000	5,422.80	0.00	INR		31.03.2024	31.03.2024	2100134626		1040	01	ZSCL01	0002347380					00000		SP	0013000913			B	8	2100134626	000001	2100134626 RHIHRLYSIDING	K	3101	C	31.03.2024	06:50:24			00:00:00			00:00:00	SCLADMIN	31.03.2024	06:50:24			00:00:00		C				0.00	IN	IN		5,422.80	0.00	5,422.80	0.00	0.00	0.00
700	2100134495	000001	Z007	1000	5,342.40	0.00	INR		31.03.2024	31.03.2024	2100134631		1040	01	ZSCL01	0002347419					00000		SP	0013000913			B	8	2100134631	000001	2100134631 RHIHRLYSIDING	K	3101	C	31.03.2024	06:55:18			00:00:00			00:00:00	SCLADMIN	31.03.2024	06:55:18			00:00:00		C				0.00	IN	IN		5,342.40	0.00	5,342.40	0.00	0.00	0.00
700	2100134496	000001	Z007	1000	5,534.40	0.00	INR		31.03.2024	31.03.2024	2100134632		1040	01	ZSCL01	0002347446					00000		SP	0013000913			B	8	2100134632	000001	2100134632 RHIHRLYSIDING	K	3101	C	31.03.2024	06:57:07			00:00:00			00:00:00	SCLADMIN	31.03.2024	06:57:07			00:00:00		C				0.00	IN	IN		5,534.40	0.00	5,534.40	0.00	0.00	0.00
700	2100134499	000001	Z007	1000	5,571.60	0.00	INR		31.03.2024	31.03.2024	2100134635		1040	01	ZSCL01	0002347470					00000		SP	0013000913			B	8	2100134635	000001	2100134635 RHIHRLYSIDING	K	3101	C	31.03.2024	07:00:53			00:00:00			00:00:00	SCLADMIN	31.03.2024	07:00:53			00:00:00		C				0.00	IN	IN		5,571.60	0.00	5,571.60	0.00	0.00	0.00
700	2100134506	000001	Z007	1000	5,256.00	0.00	INR		31.03.2024	31.03.2024	2100134642		1040	01	ZSCL01	0002347562					00000		SP	0013000913			B	8	2100134642	000001	2100134642 RHIHRLYSIDING	K	3101	C	31.03.2024	07:05:41			00:00:00			00:00:00	SCLADMIN	31.03.2024	07:05:41			00:00:00		C				0.00	IN	IN		5,256.00	0.00	5,256.00	0.00	0.00	0.00
700	2100134513	000001	Z007	1000	5,290.80	0.00	INR		31.03.2024	31.03.2024	2100134649		1040	01	ZSCL01	0002347618					00000		SP	0013000913			B	8	2100134649	000001	2100134649 RHIHRLYSIDING	K	3101	C	31.03.2024	07:12:09			00:00:00			00:00:00	SCLADMIN	31.03.2024	07:12:09			00:00:00		C				0.00	IN	IN		5,290.80	0.00	5,290.80	0.00	0.00	0.00
700	2100134520	000001	Z007	1000	5,449.20	0.00	INR		31.03.2024	31.03.2024	2100134656		1040	01	ZSCL01	0002347699					00000		SP	0013000913			B	8	2100134656	000001	2100134656 RHIHRLYSIDING	K	3101	C	31.03.2024	07:17:58			00:00:00			00:00:00	SCLADMIN	31.03.2024	07:17:58			00:00:00		C				0.00	IN	IN		5,449.20	0.00	5,449.20	0.00	0.00	0.00
700	2100134523	000001	Z007	1000	5,208.00	0.00	INR		31.03.2024	31.03.2024	2100134659		1040	01	ZSCL01	0002347728					00000		SP	0013000913			B	8	2100134659	000001	2100134659 RHIHRLYSIDING	K	3101	C	31.03.2024	07:18:30			00:00:00			00:00:00	SCLADMIN	31.03.2024	07:18:30			00:00:00		C				0.00	IN	IN		5,208.00	0.00	5,208.00	0.00	0.00	0.00
700	2100134526	000001	Z007	1000	5,368.80	0.00	INR		31.03.2024	31.03.2024	2100134662		1040	01	ZSCL01	0002347748					00000		SP	0013000913			B	8	2100134662	000001	2100134662 RHIHRLYSIDING	K	3101	C	31.03.2024	07:22:03			00:00:00			00:00:00	SCLADMIN	31.03.2024	07:22:03			00:00:00		C				0.00	IN	IN		5,368.80	0.00	5,368.80	0.00	0.00	0.00
700	2100134534	000001	Z007	1000	5,460.00	0.00	INR		31.03.2024	31.03.2024	2100134670		1040	01	ZSCL01	0002347787					00000		SP	0013000913			B	8	2100134670	000001	2100134670 RHIHRLYSIDING	K	3101	C	31.03.2024	07:25:19			00:00:00			00:00:00	SCLADMIN	31.03.2024	07:25:19			00:00:00		C				0.00	IN	IN		5,460.00	0.00	5,460.00	0.00	0.00	0.00
700	2100134537	000001	Z007	1000	5,473.20	0.00	INR		31.03.2024	31.03.2024	2100134673		1040	01	ZSCL01	0002347822					00000		SP	0013000913			B	8	2100134673	000001	2100134673 RHIHRLYSIDING	K	3101	C	31.03.2024	07:29:24			00:00:00			00:00:00	SCLADMIN	31.03.2024	07:29:24			00:00:00		C				0.00	IN	IN		5,473.20	0.00	5,473.20	0.00	0.00	0.00
700	2100134548	000001	Z007	1000	5,322.00	0.00	INR		31.03.2024	31.03.2024	2100134684		1040	01	ZSCL01	0002347942					00000		SP	0013000913			B	8	2100134684	000001	2100134684 RHIHRLYSIDING	K	3101	C	31.03.2024	07:41:38			00:00:00			00:00:00	SCLADMIN	31.03.2024	07:41:38			00:00:00		C				0.00	IN	IN		5,322.00	0.00	5,322.00	0.00	0.00	0.00
700	2100134549	000001	Z007	1000	5,536.80	0.00	INR		31.03.2024	31.03.2024	2100134685		1040	01	ZSCL01	0002347946					00000		SP	0013000913			B	8	2100134685	000001	2100134685 RHIHRLYSIDING	K	3101	C	31.03.2024	07:41:48			00:00:00			00:00:00	SCLADMIN	31.03.2024	07:41:48			00:00:00		C				0.00	IN	IN		5,536.80	0.00	5,536.80	0.00	0.00	0.00
700	2100134551	000001	Z007	1000	5,438.40	0.00	INR		31.03.2024	31.03.2024	2100134687		1040	01	ZSCL01	0002347958					00000		SP	0013000913			B	8	2100134687	000001	2100134687 RHIHRLYSIDING	K	3101	C	31.03.2024	07:43:23			00:00:00			00:00:00	SCLADMIN	31.03.2024	07:43:23			00:00:00		C				0.00	IN	IN		5,438.40	0.00	5,438.40	0.00	0.00	0.00
700	2100134557	000001	Z007	1000	5,308.80	0.00	INR		31.03.2024	31.03.2024	2100134693		1040	01	ZSCL01	0002348005					00000		SP	0013000913			B	8	2100134693	000001	2100134693 RHIHRLYSIDING	K	3101	C	31.03.2024	07:46:25			00:00:00			00:00:00	SCLADMIN	31.03.2024	07:46:25			00:00:00		C				0.00	IN	IN		5,308.80	0.00	5,308.80	0.00	0.00	0.00
700	2100134558	000001	Z007	1000	5,444.40	0.00	INR		31.03.2024	31.03.2024	2100134694		1040	01	ZSCL01	0002348011					00000		SP	0013000913			B	8	2100134694	000001	2100134694 RHIHRLYSIDING	K	3101	C	31.03.2024	07:46:48			00:00:00			00:00:00	SCLADMIN	31.03.2024	07:46:48			00:00:00		C				0.00	IN	IN		5,444.40	0.00	5,444.40	0.00	0.00	0.00
700	2100134560	000001	Z007	1000	5,337.60	0.00	INR		31.03.2024	31.03.2024	2100134696		1040	01	ZSCL01	0002348022					00000		SP	0013000913			B	8	2100134696	000001	2100134696 RHIHRLYSIDING	K	3101	C	31.03.2024	07:49:33			00:00:00			00:00:00	SCLADMIN	31.03.2024	07:49:33			00:00:00		C				0.00	IN	IN		5,337.60	0.00	5,337.60	0.00	0.00	0.00
700	2100134582	000001	Z007	1000	5,416.80	0.00	INR		31.03.2024	31.03.2024	2100134718		1040	01	ZSCL01	0002348182					00000		SP	0013000913			B	8	2100134718	000001	2100134718 RHIHRLYSIDING	K	3101	C	31.03.2024	07:59:54			00:00:00			00:00:00	SCLADMIN	31.03.2024	07:59:54			00:00:00		C				0.00	IN	IN		5,416.80	0.00	5,416.80	0.00	0.00	0.00
700	2100134616	000001	Z007	1000	5,467.20	0.00	INR		31.03.2024	31.03.2024	2100134752		1040	01	ZSCL01	0002348522					00000		SP	0013000913			B	8	2100134752	000001	2100134752 RHIHRLYSIDING	K	3101	C	31.03.2024	08:25:33			00:00:00			00:00:00	SCLADMIN	31.03.2024	08:25:33			00:00:00		C				0.00	IN	IN		5,467.20	0.00	5,467.20	0.00	0.00	0.00
700	2100134617	000001	Z007	1000	5,316.00	0.00	INR		31.03.2024	31.03.2024	2100134753		1040	01	ZSCL01	0002348524					00000		SP	0013000913			B	8	2100134753	000001	2100134753 RHIHRLYSIDING	K	3101	C	31.03.2024	08:25:40			00:00:00			00:00:00	SCLADMIN	31.03.2024	08:25:40			00:00:00		C				0.00	IN	IN		5,316.00	0.00	5,316.00	0.00	0.00	0.00
700	2100134626	000001	Z007	1000	5,534.40	0.00	INR		31.03.2024	31.03.2024	2100134762		1040	01	ZSCL01	0002348599					00000		SP	0013000913			B	8	2100134762	000001	2100134762 RHIHRLYSIDING	K	3101	C	31.03.2024	08:33:08			00:00:00			00:00:00	SCLADMIN	31.03.2024	08:33:08			00:00:00		C				0.00	IN	IN		5,534.40	0.00	5,534.40	0.00	0.00	0.00
700	2100134641	000001	Z007	1000	5,562.00	0.00	INR		31.03.2024	31.03.2024	2100134767		1040	01	ZSCL01	0002348642					00000		SP	0013000913			B	8	2100134767	000001	2100134767 RHIHRLYSIDING	K	3101	C	31.03.2024	08:35:53			00:00:00			00:00:00	SCLADMIN	31.03.2024	08:35:53			00:00:00		C				0.00	IN	IN		5,562.00	0.00	5,562.00	0.00	0.00	0.00
700	2100134647	000001	Z007	1000	5,250.00	0.00	INR		31.03.2024	31.03.2024	2100134783		1040	01	ZSCL01	0002348675					00000		SP	0013000913			B	8	2100134783	000001	2100134783 RHIHRLYSIDING	K	3101	C	31.03.2024	08:39:01			00:00:00			00:00:00	SCLADMIN	31.03.2024	08:39:01			00:00:00		C				0.00	IN	IN		5,250.00	0.00	5,250.00	0.00	0.00	0.00
700	2100134648	000001	Z007	1000	5,461.20	0.00	INR		31.03.2024	31.03.2024	2100134784		1040	01	ZSCL01	0002348678					00000		SP	0013000913			B	8	2100134784	000001	2100134784 RHIHRLYSIDING	K	3101	C	31.03.2024	08:39:08			00:00:00			00:00:00	SCLADMIN	31.03.2024	08:39:08			00:00:00		C				0.00	IN	IN		5,461.20	0.00	5,461.20	0.00	0.00	0.00
700	2100134669	000001	Z007	1000	5,455.20	0.00	INR		31.03.2024	31.03.2024	2100134805		1040	01	ZSCL01	0002348876					00000		SP	0013000913			B	8	2100134805	000001	2100134805 RHIHRLYSIDING	K	3101	C	31.03.2024	08:51:11			00:00:00			00:00:00	SCLADMIN	31.03.2024	08:51:11			00:00:00		C				0.00	IN	IN		5,455.20	0.00	5,455.20	0.00	0.00	0.00
700	2100134671	000001	Z007	1000	5,512.80	0.00	INR		31.03.2024	31.03.2024	2100134807		1040	01	ZSCL01	0002348949					00000		SP	0013000913			B	8	2100134807	000001	2100134807 RHIHRLYSIDING	K	3101	C	31.03.2024	08:57:26			00:00:00			00:00:00	SCLADMIN	31.03.2024	08:57:26			00:00:00		C				0.00	IN	IN		5,512.80	0.00	5,512.80	0.00	0.00	0.00
700	2100134675	000001	Z007	1000	5,623.20	0.00	INR		31.03.2024	31.03.2024	2100134811		1040	01	ZSCL01	0002348992					00000		SP	0013000913			B	8	2100134811	000001	2100134811 RHIHRLYSIDING	K	3101	C	31.03.2024	08:59:51			00:00:00			00:00:00	SCLADMIN	31.03.2024	08:59:51			00:00:00		C				0.00	IN	IN		5,623.20	0.00	5,623.20	0.00	0.00	0.00
700	2100134678	000001	Z007	1000	5,166.00	0.00	INR		31.03.2024	31.03.2024	2100134814		1040	01	ZSCL01	0002349030					00000		SP	0013000913			B	8	2100134814	000001	2100134814 RHIHRLYSIDING	K	3101	C	31.03.2024	09:00:56			00:00:00			00:00:00	SCLADMIN	31.03.2024	09:00:56			00:00:00		C				0.00	IN	IN		5,166.00	0.00	5,166.00	0.00	0.00	0.00
700	2100134680	000001	Z007	1000	5,446.80	0.00	INR		31.03.2024	31.03.2024	2100134816		1040	01	ZSCL01	0002349102					00000		SP	0013000913			B	8	2100134816	000001	2100134816 RHIHRLYSIDING	K	3101	C	31.03.2024	09:04:40			00:00:00			00:00:00	SCLADMIN	31.03.2024	09:04:40			00:00:00		C				0.00	IN	IN		5,446.80	0.00	5,446.80	0.00	0.00	0.00
700	2100134681	000001	Z007	1000	5,560.80	0.00	INR		31.03.2024	31.03.2024	2100134817		1040	01	ZSCL01	0002349119					00000		SP	0013000913			B	8	2100134817	000001	2100134817 RHIHRLYSIDING	K	3101	C	31.03.2024	09:06:51			00:00:00			00:00:00	SCLADMIN	31.03.2024	09:06:51			00:00:00		C				0.00	IN	IN		5,560.80	0.00	5,560.80	0.00	0.00	0.00
700	2100134691	000001	Z007	1000	5,559.60	0.00	INR		31.03.2024	31.03.2024	2100134827		1040	01	ZSCL01	0002349268					00000		SP	0013000913			B	8	2100134827	000001	2100134827 RHIHRLYSIDING	K	3101	C	31.03.2024	09:13:23			00:00:00			00:00:00	SCLADMIN	31.03.2024	09:13:23			00:00:00		C				0.00	IN	IN		5,559.60	0.00	5,559.60	0.00	0.00	0.00
700	2100134693	000001	Z007	1000	5,344.80	0.00	INR		31.03.2024	31.03.2024	2100134829		1040	01	ZSCL01	0002349345					00000		SP	0013000913			B	8	2100134829	000001	2100134829 RHIHRLYSIDING	K	3101	C	31.03.2024	09:15:51			00:00:00			00:00:00	SCLADMIN	31.03.2024	09:15:51			00:00:00		C				0.00	IN	IN		5,344.80	0.00	5,344.80	0.00	0.00	0.00
700	2100134696	000001	Z007	1000	5,455.20	0.00	INR		31.03.2024	31.03.2024	2100134832		1040	01	ZSCL01	0002349354					00000		SP	0013000913			B	8	2100134832	000001	2100134832 RHIHRLYSIDING	K	3101	C	31.03.2024	09:16:51			00:00:00			00:00:00	SCLADMIN	31.03.2024	09:16:51			00:00:00		C				0.00	IN	IN		5,455.20	0.00	5,455.20	0.00	0.00	0.00
700	2100134701	000001	Z007	1000	5,302.80	0.00	INR		31.03.2024	31.03.2024	2100134837		1040	01	ZSCL01	0002349390					00000		SP	0013000913			B	8	2100134837	000001	2100134837 RHIHRLYSIDING	K	3101	C	31.03.2024	09:20:26			00:00:00			00:00:00	SCLADMIN	31.03.2024	09:20:26			00:00:00		C				0.00	IN	IN		5,302.80	0.00	5,302.80	0.00	0.00	0.00
700	2100134705	000001	Z007	1000	5,438.40	0.00	INR		31.03.2024	31.03.2024	2100134841		1040	01	ZSCL01	0002349431					00000		SP	0013000913			B	8	2100134841	000001	2100134841 RHIHRLYSIDING	K	3101	C	31.03.2024	09:22:55			00:00:00			00:00:00	SCLADMIN	31.03.2024	09:22:55			00:00:00		C				0.00	IN	IN		5,438.40	0.00	5,438.40	0.00	0.00	0.00
700	2100134707	000001	Z007	1000	5,400.00	0.00	INR		31.03.2024	31.03.2024	2100134843		1040	01	ZSCL01	0002349484					00000		SP	0013000913			B	8	2100134843	000001	2100134843 RHIHRLYSIDING	K	3101	C	31.03.2024	09:24:36			00:00:00			00:00:00	SCLADMIN	31.03.2024	09:24:36			00:00:00		C				0.00	IN	IN		5,400.00	0.00	5,400.00	0.00	0.00	0.00
700	2100134709	000001	Z007	1000	5,548.80	0.00	INR		31.03.2024	31.03.2024	2100134845		1040	01	ZSCL01	0002349528					00000		SP	0013000913			B	8	2100134845	000001	2100134845 RHIHRLYSIDING	K	3101	C	31.03.2024	09:26:36			00:00:00			00:00:00	SCLADMIN	31.03.2024	09:26:36			00:00:00		C				0.00	IN	IN		5,548.80	0.00	5,548.80	0.00	0.00	0.00
700	2100134712	000001	Z007	1000	5,451.60	0.00	INR		31.03.2024	31.03.2024	2100134848		1040	01	ZSCL01	0002349568					00000		SP	0013000913			B	8	2100134848	000001	2100134848 RHIHRLYSIDING	K	3101	C	31.03.2024	09:27:56			00:00:00			00:00:00	SCLADMIN	31.03.2024	09:27:56			00:00:00		C				0.00	IN	IN		5,451.60	0.00	5,451.60	0.00	0.00	0.00
700	2100134715	000001	Z007	1000	5,432.40	0.00	INR		31.03.2024	31.03.2024	2100134851		1040	01	ZSCL01	0002349596					00000		SP	0013000913			B	8	2100134851	000001	2100134851 RHIHRLYSIDING	K	3101	C	31.03.2024	09:29:26			00:00:00			00:00:00	SCLADMIN	31.03.2024	09:29:26			00:00:00		C				0.00	IN	IN		5,432.40	0.00	5,432.40	0.00	0.00	0.00
700	2100134725	000001	Z007	1000	5,302.80	0.00	INR		31.03.2024	31.03.2024	2100134861		1040	01	ZSCL01	0002349758					00000		SP	0013000913			B	8	2100134861	000001	2100134861 RHIHRLYSIDING	K	3101	C	31.03.2024	09:36:27			00:00:00			00:00:00	SCLADMIN	31.03.2024	09:36:27			00:00:00		C				0.00	IN	IN		5,302.80	0.00	5,302.80	0.00	0.00	0.00
700	2100134732	000001	Z007	1000	5,433.60	0.00	INR		31.03.2024	31.03.2024	2100134868		1040	01	ZSCL01	0002349810					00000		SP	0013000913			B	8	2100134868	000001	2100134868 RHIHRLYSIDING	K	3101	C	31.03.2024	09:37:56			00:00:00			00:00:00	SCLADMIN	31.03.2024	09:37:56			00:00:00		C				0.00	IN	IN		5,433.60	0.00	5,433.60	0.00	0.00	0.00
700	2100134748	000001	Z007	1000	5,258.40	0.00	INR		31.03.2024	31.03.2024	2100134884		1040	01	ZSCL01	0002350100					00000		SP	0013000913			B	8	2100134884	000001	2100134884 RHIHRLYSIDING	K	3101	C	31.03.2024	09:50:01			00:00:00			00:00:00	SCLADMIN	31.03.2024	09:50:01			00:00:00		C				0.00	IN	IN		5,258.40	0.00	5,258.40	0.00	0.00	0.00
700	2100134756	000001	Z007	1000	5,452.80	0.00	INR		31.03.2024	31.03.2024	2100134892		1040	01	ZSCL01	0002350240					00000		SP	0013000913			B	8	2100134892	000001	2100134892 RHIHRLYSIDING	K	3101	C	31.03.2024	09:54:31			00:00:00			00:00:00	SCLADMIN	31.03.2024	09:54:31			00:00:00		C				0.00	IN	IN		5,452.80	0.00	5,452.80	0.00	0.00	0.00
700	2100134762	000001	Z007	1000	5,502.00	0.00	INR		31.03.2024	31.03.2024	2100134898		1040	01	ZSCL01	0002350392					00000		SP	0013000913			B	8	2100134898	000001	2100134898 RHIHRLYSIDING	K	3101	C	31.03.2024	10:00:54			00:00:00			00:00:00	SCLADMIN	31.03.2024	10:00:54			00:00:00		C				0.00	IN	IN		5,502.00	0.00	5,502.00	0.00	0.00	0.00
700	2100134777	000001	Z007	1000	5,470.80	0.00	INR		31.03.2024	31.03.2024	2100134913		1040	01	ZSCL01	0002350650					00000		SP	0013000913			B	8	2100134913	000001	2100134913 RHIHRLYSIDING	K	3101	C	31.03.2024	10:10:06			00:00:00			00:00:00	SCLADMIN	31.03.2024	10:10:06			00:00:00		C				0.00	IN	IN		5,470.80	0.00	5,470.80	0.00	0.00	0.00
700	2100134785	000001	Z007	1000	5,679.60	0.00	INR		31.03.2024	31.03.2024	2100134921		1040	01	ZSCL01	0002350813					00000		SP	0013000913			B	8	2100134921	000001	2100134921 RHIHRLYSIDING	K	3101	C	31.03.2024	10:15:17			00:00:00			00:00:00	SCLADMIN	31.03.2024	10:15:17			00:00:00		C				0.00	IN	IN		5,679.60	0.00	5,679.60	0.00	0.00	0.00
700	2100134788	000001	Z007	1000	5,494.80	0.00	INR		31.03.2024	31.03.2024	2100134924		1040	01	ZSCL01	0002350939					00000		SP	0013000913			B	8	2100134924	000001	2100134924 RHIHRLYSIDING	K	3101	C	31.03.2024	10:20:41			00:00:00			00:00:00	SCLADMIN	31.03.2024	10:20:41			00:00:00		C				0.00	IN	IN		5,494.80	0.00	5,494.80	0.00	0.00	0.00
700	2100134803	000001	Z007	1000	5,577.60	0.00	INR		31.03.2024	31.03.2024	2100134939		1040	01	ZSCL01	0002351331					00000		SP	0013000913			B	8	2100134939	000001	2100134939 RHIHRLYSIDING	K	3101	C	31.03.2024	10:32:37			00:00:00			00:00:00	SCLADMIN	31.03.2024	10:32:37			00:00:00		C				0.00	IN	IN		5,577.60	0.00	5,577.60	0.00	0.00	0.00
700	2100134829	000001	Z007	1000	5,446.80	0.00	INR		31.03.2024	31.03.2024	2100134965		1040	01	ZSCL01	0002351902					00000		SP	0013000913			B	8	2100134965	000001	2100134965 RHIHRLYSIDING	K	3101	C	31.03.2024	10:48:31			00:00:00			00:00:00	SCLADMIN	31.03.2024	10:48:31			00:00:00		C				0.00	IN	IN		5,446.80	0.00	5,446.80	0.00	0.00	0.00
700	2100134845	000001	Z007	1000	5,408.40	0.00	INR		31.03.2024	31.03.2024	2100134981		1040	01	ZSCL01	0002352719					00000		SP	0013000913			B	8	2100134981	000001	2100134981 RHIHRLYSIDING	K	3101	C	31.03.2024	11:02:21			00:00:00			00:00:00	SCLADMIN	31.03.2024	11:02:21			00:00:00		C				0.00	IN	IN		5,408.40	0.00	5,408.40	0.00	0.00	0.00
700	2100134849	000001	Z007	1000	5,539.20	0.00	INR		31.03.2024	31.03.2024	2100134985		1040	01	ZSCL01	0002353098					00000		SP	0013000913			B	8	2100134985	000001	2100134985 RHIHRLYSIDING	K	3101	C	31.03.2024	11:06:48			00:00:00			00:00:00	SCLADMIN	31.03.2024	11:06:48			00:00:00		C				0.00	IN	IN		5,539.20	0.00	5,539.20	0.00	0.00	0.00
700	2100134857	000001	Z007	1000	5,253.60	0.00	INR		31.03.2024	31.03.2024	2100134993		1040	01	ZSCL01	0002353695					00000		SP	0013000913			B	8	2100134993	000001	2100134993 RHIHRLYSIDING	K	3101	C	31.03.2024	11:12:36			00:00:00			00:00:00	SCLADMIN	31.03.2024	11:12:36			00:00:00		C				0.00	IN	IN		5,253.60	0.00	5,253.60	0.00	0.00	0.00
700	2100134908	000001	Z007	1000	5,514.00	0.00	INR		31.03.2024	31.03.2024	2100135044		1040	01	ZSCL01	0002355276					00000		SP	0013000913			B	8	2100135044	000001	2100135044 RHIHRLYSIDING	K	3101	C	31.03.2024	11:37:06			00:00:00			00:00:00	SCLADMIN	31.03.2024	11:37:06			00:00:00		C				0.00	IN	IN		5,514.00	0.00	5,514.00	0.00	0.00	0.00
700	2100134916	000001	Z007	1000	5,586.00	0.00	INR		31.03.2024	31.03.2024	2100135052		1040	01	ZSCL01	0002355725					00000		SP	0013000913			B	8	2100135052	000001	2100135052 RHIHRLYSIDING	K	3101	C	31.03.2024	11:45:51			00:00:00			00:00:00	SCLADMIN	31.03.2024	11:45:51			00:00:00		C				0.00	IN	IN		5,586.00	0.00	5,586.00	0.00	0.00	0.00
700	2100134941	000001	Z007	1000	5,547.60	0.00	INR		31.03.2024	31.03.2024	2100135077		1040	01	ZSCL01	0002356689					00000		SP	0013000913			B	8	2100135077	000001	2100135077 RHIHRLYSIDING	K	3101	C	31.03.2024	12:00:45			00:00:00			00:00:00	SCLADMIN	31.03.2024	12:00:45			00:00:00		C				0.00	IN	IN		5,547.60	0.00	5,547.60	0.00	0.00	0.00
700	2100134967	000001	Z007	1000	5,516.40	0.00	INR		31.03.2024	31.03.2024	2100135103		1040	01	ZSCL01	0002357459					00000		SP	0013000913			B	8	2100135103	000001	2100135103 RHIHRLYSIDING	K	3101	C	31.03.2024	12:14:10			00:00:00			00:00:00	SCLADMIN	31.03.2024	12:14:10			00:00:00		C				0.00	IN	IN		5,516.40	0.00	5,516.40	0.00	0.00	0.00
700	2100135007	000001	Z007	1000	5,540.40	0.00	INR		31.03.2024	31.03.2024	2100135143		1040	01	ZSCL01	0002359294					00000		SP	0013000913			B	8	2100135143	000001	2100135143 RHIHRLYSIDING	K	3101	C	31.03.2024	12:45:04			00:00:00			00:00:00	SCLADMIN	31.03.2024	12:45:04			00:00:00		C				0.00	IN	IN		5,540.40	0.00	5,540.40	0.00	0.00	0.00
700	2100135008	000001	Z007	1000	5,571.60	0.00	INR		31.03.2024	31.03.2024	2100135144		1040	01	ZSCL01	0002359374					00000		SP	0013000913			B	8	2100135144	000001	2100135144 RHIHRLYSIDING	K	3101	C	31.03.2024	12:45:47			00:00:00			00:00:00	SCLADMIN	31.03.2024	12:45:47			00:00:00		C				0.00	IN	IN		5,571.60	0.00	5,571.60	0.00	0.00	0.00
700	2100135010	000001	Z007	1000	5,412.00	0.00	INR		31.03.2024	31.03.2024	2100135146		1040	01	ZSCL01	0002359399					00000		SP	0013000913			B	8	2100135146	000001	2100135146 RHIHRLYSIDING	K	3101	C	31.03.2024	12:46:42			00:00:00			00:00:00	SCLADMIN	31.03.2024	12:46:42			00:00:00		C				0.00	IN	IN		5,412.00	0.00	5,412.00	0.00	0.00	0.00
700	2100135015	000001	Z007	1000	5,226.00	0.00	INR		31.03.2024	31.03.2024	2100135151		1040	01	ZSCL01	0002359841					00000		SP	0013000913			B	8	2100135151	000001	2100135151 RHIHRLYSIDING	K	3101	C	31.03.2024	12:53:33			00:00:00			00:00:00	SCLADMIN	31.03.2024	12:53:33			00:00:00		C				0.00	IN	IN		5,226.00	0.00	5,226.00	0.00	0.00	0.00
700	2100135033	000001	Z007	1000	5,371.20	0.00	INR		31.03.2024	31.03.2024	2100135169		1040	01	ZSCL01	0002360571					00000		SP	0013000913			B	8	2100135169	000001	2100135169 RHIHRLYSIDING	K	3101	C	31.03.2024	13:01:02			00:00:00			00:00:00	SCLADMIN	31.03.2024	13:01:02			00:00:00		C				0.00	IN	IN		5,371.20	0.00	5,371.20	0.00	0.00	0.00
700	2100135036	000001	Z007	1000	5,656.80	0.00	INR		31.03.2024	31.03.2024	2100135172		1040	01	ZSCL01	0002360657					00000		SP	0013000913			B	8	2100135172	000001	2100135172 RHIHRLYSIDING	K	3101	C	31.03.2024	13:02:12			00:00:00			00:00:00	SCLADMIN	31.03.2024	13:02:12			00:00:00		C				0.00	IN	IN		5,656.80	0.00	5,656.80	0.00	0.00	0.00
700	2100135058	000001	Z007	1000	5,380.80	0.00	INR		31.03.2024	31.03.2024	2100135194		1040	01	ZSCL01	0002361600					00000		SP	0013000913			B	8	2100135194	000001	2100135194 RHIHRLYSIDING	K	3101	C	31.03.2024	13:12:17			00:00:00			00:00:00	SCLADMIN	31.03.2024	13:12:17			00:00:00		C				0.00	IN	IN		5,380.80	0.00	5,380.80	0.00	0.00	0.00
700	2100135155	000001	Z007	1000	5,604.00	0.00	INR		31.03.2024	31.03.2024	2100135281		1040	01	ZSCL01	0002366582					00000		SP	0013000913			B	8	2100135281	000001	2100135281 RHIHRLYSIDING	K	3101	C	31.03.2024	13:57:07			00:00:00			00:00:00	SCLADMIN	31.03.2024	13:57:07			00:00:00		C				0.00	IN	IN		5,604.00	0.00	5,604.00	0.00	0.00	0.00
700	2100135183	000001	Z007	1000	5,650.80	0.00	INR		31.03.2024	31.03.2024	2100135309		1040	01	ZSCL01	0002368904					00000		SP	0013000913			B	8	2100135309	000001	2100135309 RHIHRLYSIDING	K	3101	C	31.03.2024	14:22:10			00:00:00			00:00:00	SCLADMIN	31.03.2024	14:22:10			00:00:00		C				0.00	IN	IN		5,650.80	0.00	5,650.80	0.00	0.00	0.00
700	2100135185	000001	Z007	1000	5,422.80	0.00	INR		31.03.2024	31.03.2024	2100135311		1040	01	ZSCL01	0002369051					00000		SP	0013000913			B	8	2100135311	000001	2100135311 RHIHRLYSIDING	K	3101	C	31.03.2024	14:24:17			00:00:00			00:00:00	SCLADMIN	31.03.2024	14:24:17			00:00:00		C				0.00	IN	IN		5,422.80	0.00	5,422.80	0.00	0.00	0.00
700	2100135208	000001	Z007	1000	5,418.00	0.00	INR		31.03.2024	31.03.2024	2100135334		1040	01	ZSCL01	0002369912					00000		SP	0013000913			B	8	2100135334	000001	2100135334 RHIHRLYSIDING	K	3101	C	31.03.2024	14:34:21			00:00:00			00:00:00	SCLADMIN	31.03.2024	14:34:21			00:00:00		C				0.00	IN	IN		5,418.00	0.00	5,418.00	0.00	0.00	0.00
700	2100135253	000001	Z007	1000	5,479.20	0.00	INR		31.03.2024	31.03.2024	2100135379		1040	01	ZSCL01	0002371676					00000		SP	0013000913			B	8	2100135379	000001	2100135379 RHIHRLYSIDING	K	3101	C	31.03.2024	14:58:52			00:00:00			00:00:00	SCLADMIN	31.03.2024	14:58:52			00:00:00		C				0.00	IN	IN		5,479.20	0.00	5,479.20	0.00	0.00	0.00
700	2100135261	000001	Z007	1000	5,385.60	0.00	INR		31.03.2024	31.03.2024	2100135387		1040	01	ZSCL01	0002371920					00000		SP	0013000913			B	8	2100135387	000001	2100135387 RHIHRLYSIDING	K	3101	C	31.03.2024	15:03:18			00:00:00			00:00:00	SCLADMIN	31.03.2024	15:03:18			00:00:00		C				0.00	IN	IN		5,385.60	0.00	5,385.60	0.00	0.00	0.00
700	2100135271	000001	Z007	1000	5,420.40	0.00	INR		31.03.2024	31.03.2024	2100135397		1040	01	ZSCL01	0002372327					00000		SP	0013000913			B	8	2100135397	000001	2100135397 RHIHRLYSIDING	K	3101	C	31.03.2024	15:06:32			00:00:00			00:00:00	SCLADMIN	31.03.2024	15:06:32			00:00:00		C				0.00	IN	IN		5,420.40	0.00	5,420.40	0.00	0.00	0.00
700	2100135281	000001	Z007	1000	5,420.40	0.00	INR		31.03.2024	31.03.2024	2100135407		1040	01	ZSCL01	0002372636					00000		SP	0013000913			B	8	2100135407	000001	2100135407 RHIHRLYSIDING	K	3101	C	31.03.2024	15:11:35			00:00:00			00:00:00	SCLADMIN	31.03.2024	15:11:35			00:00:00		C				0.00	IN	IN		5,420.40	0.00	5,420.40	0.00	0.00	0.00
700	2100135296	000001	Z007	1000	5,850.00	0.00	INR		31.03.2024	31.03.2024	2100135422		1040	01	ZSCL01	0002373672					00000		SP	0013000913			B	8	2100135422	000001	2100135422 RHIHRLYSIDING	K	3101	C	31.03.2024	15:22:22			00:00:00			00:00:00	SCLADMIN	31.03.2024	15:22:22			00:00:00		C				0.00	IN	IN		5,850.00	0.00	5,850.00	0.00	0.00	0.00
700	2100135298	000001	Z007	1000	5,526.00	0.00	INR		31.03.2024	31.03.2024	2100135424		1040	01	ZSCL01	0002373856					00000		SP	0013000913			B	8	2100135424	000001	2100135424 RHIHRLYSIDING	K	3101	C	31.03.2024	15:24:17			00:00:00			00:00:00	SCLADMIN	31.03.2024	15:24:17			00:00:00		C				0.00	IN	IN		5,526.00	0.00	5,526.00	0.00	0.00	0.00
700	2100135304	000001	Z007	1000	5,460.00	0.00	INR		31.03.2024	31.03.2024	2100135431		1040	01	ZSCL01	0002374043					00000		SP	0013000913			B	8	2100135431	000001	2100135431 RHIHRLYSIDING	K	3101	C	31.03.2024	15:25:39			00:00:00			00:00:00	SCLADMIN	31.03.2024	15:25:39			00:00:00		C				0.00	IN	IN		5,460.00	0.00	5,460.00	0.00	0.00	0.00
700	2100135314	000001	Z007	1000	5,540.40	0.00	INR		31.03.2024	31.03.2024	2100135440		1040	01	ZSCL01	0002374325					00000		SP	0013000913			B	8	2100135440	000001	2100135440 RHIHRLYSIDING	K	3101	C	31.03.2024	15:28:22			00:00:00			00:00:00	SCLADMIN	31.03.2024	15:28:22			00:00:00		C				0.00	IN	IN		5,540.40	0.00	5,540.40	0.00	0.00	0.00
700	2100135315	000001	Z007	1000	5,646.00	0.00	INR		31.03.2024	31.03.2024	2100135441		1040	01	ZSCL01	0002374339					00000		SP	0013000913			B	8	2100135441	000001	2100135441 RHIHRLYSIDING	K	3101	C	31.03.2024	15:29:17			00:00:00			00:00:00	SCLADMIN	31.03.2024	15:29:17			00:00:00		C				0.00	IN	IN		5,646.00	0.00	5,646.00	0.00	0.00	0.00
700	2100135321	000001	Z007	1000	5,398.80	0.00	INR		31.03.2024	31.03.2024	2100135447		1040	01	ZSCL01	0002374657					00000		SP	0013000913			B	8	2100135447	000001	2100135447 RHIHRLYSIDING	K	3101	C	31.03.2024	15:32:02			00:00:00			00:00:00	SCLADMIN	31.03.2024	15:32:02			00:00:00		C				0.00	IN	IN		5,398.80	0.00	5,398.80	0.00	0.00	0.00
700	2100135327	000001	Z007	1000	5,420.40	0.00	INR		31.03.2024	31.03.2024	2100135453		1040	01	ZSCL01	0002375012					00000		SP	0013000913			B	8	2100135453	000001	2100135453 RHIHRLYSIDING	K	3101	C	31.03.2024	15:35:23			00:00:00			00:00:00	SCLADMIN	31.03.2024	15:35:23			00:00:00		C				0.00	IN	IN		5,420.40	0.00	5,420.40	0.00	0.00	0.00
700	2100135354	000001	Z007	1000	5,415.60	0.00	INR		31.03.2024	31.03.2024	2100135480		1040	01	ZSCL01	0002376307					00000		SP	0013000913			B	8	2100135480	000001	2100135480 RHIHRLYSIDING	K	3101	C	31.03.2024	15:44:47			00:00:00			00:00:00	SCLADMIN	31.03.2024	15:44:47			00:00:00		C				0.00	IN	IN		5,415.60	0.00	5,415.60	0.00	0.00	0.00
700	2100135356	000001	Z007	1000	5,442.00	0.00	INR		31.03.2024	31.03.2024	2100135482		1040	01	ZSCL01	0002376682					00000		SP	0013000913			B	8	2100135482	000001	2100135482 RHIHRLYSIDING	K	3101	C	31.03.2024	15:46:42			00:00:00			00:00:00	SCLADMIN	31.03.2024	15:46:42			00:00:00		C				0.00	IN	IN		5,442.00	0.00	5,442.00	0.00	0.00	0.00
700	2100135362	000001	Z007	1000	5,481.60	0.00	INR		31.03.2024	31.03.2024	2100135488		1040	01	ZSCL01	0002377231					00000		SP	0013000913			B	8	2100135488	000001	2100135488 RHIHRLYSIDING	K	3101	C	31.03.2024	15:50:18			00:00:00			00:00:00	SCLADMIN	31.03.2024	15:50:18			00:00:00		C				0.00	IN	IN		5,481.60	0.00	5,481.60	0.00	0.00	0.00
700	2100135408	000001	Z007	1000	5,530.80	0.00	INR		31.03.2024	31.03.2024	2100135534		1040	01	ZSCL01	0002381062					00000		SP	0013000913			B	8	2100135534	000001	2100135534 RHIHRLYSIDING	K	3101	C	31.03.2024	16:11:35			00:00:00			00:00:00	SCLADMIN	31.03.2024	16:11:35			00:00:00		C				0.00	IN	IN		5,530.80	0.00	5,530.80	0.00	0.00	0.00
700	2100135480	000001	Z007	1000	5,398.80	0.00	INR		31.03.2024	31.03.2024	2100135607		1040	01	ZSCL01	0002383481					00000		SP	0013000913			B	8	2100135607	000001	2100135607 RHIHRLYSIDING	K	3101	C	31.03.2024	16:41:58			00:00:00			00:00:00	SCLADMIN	31.03.2024	16:41:58			00:00:00		C				0.00	IN	IN		5,398.80	0.00	5,398.80	0.00	0.00	0.00
700	2100135510	000001	Z007	1000	5,475.60	0.00	INR		31.03.2024	31.03.2024	2100135636		1040	01	ZSCL01	0002384462					00000		SP	0013000913			B	8	2100135636	000001	2100135636 RHIHRLYSIDING	K	3101	C	31.03.2024	16:54:08			00:00:00			00:00:00	SCLADMIN	31.03.2024	16:54:08			00:00:00		C				0.00	IN	IN		5,475.60	0.00	5,475.60	0.00	0.00	0.00
700	2100135513	000001	Z007	1000	5,413.20	0.00	INR		31.03.2024	31.03.2024	2100135639		1040	01	ZSCL01	0002384559					00000		SP	0013000913			B	8	2100135639	000001	2100135639 RHIHRLYSIDING	K	3101	C	31.03.2024	16:55:49			00:00:00			00:00:00	SCLADMIN	31.03.2024	16:55:49			00:00:00		C				0.00	IN	IN		5,413.20	0.00	5,413.20	0.00	0.00	0.00
700	2100135532	000001	Z007	1000	5,376.00	0.00	INR		31.03.2024	31.03.2024	2100135658		1040	01	ZSCL01	0002385482					00000		SP	0013000913			B	8	2100135658	000001	2100135658 RHIHRLYSIDING	K	3101	C	31.03.2024	17:05:19			00:00:00			00:00:00	SCLADMIN	31.03.2024	17:05:19			00:00:00		C				0.00	IN	IN		5,376.00	0.00	5,376.00	0.00	0.00	0.00
700	2100135535	000001	Z007	1000	5,421.60	0.00	INR		31.03.2024	31.03.2024	2100135661		1040	01	ZSCL01	0002385782					00000		SP	0013000913			B	8	2100135661	000001	2100135661 RHIHRLYSIDING	K	3101	C	31.03.2024	17:08:22			00:00:00			00:00:00	SCLADMIN	31.03.2024	17:08:22			00:00:00		C				0.00	IN	IN		5,421.60	0.00	5,421.60	0.00	0.00	0.00
700	2100135543	000001	Z007	1000	5,659.20	0.00	INR		31.03.2024	31.03.2024	2100135669		1040	01	ZSCL01	0002386276					00000		SP	0013000913			B	8	2100135669	000001	2100135669 RHIHRLYSIDING	K	3101	C	31.03.2024	17:15:32			00:00:00			00:00:00	SCLADMIN	31.03.2024	17:15:32			00:00:00		C				0.00	IN	IN		5,659.20	0.00	5,659.20	0.00	0.00	0.00
700	2100135545	000001	Z007	1000	5,486.40	0.00	INR		31.03.2024	31.03.2024	2100135671		1040	01	ZSCL01	0002386350					00000		SP	0013000913			B	8	2100135671	000001	2100135671 RHIHRLYSIDING	K	3101	C	31.03.2024	17:15:42			00:00:00			00:00:00	SCLADMIN	31.03.2024	17:15:42			00:00:00		C				0.00	IN	IN		5,486.40	0.00	5,486.40	0.00	0.00	0.00
700	2100135580	000001	Z007	1000	5,493.60	0.00	INR		31.03.2024	31.03.2024	2100135706		1040	01	ZSCL01	0002387738					00000		SP	0013000913			B	8	2100135706	000001	2100135706 RHIHRLYSIDING	K	3101	C	31.03.2024	17:32:42			00:00:00			00:00:00	SCLADMIN	31.03.2024	17:32:42			00:00:00		C				0.00	IN	IN		5,493.60	0.00	5,493.60	0.00	0.00	0.00
700	2100135584	000001	Z007	1000	5,396.40	0.00	INR		31.03.2024	31.03.2024	2100135710		1040	01	ZSCL01	0002387848					00000		SP	0013000913			B	8	2100135710	000001	2100135710 RHIHRLYSIDING	K	3101	C	31.03.2024	17:34:13			00:00:00			00:00:00	SCLADMIN	31.03.2024	17:34:13			00:00:00		C				0.00	IN	IN		5,396.40	0.00	5,396.40	0.00	0.00	0.00
700	2100135628	000001	Z007	1000	5,424.00	0.00	INR		31.03.2024	31.03.2024	2100135744		1040	01	ZSCL01	0002388641					00000		SP	0013000913			B	8	2100135744	000001	2100135744 RHIHRLYSIDING	K	3101	C	31.03.2024	17:48:02			00:00:00			00:00:00	SCLADMIN	31.03.2024	17:48:02			00:00:00		C				0.00	IN	IN		5,424.00	0.00	5,424.00	0.00	0.00	0.00
700	2100135638	000001	Z007	1000	5,157.60	0.00	INR		31.03.2024	31.03.2024	2100135754		1040	01	ZSCL01	0002388894					00000		SP	0013000913			B	8	2100135754	000001	2100135754 RHIHRLYSIDING	K	3101	C	31.03.2024	17:51:50			00:00:00			00:00:00	SCLADMIN	31.03.2024	17:51:50			00:00:00		C				0.00	IN	IN		5,157.60	0.00	5,157.60	0.00	0.00	0.00
700	2100135644	000001	Z007	1000	5,408.40	0.00	INR		31.03.2024	31.03.2024	2100135760		1040	01	ZSCL01	0002388991					00000		SP	0013000913			B	8	2100135760	000001	2100135760 RHIHRLYSIDING	K	3101	C	31.03.2024	17:53:07			00:00:00			00:00:00	SCLADMIN	31.03.2024	17:53:07			00:00:00		C				0.00	IN	IN		5,408.40	0.00	5,408.40	0.00	0.00	0.00
700	2100135645	000001	Z007	1000	5,509.20	0.00	INR		31.03.2024	31.03.2024	2100135761		1040	01	ZSCL01	0002388999					00000		SP	0013000913			B	8	2100135761	000001	2100135761 RHIHRLYSIDING	K	3101	C	31.03.2024	17:53:55			00:00:00			00:00:00	SCLADMIN	31.03.2024	17:53:55			00:00:00		C				0.00	IN	IN		5,509.20	0.00	5,509.20	0.00	0.00	0.00
700	2100135647	000001	Z007	1000	5,402.40	0.00	INR		31.03.2024	31.03.2024	2100135763		1040	01	ZSCL01	0002389033					00000		SP	0013000913			B	8	2100135763	000001	2100135763 RHIHRLYSIDING	K	3101	C	31.03.2024	17:54:39			00:00:00			00:00:00	SCLADMIN	31.03.2024	17:54:39			00:00:00		C				0.00	IN	IN		5,402.40	0.00	5,402.40	0.00	0.00	0.00
700	2100135656	000001	Z007	1000	5,595.60	0.00	INR		31.03.2024	31.03.2024	2100135772		1040	01	ZSCL01	0002389612					00000		SP	0013000913			B	8	2100135772	000001	2100135772 RHIHRLYSIDING	K	3101	C	31.03.2024	18:02:50			00:00:00			00:00:00	SCLADMIN	31.03.2024	18:02:50			00:00:00		C				0.00	IN	IN		5,595.60	0.00	5,595.60	0.00	0.00	0.00
700	2100135679	000001	Z007	1000	5,422.80	0.00	INR		31.03.2024	31.03.2024	2100135795		1040	01	ZSCL01	0002390522					00000		SP	0013000913			B	8	2100135795	000001	2100135795 RHIHRLYSIDING	K	3101	C	31.03.2024	18:15:32			00:00:00			00:00:00	SCLADMIN	31.03.2024	18:15:32			00:00:00		C				0.00	IN	IN		5,422.80	0.00	5,422.80	0.00	0.00	0.00
700	2100135681	000001	Z007	1000	5,502.00	0.00	INR		31.03.2024	31.03.2024	2100135797		1040	01	ZSCL01	0002390541					00000		SP	0013000913			B	8	2100135797	000001	2100135797 RHIHRLYSIDING	K	3101	C	31.03.2024	18:16:37			00:00:00			00:00:00	SCLADMIN	31.03.2024	18:16:37			00:00:00		C				0.00	IN	IN		5,502.00	0.00	5,502.00	0.00	0.00	0.00
700	2100135695	000001	Z007	1000	5,362.80	0.00	INR		31.03.2024	31.03.2024	2100135811		1040	01	ZSCL01	0002391013					00000		SP	0013000913			B	8	2100135811	000001	2100135811 RHIHRLYSIDING	K	3101	C	31.03.2024	18:22:57			00:00:00			00:00:00	SCLADMIN	31.03.2024	18:22:57			00:00:00		C				0.00	IN	IN		5,362.80	0.00	5,362.80	0.00	0.00	0.00
700	2100135762	000001	Z007	1000	5,452.80	0.00	INR		31.03.2024	31.03.2024	2100135878		1040	01	ZSCL01	0002392698					00000		SP	0013000913			B	8	2100135878	000001	2100135878 RHIHRLYSIDING	K	3101	C	31.03.2024	18:46:32			00:00:00			00:00:00	SCLADMIN	31.03.2024	18:46:32			00:00:00		C				0.00	IN	IN		5,452.80	0.00	5,452.80	0.00	0.00	0.00
700	2100135767	000001	Z007	1000	5,222.40	0.00	INR		31.03.2024	31.03.2024	2100135883		1040	01	ZSCL01	0002392867					00000		SP	0013000913			B	8	2100135883	000001	2100135883 RHIHRLYSIDING	K	3101	C	31.03.2024	18:48:57			00:00:00			00:00:00	SCLADMIN	31.03.2024	18:48:57			00:00:00		C				0.00	IN	IN		5,222.40	0.00	5,222.40	0.00	0.00	0.00
700	2100135793	000001	Z007	1000	5,674.80	0.00	INR		31.03.2024	31.03.2024	2100135909		1040	01	ZSCL01	0002393559					00000		SP	0013000913			B	8	2100135909	000001	2100135909 RHIHRLYSIDING	K	3101	C	31.03.2024	18:59:02			00:00:00			00:00:00	SCLADMIN	31.03.2024	18:59:02			00:00:00		C				0.00	IN	IN		5,674.80	0.00	5,674.80	0.00	0.00	0.00
700	2100135805	000001	Z007	1000	5,600.40	0.00	INR		31.03.2024	31.03.2024	2100135921		1040	01	ZSCL01	0002394479					00000		SP	0013000913			B	8	2100135921	000001	2100135921 RHIHRLYSIDING	K	3101	C	31.03.2024	19:06:47			00:00:00			00:00:00	SCLADMIN	31.03.2024	19:06:47			00:00:00		C				0.00	IN	IN		5,600.40	0.00	5,600.40	0.00	0.00	0.00
700	2100135830	000001	Z007	1000	5,398.80	0.00	INR		31.03.2024	31.03.2024	2100135946		1040	01	ZSCL01	0002396219					00000		SP	0013000913			B	8	2100135946	000001	2100135946 RHIHRLYSIDING	K	3101	C	31.03.2024	19:18:27			00:00:00			00:00:00	SCLADMIN	31.03.2024	19:18:27			00:00:00		C				0.00	IN	IN		5,398.80	0.00	5,398.80	0.00	0.00	0.00
700	2100135834	000001	Z007	1000	5,660.40	0.00	INR		31.03.2024	31.03.2024	2100135950		1040	01	ZSCL01	0002396426					00000		SP	0013000913			B	8	2100135950	000001	2100135950 RHIHRLYSIDING	K	3101	C	31.03.2024	19:19:59			00:00:00			00:00:00	SCLADMIN	31.03.2024	19:19:59			00:00:00		C				0.00	IN	IN		5,660.40	0.00	5,660.40	0.00	0.00	0.00
700	2100135837	000001	Z007	1000	5,317.20	0.00	INR		31.03.2024	31.03.2024	2100135953		1040	01	ZSCL01	0002396757					00000		SP	0013000913			B	8	2100135953	000001	2100135953 RHIHRLYSIDING	K	3101	C	31.03.2024	19:22:30			00:00:00			00:00:00	SCLADMIN	31.03.2024	19:22:30			00:00:00		C				0.00	IN	IN		5,317.20	0.00	5,317.20	0.00	0.00	0.00
700	2100135846	000001	Z007	1000	5,464.80	0.00	INR		31.03.2024	31.03.2024	2100135962		1040	01	ZSCL01	0002397215					00000		SP	0013000913			B	8	2100135962	000001	2100135962 RHIHRLYSIDING	K	3101	C	31.03.2024	19:26:57			00:00:00			00:00:00	SCLADMIN	31.03.2024	19:26:57			00:00:00		C				0.00	IN	IN		5,464.80	0.00	5,464.80	0.00	0.00	0.00
700	2100135854	000001	Z007	1000	5,338.80	0.00	INR		31.03.2024	31.03.2024	2100135970		1040	01	ZSCL01	0002397496					00000		SP	0013000913			B	8	2100135970	000001	2100135970 RHIHRLYSIDING	K	3101	C	31.03.2024	19:29:52			00:00:00			00:00:00	SCLADMIN	31.03.2024	19:29:52			00:00:00		C				0.00	IN	IN		5,338.80	0.00	5,338.80	0.00	0.00	0.00
700	2100135869	000001	Z007	1000	5,362.80	0.00	INR		31.03.2024	31.03.2024	2100135995		1040	01	ZSCL01	0002398087					00000		SP	0013000913			B	8	2100135995	000001	2100135995 RHIHRLYSIDING	K	3101	C	31.03.2024	19:36:29			00:00:00			00:00:00	SCLADMIN	31.03.2024	19:36:29			00:00:00		C				0.00	IN	IN		5,362.80	0.00	5,362.80	0.00	0.00	0.00
700	2100135889	000001	Z007	1000	5,335.20	0.00	INR		31.03.2024	31.03.2024	2100136015		1040	01	ZSCL01	0002398564					00000		SP	0013000913			B	8	2100136015	000001	2100136015 RHIHRLYSIDING	K	3101	C	31.03.2024	19:45:08			00:00:00			00:00:00	SCLADMIN	31.03.2024	19:45:08			00:00:00		C				0.00	IN	IN		5,335.20	0.00	5,335.20	0.00	0.00	0.00
700	2100135916	000001	Z007	1000	5,690.40	0.00	INR		31.03.2024	31.03.2024	2100136042		1040	01	ZSCL01	0002399037					00000		SP	0013000913			B	8	2100136042	000001	2100136042 RHIHRLYSIDING	K	3101	C	31.03.2024	19:53:30			00:00:00			00:00:00	SCLADMIN	31.03.2024	19:53:30			00:00:00		C				0.00	IN	IN		5,690.40	0.00	5,690.40	0.00	0.00	0.00
700	2100135929	000001	Z007	1000	5,409.60	0.00	INR		31.03.2024	31.03.2024	2100136056		1040	01	ZSCL01	0002399381					00000		SP	0013000913			B	8	2100136056	000001	2100136056 RHIHRLYSIDING	K	3101	C	31.03.2024	19:58:50			00:00:00			00:00:00	SCLADMIN	31.03.2024	19:58:50			00:00:00		C				0.00	IN	IN		5,409.60	0.00	5,409.60	0.00	0.00	0.00
700	2100135952	000001	Z007	1000	5,355.60	0.00	INR		31.03.2024	31.03.2024	2100136078		1040	01	ZSCL01	0002399723					00000		SP	0013000913			B	8	2100136078	000001	2100136078 RHIHRLYSIDING	K	3101	C	31.03.2024	20:07:32			00:00:00			00:00:00	SCLADMIN	31.03.2024	20:07:32			00:00:00		C				0.00	IN	IN		5,355.60	0.00	5,355.60	0.00	0.00	0.00
700	2100135987	000001	Z007	1000	5,835.60	0.00	INR		31.03.2024	31.03.2024	2100136133		1040	01	ZSCL01	0002400634					00000		SP	0013000913			B	8	2100136133	000001	2100136133 RHIHRLYSIDING	K	3101	C	31.03.2024	20:38:26			00:00:00			00:00:00	SCLADMIN	31.03.2024	20:38:26			00:00:00		C				0.00	IN	IN		5,835.60	0.00	5,835.60	0.00	0.00	0.00
700	2100136050	000001	Z007	1000	5,383.20	0.00	INR		31.03.2024	31.03.2024	2100136196		1040	01	ZSCL01	0002401412					00000		SP	0013000913			B	8	2100136196	000001	2100136196 RHIHRLYSIDING	K	3101	C	31.03.2024	20:57:30			00:00:00			00:00:00	SCLADMIN	31.03.2024	20:57:30			00:00:00		C				0.00	IN	IN		5,383.20	0.00	5,383.20	0.00	0.00	0.00
700	2100136057	000001	Z007	1000	5,350.80	0.00	INR		31.03.2024	31.03.2024	2100136203		1040	01	ZSCL01	0002401514					00000		SP	0013000913			B	8	2100136203	000001	2100136203 RHIHRLYSIDING	K	3101	C	31.03.2024	20:59:10			00:00:00			00:00:00	SCLADMIN	31.03.2024	20:59:10			00:00:00		C				0.00	IN	IN		5,350.80	0.00	5,350.80	0.00	0.00	0.00
700	2100136084	000001	Z007	1000	5,670.00	0.00	INR		31.03.2024	31.03.2024	2100136230		1040	01	ZSCL01	0002401879					00000		SP	0013000913			B	8	2100136230	000001	2100136230 RHIHRLYSIDING	K	3101	C	31.03.2024	21:08:08			00:00:00			00:00:00	SCLADMIN	31.03.2024	21:08:08			00:00:00		C				0.00	IN	IN		5,670.00	0.00	5,670.00	0.00	0.00	0.00
700	2100136085	000001	Z007	1000	5,473.20	0.00	INR		31.03.2024	31.03.2024	2100136231		1040	01	ZSCL01	0002401900					00000		SP	0013000913			B	8	2100136231	000001	2100136231 RHIHRLYSIDING	K	3101	C	31.03.2024	21:08:33			00:00:00			00:00:00	SCLADMIN	31.03.2024	21:08:33			00:00:00		C				0.00	IN	IN		5,473.20	0.00	5,473.20	0.00	0.00	0.00
700	2100136088	000001	Z007	1000	5,419.20	0.00	INR		31.03.2024	31.03.2024	2100136234		1040	01	ZSCL01	0002401960					00000		SP	0013000913			B	8	2100136234	000001	2100136234 RHIHRLYSIDING	K	3101	C	31.03.2024	21:10:02			00:00:00			00:00:00	SCLADMIN	31.03.2024	21:10:02			00:00:00		C				0.00	IN	IN		5,419.20	0.00	5,419.20	0.00	0.00	0.00
700	2100136111	000001	Z007	1000	5,193.60	0.00	INR		31.03.2024	31.03.2024	2100136257		1040	01	ZSCL01	0002402170					00000		SP	0013000913			B	8	2100136257	000001	2100136257 RHIHRLYSIDING	K	3101	C	31.03.2024	21:15:11			00:00:00			00:00:00	SCLADMIN	31.03.2024	21:15:11			00:00:00		C				0.00	IN	IN		5,193.60	0.00	5,193.60	0.00	0.00	0.00
700	2100136116	000001	Z007	1000	5,518.80	0.00	INR		31.03.2024	31.03.2024	2100136262		1040	01	ZSCL01	0002402312					00000		SP	0013000913			B	8	2100136262	000001	2100136262 RHIHRLYSIDING	K	3101	C	31.03.2024	21:18:50			00:00:00			00:00:00	SCLADMIN	31.03.2024	21:18:50			00:00:00		C				0.00	IN	IN		5,518.80	0.00	5,518.80	0.00	0.00	0.00
700	2100136139	000001	Z007	1000	5,649.60	0.00	INR		31.03.2024	31.03.2024	2100136284		1040	01	ZSCL01	0002402772					00000		SP	0013000913			B	8	2100136284	000001	2100136284 RHIHRLYSIDING	K	3101	C	31.03.2024	21:29:44			00:00:00			00:00:00	SCLADMIN	31.03.2024	21:29:44			00:00:00		C				0.00	IN	IN		5,649.60	0.00	5,649.60	0.00	0.00	0.00
700	2100136146	000001	Z007	1000	5,268.00	0.00	INR		31.03.2024	31.03.2024	2100136291		1040	01	ZSCL01	0002402872					00000		SP	0013000913			B	8	2100136291	000001	2100136291 RHIHRLYSIDING	K	3101	C	31.03.2024	21:32:23			00:00:00			00:00:00	SCLADMIN	31.03.2024	21:32:23			00:00:00		C				0.00	IN	IN		5,268.00	0.00	5,268.00	0.00	0.00	0.00
700	2100136201	000001	Z007	1000	5,248.80	0.00	INR		31.03.2024	31.03.2024	2100136346		1040	01	ZSCL01	0002404081					00000		SP	0013000913			B	8	2100136346	000001	2100136346 RHIHRLYSIDING	K	3101	C	31.03.2024	22:09:55			00:00:00			00:00:00	SCLADMIN	31.03.2024	22:09:55			00:00:00		C				0.00	IN	IN		5,248.80	0.00	5,248.80	0.00	0.00	0.00
700	2100136205	000001	Z007	1000	5,368.80	0.00	INR		31.03.2024	31.03.2024	2100136350		1040	01	ZSCL01	0002404099					00000		SP	0013000913			B	8	2100136350	000001	2100136350 RHIHRLYSIDING	K	3101	C	31.03.2024	22:11:56			00:00:00			00:00:00	SCLADMIN	31.03.2024	22:11:56			00:00:00		C				0.00	IN	IN		5,368.80	0.00	5,368.80	0.00	0.00	0.00
700	2100136208	000001	Z007	1000	5,671.20	0.00	INR		31.03.2024	31.03.2024	2100136353		1040	01	ZSCL01	0002404265					00000		SP	0013000913			B	8	2100136353	000001	2100136353 RHIHRLYSIDING	K	3101	C	31.03.2024	22:16:51			00:00:00			00:00:00	SCLADMIN	31.03.2024	22:16:51			00:00:00		C				0.00	IN	IN		5,671.20	0.00	5,671.20	0.00	0.00	0.00
700	2100136224	000001	Z007	1000	5,240.40	0.00	INR		31.03.2024	31.03.2024	2100136369		1040	01	ZSCL01	0002404609					00000		SP	0013000913			B	8	2100136369	000001	2100136369 RHIHRLYSIDING	K	3101	C	31.03.2024	22:28:15			00:00:00			00:00:00	SCLADMIN	31.03.2024	22:28:15			00:00:00		C				0.00	IN	IN		5,240.40	0.00	5,240.40	0.00	0.00	0.00
700	2100136226	000001	Z007	1000	5,450.40	0.00	INR		31.03.2024	31.03.2024	2100136371		1040	01	ZSCL01	0002404665					00000		SP	0013000913			B	8	2100136371	000001	2100136371 RHIHRLYSIDING	K	3101	C	31.03.2024	22:30:09			00:00:00			00:00:00	SCLADMIN	31.03.2024	22:30:09			00:00:00		C				0.00	IN	IN		5,450.40	0.00	5,450.40	0.00	0.00	0.00
700	2100136327	000001	Z007	1000	5,497.20	0.00	INR		31.03.2024	31.03.2024	2100136462		1040	01	ZSCL01	0002405968					00000		SP	0013000913			B	8	2100136462	000001	2100136462 RHIHRLYSIDING	K	3101	C	31.03.2024	23:07:51			00:00:00			00:00:00	SCLADMIN	31.03.2024	23:07:51			00:00:00		C				0.00	IN	IN		5,497.20	0.00	5,497.20	0.00	0.00	0.00
700	2100136372	000001	Z007	1000	5,421.60	0.00	INR		31.03.2024	31.03.2024	2100136507		1040	01	ZSCL01	0002406917					00000		SP	0013000913			B	8	2100136507	000001	2100136507 RHIHRLYSIDING	K	3101	C	31.03.2024	23:19:41			00:00:00			00:00:00	SCLADMIN	31.03.2024	23:19:41			00:00:00		C				0.00	IN	IN		5,421.60	0.00	5,421.60	0.00	0.00	0.00
700	2100136934	000001	Z007	1000	5,407.20	0.00	INR		01.04.2024	01.04.2024	2100137069		1040	01	ZSCL01	0002411223					00000		SP	0013000913			B	8	2100137069	000001	2100137069 RHIHRLYSIDING	K	3101	C	01.04.2024	05:25:32			00:00:00			00:00:00	SCLADMIN	01.04.2024	05:25:32			00:00:00		C				0.00	IN	IN		5,407.20	0.00	5,407.20	0.00	0.00	0.00
700	2100136941	000001	Z007	1000	5,402.40	0.00	INR		01.04.2024	01.04.2024	2100137076		1040	01	ZSCL01	0002411268					00000		SP	0013000913			B	8	2100137076	000001	2100137076 RHIHRLYSIDING	K	3101	C	01.04.2024	05:31:50			00:00:00			00:00:00	SCLADMIN	01.04.2024	05:31:50			00:00:00		C				0.00	IN	IN		5,402.40	0.00	5,402.40	0.00	0.00	0.00
700	2100137115	000001	Z007	1000	5,394.00	0.00	INR		01.04.2024	01.04.2024	2100137250		1040	01	ZSCL01	0002412692					00000		SP	0013000913			B	8	2100137250	000001	2100137250 RHIHRLYSIDING	K	3101	C	01.04.2024	09:16:03			00:00:00			00:00:00	SCLADMIN	01.04.2024	09:16:03			00:00:00		C				0.00	IN	IN		5,394.00	0.00	5,394.00	0.00	0.00	0.00
700	2100137161	000001	Z007	1000	5,407.20	0.00	INR		01.04.2024	01.04.2024	2100137296		1040	01	ZSCL01	0002413399					00000		SP	0013000913			B	8	2100137296	000001	2100137296 RHIHRLYSIDING	K	3101	C	01.04.2024	09:55:19			00:00:00			00:00:00	SCLADMIN	01.04.2024	09:55:19			00:00:00		C				0.00	IN	IN		5,407.20	0.00	5,407.20	0.00	0.00	0.00
700	2100137164	000001	Z007	1000	5,402.40	0.00	INR		01.04.2024	01.04.2024	2100137299		1040	01	ZSCL01	0002413416					00000		SP	0013000913			B	8	2100137299	000001	2100137299 RHIHRLYSIDING	K	3101	C	01.04.2024	09:58:57			00:00:00			00:00:00	SCLADMIN	01.04.2024	09:58:57			00:00:00		C				0.00	IN	IN		5,402.40	0.00	5,402.40	0.00	0.00	0.00
700	2100137314	000001	Z007	1000	5,407.20	0.00	INR		01.04.2024	01.04.2024	2100137459		1040	01	ZSCL01	0002418334					00000		SP	0013000913			B	8	2100137459	000001	2100137459 RHIHRLYSIDING	K	3101	C	01.04.2024	12:12:37			00:00:00			00:00:00	SCLADMIN	01.04.2024	12:12:37			00:00:00		C				0.00	IN	IN		5,407.20	0.00	5,407.20	0.00	0.00	0.00
700	2100137351	000001	Z007	1000	5,402.40	0.00	INR		01.04.2024	01.04.2024	2100137496		1040	01	ZSCL01	0002419301					00000		SP	0013000913			B	8	2100137496	000001	2100137496 RHIHRLYSIDING	K	3101	C	01.04.2024	12:44:13			00:00:00			00:00:00	SCLADMIN	01.04.2024	12:44:13			00:00:00		C				0.00	IN	IN		5,402.40	0.00	5,402.40	0.00	0.00	0.00
700	2100138543	000001	Z007	1000	5,396.40	0.00	INR		02.04.2024	02.04.2024	2100138665		1040	01	ZSCL01	0002472372					00000		SP	0013000913			B	8	2100138665	000001	2100138665 RHIHRLYSIDING	K	3101	C	02.04.2024	01:00:18			00:00:00			00:00:00	SCLADMIN	02.04.2024	01:00:18			00:00:00		C				0.00	IN	IN		5,396.40	0.00	5,396.40	0.00	0.00	0.00
700	2100139020	000001	Z007	1000	5,407.20	0.00	INR		02.04.2024	02.04.2024	2100139132		1040	01	ZSCL01	0002475127					00000		SP	0013000913			B	8	2100139132	000001	2100139132 RHIHRLYSIDING	K	3101	C	02.04.2024	07:35:53			00:00:00			00:00:00	SCLADMIN	02.04.2024	07:35:53			00:00:00		C				0.00	IN	IN		5,407.20	0.00	5,407.20	0.00	0.00	0.00
700	2100139185	000001	Z007	1000	5,407.20	0.00	INR		02.04.2024	02.04.2024	2100139307		1040	01	ZSCL01	0002478407					00000		SP	0013000913			B	8	2100139307	000001	2100139307 RHIHRLYSIDING	K	3101	C	02.04.2024	10:42:38			00:00:00			00:00:00	SCLADMIN	02.04.2024	10:42:38			00:00:00		C				0.00	IN	IN		5,407.20	0.00	5,407.20	0.00	0.00	0.00
700	2100139590	000001	Z007	1000	5,394.00	0.00	INR		02.04.2024	02.04.2024	2100139722		1040	01	ZSCL01	0002529320					00000		SP	0013000913			B	8	2100139722	000001	2100139722 RHIHRLYSIDING	K	3101	C	02.04.2024	15:18:22			00:00:00			00:00:00	SCLADMIN	02.04.2024	15:18:22			00:00:00		C				0.00	IN	IN		5,394.00	0.00	5,394.00	0.00	0.00	0.00
700	2100141255	000001	Z007	1000	5,402.40	0.00	INR		03.04.2024	03.04.2024	2100141387		1040	01	ZSCL01	0002607518					00000		SP	0013000913			B	8	2100141387	000001	2100141387 RHIHRLYSIDING	K	3101	C	03.04.2024	07:07:46			00:00:00			00:00:00	SCLADMIN	03.04.2024	07:07:46			00:00:00		C				0.00	IN	IN		5,402.40	0.00	5,402.40	0.00	0.00	0.00
700	2100141279	000001	Z007	1000	5,396.40	0.00	INR		03.04.2024	03.04.2024	2100141411		1040	01	ZSCL01	0002607698					00000		SP	0013000913			B	8	2100141411	000001	2100141411 RHIHRLYSIDING	K	3101	C	03.04.2024	07:33:26			00:00:00			00:00:00	SCLADMIN	03.04.2024	07:33:26			00:00:00		C				0.00	IN	IN		5,396.40	0.00	5,396.40	0.00	0.00	0.00
700	2100141393	000001	Z007	1000	5,402.40	0.00	INR		03.04.2024	03.04.2024	2100141515		1040	01	ZSCL01	0002608473					00000		SP	0013000913			B	8	2100141515	000001	2100141515 RHIHRLYSIDING	K	3101	C	03.04.2024	09:00:41			00:00:00			00:00:00	SCLADMIN	03.04.2024	09:00:41			00:00:00		C				0.00	IN	IN		5,402.40	0.00	5,402.40	0.00	0.00	0.00
700	2100141532	000001	Z007	1000	5,396.40	0.00	INR		03.04.2024	03.04.2024	2100141654		1040	01	ZSCL01	0002610134					00000		SP	0013000913			B	8	2100141654	000001	2100141654 RHIHRLYSIDING	K	3101	C	03.04.2024	10:49:12			00:00:00			00:00:00	SCLADMIN	03.04.2024	10:49:12			00:00:00		C				0.00	IN	IN		5,396.40	0.00	5,396.40	0.00	0.00	0.00
700	2100141671	000001	Z007	1000	5,407.20	0.00	INR		03.04.2024	03.04.2024	2100141793		1040	01	ZSCL01	0002619532					00000		SP	0013000913			B	8	2100141793	000001	2100141793 RHIHRLYSIDING	K	3101	C	03.04.2024	12:31:27			00:00:00			00:00:00	SCLADMIN	03.04.2024	12:31:27			00:00:00		C				0.00	IN	IN		5,407.20	0.00	5,407.20	0.00	0.00	0.00
700	2100141759	000001	Z007	1000	5,402.40	0.00	INR		03.04.2024	03.04.2024	2100141881		1040	01	ZSCL01	0002623702					00000		SP	0013000913			B	8	2100141881	000001	2100141881 RHIHRLYSIDING	K	3101	C	03.04.2024	13:25:22			00:00:00			00:00:00	SCLADMIN	03.04.2024	13:25:22			00:00:00		C				0.00	IN	IN		5,402.40	0.00	5,402.40	0.00	0.00	0.00
700	2100141903	000001	Z007	1000	5,394.00	0.00	INR		03.04.2024	03.04.2024	2100142025		1040	01	ZSCL01	0002633075					00000		SP	0013000913			B	8	2100142025	000001	2100142025 RHIHRLYSIDING	K	3101	C	03.04.2024	15:22:36			00:00:00			00:00:00	SCLADMIN	03.04.2024	15:22:36			00:00:00		C				0.00	IN	IN		5,394.00	0.00	5,394.00	0.00	0.00	0.00
700	2100141924	000001	Z007	1000	5,396.40	0.00	INR		03.04.2024	03.04.2024	2100142046		1040	01	ZSCL01	0002635693					00000		SP	0013000913			B	8	2100142046	000001	2100142046 RHIHRLYSIDING	K	3101	C	03.04.2024	15:34:22			00:00:00			00:00:00	SCLADMIN	03.04.2024	15:34:22			00:00:00		C				0.00	IN	IN		5,396.40	0.00	5,396.40	0.00	0.00	0.00
700	2100142067	000001	Z007	1000	5,407.20	0.00	INR		03.04.2024	03.04.2024	2100142190		1040	01	ZSCL01	0002650654					00000		SP	0013000913			B	8	2100142190	000001	2100142190 RHIHRLYSIDING	K	3101	C	03.04.2024	16:49:32			00:00:00			00:00:00	SCLADMIN	03.04.2024	16:49:32			00:00:00		C				0.00	IN	IN		5,407.20	0.00	5,407.20	0.00	0.00	0.00
700	2100142315	000001	Z007	1000	5,407.20	0.00	INR		03.04.2024	03.04.2024	2100142438		1040	01	ZSCL01	0002667333					00000		SP	0013000913			B	8	2100142438	000001	2100142438 RHIHRLYSIDING	K	3101	C	03.04.2024	18:31:12			00:00:00			00:00:00	SCLADMIN	03.04.2024	18:31:12			00:00:00		C				0.00	IN	IN		5,407.20	0.00	5,407.20	0.00	0.00	0.00
700	2100145842	000001	Z007	1000	5,402.40	0.00	INR		05.04.2024	05.04.2024	2100145976		1040	01	ZSCL01	0002728697					00000		SP	0013000913			B	8	2100145976	000001	2100145976 RHIHRLYSIDING	K	3101	C	05.04.2024	07:18:20			00:00:00			00:00:00	SCLADMIN	05.04.2024	07:18:20			00:00:00		C				0.00	IN	IN		5,402.40	0.00	5,402.40	0.00	0.00	0.00
700	2100145917	000001	Z007	1000	5,396.40	0.00	INR		05.04.2024	05.04.2024	2100146051		1040	01	ZSCL01	0002729201					00000		SP	0013000913			B	8	2100146051	000001	2100146051 RHIHRLYSIDING	K	3101	C	05.04.2024	08:22:06			00:00:00			00:00:00	SCLADMIN	05.04.2024	08:22:06			00:00:00		C				0.00	IN	IN		5,396.40	0.00	5,396.40	0.00	0.00	0.00
700	2100146081	000001	Z007	1000	5,407.20	0.00	INR		05.04.2024	05.04.2024	2100146215		1040	01	ZSCL01	0002731561					00000		SP	0013000913			B	8	2100146215	000001	2100146215 RHIHRLYSIDING	K	3101	C	05.04.2024	11:32:56			00:00:00			00:00:00	SCLADMIN	05.04.2024	11:32:56			00:00:00		C				0.00	IN	IN		5,407.20	0.00	5,407.20	0.00	0.00	0.00
700	2100146328	000001	Z007	1000	5,396.40	0.00	INR		05.04.2024	05.04.2024	2100146462		1040	01	ZSCL01	0002738118					00000		SP	0013000913			B	8	2100146462	000001	2100146462 RHIHRLYSIDING	K	3101	C	05.04.2024	15:33:11			00:00:00			00:00:00	SCLADMIN	05.04.2024	15:33:11			00:00:00		C				0.00	IN	IN		5,396.40	0.00	5,396.40	0.00	0.00	0.00
700	2100147757	000001	Z007	1000	5,407.20	0.00	INR		06.04.2024	06.04.2024	2100147891		1040	01	ZSCL01	0002758297					00000		SP	0013000913			B	8	2100147891	000001	2100147891 RHIHRLYSIDING	K	3101	C	06.04.2024	05:16:46			00:00:00			00:00:00	SCLADMIN	06.04.2024	05:16:46			00:00:00		C				0.00	IN	IN		5,407.20	0.00	5,407.20	0.00	0.00	0.00
700	2100148097	000001	Z007	1000	5,396.40	0.00	INR		06.04.2024	06.04.2024	2100148231		1040	01	ZSCL01	0002761409					00000		SP	0013000913			B	8	2100148231	000001	2100148231 RHIHRLYSIDING	K	3101	C	06.04.2024	10:57:27			00:00:00			00:00:00	SCLADMIN	06.04.2024	10:57:27			00:00:00		C				0.00	IN	IN		5,396.40	0.00	5,396.40	0.00	0.00	0.00
700	2100148181	000001	Z007	1000	5,396.40	0.00	INR		06.04.2024	06.04.2024	2100148315		1040	01	ZSCL01	0002763036					00000		SP	0013000913			B	8	2100148315	000001	2100148315 RHIHRLYSIDING	K	3101	C	06.04.2024	12:02:41			00:00:00			00:00:00	SCLADMIN	06.04.2024	12:02:41			00:00:00		C				0.00	IN	IN		5,396.40	0.00	5,396.40	0.00	0.00	0.00
700	2100148646	000001	Z007	1000	5,407.20	0.00	INR		06.04.2024	06.04.2024	2100148780		1040	01	ZSCL01	0002771181					00000		SP	0013000913			B	8	2100148780	000001	2100148780 RHIHRLYSIDING	K	3101	C	06.04.2024	16:35:06			00:00:00			00:00:00	SCLADMIN	06.04.2024	16:35:06			00:00:00		C				0.00	IN	IN		5,407.20	0.00	5,407.20	0.00	0.00	0.00
700	2100148936	000001	Z007	1000	5,402.40	0.00	INR		06.04.2024	06.04.2024	2100149070		1040	01	ZSCL01	0002777957					00000		SP	0013000913			B	8	2100149070	000001	2100149070 RHIHRLYSIDING	K	3101	C	06.04.2024	18:46:12			00:00:00			00:00:00	SCLADMIN	06.04.2024	18:46:12			00:00:00		C				0.00	IN	IN		5,402.40	0.00	5,402.40	0.00	0.00	0.00
700	2100149457	000001	Z007	1000	5,396.40	0.00	INR		06.04.2024	06.04.2024	2100149591		1040	01	ZSCL01	0002784959					00000		SP	0013000913			B	8	2100149591	000001	2100149591 RHIHRLYSIDING	K	3101	C	06.04.2024	22:45:01			00:00:00			00:00:00	SCLADMIN	06.04.2024	22:45:01			00:00:00		C				0.00	IN	IN		5,396.40	0.00	5,396.40	0.00	0.00	0.00
700	2100149859	000001	Z007	1000	5,402.40	0.00	INR		07.04.2024	07.04.2024	2100149993		1040	01	ZSCL01	0002788528					00000		SP	0013000913			B	8	2100149993	000001	2100149993 RHIHRLYSIDING	K	3101	C	07.04.2024	02:43:01			00:00:00			00:00:00	SCLADMIN	07.04.2024	02:43:01			00:00:00		C				0.00	IN	IN		5,402.40	0.00	5,402.40	0.00	0.00	0.00
700	2100149870	000001	Z007	1000	5,396.40	0.00	INR		07.04.2024	07.04.2024	2100150004		1040	01	ZSCL01	0002788582					00000		SP	0013000913			B	8	2100150004	000001	2100150004 RHIHRLYSIDING	K	3101	C	07.04.2024	02:46:26			00:00:00			00:00:00	SCLADMIN	07.04.2024	02:46:26			00:00:00		C				0.00	IN	IN		5,396.40	0.00	5,396.40	0.00	0.00	0.00
700	2100150232	000001	Z007	1000	5,394.00	0.00	INR		07.04.2024	07.04.2024	2100150366		1040	01	ZSCL01	0002792523					00000		SP	0013000913			B	8	2100150366	000001	2100150366 RHIHRLYSIDING	K	3101	C	07.04.2024	07:45:57			00:00:00			00:00:00	SCLADMIN	07.04.2024	07:45:57			00:00:00		C				0.00	IN	IN		5,394.00	0.00	5,394.00	0.00	0.00	0.00
700	2100150315	000001	Z007	1000	5,402.40	0.00	INR		07.04.2024	07.04.2024	2100150449		1040	01	ZSCL01	0002793288					00000		SP	0013000913			B	8	2100150449	000001	2100150449 RHIHRLYSIDING	K	3101	C	07.04.2024	09:16:31			00:00:00			00:00:00	SCLADMIN	07.04.2024	09:16:31			00:00:00		C				0.00	IN	IN		5,402.40	0.00	5,402.40	0.00	0.00	0.00
700	2100150623	000001	Z007	1000	5,407.20	0.00	INR		07.04.2024	07.04.2024	2100150767		1040	01	ZSCL01	0002797439					00000		SP	0013000913			B	8	2100150767	000001	2100150767 RHIHRLYSIDING	K	3101	C	07.04.2024	12:22:49			00:00:00			00:00:00	SCLADMIN	07.04.2024	12:22:49			00:00:00		C				0.00	IN	IN		5,407.20	0.00	5,407.20	0.00	0.00	0.00
700	2100151240	000001	Z007	1000	5,407.20	0.00	INR		07.04.2024	07.04.2024	2100151374		1040	01	ZSCL01	0002807268					00000		SP	0013000913			B	8	2100151374	000001	2100151374 RHIHRLYSIDING	K	3101	C	07.04.2024	17:57:50			00:00:00			00:00:00	SCLADMIN	07.04.2024	17:57:50			00:00:00		C				0.00	IN	IN		5,407.20	0.00	5,407.20	0.00	0.00	0.00
700	2100151369	000001	Z007	1000	5,394.00	0.00	INR		07.04.2024	07.04.2024	2100151523		1040	01	ZSCL01	0002809453					00000		SP	0013000913			B	8	2100151523	000001	2100151523 RHIHRLYSIDING	K	3101	C	07.04.2024	19:07:17			00:00:00			00:00:00	SCLADMIN	07.04.2024	19:07:17			00:00:00		C				0.00	IN	IN		5,394.00	0.00	5,394.00	0.00	0.00	0.00
700	2100151620	000001	Z007	1000	5,396.40	0.00	INR		07.04.2024	07.04.2024	2100151764		1040	01	ZSCL01	0002812964					00000		SP	0013000913			B	8	2100151764	000001	2100151764 RHIHRLYSIDING	K	3101	C	07.04.2024	20:56:54			00:00:00			00:00:00	SCLADMIN	07.04.2024	20:56:54			00:00:00		C				0.00	IN	IN		5,396.40	0.00	5,396.40	0.00	0.00	0.00
700	2100151884	000001	Z007	1000	5,402.40	0.00	INR		07.04.2024	07.04.2024	2100152038		1040	01	ZSCL01	0002816709					00000		SP	0013000913			B	8	2100152038	000001	2100152038 RHIHRLYSIDING	K	3101	C	07.04.2024	23:18:09			00:00:00			00:00:00	SCLADMIN	07.04.2024	23:18:09			00:00:00		C				0.00	IN	IN		5,402.40	0.00	5,402.40	0.00	0.00	0.00
700	2100152285	000001	Z007	1000	5,407.20	0.00	INR		08.04.2024	08.04.2024	2100152419		1040	01	ZSCL01	0002819279					00000		SP	0013000913			B	8	2100152419	000001	2100152419 RHIHRLYSIDING	K	3101	C	08.04.2024	03:31:45			00:00:00			00:00:00	SCLADMIN	08.04.2024	03:31:45			00:00:00		C				0.00	IN	IN		5,407.20	0.00	5,407.20	0.00	0.00	0.00
700	2100152625	000001	Z007	1000	5,402.40	0.00	INR		08.04.2024	08.04.2024	2100152759		1040	01	ZSCL01	0002821482					00000		SP	0013000913			B	8	2100152759	000001	2100152759 RHIHRLYSIDING	K	3101	C	08.04.2024	08:58:32			00:00:00			00:00:00	SCLADMIN	08.04.2024	08:58:32			00:00:00		C				0.00	IN	IN		5,402.40	0.00	5,402.40	0.00	0.00	0.00
700	2100153061	000001	Z007	1000	5,402.40	0.00	INR		08.04.2024	08.04.2024	2100153205		1040	01	ZSCL01	0002830307					00000		SP	0013000913			B	8	2100153205	000001	2100153205 RHIHRLYSIDING	K	3101	C	08.04.2024	14:44:20			00:00:00			00:00:00	SCLADMIN	08.04.2024	14:44:20			00:00:00		C				0.00	IN	IN		5,402.40	0.00	5,402.40	0.00	0.00	0.00
700	2100153205	000001	Z007	1000	5,394.00	0.00	INR		08.04.2024	08.04.2024	2100153339		1040	01	ZSCL01	0002832843					00000		SP	0013000913			B	8	2100153339	000001	2100153339 RHIHRLYSIDING	K	3101	C	08.04.2024	16:05:34			00:00:00			00:00:00	SCLADMIN	08.04.2024	16:05:34			00:00:00		C				0.00	IN	IN		5,394.00	0.00	5,394.00	0.00	0.00	0.00
700	2100153522	000001	Z007	1000	5,394.00	0.00	INR		08.04.2024	08.04.2024	2100153676		1040	01	ZSCL01	0002839739					00000		SP	0013000913			B	8	2100153676	000001	2100153676 RHIHRLYSIDING	K	3101	C	08.04.2024	18:49:12			00:00:00			00:00:00	SCLADMIN	08.04.2024	18:49:12			00:00:00		C				0.00	IN	IN		5,394.00	0.00	5,394.00	0.00	0.00	0.00
700	2100153672	000001	Z007	1000	5,396.40	0.00	INR		08.04.2024	08.04.2024	2100153816		1040	01	ZSCL01	0002842009					00000		SP	0013000913			B	8	2100153816	000001	2100153816 RHIHRLYSIDING	K	3101	C	08.04.2024	19:58:07			00:00:00			00:00:00	SCLADMIN	08.04.2024	19:58:07			00:00:00		C				0.00	IN	IN		5,396.40	0.00	5,396.40	0.00	0.00	0.00
700	2100154130	000001	Z007	1000	5,396.40	0.00	INR		08.04.2024	08.04.2024	2100154284		1040	01	ZSCL01	0002847184					00000		SP	0013000913			B	8	2100154284	000001	2100154284 RHIHRLYSIDING	K	3101	C	08.04.2024	23:37:59			00:00:00			00:00:00	SCLADMIN	08.04.2024	23:37:59			00:00:00		C				0.00	IN	IN		5,396.40	0.00	5,396.40	0.00	0.00	0.00
700	2100154931	000001	Z007	1000	5,394.00	0.00	INR		09.04.2024	09.04.2024	2100155085		1040	01	ZSCL01	0002852152					00000		SP	0013000913			B	8	2100155085	000001	2100155085 RHIHRLYSIDING	K	3101	C	09.04.2024	08:50:42			00:00:00			00:00:00	SCLADMIN	09.04.2024	08:50:42			00:00:00		C				0.00	IN	IN		5,394.00	0.00	5,394.00	0.00	0.00	0.00
700	2100155080	000001	Z007	1000	5,402.40	0.00	INR		09.04.2024	09.04.2024	2100155234		1040	01	ZSCL01	0002853792					00000		SP	0013000913			B	8	2100155234	000001	2100155234 RHIHRLYSIDING	K	3101	C	09.04.2024	10:48:59			00:00:00			00:00:00	SCLADMIN	09.04.2024	10:48:59			00:00:00		C				0.00	IN	IN		5,402.40	0.00	5,402.40	0.00	0.00	0.00
700	2100155243	000001	Z007	1000	5,394.00	0.00	INR		09.04.2024	09.04.2024	2100155397		1040	01	ZSCL01	0002856169					00000		SP	0013000913			B	8	2100155397	000001	2100155397 RHIHRLYSIDING	K	3101	C	09.04.2024	12:46:32			00:00:00			00:00:00	SCLADMIN	09.04.2024	12:46:32			00:00:00		C				0.00	IN	IN		5,394.00	0.00	5,394.00	0.00	0.00	0.00
700	2100155669	000001	Z007	1000	5,394.00	0.00	INR		09.04.2024	09.04.2024	2100155823		1040	01	ZSCL01	0002870331					00000		SP	0013000913			B	8	2100155823	000001	2100155823 RHIHRLYSIDING	K	3101	C	09.04.2024	16:50:12			00:00:00			00:00:00	SCLADMIN	09.04.2024	16:50:12			00:00:00		C				0.00	IN	IN		5,394.00	0.00	5,394.00	0.00	0.00	0.00
700	2100155973	000001	Z007	1000	5,407.20	0.00	INR		09.04.2024	09.04.2024	2100156137		1040	01	ZSCL01	0002876329					00000		SP	0013000913			B	8	2100156137	000001	2100156137 RHIHRLYSIDING	K	3101	C	09.04.2024	19:09:37			00:00:00			00:00:00	SCLADMIN	09.04.2024	19:09:37			00:00:00		C				0.00	IN	IN		5,407.20	0.00	5,407.20	0.00	0.00	0.00
700	2100156145	000001	Z007	1000	5,396.40	0.00	INR		09.04.2024	09.04.2024	2100156299		1040	01	ZSCL01	0002878715					00000		SP	0013000913			B	8	2100156299	000001	2100156299 RHIHRLYSIDING	K	3101	C	09.04.2024	20:24:19			00:00:00			00:00:00	SCLADMIN	09.04.2024	20:24:19			00:00:00		C				0.00	IN	IN		5,396.40	0.00	5,396.40	0.00	0.00	0.00
700	2100156497	000001	Z007	1000	5,402.40	0.00	INR		09.04.2024	09.04.2024	2100156661		1040	01	ZSCL01	0002882629					00000		SP	0013000913			B	8	2100156661	000001	2100156661 RHIHRLYSIDING	K	3101	C	09.04.2024	23:44:20			00:00:00			00:00:00	SCLADMIN	09.04.2024	23:44:20			00:00:00		C				0.00	IN	IN		5,402.40	0.00	5,402.40	0.00	0.00	0.00
700	2100157202	000001	Z007	1000	5,402.40	0.00	INR		10.04.2024	10.04.2024	2100157366		1040	01	ZSCL01	0002887355					00000		SP	0013000913			B	8	2100157366	000001	2100157366 RHIHRLYSIDING	K	3101	C	10.04.2024	09:58:30			00:00:00			00:00:00	SCLADMIN	10.04.2024	09:58:30			00:00:00		C				0.00	IN	IN		5,402.40	0.00	5,402.40	0.00	0.00	0.00
700	2100157207	000001	Z007	1000	5,407.20	0.00	INR		10.04.2024	10.04.2024	2100157371		1040	01	ZSCL01	0002887441					00000		SP	0013000913			B	8	2100157371	000001	2100157371 RHIHRLYSIDING	K	3101	C	10.04.2024	10:02:55			00:00:00			00:00:00	SCLADMIN	10.04.2024	10:02:55			00:00:00		C				0.00	IN	IN		5,407.20	0.00	5,407.20	0.00	0.00	0.00
700	2100157345	000001	Z007	1000	5,407.20	0.00	INR		10.04.2024	10.04.2024	2100157509		1040	01	ZSCL01	0002889657					00000		SP	0013000913			B	8	2100157509	000001	2100157509 RHIHRLYSIDING	K	3101	C	10.04.2024	11:57:25			00:00:00			00:00:00	SCLADMIN	10.04.2024	11:57:25			00:00:00		C				0.00	IN	IN		5,407.20	0.00	5,407.20	0.00	0.00	0.00
700	2100158411	000001	Z007	1000	5,396.40	0.00	INR		10.04.2024	10.04.2024	2100158566		1040	01	ZSCL01	0002911468					00000		SP	0013000913			B	8	2100158566	000001	2100158566 RHIHRLYSIDING	K	3101	C	10.04.2024	22:16:05			00:00:00			00:00:00	SCLADMIN	10.04.2024	22:16:05			00:00:00		C				0.00	IN	IN		5,396.40	0.00	5,396.40	0.00	0.00	0.00
700	2100159340	000001	Z007	1000	5,402.40	0.00	INR		11.04.2024	11.04.2024	2100159505		1040	01	ZSCL01	0002918075					00000		SP	0013000913			B	8	2100159505	000001	2100159505 RHIHRLYSIDING	K	3101	C	11.04.2024	10:16:01			00:00:00			00:00:00	SCLADMIN	11.04.2024	10:16:01			00:00:00		C				0.00	IN	IN		5,402.40	0.00	5,402.40	0.00	0.00	0.00
700	2100159900	000001	Z007	1000	5,396.40	0.00	INR		11.04.2024	11.04.2024	2100160060		1040	01	ZSCL01	0002925499					00000		SP	0013000913			B	8	2100160060	000001	2100160060 RHIHRLYSIDING	K	3101	C	11.04.2024	16:57:42			00:00:00			00:00:00	SCLADMIN	11.04.2024	16:57:42			00:00:00		C				0.00	IN	IN		5,396.40	0.00	5,396.40	0.00	0.00	0.00
700	2100160298	000001	Z007	1000	5,394.00	0.00	INR		11.04.2024	11.04.2024	2100160458		1040	01	ZSCL01	0002931889					00000		SP	0013000913			B	8	2100160458	000001	2100160458 RHIHRLYSIDING	K	3101	C	11.04.2024	19:55:41			00:00:00			00:00:00	SCLADMIN	11.04.2024	19:55:41			00:00:00		C				0.00	IN	IN		5,394.00	0.00	5,394.00	0.00	0.00	0.00
700	2100160316	000001	Z007	1000	5,407.20	0.00	INR		11.04.2024	11.04.2024	2100160476		1040	01	ZSCL01	0002932072					00000		SP	0013000913			B	8	2100160476	000001	2100160476 RHIHRLYSIDING	K	3101	C	11.04.2024	20:02:21			00:00:00			00:00:00	SCLADMIN	11.04.2024	20:02:21			00:00:00		C				0.00	IN	IN		5,407.20	0.00	5,407.20	0.00	0.00	0.00
700	2100160641	000001	Z007	1000	5,396.40	0.00	INR		11.04.2024	11.04.2024	2100160801		1040	01	ZSCL01	0002935797					00000		SP	0013000913			B	8	2100160801	000001	2100160801 RHIHRLYSIDING	K	3101	C	11.04.2024	23:06:56			00:00:00			00:00:00	SCLADMIN	11.04.2024	23:06:56			00:00:00		C				0.00	IN	IN		5,396.40	0.00	5,396.40	0.00	0.00	0.00
700	2100161046	000001	Z007	1000	5,402.40	0.00	INR		12.04.2024	12.04.2024	2100161206		1040	01	ZSCL01	0002938309					00000		SP	0013000913			B	8	2100161206	000001	2100161206 RHIHRLYSIDING	K	3101	C	12.04.2024	03:45:45			00:00:00			00:00:00	SCLADMIN	12.04.2024	03:45:45			00:00:00		C				0.00	IN	IN		5,402.40	0.00	5,402.40	0.00	0.00	0.00
700	2100161220	000001	Z007	1000	5,396.40	0.00	INR		12.04.2024	12.04.2024	2100161380		1040	01	ZSCL01	0002939126					00000		SP	0013000913			B	8	2100161380	000001	2100161380 RHIHRLYSIDING	K	3101	C	12.04.2024	05:51:26			00:00:00			00:00:00	SCLADMIN	12.04.2024	05:51:26			00:00:00		C				0.00	IN	IN		5,396.40	0.00	5,396.40	0.00	0.00	0.00
700	2100161275	000001	Z007	1000	5,402.40	0.00	INR		12.04.2024	12.04.2024	2100161435		1040	01	ZSCL01	0002939459					00000		SP	0013000913			B	8	2100161435	000001	2100161435 RHIHRLYSIDING	K	3101	C	12.04.2024	07:00:42			00:00:00			00:00:00	SCLADMIN	12.04.2024	07:00:42			00:00:00		C				0.00	IN	IN		5,402.40	0.00	5,402.40	0.00	0.00	0.00
700	2100163101	000001	Z007	1000	5,407.20	0.00	INR		13.04.2024	13.04.2024	2100163265		1040	01	ZSCL01	0002963047					00000		SP	0013000913			B	8	2100163265	000001	2100163265 RHIHRLYSIDING	K	3101	C	13.04.2024	00:37:48			00:00:00			00:00:00	SCLADMIN	13.04.2024	00:37:48			00:00:00		C				0.00	IN	IN		5,407.20	0.00	5,407.20	0.00	0.00	0.00
700	2100163277	000001	Z007	1000	5,407.20	0.00	INR		13.04.2024	13.04.2024	2100163441		1040	01	ZSCL01	0002963980					00000		SP	0013000913			B	8	2100163441	000001	2100163441 RHIHRLYSIDING	K	3101	C	13.04.2024	02:07:44			00:00:00			00:00:00	SCLADMIN	13.04.2024	02:07:44			00:00:00		C				0.00	IN	IN		5,407.20	0.00	5,407.20	0.00	0.00	0.00
700	2100163625	000001	Z007	1000	5,396.40	0.00	INR		13.04.2024	13.04.2024	2100163790		1040	01	ZSCL01	0002965929					00000		SP	0013000913			B	8	2100163790	000001	2100163790 RHIHRLYSIDING	K	3101	C	13.04.2024	07:24:55			00:00:00			00:00:00	SCLADMIN	13.04.2024	07:24:55			00:00:00		C				0.00	IN	IN		5,396.40	0.00	5,396.40	0.00	0.00	0.00
700	2100163883	000001	Z007	1000	5,394.00	0.00	INR		13.04.2024	13.04.2024	2100164045		1040	01	ZSCL01	0002969280					00000		SP	0013000913			B	8	2100164045	000001	2100164045 RHIHRLYSIDING	K	3101	C	13.04.2024	10:55:11			00:00:00			00:00:00	SCLADMIN	13.04.2024	10:55:11			00:00:00		C				0.00	IN	IN		5,394.00	0.00	5,394.00	0.00	0.00	0.00
700	2100164209	000001	Z007	1000	5,407.20	0.00	INR		13.04.2024	13.04.2024	2100164381		1040	01	ZSCL01	0002975104					00000		SP	0013000913			B	8	2100164381	000001	2100164381 RHIHRLYSIDING	K	3101	C	13.04.2024	14:47:18			00:00:00			00:00:00	SCLADMIN	13.04.2024	14:47:18			00:00:00		C				0.00	IN	IN		5,407.20	0.00	5,407.20	0.00	0.00	0.00
700	2100164392	000001	Z007	1000	5,396.40	0.00	INR		13.04.2024	13.04.2024	2100164554		1040	01	ZSCL01	0002978741					00000		SP	0013000913			B	8	2100164554	000001	2100164554 RHIHRLYSIDING	K	3101	C	13.04.2024	16:31:24			00:00:00			00:00:00	SCLADMIN	13.04.2024	16:31:24			00:00:00		C				0.00	IN	IN		5,396.40	0.00	5,396.40	0.00	0.00	0.00
700	2100164578	000001	Z007	1000	5,407.20	0.00	INR		13.04.2024	13.04.2024	2100164741		1040	01	ZSCL01	0002982547					00000		SP	0013000913			B	8	2100164741	000001	2100164741 RHIHRLYSIDING	K	3101	C	13.04.2024	18:00:26			00:00:00			00:00:00	SCLADMIN	13.04.2024	18:00:26			00:00:00		C				0.00	IN	IN		5,407.20	0.00	5,407.20	0.00	0.00	0.00
700	2100165212	000001	Z007	1000	5,407.20	0.00	INR		13.04.2024	13.04.2024	2100165375		1040	01	ZSCL01	0002990599					00000		SP	0013000913			B	8	2100165375	000001	2100165375 RHIHRLYSIDING	K	3101	C	13.04.2024	23:05:36			00:00:00			00:00:00	SCLADMIN	13.04.2024	23:05:36			00:00:00		C				0.00	IN	IN		5,407.20	0.00	5,407.20	0.00	0.00	0.00
700	2100166283	000001	Z007	1000	5,407.20	0.00	INR		14.04.2024	14.04.2024	2100166441		1040	01	ZSCL01	0002999242					00000		SP	0013000913			B	8	2100166441	000001	2100166441 RHIHRLYSIDING	K	3101	C	14.04.2024	12:36:15			00:00:00			00:00:00	SCLADMIN	14.04.2024	12:36:15			00:00:00		C				0.00	IN	IN		5,407.20	0.00	5,407.20	0.00	0.00	0.00
700	2100166803	000001	Z007	1000	5,394.00	0.00	INR		14.04.2024	14.04.2024	2100166962		1040	01	ZSCL01	0003006387					00000		SP	0013000913			B	8	2100166962	000001	2100166962 RHIHRLYSIDING	K	3101	C	14.04.2024	17:41:00			00:00:00			00:00:00	SCLADMIN	14.04.2024	17:41:00			00:00:00		C				0.00	IN	IN		5,394.00	0.00	5,394.00	0.00	0.00	0.00
700	2100168204	000001	Z007	1000	5,402.40	0.00	INR		15.04.2024	15.04.2024	2100168354		1040	01	ZSCL01	0003018381					00000		SP	0013000913			B	8	2100168354	000001	2100168354 RHIHRLYSIDING	K	3101	C	15.04.2024	07:14:53			00:00:00			00:00:00	SCLADMIN	15.04.2024	07:14:53			00:00:00		C				0.00	IN	IN		5,402.40	0.00	5,402.40	0.00	0.00	0.00
700	2100168531	000001	Z007	1000	5,407.20	0.00	INR		15.04.2024	15.04.2024	2100168669		1040	01	ZSCL01	0003020783					00000		SP	0013000913			B	8	2100168669	000001	2100168669 RHIHRLYSIDING	K	3101	C	15.04.2024	11:23:10			00:00:00			00:00:00	SCLADMIN	15.04.2024	11:23:10			00:00:00		C				0.00	IN	IN		5,407.20	0.00	5,407.20	0.00	0.00	0.00
700	2100168649	000001	Z007	1000	5,394.00	0.00	INR		15.04.2024	15.04.2024	2100168776		1040	01	ZSCL01	0003022583					00000		SP	0013000913			B	8	2100168776	000001	2100168776 RHIHRLYSIDING	K	3101	C	15.04.2024	12:57:19			00:00:00			00:00:00	SCLADMIN	15.04.2024	12:57:19			00:00:00		C				0.00	IN	IN		5,394.00	0.00	5,394.00	0.00	0.00	0.00
700	2100168877	000001	Z007	1000	5,407.20	0.00	INR		15.04.2024	15.04.2024	2100169004		1040	01	ZSCL01	0003025846					00000		SP	0013000913			B	8	2100169004	000001	2100169004 RHIHRLYSIDING	K	3101	C	15.04.2024	15:21:59			00:00:00			00:00:00	SCLADMIN	15.04.2024	15:21:59			00:00:00		C				0.00	IN	IN		5,407.20	0.00	5,407.20	0.00	0.00	0.00
700	2100169196	000001	Z007	1000	5,394.00	0.00	INR		15.04.2024	15.04.2024	2100169333		1040	01	ZSCL01	0003032053					00000		SP	0013000913			B	8	2100169333	000001	2100169333 RHIHRLYSIDING	K	3101	C	15.04.2024	17:57:49			00:00:00			00:00:00	SCLADMIN	15.04.2024	17:57:49			00:00:00		C				0.00	IN	IN		5,394.00	0.00	5,394.00	0.00	0.00	0.00
700	2100171040	000001	Z007	1000	5,394.00	0.00	INR		16.04.2024	16.04.2024	2100171184		1040	01	ZSCL01	0003050855					00000		SP	0013000913			B	8	2100171184	000001	2100171184 RHIHRLYSIDING	K	3101	C	16.04.2024	13:09:23			00:00:00			00:00:00	SCLADMIN	16.04.2024	13:09:23			00:00:00		C				0.00	IN	IN		5,394.00	0.00	5,394.00	0.00	0.00	0.00
700	2100171397	000001	Z007	1000	5,407.20	0.00	INR		16.04.2024	16.04.2024	2100171541		1040	01	ZSCL01	0003055352					00000		SP	0013000913			B	8	2100171541	000001	2100171541 RHIHRLYSIDING	K	3101	C	16.04.2024	16:09:59			00:00:00			00:00:00	SCLADMIN	16.04.2024	16:09:59			00:00:00		C				0.00	IN	IN		5,407.20	0.00	5,407.20	0.00	0.00	0.00
700	2100171406	000001	Z007	1000	5,402.40	0.00	INR		16.04.2024	16.04.2024	2100171550		1040	01	ZSCL01	0003055456					00000		SP	0013000913			B	8	2100171550	000001	2100171550 RHIHRLYSIDING	K	3101	C	16.04.2024	16:12:53			00:00:00			00:00:00	SCLADMIN	16.04.2024	16:12:53			00:00:00		C				0.00	IN	IN		5,402.40	0.00	5,402.40	0.00	0.00	0.00
700	2100173168	000001	Z007	1000	5,402.40	0.00	INR		17.04.2024	17.04.2024	2100173313		1040	01	ZSCL01	0003079695					00000		SP	0013000913			B	8	2100173313	000001	2100173313 RHIHRLYSIDING	K	3101	C	17.04.2024	10:13:34			00:00:00			00:00:00	SCLADMIN	17.04.2024	10:13:34			00:00:00		C				0.00	IN	IN		5,402.40	0.00	5,402.40	0.00	0.00	0.00
700	2100176105	000001	Z007	1000	5,407.20	0.00	INR		18.04.2024	18.04.2024	2100176252		1040	01	ZSCL01	0003126935					00000		SP	0013000913			B	8	2100176252	000001	2100176252 RHIHRLYSIDING	K	3101	C	18.04.2024	17:21:55			00:00:00			00:00:00	SCLADMIN	18.04.2024	17:21:55			00:00:00		C				0.00	IN	IN		5,407.20	0.00	5,407.20	0.00	0.00	0.00
700	2100176667	000001	Z007	1000	5,396.40	0.00	INR		18.04.2024	18.04.2024	2100176804		1040	01	ZSCL01	0003139562					00000		SP	0013000913			B	8	2100176804	000001	2100176804 RHIHRLYSIDING	K	3101	C	18.04.2024	22:36:26			00:00:00			00:00:00	SCLADMIN	18.04.2024	22:36:26			00:00:00		C				0.00	IN	IN		5,396.40	0.00	5,396.40	0.00	0.00	0.00
700	2100176789	000001	Z007	1000	5,407.20	0.00	INR		18.04.2024	18.04.2024	2100176936		1040	01	ZSCL01	0003140624					00000		SP	0013000913			B	8	2100176936	000001	2100176936 RHIHRLYSIDING	K	3101	C	18.04.2024	23:34:45			00:00:00			00:00:00	SCLADMIN	18.04.2024	23:34:45			00:00:00		C				0.00	IN	IN		5,407.20	0.00	5,407.20	0.00	0.00	0.00
700	2100177263	000001	Z007	1000	5,402.40	0.00	INR		19.04.2024	19.04.2024	2100177400		1040	01	ZSCL01	0003143057					00000		SP	0013000913			B	8	2100177400	000001	2100177400 RHIHRLYSIDING	K	3101	C	19.04.2024	04:10:50			00:00:00			00:00:00	SCLADMIN	19.04.2024	04:10:50			00:00:00		C				0.00	IN	IN		5,402.40	0.00	5,402.40	0.00	0.00	0.00
700	2100177314	000001	Z007	1000	5,396.40	0.00	INR		19.04.2024	19.04.2024	2100177461		1040	01	ZSCL01	0003143303					00000		SP	0013000913			B	8	2100177461	000001	2100177461 RHIHRLYSIDING	K	3101	C	19.04.2024	04:55:10			00:00:00			00:00:00	SCLADMIN	19.04.2024	04:55:10			00:00:00		C				0.00	IN	IN		5,396.40	0.00	5,396.40	0.00	0.00	0.00
700	2100177976	000001	Z007	1000	5,402.40	0.00	INR		19.04.2024	19.04.2024	2100178109		1040	01	ZSCL01	0003159525					00000		SP	0013000913			B	8	2100178109	000001	2100178109 RHIHRLYSIDING	K	3101	C	19.04.2024	16:27:16			00:00:00			00:00:00	SCLADMIN	19.04.2024	16:27:16			00:00:00		C				0.00	IN	IN		5,402.40	0.00	5,402.40	0.00	0.00	0.00
700	2100178049	000001	Z007	1000	5,394.00	0.00	INR		19.04.2024	19.04.2024	2100178182		1040	01	ZSCL01	0003161272					00000		SP	0013000913			B	8	2100178182	000001	2100178182 RHIHRLYSIDING	K	3101	C	19.04.2024	17:13:35			00:00:00			00:00:00	SCLADMIN	19.04.2024	17:13:35			00:00:00		C				0.00	IN	IN		5,394.00	0.00	5,394.00	0.00	0.00	0.00
700	2100179255	000001	Z007	1000	5,407.20	0.00	INR		20.04.2024	20.04.2024	2100179388		1040	01	ZSCL01	0003174768					00000		SP	0013000913			B	8	2100179388	000001	2100179388 RHIHRLYSIDING	K	3101	C	20.04.2024	04:26:07			00:00:00			00:00:00	SCLADMIN	20.04.2024	04:26:07			00:00:00		C				0.00	IN	IN		5,407.20	0.00	5,407.20	0.00	0.00	0.00
700	2100179309	000001	Z007	1000	5,396.40	0.00	INR		20.04.2024	20.04.2024	2100179442		1040	01	ZSCL01	0003174989					00000		SP	0013000913			B	8	2100179442	000001	2100179442 RHIHRLYSIDING	K	3101	C	20.04.2024	05:08:55			00:00:00			00:00:00	SCLADMIN	20.04.2024	05:08:55			00:00:00		C				0.00	IN	IN		5,396.40	0.00	5,396.40	0.00	0.00	0.00
700	2100179323	000001	Z007	1000	5,396.40	0.00	INR		20.04.2024	20.04.2024	2100179456		1040	01	ZSCL01	0003175042					00000		SP	0013000913			B	8	2100179456	000001	2100179456 RHIHRLYSIDING	K	3101	C	20.04.2024	05:24:16			00:00:00			00:00:00	SCLADMIN	20.04.2024	05:24:16			00:00:00		C				0.00	IN	IN		5,396.40	0.00	5,396.40	0.00	0.00	0.00
700	2100179418	000001	Z007	1000	5,407.20	0.00	INR		20.04.2024	20.04.2024	2100179551		1040	01	ZSCL01	0003175514					00000		SP	0013000913			B	8	2100179551	000001	2100179551 RHIHRLYSIDING	K	3101	C	20.04.2024	07:11:01			00:00:00			00:00:00	SCLADMIN	20.04.2024	07:11:01			00:00:00		C				0.00	IN	IN		5,407.20	0.00	5,407.20	0.00	0.00	0.00
700	2100180104	000001	Z007	1000	5,394.00	0.00	INR		20.04.2024	20.04.2024	2100180237		1040	01	ZSCL01	0003193092					00000		SP	0013000913			B	8	2100180237	000001	2100180237 RHIHRLYSIDING	K	3101	C	20.04.2024	16:41:04			00:00:00			00:00:00	SCLADMIN	20.04.2024	16:41:04			00:00:00		C				0.00	IN	IN		5,394.00	0.00	5,394.00	0.00	0.00	0.00
700	2100180244	000001	Z007	1000	5,394.00	0.00	INR		20.04.2024	20.04.2024	2100180377		1040	01	ZSCL01	0003196752					00000		SP	0013000913			B	8	2100180377	000001	2100180377 RHIHRLYSIDING	K	3101	C	20.04.2024	18:04:38			00:00:00			00:00:00	SCLADMIN	20.04.2024	18:04:38			00:00:00		C				0.00	IN	IN		5,394.00	0.00	5,394.00	0.00	0.00	0.00
700	2100181447	000001	Z007	1000	5,396.40	0.00	INR		21.04.2024	21.04.2024	2100181590		1040	01	ZSCL01	0003208714					00000		SP	0013000913			B	8	2100181590	000001	2100181590 RHIHRLYSIDING	K	3101	C	21.04.2024	07:38:46			00:00:00			00:00:00	SCLADMIN	21.04.2024	07:38:46			00:00:00		C				0.00	IN	IN		5,396.40	0.00	5,396.40	0.00	0.00	0.00
700	2100181969	000001	Z007	1000	5,402.40	0.00	INR		21.04.2024	21.04.2024	2100182123		1040	01	ZSCL01	0003215524					00000		SP	0013000913			B	8	2100182123	000001	2100182123 RHIHRLYSIDING	K	3101	C	21.04.2024	15:20:32			00:00:00			00:00:00	SCLADMIN	21.04.2024	15:20:32			00:00:00		C				0.00	IN	IN		5,402.40	0.00	5,402.40	0.00	0.00	0.00
700	2100182348	000001	Z007	1000	5,394.00	0.00	INR		21.04.2024	21.04.2024	2100182502		1040	01	ZSCL01	0003221018					00000		SP	0013000913			B	8	2100182502	000001	2100182502 RHIHRLYSIDING	K	3101	C	21.04.2024	19:02:14			00:00:00			00:00:00	SCLADMIN	21.04.2024	19:02:14			00:00:00		C				0.00	IN	IN		5,394.00	0.00	5,394.00	0.00	0.00	0.00
700	2100183428	000001	Z007	1000	5,396.40	0.00	INR		22.04.2024	22.04.2024	2100183572		1040	01	ZSCL01	0003229861					00000		SP	0013000913			B	8	2100183572	000001	2100183572 RHIHRLYSIDING	K	3101	C	22.04.2024	07:06:49			00:00:00			00:00:00	SCLADMIN	22.04.2024	07:06:49			00:00:00		C				0.00	IN	IN		5,396.40	0.00	5,396.40	0.00	0.00	0.00
700	2100183555	000001	Z007	1000	5,396.40	0.00	INR		22.04.2024	22.04.2024	2100183699		1040	01	ZSCL01	0003230842					00000		SP	0013000913			B	8	2100183699	000001	2100183699 RHIHRLYSIDING	K	3101	C	22.04.2024	10:06:29			00:00:00			00:00:00	SCLADMIN	22.04.2024	10:06:29			00:00:00		C				0.00	IN	IN		5,396.40	0.00	5,396.40	0.00	0.00	0.00
700	2100183637	000001	Z007	1000	5,407.20	0.00	INR		22.04.2024	22.04.2024	2100183791		1040	01	ZSCL01	0003232127					00000		SP	0013000913			B	8	2100183791	000001	2100183791 RHIHRLYSIDING	K	3101	C	22.04.2024	11:24:58			00:00:00			00:00:00	SCLADMIN	22.04.2024	11:24:58			00:00:00		C				0.00	IN	IN		5,407.20	0.00	5,407.20	0.00	0.00	0.00
700	2100183655	000001	Z007	1000	5,394.00	0.00	INR		22.04.2024	22.04.2024	2100183809		1040	01	ZSCL01	0003232455					00000		SP	0013000913			B	8	2100183809	000001	2100183809 RHIHRLYSIDING	K	3101	C	22.04.2024	11:39:25			00:00:00			00:00:00	SCLADMIN	22.04.2024	11:39:25			00:00:00		C				0.00	IN	IN		5,394.00	0.00	5,394.00	0.00	0.00	0.00
700	2100184237	000001	Z007	1000	5,407.20	0.00	INR		22.04.2024	22.04.2024	2100184381		1040	01	ZSCL01	0003252587					00000		SP	0013000913			B	8	2100184381	000001	2100184381 RHIHRLYSIDING	K	3101	C	22.04.2024	18:48:04			00:00:00			00:00:00	SCLADMIN	22.04.2024	18:48:04			00:00:00		C				0.00	IN	IN		5,407.20	0.00	5,407.20	0.00	0.00	0.00
700	2100184862	000001	Z007	1000	5,396.40	0.00	INR		23.04.2024	23.04.2024	2100185016		1040	01	ZSCL01	0003260682					00000		SP	0013000913			B	8	2100185016	000001	2100185016 RHIHRLYSIDING	K	3101	C	23.04.2024	00:23:16			00:00:00			00:00:00	SCLADMIN	23.04.2024	00:23:16			00:00:00		C				0.00	IN	IN		5,396.40	0.00	5,396.40	0.00	0.00	0.00
700	2100184867	000001	Z007	1000	5,394.00	0.00	INR		23.04.2024	23.04.2024	2100185021		1040	01	ZSCL01	0003260704					00000		SP	0013000913			B	8	2100185021	000001	2100185021 RHIHRLYSIDING	K	3101	C	23.04.2024	00:26:26			00:00:00			00:00:00	SCLADMIN	23.04.2024	00:26:26			00:00:00		C				0.00	IN	IN		5,394.00	0.00	5,394.00	0.00	0.00	0.00
700	2100185836	000001	Z007	1000	5,396.40	0.00	INR		23.04.2024	23.04.2024	2100186000		1040	01	ZSCL01	0003272267					00000		SP	0013000913			B	8	2100186000	000001	2100186000 RHIHRLYSIDING	K	3101	C	23.04.2024	15:54:51			00:00:00			00:00:00	SCLADMIN	23.04.2024	15:54:51			00:00:00		C				0.00	IN	IN		5,396.40	0.00	5,396.40	0.00	0.00	0.00
700	2100187048	000001	Z007	1000	5,396.40	0.00	INR		24.04.2024	24.04.2024	2100187212		1040	01	ZSCL01	0003289536					00000		SP	0013000913			B	8	2100187212	000001	2100187212 RHIHRLYSIDING	K	3101	C	24.04.2024	04:17:47			00:00:00			00:00:00	SCLADMIN	24.04.2024	04:17:47			00:00:00		C				0.00	IN	IN		5,396.40	0.00	5,396.40	0.00	0.00	0.00
700	2100187534	000001	Z007	1000	5,394.00	0.00	INR		24.04.2024	24.04.2024	2100187688		1040	01	ZSCL01	0003295163					00000		SP	0013000913			B	8	2100187688	000001	2100187688 RHIHRLYSIDING	K	3101	C	24.04.2024	12:44:44			00:00:00			00:00:00	SCLADMIN	24.04.2024	12:44:44			00:00:00		C				0.00	IN	IN		5,394.00	0.00	5,394.00	0.00	0.00	0.00
700	2100187562	000001	Z007	1000	5,394.00	0.00	INR		24.04.2024	24.04.2024	2100187716		1040	01	ZSCL01	0003295557					00000		SP	0013000913			B	8	2100187716	000001	2100187716 RHIHRLYSIDING	K	3101	C	24.04.2024	12:58:59			00:00:00			00:00:00	SCLADMIN	24.04.2024	12:58:59			00:00:00		C				0.00	IN	IN		5,394.00	0.00	5,394.00	0.00	0.00	0.00
700	2100188226	000001	Z007	1000	5,402.40	0.00	INR		24.04.2024	24.04.2024	2100188390		1040	01	ZSCL01	0003312438					00000		SP	0013000913			B	8	2100188390	000001	2100188390 RHIHRLYSIDING	K	3101	C	24.04.2024	19:50:39			00:00:00			00:00:00	SCLADMIN	24.04.2024	19:50:39			00:00:00		C				0.00	IN	IN		5,402.40	0.00	5,402.40	0.00	0.00	0.00
700	2100188272	000001	Z007	1000	5,407.20	0.00	INR		24.04.2024	24.04.2024	2100188436		1040	01	ZSCL01	0003313186					00000		SP	0013000913			B	8	2100188436	000001	2100188436 RHIHRLYSIDING	K	3101	C	24.04.2024	20:14:56			00:00:00			00:00:00	SCLADMIN	24.04.2024	20:14:56			00:00:00		C				0.00	IN	IN		5,407.20	0.00	5,407.20	0.00	0.00	0.00
700	2100188610	000001	Z007	1000	5,394.00	0.00	INR		24.04.2024	24.04.2024	2100188764		1040	01	ZSCL01	0003317368					00000		SP	0013000913			B	8	2100188764	000001	2100188764 RHIHRLYSIDING	K	3101	C	24.04.2024	23:15:13			00:00:00			00:00:00	SCLADMIN	24.04.2024	23:15:13			00:00:00		C				0.00	IN	IN		5,394.00	0.00	5,394.00	0.00	0.00	0.00
700	2100188680	000001	Z007	1000	5,394.00	0.00	INR		25.04.2024	25.04.2024	2100188834		1040	01	ZSCL01	0003318094					00000		SP	0013000913			B	8	2100188834	000001	2100188834 RHIHRLYSIDING	K	3101	C	25.04.2024	00:03:46			00:00:00			00:00:00	SCLADMIN	25.04.2024	00:03:46			00:00:00		C				0.00	IN	IN		5,394.00	0.00	5,394.00	0.00	0.00	0.00
700	2100189061	000001	Z007	1000	5,402.40	0.00	INR		25.04.2024	25.04.2024	2100189215		1040	01	ZSCL01	0003320380					00000		SP	0013000913			B	8	2100189215	000001	2100189215 RHIHRLYSIDING	K	3101	C	25.04.2024	04:21:35			00:00:00			00:00:00	SCLADMIN	25.04.2024	04:21:35			00:00:00		C				0.00	IN	IN		5,402.40	0.00	5,402.40	0.00	0.00	0.00
700	2100189592	000001	Z007	1000	5,394.00	0.00	INR		25.04.2024	25.04.2024	2100189756		1040	01	ZSCL01	0003326163					00000		SP	0013000913			B	8	2100189756	000001	2100189756 RHIHRLYSIDING	K	3101	C	25.04.2024	12:56:51			00:00:00			00:00:00	SCLADMIN	25.04.2024	12:56:51			00:00:00		C				0.00	IN	IN		5,394.00	0.00	5,394.00	0.00	0.00	0.00
700	2100189748	000001	Z007	1000	5,396.40	0.00	INR		25.04.2024	25.04.2024	2100189912		1040	01	ZSCL01	0003329456					00000		SP	0013000913			B	8	2100189912	000001	2100189912 RHIHRLYSIDING	K	3101	C	25.04.2024	15:22:11			00:00:00			00:00:00	SCLADMIN	25.04.2024	15:22:11			00:00:00		C				0.00	IN	IN		5,396.40	0.00	5,396.40	0.00	0.00	0.00
700	2100190111	000001	Z007	1000	5,407.20	0.00	INR		25.04.2024	25.04.2024	2100190275		1040	01	ZSCL01	0003338870					00000		SP	0013000913			B	8	2100190275	000001	2100190275 RHIHRLYSIDING	K	3101	C	25.04.2024	18:52:27			00:00:00			00:00:00	SCLADMIN	25.04.2024	18:52:27			00:00:00		C				0.00	IN	IN		5,407.20	0.00	5,407.20	0.00	0.00	0.00
700	2100191306	000001	Z007	1000	5,407.20	0.00	INR		26.04.2024	26.04.2024	2100191470		1040	01	ZSCL01	0003350296					00000		SP	0013000913			B	8	2100191470	000001	2100191470 RHIHRLYSIDING	K	3101	C	26.04.2024	07:03:49			00:00:00			00:00:00	SCLADMIN	26.04.2024	07:03:49			00:00:00		C				0.00	IN	IN		5,407.20	0.00	5,407.20	0.00	0.00	0.00
700	2100193376	000001	Z007	1000	5,402.40	0.00	INR		27.04.2024	27.04.2024	2100193543		1040	01	ZSCL01	0003378898					00000		SP	0013000913			B	8	2100193543	000001	2100193543 RHIHRLYSIDING	K	3101	C	27.04.2024	08:12:37			00:00:00			00:00:00	SCLADMIN	27.04.2024	08:12:37			00:00:00		C				0.00	IN	IN		5,402.40	0.00	5,402.40	0.00	0.00	0.00
700	2100193405	000001	Z007	1000	5,394.00	0.00	INR		27.04.2024	27.04.2024	2100193572		1040	01	ZSCL01	0003379122					00000		SP	0013000913			B	8	2100193572	000001	2100193572 RHIHRLYSIDING	K	3101	C	27.04.2024	08:44:53			00:00:00			00:00:00	SCLADMIN	27.04.2024	08:44:53			00:00:00		C				0.00	IN	IN		5,394.00	0.00	5,394.00	0.00	0.00	0.00
700	2100194056	000001	Z007	1000	5,394.00	0.00	INR		27.04.2024	27.04.2024	2100194236		1040	01	ZSCL01	0003401932					00000		SP	0013000913			B	8	2100194236	000001	2100194236 RHIHRLYSIDING	K	3101	C	27.04.2024	16:53:30			00:00:00			00:00:00	SCLADMIN	27.04.2024	16:53:30			00:00:00		C				0.00	IN	IN		5,394.00	0.00	5,394.00	0.00	0.00	0.00
700	2100195516	000001	Z007	1000	5,396.40	0.00	INR		28.04.2024	28.04.2024	2100195686		1040	01	ZSCL01	0003417391					00000		SP	0013000913			B	8	2100195686	000001	2100195686 RHIHRLYSIDING	K	3101	C	28.04.2024	06:45:00			00:00:00			00:00:00	SCLADMIN	28.04.2024	06:45:00			00:00:00		C				0.00	IN	IN		5,396.40	0.00	5,396.40	0.00	0.00	0.00
700	2100195695	000001	Z007	1000	5,396.40	0.00	INR		28.04.2024	28.04.2024	2100195865		1040	01	ZSCL01	0003418753					00000		SP	0013000913			B	8	2100195865	000001	2100195865 RHIHRLYSIDING	K	3101	C	28.04.2024	09:48:34			00:00:00			00:00:00	SCLADMIN	28.04.2024	09:48:34			00:00:00		C				0.00	IN	IN		5,396.40	0.00	5,396.40	0.00	0.00	0.00
700	2100195996	000001	Z007	1000	5,394.00	0.00	INR		28.04.2024	28.04.2024	2100196166		1040	01	ZSCL01	0003423195					00000		SP	0013000913			B	8	2100196166	000001	2100196166 RHIHRLYSIDING	K	3101	C	28.04.2024	13:27:12			00:00:00			00:00:00	SCLADMIN	28.04.2024	13:27:12			00:00:00		C				0.00	IN	IN		5,394.00	0.00	5,394.00	0.00	0.00	0.00
700	2100196440	000001	Z007	1000	5,396.40	0.00	INR		28.04.2024	28.04.2024	2100196610		1040	01	ZSCL01	0003429049					00000		SP	0013000913			B	8	2100196610	000001	2100196610 RHIHRLYSIDING	K	3101	C	28.04.2024	17:12:27			00:00:00			00:00:00	SCLADMIN	28.04.2024	17:12:27			00:00:00		C				0.00	IN	IN		5,396.40	0.00	5,396.40	0.00	0.00	0.00
700	2100196759	000001	Z007	1000	5,394.00	0.00	INR		28.04.2024	28.04.2024	2100196929		1040	01	ZSCL01	0003433608					00000		SP	0013000913			B	8	2100196929	000001	2100196929 RHIHRLYSIDING	K	3101	C	28.04.2024	19:44:18			00:00:00			00:00:00	SCLADMIN	28.04.2024	19:44:18			00:00:00		C				0.00	IN	IN		5,394.00	0.00	5,394.00	0.00	0.00	0.00
700	2100196838	000001	Z007	1000	5,394.00	0.00	INR		28.04.2024	28.04.2024	2100197008		1040	01	ZSCL01	0003434851					00000		SP	0013000913			B	8	2100197008	000001	2100197008 RHIHRLYSIDING	K	3101	C	28.04.2024	20:29:25			00:00:00			00:00:00	SCLADMIN	28.04.2024	20:29:25			00:00:00		C				0.00	IN	IN		5,394.00	0.00	5,394.00	0.00	0.00	0.00
700	2100197247	000001	Z007	1000	5,407.20	0.00	INR		29.04.2024	29.04.2024	2100197417		1040	01	ZSCL01	0003439666					00000		SP	0013000913			B	8	2100197417	000001	2100197417 RHIHRLYSIDING	K	3101	C	29.04.2024	00:06:23			00:00:00			00:00:00	SCLADMIN	29.04.2024	00:06:23			00:00:00		C				0.00	IN	IN		5,407.20	0.00	5,407.20	0.00	0.00	0.00
700	2100198053	000001	Z007	1000	5,394.00	0.00	INR		29.04.2024	29.04.2024	2100198223		1040	01	ZSCL01	0003452890					00000		SP	0013000913			B	8	2100198223	000001	2100198223 RHIHRLYSIDING	K	3101	C	29.04.2024	11:38:01			00:00:00			00:00:00	SCLADMIN	29.04.2024	11:38:01			00:00:00		C				0.00	IN	IN		5,394.00	0.00	5,394.00	0.00	0.00	0.00
700	2100198397	000001	Z007	1000	5,394.00	0.00	INR		29.04.2024	29.04.2024	2100198577		1040	01	ZSCL01	0003468902					00000		SP	0013000913			B	8	2100198577	000001	2100198577 RHIHRLYSIDING	K	3101	C	29.04.2024	15:42:32			00:00:00			00:00:00	SCLADMIN	29.04.2024	15:42:32			00:00:00		C				0.00	IN	IN		5,394.00	0.00	5,394.00	0.00	0.00	0.00
700	2100198437	000001	Z007	1000	5,407.20	0.00	INR		29.04.2024	29.04.2024	2100198617		1040	01	ZSCL01	0003470030					00000		SP	0013000913			B	8	2100198617	000001	2100198617 RHIHRLYSIDING	K	3101	C	29.04.2024	16:02:23			00:00:00			00:00:00	SCLADMIN	29.04.2024	16:02:23			00:00:00		C				0.00	IN	IN		5,407.20	0.00	5,407.20	0.00	0.00	0.00
700	2100198582	000001	Z007	1000	5,394.00	0.00	INR		29.04.2024	29.04.2024	2100198754		1040	01	ZSCL01	0003478844					00000		SP	0013000913			B	8	2100198754	000001	2100198754 RHIHRLYSIDING	K	3101	C	29.04.2024	17:21:57			00:00:00			00:00:00	SCLADMIN	29.04.2024	17:21:57			00:00:00		C				0.00	IN	IN		5,394.00	0.00	5,394.00	0.00	0.00	0.00
700	2100198590	000001	Z007	1000	5,396.40	0.00	INR		29.04.2024	29.04.2024	2100198762		1040	01	ZSCL01	0003479660					00000		SP	0013000913			B	8	2100198762	000001	2100198762 RHIHRLYSIDING	K	3101	C	29.04.2024	17:26:52			00:00:00			00:00:00	SCLADMIN	29.04.2024	17:26:52			00:00:00		C				0.00	IN	IN		5,396.40	0.00	5,396.40	0.00	0.00	0.00
700	2100199715	000001	Z007	1000	5,402.40	0.00	INR		30.04.2024	30.04.2024	2100199887		1040	01	ZSCL01	0003506889					00000		SP	0013000913			B	8	2100199887	000001	2100199887 RHIHRLYSIDING	K	3101	C	30.04.2024	04:38:51			00:00:00			00:00:00	SCLADMIN	30.04.2024	04:38:51			00:00:00		C				0.00	IN	IN		5,402.40	0.00	5,402.40	0.00	0.00	0.00
700	2100200786	000001	Z007	1000	5,402.40	0.00	INR		30.04.2024	30.04.2024	2100200968		1040	01	ZSCL01	0003544733					00000		SP	0013000913			B	8	2100200968	000001	2100200968 RHIHRLYSIDING	K	3101	C	30.04.2024	17:25:33			00:00:00			00:00:00	SCLADMIN	30.04.2024	17:25:33			00:00:00		C				0.00	IN	IN		5,402.40	0.00	5,402.40	0.00	0.00	0.00
700	2100201232	000001	Z007	1000	5,394.00	0.00	INR		30.04.2024	30.04.2024	2100201414		1040	01	ZSCL01	0003564819					00000		SP	0013000913			B	8	2100201414	000001	2100201414 RHIHRLYSIDING	K	3101	C	30.04.2024	21:22:39			00:00:00			00:00:00	SCLADMIN	30.04.2024	21:22:39			00:00:00		C				0.00	IN	IN		5,394.00	0.00	5,394.00	0.00	0.00	0.00
700	2100201250	000001	Z007	1000	5,407.20	0.00	INR		30.04.2024	30.04.2024	2100201432		1040	01	ZSCL01	0003565241					00000		SP	0013000913			B	8	2100201432	000001	2100201432 RHIHRLYSIDING	K	3101	C	30.04.2024	21:33:23			00:00:00			00:00:00	SCLADMIN	30.04.2024	21:33:23			00:00:00		C				0.00	IN	IN		5,407.20	0.00	5,407.20	0.00	0.00	0.00
700	2100201940	000001	Z007	1000	5,394.00	0.00	INR		01.05.2024	01.05.2024	2100202112		1040	01	ZSCL01	0003571946					00000		SP	0013000913			B	8	2100202112	000001	2100202112 RHIHRLYSIDING	K	3101	C	01.05.2024	07:08:02			00:00:00			00:00:00	SCLADMIN	01.05.2024	07:08:02			00:00:00		C				0.00	IN	IN		5,394.00	0.00	5,394.00	0.00	0.00	0.00
700	2100202808	000001	Z007	1000	5,396.40	0.00	INR		01.05.2024	01.05.2024	2100202980		1040	01	ZSCL01	0003582687					00000		SP	0013000913			B	8	2100202980	000001	2100202980 RHIHRLYSIDING	K	3101	C	01.05.2024	19:02:35			00:00:00			00:00:00	SCLADMIN	01.05.2024	19:02:35			00:00:00		C				0.00	IN	IN		5,396.40	0.00	5,396.40	0.00	0.00	0.00
700	2100203000	000001	Z007	1000	5,402.40	0.00	INR		01.05.2024	01.05.2024	2100203172		1040	01	ZSCL01	0003584884					00000		SP	0013000913			B	8	2100203172	000001	2100203172 RHIHRLYSIDING	K	3101	C	01.05.2024	20:48:27			00:00:00			00:00:00	SCLADMIN	01.05.2024	20:48:27			00:00:00		C				0.00	IN	IN		5,402.40	0.00	5,402.40	0.00	0.00	0.00
700	2100203915	000001	Z007	1000	5,402.40	0.00	INR		02.05.2024	02.05.2024	2100204097		1040	01	ZSCL01	0003590973					00000		SP	0013000913			B	8	2100204097	000001	2100204097 RHIHRLYSIDING	K	3101	C	02.05.2024	09:23:11			00:00:00			00:00:00	SCLADMIN	02.05.2024	09:23:11			00:00:00		C				0.00	IN	IN		5,402.40	0.00	5,402.40	0.00	0.00	0.00
700	2100203973	000001	Z007	1000	5,407.20	0.00	INR		02.05.2024	02.05.2024	2100204155		1040	01	ZSCL01	0003591460					00000		SP	0013000913			B	8	2100204155	000001	2100204155 RHIHRLYSIDING	K	3101	C	02.05.2024	10:10:57			00:00:00			00:00:00	SCLADMIN	02.05.2024	10:10:57			00:00:00		C				0.00	IN	IN		5,407.20	0.00	5,407.20	0.00	0.00	0.00
700	2100204094	000001	Z007	1000	5,396.40	0.00	INR		02.05.2024	02.05.2024	2100204276		1040	01	ZSCL01	0003593118					00000		SP	0013000913			B	8	2100204276	000001	2100204276 RHIHRLYSIDING	K	3101	C	02.05.2024	11:57:57			00:00:00			00:00:00	SCLADMIN	02.05.2024	11:57:57			00:00:00		C				0.00	IN	IN		5,396.40	0.00	5,396.40	0.00	0.00	0.00
700	2100204143	000001	Z007	1000	5,407.20	0.00	INR		02.05.2024	02.05.2024	2100204325		1040	01	ZSCL01	0003594383					00000		SP	0013000913			B	8	2100204325	000001	2100204325 RHIHRLYSIDING	K	3101	C	02.05.2024	12:38:42			00:00:00			00:00:00	SCLADMIN	02.05.2024	12:38:42			00:00:00		C				0.00	IN	IN		5,407.20	0.00	5,407.20	0.00	0.00	0.00
700	2100206022	000001	Z007	1000	5,402.40	0.00	INR		03.05.2024	03.05.2024	2100206204		1040	01	ZSCL01	0003616944					00000		SP	0013000913			B	8	2100206204	000001	2100206204 RHIHRLYSIDING	K	3101	C	03.05.2024	10:18:49			00:00:00			00:00:00	SCLADMIN	03.05.2024	10:18:49			00:00:00		C				0.00	IN	IN		5,402.40	0.00	5,402.40	0.00	0.00	0.00
700	2100206321	000001	Z007	1000	5,402.40	0.00	INR		03.05.2024	03.05.2024	2100206493		1040	01	ZSCL01	0003624108					00000		SP	0013000913			B	8	2100206493	000001	2100206493 RHIHRLYSIDING	K	3101	C	03.05.2024	15:09:16			00:00:00			00:00:00	SCLADMIN	03.05.2024	15:09:16			00:00:00		C				0.00	IN	IN		5,402.40	0.00	5,402.40	0.00	0.00	0.00
700	2100208142	000001	Z007	1000	5,396.40	0.00	INR		04.05.2024	04.05.2024	2100208332		1040	01	ZSCL01	0003649030					00000		SP	0013000913			B	8	2100208332	000001	2100208332 RHIHRLYSIDING	K	3101	C	04.05.2024	09:40:23			00:00:00			00:00:00	SCLADMIN	04.05.2024	09:40:23			00:00:00		C				0.00	IN	IN		5,396.40	0.00	5,396.40	0.00	0.00	0.00
700	2100213661	000001	Z007	1000	5,394.00	0.00	INR		06.05.2024	06.05.2024	2100213863		1040	01	ZSCL01	0003738687					00000		SP	0013000913			B	8	2100213863	000001	2100213863 RHIHRLYSIDING	K	3101	C	06.05.2024	20:04:57			00:00:00			00:00:00	SCLADMIN	06.05.2024	20:04:57			00:00:00		C				0.00	IN	IN		5,394.00	0.00	5,394.00	0.00	0.00	0.00
700	2100214908	000001	Z007	1000	5,396.40	0.00	INR		07.05.2024	07.05.2024	2100215100		1040	01	ZSCL01	0003749109					00000		SP	0013000913			B	8	2100215100	000001	2100215100 RHIHRLYSIDING	K	3101	C	07.05.2024	08:54:09			00:00:00			00:00:00	SCLADMIN	07.05.2024	08:54:09			00:00:00		C				0.00	IN	IN		5,396.40	0.00	5,396.40	0.00	0.00	0.00
700	2100216263	000001	Z007	1000	5,396.40	0.00	INR		07.05.2024	07.05.2024	2100216455		1040	01	ZSCL01	0003775966					00000		SP	0013000913			B	8	2100216455	000001	2100216455 RHIHRLYSIDING	K	3101	C	07.05.2024	23:01:51			00:00:00			00:00:00	SCLADMIN	07.05.2024	23:01:51			00:00:00		C				0.00	IN	IN		5,396.40	0.00	5,396.40	0.00	0.00	0.00
700	2100216418	000001	Z007	1000	5,407.20	0.00	INR		08.05.2024	08.05.2024	2100216610		1040	01	ZSCL01	0003777038					00000		SP	0013000913			B	8	2100216610	000001	2100216610 RHIHRLYSIDING	K	3101	C	08.05.2024	00:10:34			00:00:00			00:00:00	SCLADMIN	08.05.2024	00:10:34			00:00:00		C				0.00	IN	IN		5,407.20	0.00	5,407.20	0.00	0.00	0.00
700	2100216984	000001	Z007	1000	5,394.00	0.00	INR		08.05.2024	08.05.2024	2100217176		1040	01	ZSCL01	0003779891					00000		SP	0013000913			B	8	2100217176	000001	2100217176 RHIHRLYSIDING	K	3101	C	08.05.2024	05:34:14			00:00:00			00:00:00	SCLADMIN	08.05.2024	05:34:14			00:00:00		C				0.00	IN	IN		5,394.00	0.00	5,394.00	0.00	0.00	0.00
700	2100217079	000001	Z007	1000	5,394.00	0.00	INR		08.05.2024	08.05.2024	2100217271		1040	01	ZSCL01	0003780533					00000		SP	0013000913			B	8	2100217271	000001	2100217271 RHIHRLYSIDING	K	3101	C	08.05.2024	07:38:19			00:00:00			00:00:00	SCLADMIN	08.05.2024	07:38:19			00:00:00		C				0.00	IN	IN		5,394.00	0.00	5,394.00	0.00	0.00	0.00
700	2100217182	000001	Z007	1000	5,402.40	0.00	INR		08.05.2024	08.05.2024	2100217374		1040	01	ZSCL01	0003781375					00000		SP	0013000913			B	8	2100217374	000001	2100217374 RHIHRLYSIDING	K	3101	C	08.05.2024	09:26:34			00:00:00			00:00:00	SCLADMIN	08.05.2024	09:26:34			00:00:00		C				0.00	IN	IN		5,402.40	0.00	5,402.40	0.00	0.00	0.00
700	2100217220	000001	Z007	1000	5,396.40	0.00	INR		08.05.2024	08.05.2024	2100217422		1040	01	ZSCL01	0003782010					00000		SP	0013000913			B	8	2100217422	000001	2100217422 RHIHRLYSIDING	K	3101	C	08.05.2024	10:10:39			00:00:00			00:00:00	SCLADMIN	08.05.2024	10:10:39			00:00:00		C				0.00	IN	IN		5,396.40	0.00	5,396.40	0.00	0.00	0.00
700	2100217333	000001	Z007	1000	5,396.40	0.00	INR		08.05.2024	08.05.2024	2100217535		1040	01	ZSCL01	0003784002					00000		SP	0013000913			B	8	2100217535	000001	2100217535 RHIHRLYSIDING	K	3101	C	08.05.2024	11:44:26			00:00:00			00:00:00	SCLADMIN	08.05.2024	11:44:26			00:00:00		C				0.00	IN	IN		5,396.40	0.00	5,396.40	0.00	0.00	0.00
700	2100217723	000001	Z007	1000	5,407.20	0.00	INR		08.05.2024	08.05.2024	2100217915		1040	01	ZSCL01	0003792755					00000		SP	0013000913			B	8	2100217915	000001	2100217915 RHIHRLYSIDING	K	3101	C	08.05.2024	15:59:39			00:00:00			00:00:00	SCLADMIN	08.05.2024	15:59:39			00:00:00		C				0.00	IN	IN		5,407.20	0.00	5,407.20	0.00	0.00	0.00
700	2100218722	000001	Z007	1000	5,407.20	0.00	INR		09.05.2024	09.05.2024	2100218914		1040	01	ZSCL01	0003812966					00000		SP	0013000913			B	8	2100218914	000001	2100218914 RHIHRLYSIDING	K	3101	C	09.05.2024	00:44:23			00:00:00			00:00:00	SCLADMIN	09.05.2024	00:44:23			00:00:00		C				0.00	IN	IN		5,407.20	0.00	5,407.20	0.00	0.00	0.00
700	2100219522	000001	Z007	1000	5,394.00	0.00	INR		09.05.2024	09.05.2024	2100219714		1040	01	ZSCL01	0003818482					00000		SP	0013000913			B	8	2100219714	000001	2100219714 RHIHRLYSIDING	K	3101	C	09.05.2024	11:09:29			00:00:00			00:00:00	SCLADMIN	09.05.2024	11:09:29			00:00:00		C				0.00	IN	IN		5,394.00	0.00	5,394.00	0.00	0.00	0.00
700	2100221432	000001	Z007	1000	5,407.20	0.00	INR		10.05.2024	10.05.2024	2100221624		1040	01	ZSCL01	0003846204					00000		SP	0013000913			B	8	2100221624	000001	2100221624 RHIHRLYSIDING	K	3101	C	10.05.2024	05:04:43			00:00:00			00:00:00	SCLADMIN	10.05.2024	05:04:43			00:00:00		C				0.00	IN	IN		5,407.20	0.00	5,407.20	0.00	0.00	0.00
700	2100221704	000001	Z007	1000	5,402.40	0.00	INR		10.05.2024	10.05.2024	2100221896		1040	01	ZSCL01	0003847957					00000		SP	0013000913			B	8	2100221896	000001	2100221896 RHIHRLYSIDING	K	3101	C	10.05.2024	09:26:05			00:00:00			00:00:00	SCLADMIN	10.05.2024	09:26:05			00:00:00		C				0.00	IN	IN		5,402.40	0.00	5,402.40	0.00	0.00	0.00
700	2100221745	000001	Z007	1000	5,407.20	0.00	INR		10.05.2024	10.05.2024	2100221937		1040	01	ZSCL01	0003848668					00000		SP	0013000913			B	8	2100221937	000001	2100221937 RHIHRLYSIDING	K	3101	C	10.05.2024	10:03:26			00:00:00			00:00:00	SCLADMIN	10.05.2024	10:03:26			00:00:00		C				0.00	IN	IN		5,407.20	0.00	5,407.20	0.00	0.00	0.00
700	2100222231	000001	Z007	1000	5,402.40	0.00	INR		10.05.2024	10.05.2024	2100222423		1040	01	ZSCL01	0003858503					00000		SP	0013000913			B	8	2100222423	000001	2100222423 RHIHRLYSIDING	K	3101	C	10.05.2024	16:07:00			00:00:00			00:00:00	SCLADMIN	10.05.2024	16:07:00			00:00:00		C				0.00	IN	IN		5,402.40	0.00	5,402.40	0.00	0.00	0.00
700	2100223456	000001	Z007	1000	5,394.00	0.00	INR		11.05.2024	11.05.2024	2100223648		1040	01	ZSCL01	0003879322					00000		SP	0013000913			B	8	2100223648	000001	2100223648 RHIHRLYSIDING	K	3101	C	11.05.2024	04:10:49			00:00:00			00:00:00	SCLADMIN	11.05.2024	04:10:49			00:00:00		C				0.00	IN	IN		5,394.00	0.00	5,394.00	0.00	0.00	0.00
700	2100223458	000001	Z007	1000	5,407.20	0.00	INR		11.05.2024	11.05.2024	2100223650		1040	01	ZSCL01	0003879328					00000		SP	0013000913			B	8	2100223650	000001	2100223650 RHIHRLYSIDING	K	3101	C	11.05.2024	04:12:13			00:00:00			00:00:00	SCLADMIN	11.05.2024	04:12:13			00:00:00		C				0.00	IN	IN		5,407.20	0.00	5,407.20	0.00	0.00	0.00
700	2100223466	000001	Z007	1000	5,394.00	0.00	INR		11.05.2024	11.05.2024	2100223658		1040	01	ZSCL01	0003879405					00000		SP	0013000913			B	8	2100223658	000001	2100223658 RHIHRLYSIDING	K	3101	C	11.05.2024	04:23:48			00:00:00			00:00:00	SCLADMIN	11.05.2024	04:23:48			00:00:00		C				0.00	IN	IN		5,394.00	0.00	5,394.00	0.00	0.00	0.00
700	2100223723	000001	Z007	1000	5,396.40	0.00	INR		11.05.2024	11.05.2024	2100223925		1040	01	ZSCL01	0003880777					00000		SP	0013000913			B	8	2100223925	000001	2100223925 RHIHRLYSIDING	K	3101	C	11.05.2024	08:12:26			00:00:00			00:00:00	SCLADMIN	11.05.2024	08:12:26			00:00:00		C				0.00	IN	IN		5,396.40	0.00	5,396.40	0.00	0.00	0.00
700	2100228278	000001	Z007	1000	5,407.20	0.00	INR		13.05.2024	13.05.2024	2100228471		1040	01	ZSCL01	0003944756					00000		SP	0013000913			B	8	2100228471	000001	2100228471 RHIHRLYSIDING	K	3101	C	13.05.2024	09:42:43			00:00:00			00:00:00	SCLADMIN	13.05.2024	09:42:43			00:00:00		C				0.00	IN	IN		5,407.20	0.00	5,407.20	0.00	0.00	0.00
700	2100230434	000001	Z007	1000	5,396.40	0.00	INR		14.05.2024	14.05.2024	2100230627		1040	01	ZSCL01	0003984145					00000		SP	0013000913			B	8	2100230627	000001	2100230627 RHIHRLYSIDING	K	3101	C	14.05.2024	08:28:56			00:00:00			00:00:00	SCLADMIN	14.05.2024	08:28:56			00:00:00		C				0.00	IN	IN		5,396.40	0.00	5,396.40	0.00	0.00	0.00
700	2100231896	000001	Z007	1000	5,394.00	0.00	INR		15.05.2024	15.05.2024	2100232089		1040	01	ZSCL01	0004019773					00000		SP	0013000913			B	8	2100232089	000001	2100232089 RHIHRLYSIDING	K	3101	C	15.05.2024	00:15:55			00:00:00			00:00:00	SCLADMIN	15.05.2024	00:15:55			00:00:00		C				0.00	IN	IN		5,394.00	0.00	5,394.00	0.00	0.00	0.00
700	2100232495	000001	Z007	1000	5,407.20	0.00	INR		15.05.2024	15.05.2024	2100232688		1040	01	ZSCL01	0004023171					00000		SP	0013000913			B	8	2100232688	000001	2100232688 RHIHRLYSIDING	K	3101	C	15.05.2024	06:55:36			00:00:00			00:00:00	SCLADMIN	15.05.2024	06:55:36			00:00:00		C				0.00	IN	IN		5,407.20	0.00	5,407.20	0.00	0.00	0.00
700	2100232605	000001	Z007	1000	5,402.40	0.00	INR		15.05.2024	15.05.2024	2100232788		1040	01	ZSCL01	0004023852					00000		SP	0013000913			B	8	2100232788	000001	2100232788 RHIHRLYSIDING	K	3101	C	15.05.2024	08:05:22			00:00:00			00:00:00	SCLADMIN	15.05.2024	08:05:22			00:00:00		C				0.00	IN	IN		5,402.40	0.00	5,402.40	0.00	0.00	0.00
700	2100232614	000001	Z007	1000	5,394.00	0.00	INR		15.05.2024	15.05.2024	2100232797		1040	01	ZSCL01	0004023902					00000		SP	0013000913			B	8	2100232797	000001	2100232797 RHIHRLYSIDING	K	3101	C	15.05.2024	08:08:16			00:00:00			00:00:00	SCLADMIN	15.05.2024	08:08:16			00:00:00		C				0.00	IN	IN		5,394.00	0.00	5,394.00	0.00	0.00	0.00
700	2100233695	000001	Z007	1000	5,394.00	0.00	INR		15.05.2024	15.05.2024	2100233898		1040	01	ZSCL01	0004074305					00000		SP	0013000913			B	8	2100233898	000001	2100233898 RHIHRLYSIDING	K	3101	C	15.05.2024	20:22:13			00:00:00			00:00:00	SCLADMIN	15.05.2024	20:22:13			00:00:00		C				0.00	IN	IN		5,394.00	0.00	5,394.00	0.00	0.00	0.00
700	2100234058	000001	Z007	1000	5,402.40	0.00	INR		15.05.2024	15.05.2024	2100234261		1040	01	ZSCL01	0004078895					00000		SP	0013000913			B	8	2100234261	000001	2100234261 RHIHRLYSIDING	K	3101	C	15.05.2024	23:14:59			00:00:00			00:00:00	SCLADMIN	15.05.2024	23:14:59			00:00:00		C				0.00	IN	IN		5,402.40	0.00	5,402.40	0.00	0.00	0.00
700	2100234926	000001	Z007	1000	5,394.00	0.00	INR		16.05.2024	16.05.2024	2100235119		1040	01	ZSCL01	0004085369					00000		SP	0013000913			B	8	2100235119	000001	2100235119 RHIHRLYSIDING	K	3101	C	16.05.2024	09:52:38			00:00:00			00:00:00	SCLADMIN	16.05.2024	09:52:38			00:00:00		C				0.00	IN	IN		5,394.00	0.00	5,394.00	0.00	0.00	0.00
700	2100234966	000001	Z007	1000	5,402.40	0.00	INR		16.05.2024	16.05.2024	2100235159		1040	01	ZSCL01	0004086701					00000		SP	0013000913			B	8	2100235159	000001	2100235159 RHIHRLYSIDING	K	3101	C	16.05.2024	10:29:38			00:00:00			00:00:00	SCLADMIN	16.05.2024	10:29:38			00:00:00		C				0.00	IN	IN		5,402.40	0.00	5,402.40	0.00	0.00	0.00
700	2100235036	000001	Z007	1000	5,407.20	0.00	INR		16.05.2024	16.05.2024	2100235229		1040	01	ZSCL01	0004089325					00000		SP	0013000913			B	8	2100235229	000001	2100235229 RHIHRLYSIDING	K	3101	C	16.05.2024	11:38:37			00:00:00			00:00:00	SCLADMIN	16.05.2024	11:38:37			00:00:00		C				0.00	IN	IN		5,407.20	0.00	5,407.20	0.00	0.00	0.00
700	2100235254	000001	Z007	1000	5,394.00	0.00	INR		16.05.2024	16.05.2024	2100235457		1040	01	ZSCL01	0004094569					00000		SP	0013000913			B	8	2100235457	000001	2100235457 RHIHRLYSIDING	K	3101	C	16.05.2024	14:56:58			00:00:00			00:00:00	SCLADMIN	16.05.2024	14:56:58			00:00:00		C				0.00	IN	IN		5,394.00	0.00	5,394.00	0.00	0.00	0.00
700	2100235271	000001	Z007	1000	5,407.20	0.00	INR		16.05.2024	16.05.2024	2100235474		1040	01	ZSCL01	0004095042					00000		SP	0013000913			B	8	2100235474	000001	2100235474 RHIHRLYSIDING	K	3101	C	16.05.2024	15:10:53			00:00:00			00:00:00	SCLADMIN	16.05.2024	15:10:53			00:00:00		C				0.00	IN	IN		5,407.20	0.00	5,407.20	0.00	0.00	0.00
700	2100236008	000001	Z007	1000	5,402.40	0.00	INR		16.05.2024	16.05.2024	2100236200		1040	01	ZSCL01	0004124254					00000		SP	0013000913			B	8	2100236200	000001	2100236200 RHIHRLYSIDING	K	3101	C	16.05.2024	21:19:48			00:00:00			00:00:00	SCLADMIN	16.05.2024	21:19:48			00:00:00		C				0.00	IN	IN		5,402.40	0.00	5,402.40	0.00	0.00	0.00
700	2100237171	000001	Z007	1000	5,402.40	0.00	INR		17.05.2024	17.05.2024	2100237373		1040	01	ZSCL01	0004132622					00000		SP	0013000913			B	8	2100237373	000001	2100237373 RHIHRLYSIDING	K	3101	C	17.05.2024	09:13:55			00:00:00			00:00:00	SCLADMIN	17.05.2024	09:13:55			00:00:00		C				0.00	IN	IN		5,402.40	0.00	5,402.40	0.00	0.00	0.00
700	2100237244	000001	Z007	1000	5,396.40	0.00	INR		17.05.2024	17.05.2024	2100237456		1040	01	ZSCL01	0004133399					00000		SP	0013000913			B	8	2100237456	000001	2100237456 RHIHRLYSIDING	K	3101	C	17.05.2024	10:13:00			00:00:00			00:00:00	SCLADMIN	17.05.2024	10:13:00			00:00:00		C				0.00	IN	IN		5,396.40	0.00	5,396.40	0.00	0.00	0.00
700	2100238094	000001	Z007	1000	5,396.40	0.00	INR		17.05.2024	17.05.2024	2100238296		1040	01	ZSCL01	0004164324					00000		SP	0013000913			B	8	2100238296	000001	2100238296 RHIHRLYSIDING	K	3101	C	17.05.2024	19:25:20			00:00:00			00:00:00	SCLADMIN	17.05.2024	19:25:20			00:00:00		C				0.00	IN	IN		5,396.40	0.00	5,396.40	0.00	0.00	0.00
700	2100238149	000001	Z007	1000	5,402.40	0.00	INR		17.05.2024	17.05.2024	2100238351		1040	01	ZSCL01	0004167068					00000		SP	0013000913			B	8	2100238351	000001	2100238351 RHIHRLYSIDING	K	3101	C	17.05.2024	19:45:45			00:00:00			00:00:00	SCLADMIN	17.05.2024	19:45:45			00:00:00		C				0.00	IN	IN		5,402.40	0.00	5,402.40	0.00	0.00	0.00
700	2100238641	000001	Z007	1000	5,394.00	0.00	INR		18.05.2024	18.05.2024	2100238833		1040	01	ZSCL01	0004174690					00000		SP	0013000913			B	8	2100238833	000001	2100238833 RHIHRLYSIDING	K	3101	C	18.05.2024	00:23:52			00:00:00			00:00:00	SCLADMIN	18.05.2024	00:23:52			00:00:00		C				0.00	IN	IN		5,394.00	0.00	5,394.00	0.00	0.00	0.00
700	2100239659	000001	Z007	1000	5,407.20	0.00	INR		18.05.2024	18.05.2024	2100239852		1040	01	ZSCL01	0004184821					00000		SP	0013000913			B	8	2100239852	000001	2100239852 RHIHRLYSIDING	K	3101	C	18.05.2024	13:03:44			00:00:00			00:00:00	SCLADMIN	18.05.2024	13:03:44			00:00:00		C				0.00	IN	IN		5,407.20	0.00	5,407.20	0.00	0.00	0.00
700	2100241192	000001	Z007	1000	5,407.20	0.00	INR		19.05.2024	19.05.2024	2100241385		1040	01	ZSCL01	0004214628					00000		SP	0013000913			B	8	2100241385	000001	2100241385 RHIHRLYSIDING	K	3101	C	19.05.2024	03:26:01			00:00:00			00:00:00	SCLADMIN	19.05.2024	03:26:01			00:00:00		C				0.00	IN	IN		5,407.20	0.00	5,407.20	0.00	0.00	0.00
700	2100241789	000001	Z007	1000	5,402.40	0.00	INR		19.05.2024	19.05.2024	2100241981		1040	01	ZSCL01	0004219216					00000		SP	0013000913			B	8	2100241981	000001	2100241981 RHIHRLYSIDING	K	3101	C	19.05.2024	11:14:22			00:00:00			00:00:00	SCLADMIN	19.05.2024	11:14:22			00:00:00		C				0.00	IN	IN		5,402.40	0.00	5,402.40	0.00	0.00	0.00
700	2100242436	000001	Z007	1000	5,394.00	0.00	INR		19.05.2024	19.05.2024	2100242628		1040	01	ZSCL01	0004231288					00000		SP	0013000913			B	8	2100242628	000001	2100242628 RHIHRLYSIDING	K	3101	C	19.05.2024	18:02:18			00:00:00			00:00:00	SCLADMIN	19.05.2024	18:02:18			00:00:00		C				0.00	IN	IN		5,394.00	0.00	5,394.00	0.00	0.00	0.00
700	2100242793	000001	Z007	1000	5,396.40	0.00	INR		19.05.2024	19.05.2024	2100242985		1040	01	ZSCL01	0004236372					00000		SP	0013000913			B	8	2100242985	000001	2100242985 RHIHRLYSIDING	K	3101	C	19.05.2024	20:20:50			00:00:00			00:00:00	SCLADMIN	19.05.2024	20:20:50			00:00:00		C				0.00	IN	IN		5,396.40	0.00	5,396.40	0.00	0.00	0.00
700	2100243051	000001	Z007	1000	5,396.40	0.00	INR		19.05.2024	19.05.2024	2100243244		1040	01	ZSCL01	0004240398					00000		SP	0013000913			B	8	2100243244	000001	2100243244 RHIHRLYSIDING	K	3101	C	19.05.2024	22:49:55			00:00:00			00:00:00	SCLADMIN	19.05.2024	22:49:55			00:00:00		C				0.00	IN	IN		5,396.40	0.00	5,396.40	0.00	0.00	0.00
700	2100243305	000001	Z007	1000	5,407.20	0.00	INR		20.05.2024	20.05.2024	2100243507		1040	01	ZSCL01	0004242337					00000		SP	0013000913			B	8	2100243507	000001	2100243507 RHIHRLYSIDING	K	3101	C	20.05.2024	01:06:11			00:00:00			00:00:00	SCLADMIN	20.05.2024	01:06:11			00:00:00		C				0.00	IN	IN		5,407.20	0.00	5,407.20	0.00	0.00	0.00
700	2100243766	000001	Z007	1000	5,402.40	0.00	INR		20.05.2024	20.05.2024	2100243958		1040	01	ZSCL01	0004245086					00000		SP	0013000913			B	8	2100243958	000001	2100243958 RHIHRLYSIDING	K	3101	C	20.05.2024	07:30:16			00:00:00			00:00:00	SCLADMIN	20.05.2024	07:30:16			00:00:00		C				0.00	IN	IN		5,402.40	0.00	5,402.40	0.00	0.00	0.00
700	2100243996	000001	Z007	1000	5,407.20	0.00	INR		20.05.2024	20.05.2024	2100244188		1040	01	ZSCL01	0004247229					00000		SP	0013000913			B	8	2100244188	000001	2100244188 RHIHRLYSIDING	K	3101	C	20.05.2024	10:36:38			00:00:00			00:00:00	SCLADMIN	20.05.2024	10:36:38			00:00:00		C				0.00	IN	IN		5,407.20	0.00	5,407.20	0.00	0.00	0.00
700	2100244966	000001	Z007	1000	5,394.00	0.00	INR		20.05.2024	20.05.2024	2100245158		1040	01	ZSCL01	0004291170					00000		SP	0013000913			B	8	2100245158	000001	2100245158 RHIHRLYSIDING	K	3101	C	20.05.2024	20:32:06			00:00:00			00:00:00	SCLADMIN	20.05.2024	20:32:06			00:00:00		C				0.00	IN	IN		5,394.00	0.00	5,394.00	0.00	0.00	0.00
700	2100245963	000001	Z007	1000	5,396.40	0.00	INR		21.05.2024	21.05.2024	2100246158		1040	01	ZSCL01	0004299048					00000		SP	0013000913			B	8	2100246158	000001	2100246158 RHIHRLYSIDING	K	3101	C	21.05.2024	05:10:44			00:00:00			00:00:00	SCLADMIN	21.05.2024	05:10:44			00:00:00		C				0.00	IN	IN		5,396.40	0.00	5,396.40	0.00	0.00	0.00
700	2100245986	000001	Z007	1000	5,396.40	0.00	INR		21.05.2024	21.05.2024	2100246181		1040	01	ZSCL01	0004299146					00000		SP	0013000913			B	8	2100246181	000001	2100246181 RHIHRLYSIDING	K	3101	C	21.05.2024	05:22:28			00:00:00			00:00:00	SCLADMIN	21.05.2024	05:22:28			00:00:00		C				0.00	IN	IN		5,396.40	0.00	5,396.40	0.00	0.00	0.00
700	2100246133	000001	Z007	1000	5,407.20	0.00	INR		21.05.2024	21.05.2024	2100246328		1040	01	ZSCL01	0004300076					00000		SP	0013000913			B	8	2100246328	000001	2100246328 RHIHRLYSIDING	K	3101	C	21.05.2024	07:34:02			00:00:00			00:00:00	SCLADMIN	21.05.2024	07:34:02			00:00:00		C				0.00	IN	IN		5,407.20	0.00	5,407.20	0.00	0.00	0.00
700	2100246858	000001	Z007	1000	5,396.40	0.00	INR		21.05.2024	21.05.2024	2100247053		1040	01	ZSCL01	0004319440					00000		SP	0013000913			B	8	2100247053	000001	2100247053 RHIHRLYSIDING	K	3101	C	21.05.2024	15:58:21			00:00:00			00:00:00	SCLADMIN	21.05.2024	15:58:21			00:00:00		C				0.00	IN	IN		5,396.40	0.00	5,396.40	0.00	0.00	0.00
700	2100248641	000001	Z007	1000	5,394.00	0.00	INR		22.05.2024	22.05.2024	2100248836		1040	01	ZSCL01	0004341870					00000		SP	0013000913			B	8	2100248836	000001	2100248836 RHIHRLYSIDING	K	3101	C	22.05.2024	09:08:16			00:00:00			00:00:00	SCLADMIN	22.05.2024	09:08:16			00:00:00		C				0.00	IN	IN		5,394.00	0.00	5,394.00	0.00	0.00	0.00
700	2100249876	000001	Z007	1000	5,407.20	0.00	INR		22.05.2024	22.05.2024	2100250071		1040	01	ZSCL01	0004379150					00000		SP	0013000913			B	8	2100250071	000001	2100250071 RHIHRLYSIDING	K	3101	C	22.05.2024	21:22:58			00:00:00			00:00:00	SCLADMIN	22.05.2024	21:22:58			00:00:00		C				0.00	IN	IN		5,407.20	0.00	5,407.20	0.00	0.00	0.00
700	2100251186	000001	Z007	1000	5,396.40	0.00	INR		23.05.2024	23.05.2024	2100251371		1040	01	ZSCL01	0004395165					00000		SP	0013000913			B	8	2100251371	000001	2100251371 RHIHRLYSIDING	K	3101	C	23.05.2024	12:32:51			00:00:00			00:00:00	SCLADMIN	23.05.2024	12:32:51			00:00:00		C				0.00	IN	IN		5,396.40	0.00	5,396.40	0.00	0.00	0.00
700	2100251331	000001	Z007	1000	5,394.00	0.00	INR		23.05.2024	23.05.2024	2100251526		1040	01	ZSCL01	0004402635					00000		SP	0013000913			B	8	2100251526	000001	2100251526 RHIHRLYSIDING	K	3101	C	23.05.2024	14:47:07			00:00:00			00:00:00	SCLADMIN	23.05.2024	14:47:07			00:00:00		C				0.00	IN	IN		5,394.00	0.00	5,394.00	0.00	0.00	0.00
700	2100252560	000001	Z007	1000	5,407.20	0.00	INR		24.05.2024	24.05.2024	2100252765		1040	01	ZSCL01	0004427874					00000		SP	0013000913			B	8	2100252765	000001	2100252765 RHIHRLYSIDING	K	3101	C	24.05.2024	01:30:24			00:00:00			00:00:00	SCLADMIN	24.05.2024	01:30:24			00:00:00		C				0.00	IN	IN		5,407.20	0.00	5,407.20	0.00	0.00	0.00
700	2100253442	000001	Z007	1000	5,402.40	0.00	INR		24.05.2024	24.05.2024	2100253627		1040	01	ZSCL01	0004435327					00000		SP	0013000913			B	8	2100253627	000001	2100253627 RHIHRLYSIDING	K	3101	C	24.05.2024	11:53:07			00:00:00			00:00:00	SCLADMIN	24.05.2024	11:53:07			00:00:00		C				0.00	IN	IN		5,402.40	0.00	5,402.40	0.00	0.00	0.00
700	2100253917	000001	Z007	1000	5,394.00	0.00	INR		24.05.2024	24.05.2024	2100254112		1040	01	ZSCL01	0004447749					00000		SP	0013000913			B	8	2100254112	000001	2100254112 RHIHRLYSIDING	K	3101	C	24.05.2024	16:47:01			00:00:00			00:00:00	SCLADMIN	24.05.2024	16:47:01			00:00:00		C				0.00	IN	IN		5,394.00	0.00	5,394.00	0.00	0.00	0.00
700	2100254691	000001	Z007	1000	5,402.40	0.00	INR		24.05.2024	24.05.2024	2100254886		1040	01	ZSCL01	0004463755					00000		SP	0013000913			B	8	2100254886	000001	2100254886 RHIHRLYSIDING	K	3101	C	24.05.2024	23:11:13			00:00:00			00:00:00	SCLADMIN	24.05.2024	23:11:13			00:00:00		C				0.00	IN	IN		5,402.40	0.00	5,402.40	0.00	0.00	0.00
700	2100255745	000001	Z007	1000	5,402.40	0.00	INR		25.05.2024	25.05.2024	2100255950		1040	01	ZSCL01	0004471352					00000		SP	0013000913			B	8	2100255950	000001	2100255950 RHIHRLYSIDING	K	3101	C	25.05.2024	10:38:02			00:00:00			00:00:00	SCLADMIN	25.05.2024	10:38:02			00:00:00		C				0.00	IN	IN		5,402.40	0.00	5,402.40	0.00	0.00	0.00
700	2100257911	000001	Z007	1000	5,396.40	0.00	INR		26.05.2024	26.05.2024	2100258116		1040	01	ZSCL01	0004504986					00000		SP	0013000913			B	8	2100258116	000001	2100258116 RHIHRLYSIDING	K	3101	C	26.05.2024	10:10:28			00:00:00			00:00:00	SCLADMIN	26.05.2024	10:10:28			00:00:00		C				0.00	IN	IN		5,396.40	0.00	5,396.40	0.00	0.00	0.00
700	2100257950	000001	Z007	1000	5,402.40	0.00	INR		26.05.2024	26.05.2024	2100258155		1040	01	ZSCL01	0004505646					00000		SP	0013000913			B	8	2100258155	000001	2100258155 RHIHRLYSIDING	K	3101	C	26.05.2024	10:46:52			00:00:00			00:00:00	SCLADMIN	26.05.2024	10:46:52			00:00:00		C				0.00	IN	IN		5,402.40	0.00	5,402.40	0.00	0.00	0.00
700	2100258141	000001	Z007	1000	5,396.40	0.00	INR		26.05.2024	26.05.2024	2100258346		1040	01	ZSCL01	0004508396					00000		SP	0013000913			B	8	2100258346	000001	2100258346 RHIHRLYSIDING	K	3101	C	26.05.2024	12:59:35			00:00:00			00:00:00	SCLADMIN	26.05.2024	12:59:35			00:00:00		C				0.00	IN	IN		5,396.40	0.00	5,396.40	0.00	0.00	0.00
700	2100258376	000001	Z007	1000	5,402.40	0.00	INR		26.05.2024	26.05.2024	2100258581		1040	01	ZSCL01	0004511931					00000		SP	0013000913			B	8	2100258581	000001	2100258581 RHIHRLYSIDING	K	3101	C	26.05.2024	15:30:19			00:00:00			00:00:00	SCLADMIN	26.05.2024	15:30:19			00:00:00		C				0.00	IN	IN		5,402.40	0.00	5,402.40	0.00	0.00	0.00
700	2100258815	000001	Z007	1000	5,407.20	0.00	INR		26.05.2024	26.05.2024	2100259020		1040	01	ZSCL01	0004519100					00000		SP	0013000913			B	8	2100259020	000001	2100259020 RHIHRLYSIDING	K	3101	C	26.05.2024	19:09:45			00:00:00			00:00:00	SCLADMIN	26.05.2024	19:09:45			00:00:00		C				0.00	IN	IN		5,407.20	0.00	5,407.20	0.00	0.00	0.00
700	2100259169	000001	Z007	1000	5,407.20	0.00	INR		26.05.2024	26.05.2024	2100259374		1040	01	ZSCL01	0004523437					00000		SP	0013000913			B	8	2100259374	000001	2100259374 RHIHRLYSIDING	K	3101	C	26.05.2024	21:42:36			00:00:00			00:00:00	SCLADMIN	26.05.2024	21:42:36			00:00:00		C				0.00	IN	IN		5,407.20	0.00	5,407.20	0.00	0.00	0.00
700	2100259924	000001	Z007	1000	5,394.00	0.00	INR		27.05.2024	27.05.2024	2100260119		1040	01	ZSCL01	0004528689					00000		SP	0013000913			B	8	2100260119	000001	2100260119 RHIHRLYSIDING	K	3101	C	27.05.2024	05:55:33			00:00:00			00:00:00	SCLADMIN	27.05.2024	05:55:33			00:00:00		C				0.00	IN	IN		5,394.00	0.00	5,394.00	0.00	0.00	0.00
700	2100260140	000001	Z007	1000	5,396.40	0.00	INR		27.05.2024	27.05.2024	2100260345		1040	01	ZSCL01	0004530192					00000		SP	0013000913			B	8	2100260345	000001	2100260345 RHIHRLYSIDING	K	3101	C	27.05.2024	09:27:24			00:00:00			00:00:00	SCLADMIN	27.05.2024	09:27:24			00:00:00		C				0.00	IN	IN		5,396.40	0.00	5,396.40	0.00	0.00	0.00
700	2100261132	000001	Z007	1000	5,407.20	0.00	INR		27.05.2024	27.05.2024	2100261337		1040	01	ZSCL01	0004564718					00000		SP	0013000913			B	8	2100261337	000001	2100261337 RHIHRLYSIDING	K	3101	C	27.05.2024	19:51:10			00:00:00			00:00:00	SCLADMIN	27.05.2024	19:51:10			00:00:00		C				0.00	IN	IN		5,407.20	0.00	5,407.20	0.00	0.00	0.00
700	2100261409	000001	Z007	1000	5,402.40	0.00	INR		27.05.2024	27.05.2024	2100261614		1040	01	ZSCL01	0004569935					00000		SP	0013000913			B	8	2100261614	000001	2100261614 RHIHRLYSIDING	K	3101	C	27.05.2024	22:49:34			00:00:00			00:00:00	SCLADMIN	27.05.2024	22:49:34			00:00:00		C				0.00	IN	IN		5,402.40	0.00	5,402.40	0.00	0.00	0.00
700	2100264512	000001	Z007	1000	5,396.40	0.00	INR		29.05.2024	29.05.2024	2100264708		1040	01	ZSCL01	0004616476					00000		SP	0013000913			B	8	2100264708	000001	2100264708 RHIHRLYSIDING	K	3101	C	29.05.2024	08:45:48			00:00:00			00:00:00	SCLADMIN	29.05.2024	08:45:48			00:00:00		C				0.00	IN	IN		5,396.40	0.00	5,396.40	0.00	0.00	0.00
700	2100264838	000001	Z007	1000	5,407.20	0.00	INR		29.05.2024	29.05.2024	2100265034		1040	01	ZSCL01	0004622645					00000		SP	0013000913			B	8	2100265034	000001	2100265034 RHIHRLYSIDING	K	3101	C	29.05.2024	12:18:44			00:00:00			00:00:00	SCLADMIN	29.05.2024	12:18:44			00:00:00		C				0.00	IN	IN		5,407.20	0.00	5,407.20	0.00	0.00	0.00
700	2100264900	000001	Z007	1000	5,394.00	0.00	INR		29.05.2024	29.05.2024	2100265096		1040	01	ZSCL01	0004624287					00000		SP	0013000913			B	8	2100265096	000001	2100265096 RHIHRLYSIDING	K	3101	C	29.05.2024	12:53:04			00:00:00			00:00:00	SCLADMIN	29.05.2024	12:53:04			00:00:00		C				0.00	IN	IN		5,394.00	0.00	5,394.00	0.00	0.00	0.00
700	2100264943	000001	Z007	1000	5,402.40	0.00	INR		29.05.2024	29.05.2024	2100265139		1040	01	ZSCL01	0004624796					00000		SP	0013000913			B	8	2100265139	000001	2100265139 RHIHRLYSIDING	K	3101	C	29.05.2024	13:12:25			00:00:00			00:00:00	SCLADMIN	29.05.2024	13:12:25			00:00:00		C				0.00	IN	IN		5,402.40	0.00	5,402.40	0.00	0.00	0.00
700	2100265168	000001	Z007	1000	5,402.40	0.00	INR		29.05.2024	29.05.2024	2100265384		1040	01	ZSCL01	0004629762					00000		SP	0013000913			B	8	2100265384	000001	2100265384 RHIHRLYSIDING	K	3101	C	29.05.2024	15:31:29			00:00:00			00:00:00	SCLADMIN	29.05.2024	15:31:29			00:00:00		C				0.00	IN	IN		5,402.40	0.00	5,402.40	0.00	0.00	0.00
700	2100269296	000001	Z007	1000	5,402.40	0.00	INR		31.05.2024	31.05.2024	2100269502		1040	01	ZSCL01	0004711774					00000		SP	0013000913			B	8	2100269502	000001	2100269502 RHIHRLYSIDING	K	3101	C	31.05.2024	05:39:07			00:00:00			00:00:00	SCLADMIN	31.05.2024	05:39:07			00:00:00		C				0.00	IN	IN		5,402.40	0.00	5,402.40	0.00	0.00	0.00
700	2100269392	000001	Z007	1000	5,394.00	0.00	INR		31.05.2024	31.05.2024	2100269588		1040	01	ZSCL01	0004712541					00000		SP	0013000913			B	8	2100269588	000001	2100269588 RHIHRLYSIDING	K	3101	C	31.05.2024	07:25:42			00:00:00			00:00:00	SCLADMIN	31.05.2024	07:25:42			00:00:00		C				0.00	IN	IN		5,394.00	0.00	5,394.00	0.00	0.00	0.00
700	2100272415	000001	Z007	1000	5,407.20	0.00	INR		01.06.2024	01.06.2024	2100272621		1040	01	ZSCL01	0004855018					00000		SP	0013000913			B	8	2100272621	000001	2100272621 RHIHRLYSIDING	K	3101	C	01.06.2024	18:26:09			00:00:00			00:00:00	SCLADMIN	01.06.2024	18:26:09			00:00:00		C				0.00	IN	IN		5,407.20	0.00	5,407.20	0.00	0.00	0.00
700	2100272423	000001	Z007	1000	5,396.40	0.00	INR		01.06.2024	01.06.2024	2100272629		1040	01	ZSCL01	0004855115					00000		SP	0013000913			B	8	2100272629	000001	2100272629 RHIHRLYSIDING	K	3101	C	01.06.2024	18:30:32			00:00:00			00:00:00	SCLADMIN	01.06.2024	18:30:32			00:00:00		C				0.00	IN	IN		5,396.40	0.00	5,396.40	0.00	0.00	0.00
700	2100272720	000001	Z007	1000	5,396.40	0.00	INR		01.06.2024	01.06.2024	2100272926		1040	01	ZSCL01	0004858884					00000		SP	0013000913			B	8	2100272926	000001	2100272926 RHIHRLYSIDING	K	3101	C	01.06.2024	21:26:24			00:00:00			00:00:00	SCLADMIN	01.06.2024	21:26:24			00:00:00		C				0.00	IN	IN		5,396.40	0.00	5,396.40	0.00	0.00	0.00
700	2100273702	000001	Z007	1000	5,396.40	0.00	INR		02.06.2024	02.06.2024	2100273912		1040	01	ZSCL01	0004865938					00000		SP	0013000913			B	8	2100273912	000001	2100273912 RHIHRLYSIDING	K	3101	C	02.06.2024	09:59:11			00:00:00			00:00:00	SCLADMIN	02.06.2024	09:59:11			00:00:00		C				0.00	IN	IN		5,396.40	0.00	5,396.40	0.00	0.00	0.00
700	2100274068	000001	Z007	1000	5,396.40	0.00	INR		02.06.2024	02.06.2024	2100274278		1040	01	ZSCL01	0004872179					00000		SP	0013000913			B	8	2100274278	000001	2100274278 RHIHRLYSIDING	K	3101	C	02.06.2024	14:54:44			00:00:00			00:00:00	SCLADMIN	02.06.2024	14:54:44			00:00:00		C				0.00	IN	IN		5,396.40	0.00	5,396.40	0.00	0.00	0.00
700	2100275762	000001	Z007	1000	5,402.40	0.00	INR		03.06.2024	03.06.2024	2100275972		1040	01	ZSCL01	0004888246					00000		SP	0013000913			B	8	2100275972	000001	2100275972 RHIHRLYSIDING	K	3101	C	03.06.2024	05:16:36			00:00:00			00:00:00	SCLADMIN	03.06.2024	05:16:36			00:00:00		C				0.00	IN	IN		5,402.40	0.00	5,402.40	0.00	0.00	0.00
700	2100284334	000001	Z007	1000	5,394.00	0.00	INR		06.06.2024	06.06.2024	2100284542		1040	01	ZSCL01	0005023947					00000		SP	0013000913			B	8	2100284542	000001	2100284542 RHIHRLYSIDING	K	3101	C	06.06.2024	23:50:59			00:00:00			00:00:00	SCLADMIN	06.06.2024	23:50:59			00:00:00		C				0.00	IN	IN		5,394.00	0.00	5,394.00	0.00	0.00	0.00
700	2100286951	000001	Z007	1000	5,394.00	0.00	INR		08.06.2024	08.06.2024	2100287162		1040	01	ZSCL01	0005089484					00000		SP	0013000913			B	8	2100287162	000001	2100287162 RHIHRLYSIDING	K	3101	C	08.06.2024	01:26:47			00:00:00			00:00:00	SCLADMIN	08.06.2024	01:26:47			00:00:00		C				0.00	IN	IN		5,394.00	0.00	5,394.00	0.00	0.00	0.00
700	2100287254	000001	Z007	1000	5,407.20	0.00	INR		08.06.2024	08.06.2024	2100287465		1040	01	ZSCL01	0005091130					00000		SP	0013000913			B	8	2100287465	000001	2100287465 RHIHRLYSIDING	K	3101	C	08.06.2024	03:58:53			00:00:00			00:00:00	SCLADMIN	08.06.2024	03:58:53			00:00:00		C				0.00	IN	IN		5,407.20	0.00	5,407.20	0.00	0.00	0.00
700	2100287590	000001	Z007	1000	5,396.40	0.00	INR		08.06.2024	08.06.2024	2100287801		1040	01	ZSCL01	0005092893					00000		SP	0013000913			B	8	2100287801	000001	2100287801 RHIHRLYSIDING	K	3101	C	08.06.2024	07:38:32			00:00:00			00:00:00	SCLADMIN	08.06.2024	07:38:32			00:00:00		C				0.00	IN	IN		5,396.40	0.00	5,396.40	0.00	0.00	0.00
700	2100288948	000001	Z007	1000	5,407.20	0.00	INR		08.06.2024	08.06.2024	2100289159		1040	01	ZSCL01	0005174685					00000		SP	0013000913			B	8	2100289159	000001	2100289159 RHIHRLYSIDING	K	3101	C	08.06.2024	20:05:40			00:00:00			00:00:00	SCLADMIN	08.06.2024	20:05:40			00:00:00		C				0.00	IN	IN		5,407.20	0.00	5,407.20	0.00	0.00	0.00
700	2100289916	000001	Z007	1000	5,396.40	0.00	INR		09.06.2024	09.06.2024	2100290126		1040	01	ZSCL01	0005183532					00000		SP	0013000913			B	8	2100290126	000001	2100290126 RHIHRLYSIDING	K	3101	C	09.06.2024	05:03:07			00:00:00			00:00:00	SCLADMIN	09.06.2024	05:03:07			00:00:00		C				0.00	IN	IN		5,396.40	0.00	5,396.40	0.00	0.00	0.00
700	2100289964	000001	Z007	1000	5,407.20	0.00	INR		09.06.2024	09.06.2024	2100290174		1040	01	ZSCL01	0005183757					00000		SP	0013000913			B	8	2100290174	000001	2100290174 RHIHRLYSIDING	K	3101	C	09.06.2024	05:20:27			00:00:00			00:00:00	SCLADMIN	09.06.2024	05:20:27			00:00:00		C				0.00	IN	IN		5,407.20	0.00	5,407.20	0.00	0.00	0.00
700	2100290386	000001	Z007	1000	5,402.40	0.00	INR		09.06.2024	09.06.2024	2100290596		1040	01	ZSCL01	0005187459					00000		SP	0013000913			B	8	2100290596	000001	2100290596 RHIHRLYSIDING	K	3101	C	09.06.2024	10:59:55			00:00:00			00:00:00	SCLADMIN	09.06.2024	10:59:55			00:00:00		C				0.00	IN	IN		5,402.40	0.00	5,402.40	0.00	0.00	0.00
700	2100290491	000001	Z007	1000	5,407.20	0.00	INR		09.06.2024	09.06.2024	2100290701		1040	01	ZSCL01	0005188975					00000		SP	0013000913			B	8	2100290701	000001	2100290701 RHIHRLYSIDING	K	3101	C	09.06.2024	12:02:30			00:00:00			00:00:00	SCLADMIN	09.06.2024	12:02:30			00:00:00		C				0.00	IN	IN		5,407.20	0.00	5,407.20	0.00	0.00	0.00
700	2100290932	000001	Z007	1000	5,402.40	0.00	INR		09.06.2024	09.06.2024	2100291142		1040	01	ZSCL01	0005196208					00000		SP	0013000913			B	8	2100291142	000001	2100291142 RHIHRLYSIDING	K	3101	C	09.06.2024	16:22:49			00:00:00			00:00:00	SCLADMIN	09.06.2024	16:22:49			00:00:00		C				0.00	IN	IN		5,402.40	0.00	5,402.40	0.00	0.00	0.00
700	2100291438	000001	Z007	1000	5,394.00	0.00	INR		09.06.2024	09.06.2024	2100291648		1040	01	ZSCL01	0005203599					00000		SP	0013000913			B	8	2100291648	000001	2100291648 RHIHRLYSIDING	K	3101	C	09.06.2024	19:48:49			00:00:00			00:00:00	SCLADMIN	09.06.2024	19:48:49			00:00:00		C				0.00	IN	IN		5,394.00	0.00	5,394.00	0.00	0.00	0.00
700	2100292154	000001	Z007	1000	5,402.40	0.00	INR		10.06.2024	10.06.2024	2100292364		1040	01	ZSCL01	0005210799					00000		SP	0013000913			B	8	2100292364	000001	2100292364 RHIHRLYSIDING	K	3101	C	10.06.2024	01:40:32			00:00:00			00:00:00	SCLADMIN	10.06.2024	01:40:32			00:00:00		C				0.00	IN	IN		5,402.40	0.00	5,402.40	0.00	0.00	0.00
700	2100292282	000001	Z007	1000	5,402.40	0.00	INR		10.06.2024	10.06.2024	2100292492		1040	01	ZSCL01	0005211461					00000		SP	0013000913			B	8	2100292492	000001	2100292492 RHIHRLYSIDING	K	3101	C	10.06.2024	02:47:51			00:00:00			00:00:00	SCLADMIN	10.06.2024	02:47:51			00:00:00		C				0.00	IN	IN		5,402.40	0.00	5,402.40	0.00	0.00	0.00
700	2100292736	000001	Z007	1000	5,402.40	0.00	INR		10.06.2024	10.06.2024	2100292947		1040	01	ZSCL01	0005214024					00000		SP	0013000913			B	8	2100292947	000001	2100292947 RHIHRLYSIDING	K	3101	C	10.06.2024	09:02:51			00:00:00			00:00:00	SCLADMIN	10.06.2024	09:02:51			00:00:00		C				0.00	IN	IN		5,402.40	0.00	5,402.40	0.00	0.00	0.00
700	2100293453	000001	Z007	1000	5,402.40	0.00	INR		10.06.2024	10.06.2024	2100293665		1040	01	ZSCL01	0005255046					00000		SP	0013000913			B	8	2100293665	000001	2100293665 RHIHRLYSIDING	K	3101	C	10.06.2024	17:24:12			00:00:00			00:00:00	SCLADMIN	10.06.2024	17:24:12			00:00:00		C				0.00	IN	IN		5,402.40	0.00	5,402.40	0.00	0.00	0.00
700	2100293618	000001	Z007	1000	5,394.00	0.00	INR		10.06.2024	10.06.2024	2100293830		1040	01	ZSCL01	0005272007					00000		SP	0013000913			B	8	2100293830	000001	2100293830 RHIHRLYSIDING	K	3101	C	10.06.2024	18:28:02			00:00:00			00:00:00	SCLADMIN	10.06.2024	18:28:02			00:00:00		C				0.00	IN	IN		5,394.00	0.00	5,394.00	0.00	0.00	0.00
700	2100295172	000001	Z007	1000	5,396.40	0.00	INR		11.06.2024	11.06.2024	2100295384		1040	01	ZSCL01	0005311599					00000		SP	0013000913			B	8	2100295384	000001	2100295384 RHIHRLYSIDING	K	3101	C	11.06.2024	09:57:46			00:00:00			00:00:00	SCLADMIN	11.06.2024	09:57:46			00:00:00		C				0.00	IN	IN		5,396.40	0.00	5,396.40	0.00	0.00	0.00
700	2100295203	000001	Z007	1000	5,396.40	0.00	INR		11.06.2024	11.06.2024	2100295415		1040	01	ZSCL01	0005313234					00000		SP	0013000913			B	8	2100295415	000001	2100295415 RHIHRLYSIDING	K	3101	C	11.06.2024	10:20:51			00:00:00			00:00:00	SCLADMIN	11.06.2024	10:20:51			00:00:00		C				0.00	IN	IN		5,396.40	0.00	5,396.40	0.00	0.00	0.00
700	2100295371	000001	Z007	1000	5,402.40	0.00	INR		11.06.2024	11.06.2024	2100295583		1040	01	ZSCL01	0005319625					00000		SP	0013000913			B	8	2100295583	000001	2100295583 RHIHRLYSIDING	K	3101	C	11.06.2024	11:47:46			00:00:00			00:00:00	SCLADMIN	11.06.2024	11:47:46			00:00:00		C				0.00	IN	IN		5,402.40	0.00	5,402.40	0.00	0.00	0.00
700	2100295615	000001	Z007	1000	5,402.40	0.00	INR		11.06.2024	11.06.2024	2100295827		1040	01	ZSCL01	0005336144					00000		SP	0013000913			B	8	2100295827	000001	2100295827 RHIHRLYSIDING	K	3101	C	11.06.2024	14:37:17			00:00:00			00:00:00	SCLADMIN	11.06.2024	14:37:17			00:00:00		C				0.00	IN	IN		5,402.40	0.00	5,402.40	0.00	0.00	0.00
700	2100296314	000001	Z007	1000	5,407.20	0.00	INR		11.06.2024	11.06.2024	2100296526		1040	01	ZSCL01	0005359554					00000		SP	0013000913			B	8	2100296526	000001	2100296526 RHIHRLYSIDING	K	3101	C	11.06.2024	19:54:05			00:00:00			00:00:00	SCLADMIN	11.06.2024	19:54:05			00:00:00		C				0.00	IN	IN		5,407.20	0.00	5,407.20	0.00	0.00	0.00
700	2100296387	000001	Z007	1000	5,396.40	0.00	INR		11.06.2024	11.06.2024	2100296599		1040	01	ZSCL01	0005361118					00000		SP	0013000913			B	8	2100296599	000001	2100296599 RHIHRLYSIDING	K	3101	C	11.06.2024	20:41:14			00:00:00			00:00:00	SCLADMIN	11.06.2024	20:41:14			00:00:00		C				0.00	IN	IN		5,396.40	0.00	5,396.40	0.00	0.00	0.00
700	2100296444	000001	Z007	1000	5,407.20	0.00	INR		11.06.2024	11.06.2024	2100296656		1040	01	ZSCL01	0005361780					00000		SP	0013000913			B	8	2100296656	000001	2100296656 RHIHRLYSIDING	K	3101	C	11.06.2024	21:04:18			00:00:00			00:00:00	SCLADMIN	11.06.2024	21:04:18			00:00:00		C				0.00	IN	IN		5,407.20	0.00	5,407.20	0.00	0.00	0.00
700	2100296465	000001	Z007	1000	5,396.40	0.00	INR		11.06.2024	11.06.2024	2100296677		1040	01	ZSCL01	0005362226					00000		SP	0013000913			B	8	2100296677	000001	2100296677 RHIHRLYSIDING	K	3101	C	11.06.2024	21:18:28			00:00:00			00:00:00	SCLADMIN	11.06.2024	21:18:28			00:00:00		C				0.00	IN	IN		5,396.40	0.00	5,396.40	0.00	0.00	0.00
700	2100297065	000001	Z007	1000	5,407.20	0.00	INR		12.06.2024	12.06.2024	2100297277		1040	01	ZSCL01	0005367778					00000		SP	0013000913			B	8	2100297277	000001	2100297277 RHIHRLYSIDING	K	3101	C	12.06.2024	02:05:46			00:00:00			00:00:00	SCLADMIN	12.06.2024	02:05:46			00:00:00		C				0.00	IN	IN		5,407.20	0.00	5,407.20	0.00	0.00	0.00
700	2100297248	000001	Z007	1000	5,407.20	0.00	INR		12.06.2024	12.06.2024	2100297460		1040	01	ZSCL01	0005368802					00000		SP	0013000913			B	8	2100297460	000001	2100297460 RHIHRLYSIDING	K	3101	C	12.06.2024	03:56:41			00:00:00			00:00:00	SCLADMIN	12.06.2024	03:56:41			00:00:00		C				0.00	IN	IN		5,407.20	0.00	5,407.20	0.00	0.00	0.00
700	2100297528	000001	Z007	1000	5,407.20	0.00	INR		12.06.2024	12.06.2024	2100297740		1040	01	ZSCL01	0005370284					00000		SP	0013000913			B	8	2100297740	000001	2100297740 RHIHRLYSIDING	K	3101	C	12.06.2024	07:01:55			00:00:00			00:00:00	SCLADMIN	12.06.2024	07:01:55			00:00:00		C				0.00	IN	IN		5,407.20	0.00	5,407.20	0.00	0.00	0.00
700	2100297671	000001	Z007	1000	5,407.20	0.00	INR		12.06.2024	12.06.2024	2100297883		1040	01	ZSCL01	0005371090					00000		SP	0013000913			B	8	2100297883	000001	2100297883 RHIHRLYSIDING	K	3101	C	12.06.2024	08:42:12			00:00:00			00:00:00	SCLADMIN	12.06.2024	08:42:12			00:00:00		C				0.00	IN	IN		5,407.20	0.00	5,407.20	0.00	0.00	0.00
700	2100297709	000001	Z007	1000	5,402.40	0.00	INR		12.06.2024	12.06.2024	2100297921		1040	01	ZSCL01	0005371345					00000		SP	0013000913			B	8	2100297921	000001	2100297921 RHIHRLYSIDING	K	3101	C	12.06.2024	09:11:49			00:00:00			00:00:00	SCLADMIN	12.06.2024	09:11:49			00:00:00		C				0.00	IN	IN		5,402.40	0.00	5,402.40	0.00	0.00	0.00
700	2100297726	000001	Z007	1000	5,394.00	0.00	INR		12.06.2024	12.06.2024	2100297938		1040	01	ZSCL01	0005371516					00000		SP	0013000913			B	8	2100297938	000001	2100297938 RHIHRLYSIDING	K	3101	C	12.06.2024	09:26:13			00:00:00			00:00:00	SCLADMIN	12.06.2024	09:26:13			00:00:00		C				0.00	IN	IN		5,394.00	0.00	5,394.00	0.00	0.00	0.00
700	2100297800	000001	Z007	1000	5,402.40	0.00	INR		12.06.2024	12.06.2024	2100298012		1040	01	ZSCL01	0005372607					00000		SP	0013000913			B	8	2100298012	000001	2100298012 RHIHRLYSIDING	K	3101	C	12.06.2024	10:17:33			00:00:00			00:00:00	SCLADMIN	12.06.2024	10:17:33			00:00:00		C				0.00	IN	IN		5,402.40	0.00	5,402.40	0.00	0.00	0.00
700	2100297930	000001	Z007	1000	5,396.40	0.00	INR		12.06.2024	12.06.2024	2100298142		1040	01	ZSCL01	0005378254					00000		SP	0013000913			B	8	2100298142	000001	2100298142 RHIHRLYSIDING	K	3101	C	12.06.2024	11:31:17			00:00:00			00:00:00	SCLADMIN	12.06.2024	11:31:17			00:00:00		C				0.00	IN	IN		5,396.40	0.00	5,396.40	0.00	0.00	0.00
700	2100299063	000001	Z007	1000	5,396.40	0.00	INR		12.06.2024	12.06.2024	2100299274		1040	01	ZSCL01	0005405990					00000		SP	0013000913			B	8	2100299274	000001	2100299274 RHIHRLYSIDING	K	3101	C	12.06.2024	21:10:18			00:00:00			00:00:00	SCLADMIN	12.06.2024	21:10:18			00:00:00		C				0.00	IN	IN		5,396.40	0.00	5,396.40	0.00	0.00	0.00
700	2100304279	000001	Z007	1000	5,396.40	0.00	INR		14.06.2024	14.06.2024	2100304492		1040	01	ZSCL01	0005515505					00000		SP	0013000913			B	8	2100304492	000001	2100304492 RHIHRLYSIDING	K	3101	C	14.06.2024	23:41:17			00:00:00			00:00:00	SCLADMIN	14.06.2024	23:41:17			00:00:00		C				0.00	IN	IN		5,396.40	0.00	5,396.40	0.00	0.00	0.00
700	2100304931	000001	Z007	1000	5,402.40	0.00	INR		15.06.2024	15.06.2024	2100305144		1040	01	ZSCL01	0005519208					00000		SP	0013000913			B	8	2100305144	000001	2100305144 RHIHRLYSIDING	K	3101	C	15.06.2024	05:55:05			00:00:00			00:00:00	SCLADMIN	15.06.2024	05:55:05			00:00:00		C				0.00	IN	IN		5,402.40	0.00	5,402.40	0.00	0.00	0.00
700	2100305607	000001	Z007	1000	5,402.40	0.00	INR		15.06.2024	15.06.2024	2100305820		1040	01	ZSCL01	0005531689					00000		SP	0013000913			B	8	2100305820	000001	2100305820 RHIHRLYSIDING	K	3101	C	15.06.2024	14:47:23			00:00:00			00:00:00	SCLADMIN	15.06.2024	14:47:23			00:00:00		C				0.00	IN	IN		5,402.40	0.00	5,402.40	0.00	0.00	0.00
700	2100308196	000001	Z007	1000	5,394.00	0.00	INR		16.06.2024	16.06.2024	2100308409		1040	01	ZSCL01	0005564027					00000		SP	0013000913			B	8	2100308409	000001	2100308409 RHIHRLYSIDING	K	3101	C	16.06.2024	16:02:48			00:00:00			00:00:00	SCLADMIN	16.06.2024	16:02:48			00:00:00		C				0.00	IN	IN		5,394.00	0.00	5,394.00	0.00	0.00	0.00
700	2100308839	000001	Z007	1000	5,407.20	0.00	INR		16.06.2024	16.06.2024	2100309052		1040	01	ZSCL01	0005573614					00000		SP	0013000913			B	8	2100309052	000001	2100309052 RHIHRLYSIDING	K	3101	C	16.06.2024	21:05:11			00:00:00			00:00:00	SCLADMIN	16.06.2024	21:05:11			00:00:00		C				0.00	IN	IN		5,407.20	0.00	5,407.20	0.00	0.00	0.00
700	2100310526	000001	Z007	1000	5,402.40	0.00	INR		17.06.2024	17.06.2024	2100310729		1040	01	ZSCL01	0005594460					00000		SP	0013000913			B	8	2100310729	000001	2100310729 RHIHRLYSIDING	K	3101	C	17.06.2024	17:22:41			00:00:00			00:00:00	SCLADMIN	17.06.2024	17:22:41			00:00:00		C				0.00	IN	IN		5,402.40	0.00	5,402.40	0.00	0.00	0.00
700	2100310678	000001	Z007	1000	5,396.40	0.00	INR		17.06.2024	17.06.2024	2100310881		1040	01	ZSCL01	0005598754					00000		SP	0013000913			B	8	2100310881	000001	2100310881 RHIHRLYSIDING	K	3101	C	17.06.2024	18:45:06			00:00:00			00:00:00	SCLADMIN	17.06.2024	18:45:06			00:00:00		C				0.00	IN	IN		5,396.40	0.00	5,396.40	0.00	0.00	0.00
700	2100312091	000001	Z007	1000	5,394.00	0.00	INR		18.06.2024	18.06.2024	2100312294		1040	01	ZSCL01	0005610912					00000		SP	0013000913			B	8	2100312294	000001	2100312294 RHIHRLYSIDING	K	3101	C	18.06.2024	10:54:20			00:00:00			00:00:00	SCLADMIN	18.06.2024	10:54:20			00:00:00		C				0.00	IN	IN		5,394.00	0.00	5,394.00	0.00	0.00	0.00
700	2100313220	000001	Z007	1000	5,402.40	0.00	INR		18.06.2024	18.06.2024	2100313423		1040	01	ZSCL01	0005654063					00000		SP	0013000913			B	8	2100313423	000001	2100313423 RHIHRLYSIDING	K	3101	C	18.06.2024	22:48:41			00:00:00			00:00:00	SCLADMIN	18.06.2024	22:48:41			00:00:00		C				0.00	IN	IN		5,402.40	0.00	5,402.40	0.00	0.00	0.00
700	2100313250	000001	Z007	1000	5,394.00	0.00	INR		18.06.2024	18.06.2024	2100313453		1040	01	ZSCL01	0005654348					00000		SP	0013000913			B	8	2100313453	000001	2100313453 RHIHRLYSIDING	K	3101	C	18.06.2024	23:04:16			00:00:00			00:00:00	SCLADMIN	18.06.2024	23:04:16			00:00:00		C				0.00	IN	IN		5,394.00	0.00	5,394.00	0.00	0.00	0.00
700	2100313257	000001	Z007	1000	5,402.40	0.00	INR		18.06.2024	18.06.2024	2100313460		1040	01	ZSCL01	0005654392					00000		SP	0013000913			B	8	2100313460	000001	2100313460 RHIHRLYSIDING	K	3101	C	18.06.2024	23:08:21			00:00:00			00:00:00	SCLADMIN	18.06.2024	23:08:21			00:00:00		C				0.00	IN	IN		5,402.40	0.00	5,402.40	0.00	0.00	0.00
700	2100313346	000001	Z007	1000	5,407.20	0.00	INR		18.06.2024	18.06.2024	2100313559		1040	01	ZSCL01	0005655091					00000		SP	0013000913			B	8	2100313559	000001	2100313559 RHIHRLYSIDING	K	3101	C	18.06.2024	23:41:36			00:00:00			00:00:00	SCLADMIN	18.06.2024	23:41:36			00:00:00		C				0.00	IN	IN		5,407.20	0.00	5,407.20	0.00	0.00	0.00
700	2100313381	000001	Z007	1000	5,396.40	0.00	INR		19.06.2024	19.06.2024	2100313594		1040	01	ZSCL01	0005655337					00000		SP	0013000913			B	8	2100313594	000001	2100313594 RHIHRLYSIDING	K	3101	C	19.06.2024	00:08:08			00:00:00			00:00:00	SCLADMIN	19.06.2024	00:08:08			00:00:00		C				0.00	IN	IN		5,396.40	0.00	5,396.40	0.00	0.00	0.00
700	2100314247	000001	Z007	1000	5,407.20	0.00	INR		19.06.2024	19.06.2024	2100314460		1040	01	ZSCL01	0005664925					00000		SP	0013000913			B	8	2100314460	000001	2100314460 RHIHRLYSIDING	K	3101	C	19.06.2024	10:35:28			00:00:00			00:00:00	SCLADMIN	19.06.2024	10:35:28			00:00:00		C				0.00	IN	IN		5,407.20	0.00	5,407.20	0.00	0.00	0.00
700	2100318267	000001	Z007	1000	5,394.00	0.00	INR		21.06.2024	21.06.2024	2100318480		1040	01	ZSCL01	0005760880					00000		SP	0013000913			B	8	2100318480	000001	2100318480 RHIHRLYSIDING	K	3101	C	21.06.2024	06:53:52			00:00:00			00:00:00	SCLADMIN	21.06.2024	06:53:52			00:00:00		C				0.00	IN	IN		5,394.00	0.00	5,394.00	0.00	0.00	0.00
700	2100321383	000001	Z007	1000	5,396.40	0.00	INR		22.06.2024	22.06.2024	2100321597		1040	01	ZSCL01	0005809537					00000		SP	0013000913			B	8	2100321597	000001	2100321597 RHIHRLYSIDING	K	3101	C	22.06.2024	18:20:06			00:00:00			00:00:00	SCLADMIN	22.06.2024	18:20:06			00:00:00		C				0.00	IN	IN		5,396.40	0.00	5,396.40	0.00	0.00	0.00
700	2100326088	000001	Z007	1000	5,402.40	0.00	INR		24.06.2024	24.06.2024	2100326302		1040	01	ZSCL01	0005862902					00000		SP	0013000913			B	8	2100326302	000001	2100326302 RHIHRLYSIDING	K	3101	C	24.06.2024	16:44:36			00:00:00			00:00:00	SCLADMIN	24.06.2024	16:44:36			00:00:00		C				0.00	IN	IN		5,402.40	0.00	5,402.40	0.00	0.00	0.00
700	2100326535	000001	Z007	1000	5,394.00	0.00	INR		24.06.2024	24.06.2024	2100326749		1040	01	ZSCL01	0005872559					00000		SP	0013000913			B	8	2100326749	000001	2100326749 RHIHRLYSIDING	K	3101	C	24.06.2024	19:48:02			00:00:00			00:00:00	SCLADMIN	24.06.2024	19:48:02			00:00:00		C				0.00	IN	IN		5,394.00	0.00	5,394.00	0.00	0.00	0.00
700	2100328463	000001	Z007	1000	5,394.00	0.00	INR		25.06.2024	25.06.2024	2100328678		1040	01	ZSCL01	0005905501					00000		SP	0013000913			B	8	2100328678	000001	2100328678 RHIHRLYSIDING	K	3101	C	25.06.2024	16:30:51			00:00:00			00:00:00	SCLADMIN	25.06.2024	16:30:51			00:00:00		C				0.00	IN	IN		5,394.00	0.00	5,394.00	0.00	0.00	0.00
700	2100328853	000001	Z007	1000	5,407.20	0.00	INR		25.06.2024	25.06.2024	2100329077		1040	01	ZSCL01	0005918871					00000		SP	0013000913			B	8	2100329077	000001	2100329077 RHIHRLYSIDING	K	3101	C	25.06.2024	19:23:36			00:00:00			00:00:00	SCLADMIN	25.06.2024	19:23:36			00:00:00		C				0.00	IN	IN		5,407.20	0.00	5,407.20	0.00	0.00	0.00
700	2100328920	000001	Z007	1000	5,407.20	0.00	INR		25.06.2024	25.06.2024	2100329144		1040	01	ZSCL01	0005920257					00000		SP	0013000913			B	8	2100329144	000001	2100329144 RHIHRLYSIDING	K	3101	C	25.06.2024	19:59:20			00:00:00			00:00:00	SCLADMIN	25.06.2024	19:59:20			00:00:00		C				0.00	IN	IN		5,407.20	0.00	5,407.20	0.00	0.00	0.00
700	2100330406	000001	Z007	1000	5,396.40	0.00	INR		26.06.2024	26.06.2024	2100330630		1040	01	ZSCL01	0005936265					00000		SP	0013000913			B	8	2100330630	000001	2100330630 RHIHRLYSIDING	K	3101	C	26.06.2024	12:12:11			00:00:00			00:00:00	SCLADMIN	26.06.2024	12:12:11			00:00:00		C				0.00	IN	IN		5,396.40	0.00	5,396.40	0.00	0.00	0.00
700	2100336786	000001	Z007	1000	5,396.40	0.00	INR		29.06.2024	29.06.2024	2100337013		1040	01	ZSCL01	0006094629					00000		SP	0013000913			B	8	2100337013	000001	2100337013 RHIHRLYSIDING	K	3101	C	29.06.2024	08:59:30			00:00:00			00:00:00	SCLADMIN	29.06.2024	08:59:30			00:00:00		C				0.00	IN	IN		5,396.40	0.00	5,396.40	0.00	0.00	0.00
700	2100336822	000001	Z007	1000	5,396.40	0.00	INR		29.06.2024	29.06.2024	2100337049		1040	01	ZSCL01	0006094846					00000		SP	0013000913			B	8	2100337049	000001	2100337049 RHIHRLYSIDING	K	3101	C	29.06.2024	09:20:09			00:00:00			00:00:00	SCLADMIN	29.06.2024	09:20:09			00:00:00		C				0.00	IN	IN		5,396.40	0.00	5,396.40	0.00	0.00	0.00
700	2100340630	000001	Z007	1000	5,407.20	0.00	INR		30.06.2024	30.06.2024	2100340857		1040	01	ZSCL01	0006478802					00000		SP	0013000913			B	8	2100340857	000001	2100340857 RHIHRLYSIDING	K	3101	C	30.06.2024	23:51:01			00:00:00			00:00:00	SCLADMIN	30.06.2024	23:51:01			00:00:00		C				0.00	IN	IN		5,407.20	0.00	5,407.20	0.00	0.00	0.00
700	2100341097	000001	Z007	1000	5,396.40	0.00	INR		01.07.2024	01.07.2024	2100341324		1040	01	ZSCL01	0006481211					00000		SP	0013000913			B	8	2100341324	000001	2100341324 RHIHRLYSIDING	K	3101	C	01.07.2024	07:12:38			00:00:00			00:00:00	SCLADMIN	01.07.2024	07:12:38			00:00:00		C				0.00	IN	IN		5,396.40	0.00	5,396.40	0.00	0.00	0.00
700	2100341603	000001	Z007	1000	5,396.40	0.00	INR		01.07.2024	01.07.2024	2100341820		1040	01	ZSCL01	0006487964					00000		SP	0013000913			B	8	2100341820	000001	2100341820 RHIHRLYSIDING	K	3101	C	01.07.2024	13:58:12			00:00:00			00:00:00	SCLADMIN	01.07.2024	13:58:12			00:00:00		C				0.00	IN	IN		5,396.40	0.00	5,396.40	0.00	0.00	0.00
700	2100341662	000001	Z007	1000	5,402.40	0.00	INR		01.07.2024	01.07.2024	2100341879		1040	01	ZSCL01	0006489898					00000		SP	0013000913			B	8	2100341879	000001	2100341879 RHIHRLYSIDING	K	3101	C	01.07.2024	14:53:53			00:00:00			00:00:00	SCLADMIN	01.07.2024	14:53:53			00:00:00		C				0.00	IN	IN		5,402.40	0.00	5,402.40	0.00	0.00	0.00
700	2100341668	000001	Z007	1000	5,396.40	0.00	INR		01.07.2024	01.07.2024	2100341895		1040	01	ZSCL01	0006490025					00000		SP	0013000913			B	8	2100341895	000001	2100341895 RHIHRLYSIDING	K	3101	C	01.07.2024	15:03:28			00:00:00			00:00:00	SCLADMIN	01.07.2024	15:03:28			00:00:00		C				0.00	IN	IN		5,396.40	0.00	5,396.40	0.00	0.00	0.00
700	2100342204	000001	Z007	1000	5,394.00	0.00	INR		01.07.2024	01.07.2024	2100342421		1040	01	ZSCL01	0006496676					00000		SP	0013000913			B	8	2100342421	000001	2100342421 RHIHRLYSIDING	K	3101	C	01.07.2024	19:16:22			00:00:00			00:00:00	SCLADMIN	01.07.2024	19:16:22			00:00:00		C				0.00	IN	IN		5,394.00	0.00	5,394.00	0.00	0.00	0.00
700	2100343127	000001	Z007	1000	5,402.40	0.00	INR		02.07.2024	02.07.2024	2100343354		1040	01	ZSCL01	0006506595					00000		SP	0013000913			B	8	2100343354	000001	2100343354 RHIHRLYSIDING	K	3101	C	02.07.2024	04:19:51			00:00:00			00:00:00	SCLADMIN	02.07.2024	04:19:51			00:00:00		C				0.00	IN	IN		5,402.40	0.00	5,402.40	0.00	0.00	0.00
700	2100343388	000001	Z007	1000	5,402.40	0.00	INR		02.07.2024	02.07.2024	2100343605		1040	01	ZSCL01	0006507965					00000		SP	0013000913			B	8	2100343605	000001	2100343605 RHIHRLYSIDING	K	3101	C	02.07.2024	09:13:24			00:00:00			00:00:00	SCLADMIN	02.07.2024	09:13:24			00:00:00		C				0.00	IN	IN		5,402.40	0.00	5,402.40	0.00	0.00	0.00
700	2100343410	000001	Z007	1000	5,396.40	0.00	INR		02.07.2024	02.07.2024	2100343647		1040	01	ZSCL01	0006508142					00000		SP	0013000913			B	8	2100343647	000001	2100343647 RHIHRLYSIDING	K	3101	C	02.07.2024	09:40:25			00:00:00			00:00:00	SCLADMIN	02.07.2024	09:40:25			00:00:00		C				0.00	IN	IN		5,396.40	0.00	5,396.40	0.00	0.00	0.00
700	2100343494	000001	Z007	1000	5,396.40	0.00	INR		02.07.2024	02.07.2024	2100343721		1040	01	ZSCL01	0006509188					00000		SP	0013000913			B	8	2100343721	000001	2100343721 RHIHRLYSIDING	K	3101	C	02.07.2024	11:11:15			00:00:00			00:00:00	SCLADMIN	02.07.2024	11:11:15			00:00:00		C				0.00	IN	IN		5,396.40	0.00	5,396.40	0.00	0.00	0.00
700	2100343784	000001	Z007	1000	5,394.00	0.00	INR		02.07.2024	02.07.2024	2100344011		1040	01	ZSCL01	0006515924					00000		SP	0013000913			B	8	2100344011	000001	2100344011 RHIHRLYSIDING	K	3101	C	02.07.2024	15:14:12			00:00:00			00:00:00	SCLADMIN	02.07.2024	15:14:12			00:00:00		C				0.00	IN	IN		5,394.00	0.00	5,394.00	0.00	0.00	0.00
700	2100345641	000001	Z007	1000	5,394.00	0.00	INR		03.07.2024	03.07.2024	2100345868		1040	01	ZSCL01	0006541256					00000		SP	0013000913			B	8	2100345868	000001	2100345868 RHIHRLYSIDING	K	3101	C	03.07.2024	13:52:38			00:00:00			00:00:00	SCLADMIN	03.07.2024	13:52:38			00:00:00		C				0.00	IN	IN		5,394.00	0.00	5,394.00	0.00	0.00	0.00
700	2100345883	000001	Z007	1000	5,396.40	0.00	INR		03.07.2024	03.07.2024	2100346100		1040	01	ZSCL01	0006549098					00000		SP	0013000913			B	8	2100346100	000001	2100346100 RHIHRLYSIDING	K	3101	C	03.07.2024	16:59:25			00:00:00			00:00:00	SCLADMIN	03.07.2024	16:59:25			00:00:00		C				0.00	IN	IN		5,396.40	0.00	5,396.40	0.00	0.00	0.00
700	2100346362	000001	Z007	1000	5,396.40	0.00	INR		03.07.2024	03.07.2024	2100346579		1040	01	ZSCL01	0006563062					00000		SP	0013000913			B	8	2100346579	000001	2100346579 RHIHRLYSIDING	K	3101	C	03.07.2024	20:25:51			00:00:00			00:00:00	SCLADMIN	03.07.2024	20:25:51			00:00:00		C				0.00	IN	IN		5,396.40	0.00	5,396.40	0.00	0.00	0.00
700	2100346549	000001	Z007	1000	5,402.40	0.00	INR		03.07.2024	03.07.2024	2100346756		1040	01	ZSCL01	0006565132					00000		SP	0013000913			B	8	2100346756	000001	2100346756 RHIHRLYSIDING	K	3101	C	03.07.2024	22:03:36			00:00:00			00:00:00	SCLADMIN	03.07.2024	22:03:36			00:00:00		C				0.00	IN	IN		5,402.40	0.00	5,402.40	0.00	0.00	0.00
700	2100346613	000001	Z007	1000	5,396.40	0.00	INR		03.07.2024	03.07.2024	2100346820		1040	01	ZSCL01	0006565890					00000		SP	0013000913			B	8	2100346820	000001	2100346820 RHIHRLYSIDING	K	3101	C	03.07.2024	23:02:30			00:00:00			00:00:00	SCLADMIN	03.07.2024	23:02:30			00:00:00		C				0.00	IN	IN		5,396.40	0.00	5,396.40	0.00	0.00	0.00
700	2100346630	000001	Z007	1000	5,396.40	0.00	INR		03.07.2024	03.07.2024	2100346837		1040	01	ZSCL01	0006565988					00000		SP	0013000913			B	8	2100346837	000001	2100346837 RHIHRLYSIDING	K	3101	C	03.07.2024	23:07:45			00:00:00			00:00:00	SCLADMIN	03.07.2024	23:07:45			00:00:00		C				0.00	IN	IN		5,396.40	0.00	5,396.40	0.00	0.00	0.00
700	2100347687	000001	Z007	1000	5,402.40	0.00	INR		04.07.2024	04.07.2024	2100347906		1040	01	ZSCL01	0006579928					00000		SP	0013000913			B	8	2100347906	000001	2100347906 RHIHRLYSIDING	K	3101	C	04.07.2024	15:41:28			00:00:00			00:00:00	SCLADMIN	04.07.2024	15:41:28			00:00:00		C				0.00	IN	IN		5,402.40	0.00	5,402.40	0.00	0.00	0.00
700	2100348057	000001	Z007	1000	5,402.40	0.00	INR		04.07.2024	04.07.2024	2100348276		1040	01	ZSCL01	0006587930					00000		SP	0013000913			B	8	2100348276	000001	2100348276 RHIHRLYSIDING	K	3101	C	04.07.2024	19:17:33			00:00:00			00:00:00	SCLADMIN	04.07.2024	19:17:33			00:00:00		C				0.00	IN	IN		5,402.40	0.00	5,402.40	0.00	0.00	0.00
700	2100348871	000001	Z007	1000	5,394.00	0.00	INR		05.07.2024	05.07.2024	2100349090		1040	01	ZSCL01	0006595469					00000		SP	0013000913			B	8	2100349090	000001	2100349090 RHIHRLYSIDING	K	3101	C	05.07.2024	04:57:26			00:00:00			00:00:00	SCLADMIN	05.07.2024	04:57:26			00:00:00		C				0.00	IN	IN		5,394.00	0.00	5,394.00	0.00	0.00	0.00
700	2100349166	000001	Z007	1000	5,402.40	0.00	INR		05.07.2024	05.07.2024	2100349385		1040	01	ZSCL01	0006597777					00000		SP	0013000913			B	8	2100349385	000001	2100349385 RHIHRLYSIDING	K	3101	C	05.07.2024	10:50:30			00:00:00			00:00:00	SCLADMIN	05.07.2024	10:50:30			00:00:00		C				0.00	IN	IN		5,402.40	0.00	5,402.40	0.00	0.00	0.00
700	2100349244	000001	Z007	1000	5,407.20	0.00	INR		05.07.2024	05.07.2024	2100349473		1040	01	ZSCL01	0006604851					00000		SP	0013000913			B	8	2100349473	000001	2100349473 RHIHRLYSIDING	K	3101	C	05.07.2024	12:13:32			00:00:00			00:00:00	SCLADMIN	05.07.2024	12:13:32			00:00:00		C				0.00	IN	IN		5,407.20	0.00	5,407.20	0.00	0.00	0.00
700	2100350825	000001	Z007	1000	5,402.40	0.00	INR		06.07.2024	06.07.2024	2100351054		1040	01	ZSCL01	0006644879					00000		SP	0013000913			B	8	2100351054	000001	2100351054 RHIHRLYSIDING	K	3101	C	06.07.2024	10:17:12			00:00:00			00:00:00	SCLADMIN	06.07.2024	10:17:12			00:00:00		C				0.00	IN	IN		5,402.40	0.00	5,402.40	0.00	0.00	0.00
700	2100353506	000001	Z007	1000	5,407.20	0.00	INR		07.07.2024	07.07.2024	2100353735		1040	01	ZSCL01	0006717267					00000		SP	0013000913			B	8	2100353735	000001	2100353735 RHIHRLYSIDING	K	3101	C	07.07.2024	20:42:52			00:00:00			00:00:00	SCLADMIN	07.07.2024	20:42:52			00:00:00		C				0.00	IN	IN		5,407.20	0.00	5,407.20	0.00	0.00	0.00
700	2100355303	000001	Z007	1000	5,402.40	0.00	INR		08.07.2024	08.07.2024	2100355522		1040	01	ZSCL01	0006774542					00000		SP	0013000913			B	8	2100355522	000001	2100355522 RHIHRLYSIDING	K	3101	C	08.07.2024	21:12:45			00:00:00			00:00:00	SCLADMIN	08.07.2024	21:12:45			00:00:00		C				0.00	IN	IN		5,402.40	0.00	5,402.40	0.00	0.00	0.00
700	2100356785	000001	Z007	1000	5,394.00	0.00	INR		09.07.2024	09.07.2024	2100357014		1040	01	ZSCL01	0006813121					00000		SP	0013000913			B	8	2100357014	000001	2100357014 RHIHRLYSIDING	K	3101	C	09.07.2024	18:41:35			00:00:00			00:00:00	SCLADMIN	09.07.2024	18:41:35			00:00:00		C				0.00	IN	IN		5,394.00	0.00	5,394.00	0.00	0.00	0.00
700	2100357367	000001	Z007	1000	5,407.20	0.00	INR		10.07.2024	10.07.2024	2100357596		1040	01	ZSCL01	0006823882					00000		SP	0013000913			B	8	2100357596	000001	2100357596 RHIHRLYSIDING	K	3101	C	10.07.2024	00:08:00			00:00:00			00:00:00	SCLADMIN	10.07.2024	00:08:00			00:00:00		C				0.00	IN	IN		5,407.20	0.00	5,407.20	0.00	0.00	0.00
700	2100357903	000001	Z007	1000	5,407.20	0.00	INR		10.07.2024	10.07.2024	2100358122		1040	01	ZSCL01	0006827190					00000		SP	0013000913			B	8	2100358122	000001	2100358122 RHIHRLYSIDING	K	3101	C	10.07.2024	09:13:33			00:00:00			00:00:00	SCLADMIN	10.07.2024	09:13:33			00:00:00		C				0.00	IN	IN		5,407.20	0.00	5,407.20	0.00	0.00	0.00
700	2100357909	000001	Z007	1000	5,402.40	0.00	INR		10.07.2024	10.07.2024	2100358128		1040	01	ZSCL01	0006827221					00000		SP	0013000913			B	8	2100358128	000001	2100358128 RHIHRLYSIDING	K	3101	C	10.07.2024	09:19:23			00:00:00			00:00:00	SCLADMIN	10.07.2024	09:19:23			00:00:00		C				0.00	IN	IN		5,402.40	0.00	5,402.40	0.00	0.00	0.00
700	2100358221	000001	Z007	1000	5,394.00	0.00	INR		10.07.2024	10.07.2024	2100358440		1040	01	ZSCL01	0006843261					00000		SP	0013000913			B	8	2100358440	000001	2100358440 RHIHRLYSIDING	K	3101	C	10.07.2024	14:59:28			00:00:00			00:00:00	SCLADMIN	10.07.2024	14:59:28			00:00:00		C				0.00	IN	IN		5,394.00	0.00	5,394.00	0.00	0.00	0.00
700	2100358585	000001	Z007	1000	5,407.20	0.00	INR		10.07.2024	10.07.2024	2100358814		1040	01	ZSCL01	0006855468					00000		SP	0013000913			B	8	2100358814	000001	2100358814 RHIHRLYSIDING	K	3101	C	10.07.2024	18:54:23			00:00:00			00:00:00	SCLADMIN	10.07.2024	18:54:23			00:00:00		C				0.00	IN	IN		5,407.20	0.00	5,407.20	0.00	0.00	0.00
700	2100359506	000001	Z007	1000	5,394.00	0.00	INR		11.07.2024	11.07.2024	2100359725		1040	01	ZSCL01	0006866857					00000		SP	0013000913			B	8	2100359725	000001	2100359725 RHIHRLYSIDING	K	3101	C	11.07.2024	05:25:45			00:00:00			00:00:00	SCLADMIN	11.07.2024	05:25:45			00:00:00		C				0.00	IN	IN		5,394.00	0.00	5,394.00	0.00	0.00	0.00
700	2100360643	000001	Z007	1000	5,407.20	0.00	INR		11.07.2024	11.07.2024	2100360862		1040	01	ZSCL01	0006896813					00000		SP	0013000913			B	8	2100360862	000001	2100360862 RHIHRLYSIDING	K	3101	C	11.07.2024	21:27:10			00:00:00			00:00:00	SCLADMIN	11.07.2024	21:27:10			00:00:00		C				0.00	IN	IN		5,407.20	0.00	5,407.20	0.00	0.00	0.00
700	2100361375	000001	Z007	1000	5,394.00	0.00	INR		12.07.2024	12.07.2024	2100361604		1040	01	ZSCL01	0006903203					00000		SP	0013000913			B	8	2100361604	000001	2100361604 RHIHRLYSIDING	K	3101	C	12.07.2024	10:07:27			00:00:00			00:00:00	SCLADMIN	12.07.2024	10:07:27			00:00:00		C				0.00	IN	IN		5,394.00	0.00	5,394.00	0.00	0.00	0.00
700	2100363122	000001	Z007	1000	5,407.20	0.00	INR		13.07.2024	13.07.2024	2100363351		1040	01	ZSCL01	0006944478					00000		SP	0013000913			B	8	2100363351	000001	2100363351 RHIHRLYSIDING	K	3101	C	13.07.2024	10:11:31			00:00:00			00:00:00	SCLADMIN	13.07.2024	10:11:31			00:00:00		C				0.00	IN	IN		5,407.20	0.00	5,407.20	0.00	0.00	0.00
700	2100363240	000001	Z007	1000	5,396.40	0.00	INR		13.07.2024	13.07.2024	2100363469		1040	01	ZSCL01	0006948625					00000		SP	0013000913			B	8	2100363469	000001	2100363469 RHIHRLYSIDING	K	3101	C	13.07.2024	12:20:11			00:00:00			00:00:00	SCLADMIN	13.07.2024	12:20:11			00:00:00		C				0.00	IN	IN		5,396.40	0.00	5,396.40	0.00	0.00	0.00
700	2100363835	000001	Z007	1000	5,394.00	0.00	INR		13.07.2024	13.07.2024	2100364064		1040	01	ZSCL01	0006964935					00000		SP	0013000913			B	8	2100364064	000001	2100364064 RHIHRLYSIDING	K	3101	C	13.07.2024	19:17:46			00:00:00			00:00:00	SCLADMIN	13.07.2024	19:17:46			00:00:00		C				0.00	IN	IN		5,394.00	0.00	5,394.00	0.00	0.00	0.00
700	2100366431	000001	Z007	1000	5,394.00	0.00	INR		15.07.2024	15.07.2024	2100366650		1040	01	ZSCL01	0006996005					00000		SP	0013000913			B	8	2100366650	000001	2100366650 RHIHRLYSIDING	K	3101	C	15.07.2024	07:03:00			00:00:00			00:00:00	SCLADMIN	15.07.2024	07:03:00			00:00:00		C				0.00	IN	IN		5,394.00	0.00	5,394.00	0.00	0.00	0.00
700	2100366436	000001	Z007	1000	5,394.00	0.00	INR		15.07.2024	15.07.2024	2100366655		1040	01	ZSCL01	0006996022					00000		SP	0013000913			B	8	2100366655	000001	2100366655 RHIHRLYSIDING	K	3101	C	15.07.2024	07:07:15			00:00:00			00:00:00	SCLADMIN	15.07.2024	07:07:15			00:00:00		C				0.00	IN	IN		5,394.00	0.00	5,394.00	0.00	0.00	0.00
700	2100366826	000001	Z007	1000	5,394.00	0.00	INR		15.07.2024	15.07.2024	2100367045		1040	01	ZSCL01	0007004396					00000		SP	0013000913			B	8	2100367045	000001	2100367045 RHIHRLYSIDING	K	3101	C	15.07.2024	15:03:31			00:00:00			00:00:00	SCLADMIN	15.07.2024	15:03:31			00:00:00		C				0.00	IN	IN		5,394.00	0.00	5,394.00	0.00	0.00	0.00
700	2100368325	000001	Z007	1000	5,394.00	0.00	INR		16.07.2024	16.07.2024	2100368544		1040	01	ZSCL01	0007035819					00000		SP	0013000913			B	8	2100368544	000001	2100368544 RHIHRLYSIDING	K	3101	C	16.07.2024	10:54:42			00:00:00			00:00:00	SCLADMIN	16.07.2024	10:54:42			00:00:00		C				0.00	IN	IN		5,394.00	0.00	5,394.00	0.00	0.00	0.00
700	2100368560	000001	Z007	1000	5,396.40	0.00	INR		16.07.2024	16.07.2024	2100368779		1040	01	ZSCL01	0007040528					00000		SP	0013000913			B	8	2100368779	000001	2100368779 RHIHRLYSIDING	K	3101	C	16.07.2024	14:58:35			00:00:00			00:00:00	SCLADMIN	16.07.2024	14:58:35			00:00:00		C				0.00	IN	IN		5,396.40	0.00	5,396.40	0.00	0.00	0.00
700	2100368923	000001	Z007	1000	5,394.00	0.00	INR		16.07.2024	16.07.2024	2100369142		1040	01	ZSCL01	0007048293					00000		SP	0013000913			B	8	2100369142	000001	2100369142 RHIHRLYSIDING	K	3101	C	16.07.2024	18:25:49			00:00:00			00:00:00	SCLADMIN	16.07.2024	18:25:49			00:00:00		C				0.00	IN	IN		5,394.00	0.00	5,394.00	0.00	0.00	0.00
700	2100370071	000001	Z007	1000	5,394.00	0.00	INR		17.07.2024	17.07.2024	2100370290		1040	01	ZSCL01	0007059342					00000		SP	0013000913			B	8	2100370290	000001	2100370290 RHIHRLYSIDING	K	3101	C	17.07.2024	09:05:30			00:00:00			00:00:00	SCLADMIN	17.07.2024	09:05:30			00:00:00		C				0.00	IN	IN		5,394.00	0.00	5,394.00	0.00	0.00	0.00
700	2100370237	000001	Z007	1000	5,407.20	0.00	INR		17.07.2024	17.07.2024	2100370456		1040	01	ZSCL01	0007062629					00000		SP	0013000913			B	8	2100370456	000001	2100370456 RHIHRLYSIDING	K	3101	C	17.07.2024	12:11:10			00:00:00			00:00:00	SCLADMIN	17.07.2024	12:11:10			00:00:00		C				0.00	IN	IN		5,407.20	0.00	5,407.20	0.00	0.00	0.00
700	2100370250	000001	Z007	1000	5,407.20	0.00	INR		17.07.2024	17.07.2024	2100370469		1040	01	ZSCL01	0007062823					00000		SP	0013000913			B	8	2100370469	000001	2100370469 RHIHRLYSIDING	K	3101	C	17.07.2024	12:18:40			00:00:00			00:00:00	SCLADMIN	17.07.2024	12:18:40			00:00:00		C				0.00	IN	IN		5,407.20	0.00	5,407.20	0.00	0.00	0.00
700	2100370329	000001	Z007	1000	5,396.40	0.00	INR		17.07.2024	17.07.2024	2100370548		1040	01	ZSCL01	0007064075					00000		SP	0013000913			B	8	2100370548	000001	2100370548 RHIHRLYSIDING	K	3101	C	17.07.2024	13:23:20			00:00:00			00:00:00	SCLADMIN	17.07.2024	13:23:20			00:00:00		C				0.00	IN	IN		5,396.40	0.00	5,396.40	0.00	0.00	0.00
700	2100370745	000001	Z007	1000	5,394.00	0.00	INR		17.07.2024	17.07.2024	2100370964		1040	01	ZSCL01	0007072600					00000		SP	0013000913			B	8	2100370964	000001	2100370964 RHIHRLYSIDING	K	3101	C	17.07.2024	18:11:30			00:00:00			00:00:00	SCLADMIN	17.07.2024	18:11:30			00:00:00		C				0.00	IN	IN		5,394.00	0.00	5,394.00	0.00	0.00	0.00
700	2100373549	000001	Z007	1000	5,394.00	0.00	INR		19.07.2024	19.07.2024	2100373769		1040	01	ZSCL01	0007117361					00000		SP	0013000913			B	8	2100373769	000001	2100373769 RHIHRLYSIDING	K	3101	C	19.07.2024	10:05:42			00:00:00			00:00:00	SCLADMIN	19.07.2024	10:05:42			00:00:00		C				0.00	IN	IN		5,394.00	0.00	5,394.00	0.00	0.00	0.00
700	2100373644	000001	Z007	1000	5,407.20	0.00	INR		19.07.2024	19.07.2024	2100373864		1040	01	ZSCL01	0007119241					00000		SP	0013000913			B	8	2100373864	000001	2100373864 RHIHRLYSIDING	K	3101	C	19.07.2024	11:55:07			00:00:00			00:00:00	SCLADMIN	19.07.2024	11:55:07			00:00:00		C				0.00	IN	IN		5,407.20	0.00	5,407.20	0.00	0.00	0.00
700	2100375803	000001	Z007	1000	5,396.40	0.00	INR		20.07.2024	20.07.2024	2100376023		1040	01	ZSCL01	0007214870					00000		SP	0013000913			B	8	2100376023	000001	2100376023 RHIHRLYSIDING	K	3101	C	20.07.2024	18:36:24			00:00:00			00:00:00	SCLADMIN	20.07.2024	18:36:24			00:00:00		C				0.00	IN	IN		5,396.40	0.00	5,396.40	0.00	0.00	0.00
700	2100376910	000001	Z007	1000	5,407.20	0.00	INR		21.07.2024	21.07.2024	2100377130		1040	01	ZSCL01	0007234193					00000		SP	0013000913			B	8	2100377130	000001	2100377130 RHIHRLYSIDING	K	3101	C	21.07.2024	09:20:32			00:00:00			00:00:00	SCLADMIN	21.07.2024	09:20:32			00:00:00		C				0.00	IN	IN		5,407.20	0.00	5,407.20	0.00	0.00	0.00
700	2100377034	000001	Z007	1000	5,394.00	0.00	INR		21.07.2024	21.07.2024	2100377254		1040	01	ZSCL01	0007235967					00000		SP	0013000913			B	8	2100377254	000001	2100377254 RHIHRLYSIDING	K	3101	C	21.07.2024	11:38:04			00:00:00			00:00:00	SCLADMIN	21.07.2024	11:38:04			00:00:00		C				0.00	IN	IN		5,394.00	0.00	5,394.00	0.00	0.00	0.00
700	2100378482	000001	Z007	1000	5,394.00	0.00	INR		22.07.2024	22.07.2024	2100378702		1040	01	ZSCL01	0007253609					00000		SP	0013000913			B	8	2100378702	000001	2100378702 RHIHRLYSIDING	K	3101	C	22.07.2024	06:58:04			00:00:00			00:00:00	SCLADMIN	22.07.2024	06:58:04			00:00:00		C				0.00	IN	IN		5,394.00	0.00	5,394.00	0.00	0.00	0.00
700	2100378616	000001	Z007	1000	5,396.40	0.00	INR		22.07.2024	22.07.2024	2100378836		1040	01	ZSCL01	0007254989					00000		SP	0013000913			B	8	2100378836	000001	2100378836 RHIHRLYSIDING	K	3101	C	22.07.2024	10:08:08			00:00:00			00:00:00	SCLADMIN	22.07.2024	10:08:08			00:00:00		C				0.00	IN	IN		5,396.40	0.00	5,396.40	0.00	0.00	0.00
700	2100380529	000001	Z007	1000	5,394.00	0.00	INR		23.07.2024	23.07.2024	2100380749		1040	01	ZSCL01	0007304202					00000		SP	0013000913			B	8	2100380749	000001	2100380749 RHIHRLYSIDING	K	3101	C	23.07.2024	10:59:29			00:00:00			00:00:00	SCLADMIN	23.07.2024	10:59:29			00:00:00		C				0.00	IN	IN		5,394.00	0.00	5,394.00	0.00	0.00	0.00
700	2100385162	000001	Z007	1000	5,407.20	0.00	INR		25.07.2024	25.07.2024	2100385392		1040	01	ZSCL01	0007408615					00000		SP	0013000913			B	8	2100385392	000001	2100385392 RHIHRLYSIDING	K	3101	C	25.07.2024	21:50:45			00:00:00			00:00:00	SCLADMIN	25.07.2024	21:50:45			00:00:00		C				0.00	IN	IN		5,407.20	0.00	5,407.20	0.00	0.00	0.00
700	2100386585	000001	Z007	1000	5,407.20	0.00	INR		26.07.2024	26.07.2024	2100386825		1040	01	ZSCL01	0007433637					00000		SP	0013000913			B	8	2100386825	000001	2100386825 RHIHRLYSIDING	K	3101	C	26.07.2024	17:52:48			00:00:00			00:00:00	SCLADMIN	26.07.2024	17:52:48			00:00:00		C				0.00	IN	IN		5,407.20	0.00	5,407.20	0.00	0.00	0.00
700	2100388113	000001	Z007	1000	5,394.00	0.00	INR		27.07.2024	27.07.2024	2100388334		1040	01	ZSCL01	0007456463					00000		SP	0013000913			B	8	2100388334	000001	2100388334 RHIHRLYSIDING	K	3101	C	27.07.2024	15:47:59			00:00:00			00:00:00	SCLADMIN	27.07.2024	15:47:59			00:00:00		C				0.00	IN	IN		5,394.00	0.00	5,394.00	0.00	0.00	0.00
700	2100391444	000001	Z007	1000	5,396.40	0.00	INR		29.07.2024	29.07.2024	2100391675		1040	01	ZSCL01	0007497199					00000		SP	0013000913			B	8	2100391675	000001	2100391675 RHIHRLYSIDING	K	3101	C	29.07.2024	10:29:49			00:00:00			00:00:00	SCLADMIN	29.07.2024	10:29:49			00:00:00		C				0.00	IN	IN		5,396.40	0.00	5,396.40	0.00	0.00	0.00
700	2100393254	000001	Z007	1000	5,396.40	0.00	INR		30.07.2024	30.07.2024	2100393486		1040	01	ZSCL01	0007543081					00000		SP	0013000913			B	8	2100393486	000001	2100393486 RHIHRLYSIDING	K	3101	C	30.07.2024	10:00:53			00:00:00			00:00:00	SCLADMIN	30.07.2024	10:00:53			00:00:00		C				0.00	IN	IN		5,396.40	0.00	5,396.40	0.00	0.00	0.00
700	2100393441	000001	Z007	1000	5,394.00	0.00	INR		30.07.2024	30.07.2024	2100393674		1040	01	ZSCL01	0007546793					00000		SP	0013000913			B	8	2100393674	000001	2100393674 RHIHRLYSIDING	K	3101	C	30.07.2024	12:56:29			00:00:00			00:00:00	SCLADMIN	30.07.2024	12:56:29			00:00:00		C				0.00	IN	IN		5,394.00	0.00	5,394.00	0.00	0.00	0.00
700	2100393560	000001	Z007	1000	5,394.00	0.00	INR		30.07.2024	30.07.2024	2100393794		1040	01	ZSCL01	0007550071					00000		SP	0013000913			B	8	2100393794	000001	2100393794 RHIHRLYSIDING	K	3101	C	30.07.2024	14:49:18			00:00:00			00:00:00	SCLADMIN	30.07.2024	14:49:18			00:00:00		C				0.00	IN	IN		5,394.00	0.00	5,394.00	0.00	0.00	0.00
700	2100393588	000001	Z007	1000	5,396.40	0.00	INR		30.07.2024	30.07.2024	2100393821		1040	01	ZSCL01	0007550741					00000		SP	0013000913			B	8	2100393821	000001	2100393821 RHIHRLYSIDING	K	3101	C	30.07.2024	15:07:18			00:00:00			00:00:00	SCLADMIN	30.07.2024	15:07:18			00:00:00		C				0.00	IN	IN		5,396.40	0.00	5,396.40	0.00	0.00	0.00
700	2100393843	000001	Z007	1000	5,407.20	0.00	INR		30.07.2024	30.07.2024	2100394066		1040	01	ZSCL01	0007558745					00000		SP	0013000913			B	8	2100394066	000001	2100394066 RHIHRLYSIDING	K	3101	C	30.07.2024	17:17:24			00:00:00			00:00:00	SCLADMIN	30.07.2024	17:17:24			00:00:00		C				0.00	IN	IN		5,407.20	0.00	5,407.20	0.00	0.00	0.00
700	2100397635	000001	Z007	1000	5,394.00	0.00	INR		01.08.2024	01.08.2024	2100397867		1040	01	ZSCL01	0007632834					00000		SP	0013000913			B	8	2100397867	000001	2100397867 RHIHRLYSIDING	K	3101	C	01.08.2024	23:45:19			00:00:00			00:00:00	SCLADMIN	01.08.2024	23:45:19			00:00:00		C				0.00	IN	IN		5,394.00	0.00	5,394.00	0.00	0.00	0.00
700	2100397874	000001	Z007	1000	5,407.20	0.00	INR		02.08.2024	02.08.2024	2100398106		1040	01	ZSCL01	0007633992					00000		SP	0013000913			B	8	2100398106	000001	2100398106 RHIHRLYSIDING	K	3101	C	02.08.2024	03:22:10			00:00:00			00:00:00	SCLADMIN	02.08.2024	03:22:10			00:00:00		C				0.00	IN	IN		5,407.20	0.00	5,407.20	0.00	0.00	0.00
700	2100399894	000001	Z007	1000	5,396.40	0.00	INR		03.08.2024	03.08.2024	2100400125		1040	01	ZSCL01	0007657459					00000		SP	0013000913			B	8	2100400125	000001	2100400125 RHIHRLYSIDING	K	3101	C	03.08.2024	17:06:50			00:00:00			00:00:00	SCLADMIN	03.08.2024	17:06:50			00:00:00		C				0.00	IN	IN		5,396.40	0.00	5,396.40	0.00	0.00	0.00
700	2100400107	000001	Z007	1000	5,407.20	0.00	INR		03.08.2024	03.08.2024	2100400338		1040	01	ZSCL01	0007661336					00000		SP	0013000913			B	8	2100400338	000001	2100400338 RHIHRLYSIDING	K	3101	C	03.08.2024	19:23:41			00:00:00			00:00:00	SCLADMIN	03.08.2024	19:23:41			00:00:00		C				0.00	IN	IN		5,407.20	0.00	5,407.20	0.00	0.00	0.00
700	2100401272	000001	Z007	1000	5,407.20	0.00	INR		04.08.2024	04.08.2024	2100401503		1040	01	ZSCL01	0007670296					00000		SP	0013000913			B	8	2100401503	000001	2100401503 RHIHRLYSIDING	K	3101	C	04.08.2024	11:38:28			00:00:00			00:00:00	SCLADMIN	04.08.2024	11:38:28			00:00:00		C				0.00	IN	IN		5,407.20	0.00	5,407.20	0.00	0.00	0.00
700	2100402724	000001	Z007	1000	5,407.20	0.00	INR		05.08.2024	05.08.2024	2100402955		1040	01	ZSCL01	0007686378					00000		SP	0013000913			B	8	2100402955	000001	2100402955 RHIHRLYSIDING	K	3101	C	05.08.2024	10:29:18			00:00:00			00:00:00	SCLADMIN	05.08.2024	10:29:18			00:00:00		C				0.00	IN	IN		5,407.20	0.00	5,407.20	0.00	0.00	0.00
700	2100403402	000001	Z007	1000	5,394.00	0.00	INR		05.08.2024	05.08.2024	2100403633		1040	01	ZSCL01	0007702193					00000		SP	0013000913			B	8	2100403633	000001	2100403633 RHIHRLYSIDING	K	3101	C	05.08.2024	21:51:46			00:00:00			00:00:00	SCLADMIN	05.08.2024	21:51:46			00:00:00		C				0.00	IN	IN		5,394.00	0.00	5,394.00	0.00	0.00	0.00
700	2100403956	000001	Z007	1000	5,407.20	0.00	INR		06.08.2024	06.08.2024	2100404197		1040	01	ZSCL01	0007707104					00000		SP	0013000913			B	8	2100404197	000001	2100404197 RHIHRLYSIDING	K	3101	C	06.08.2024	07:30:20			00:00:00			00:00:00	SCLADMIN	06.08.2024	07:30:20			00:00:00		C				0.00	IN	IN		5,407.20	0.00	5,407.20	0.00	0.00	0.00
700	2100403958	000001	Z007	1000	5,394.00	0.00	INR		06.08.2024	06.08.2024	2100404199		1040	01	ZSCL01	0007707119					00000		SP	0013000913			B	8	2100404199	000001	2100404199 RHIHRLYSIDING	K	3101	C	06.08.2024	07:34:47			00:00:00			00:00:00	SCLADMIN	06.08.2024	07:34:47			00:00:00		C				0.00	IN	IN		5,394.00	0.00	5,394.00	0.00	0.00	0.00
700	2100407092	000001	Z007	1000	5,396.40	0.00	INR		08.08.2024	08.08.2024	2100407314		1040	01	ZSCL01	0007752532					00000		SP	0013000913			B	8	2100407314	000001	2100407314 RHIHRLYSIDING	K	3101	C	08.08.2024	07:14:19			00:00:00			00:00:00	SCLADMIN	08.08.2024	07:14:19			00:00:00		C				0.00	IN	IN		5,396.40	0.00	5,396.40	0.00	0.00	0.00
700	2100407181	000001	Z007	1000	5,407.20	0.00	INR		08.08.2024	08.08.2024	2100407403		1040	01	ZSCL01	0007753212					00000		SP	0013000913			B	8	2100407403	000001	2100407403 RHIHRLYSIDING	K	3101	C	08.08.2024	09:07:52			00:00:00			00:00:00	SCLADMIN	08.08.2024	09:07:52			00:00:00		C				0.00	IN	IN		5,407.20	0.00	5,407.20	0.00	0.00	0.00
700	2100407630	000001	Z007	1000	5,394.00	0.00	INR		08.08.2024	08.08.2024	2100407852		1040	01	ZSCL01	0007761282					00000		SP	0013000913			B	8	2100407852	000001	2100407852 RHIHRLYSIDING	K	3101	C	08.08.2024	16:28:09			00:00:00			00:00:00	SCLADMIN	08.08.2024	16:28:09			00:00:00		C				0.00	IN	IN		5,394.00	0.00	5,394.00	0.00	0.00	0.00
700	2100410514	000001	Z007	1000	5,407.20	0.00	INR		10.08.2024	10.08.2024	2100410736		1040	01	ZSCL01	0007800042					00000		SP	0013000913			B	8	2100410736	000001	2100410736 RHIHRLYSIDING	K	3101	C	10.08.2024	07:33:09			00:00:00			00:00:00	SCLADMIN	10.08.2024	07:33:09			00:00:00		C				0.00	IN	IN		5,407.20	0.00	5,407.20	0.00	0.00	0.00
700	2100410853	000001	Z007	1000	5,396.40	0.00	INR		10.08.2024	10.08.2024	2100411075		1040	01	ZSCL01	0007807396					00000		SP	0013000913			B	8	2100411075	000001	2100411075 RHIHRLYSIDING	K	3101	C	10.08.2024	15:56:36			00:00:00			00:00:00	SCLADMIN	10.08.2024	15:56:36			00:00:00		C				0.00	IN	IN		5,396.40	0.00	5,396.40	0.00	0.00	0.00
700	2100410895	000001	Z007	1000	5,394.00	0.00	INR		10.08.2024	10.08.2024	2100411117		1040	01	ZSCL01	0007808163					00000		SP	0013000913			B	8	2100411117	000001	2100411117 RHIHRLYSIDING	K	3101	C	10.08.2024	16:21:35			00:00:00			00:00:00	SCLADMIN	10.08.2024	16:21:35			00:00:00		C				0.00	IN	IN		5,394.00	0.00	5,394.00	0.00	0.00	0.00
700	2100412759	000001	Z007	1000	5,394.00	0.00	INR		11.08.2024	11.08.2024	2100412990		1040	01	ZSCL01	0007831683					00000		SP	0013000913			B	8	2100412990	000001	2100412990 RHIHRLYSIDING	K	3101	C	11.08.2024	19:25:40			00:00:00			00:00:00	SCLADMIN	11.08.2024	19:25:40			00:00:00		C				0.00	IN	IN		5,394.00	0.00	5,394.00	0.00	0.00	0.00
700	2100413526	000001	Z007	1000	5,396.40	0.00	INR		12.08.2024	12.08.2024	2100413757		1040	01	ZSCL01	0007837608					00000		SP	0013000913			B	8	2100413757	000001	2100413757 RHIHRLYSIDING	K	3101	C	12.08.2024	05:40:33			00:00:00			00:00:00	SCLADMIN	12.08.2024	05:40:33			00:00:00		C				0.00	IN	IN		5,396.40	0.00	5,396.40	0.00	0.00	0.00
700	2100413546	000001	Z007	1000	5,394.00	0.00	INR		12.08.2024	12.08.2024	2100413777		1040	01	ZSCL01	0007837692					00000		SP	0013000913			B	8	2100413777	000001	2100413777 RHIHRLYSIDING	K	3101	C	12.08.2024	06:14:17			00:00:00			00:00:00	SCLADMIN	12.08.2024	06:14:17			00:00:00		C				0.00	IN	IN		5,394.00	0.00	5,394.00	0.00	0.00	0.00
700	2100414347	000001	Z007	1000	5,396.40	0.00	INR		12.08.2024	12.08.2024	2100414578		1040	01	ZSCL01	0007853278					00000		SP	0013000913			B	8	2100414578	000001	2100414578 RHIHRLYSIDING	K	3101	C	12.08.2024	20:03:44			00:00:00			00:00:00	SCLADMIN	12.08.2024	20:03:44			00:00:00		C				0.00	IN	IN		5,396.40	0.00	5,396.40	0.00	0.00	0.00
700	2100415099	000001	Z007	1000	5,407.20	0.00	INR		13.08.2024	13.08.2024	2100415320		1040	01	ZSCL01	0007859681					00000		SP	0013000913			B	8	2100415320	000001	2100415320 RHIHRLYSIDING	K	3101	C	13.08.2024	06:55:43			00:00:00			00:00:00	SCLADMIN	13.08.2024	06:55:43			00:00:00		C				0.00	IN	IN		5,407.20	0.00	5,407.20	0.00	0.00	0.00
700	2100415239	000001	Z007	1000	5,407.20	0.00	INR		13.08.2024	13.08.2024	2100415460		1040	01	ZSCL01	0007862025					00000		SP	0013000913			B	8	2100415460	000001	2100415460 RHIHRLYSIDING	K	3101	C	13.08.2024	11:21:13			00:00:00			00:00:00	SCLADMIN	13.08.2024	11:21:13			00:00:00		C				0.00	IN	IN		5,407.20	0.00	5,407.20	0.00	0.00	0.00
700	2100415548	000001	Z007	1000	5,396.40	0.00	INR		13.08.2024	13.08.2024	2100415759		1040	01	ZSCL01	0007869205					00000		SP	0013000913			B	8	2100415759	000001	2100415759 RHIHRLYSIDING	K	3101	C	13.08.2024	16:41:04			00:00:00			00:00:00	SCLADMIN	13.08.2024	16:41:04			00:00:00		C				0.00	IN	IN		5,396.40	0.00	5,396.40	0.00	0.00	0.00
700	2100417592	000001	Z007	1000	5,394.00	0.00	INR		14.08.2024	14.08.2024	2100417813		1040	01	ZSCL01	0007900850					00000		SP	0013000913			B	8	2100417813	000001	2100417813 RHIHRLYSIDING	K	3101	C	14.08.2024	19:55:48			00:00:00			00:00:00	SCLADMIN	14.08.2024	19:55:48			00:00:00		C				0.00	IN	IN		5,394.00	0.00	5,394.00	0.00	0.00	0.00
700	2100418460	000001	Z007	1000	5,394.00	0.00	INR		15.08.2024	15.08.2024	2100418681		1040	01	ZSCL01	0007908559					00000		SP	0013000913			B	8	2100418681	000001	2100418681 RHIHRLYSIDING	K	3101	C	15.08.2024	08:55:19			00:00:00			00:00:00	SCLADMIN	15.08.2024	08:55:19			00:00:00		C				0.00	IN	IN		5,394.00	0.00	5,394.00	0.00	0.00	0.00
700	2100418788	000001	Z007	1000	5,396.40	0.00	INR		15.08.2024	15.08.2024	2100419009		1040	01	ZSCL01	0007914632					00000		SP	0013000913			B	8	2100419009	000001	2100419009 RHIHRLYSIDING	K	3101	C	15.08.2024	15:45:48			00:00:00			00:00:00	SCLADMIN	15.08.2024	15:45:48			00:00:00		C				0.00	IN	IN		5,396.40	0.00	5,396.40	0.00	0.00	0.00
700	2100419891	000001	Z007	1000	5,394.00	0.00	INR		16.08.2024	16.08.2024	2100420122		1040	01	ZSCL01	0007926916					00000		SP	0013000913			B	8	2100420122	000001	2100420122 RHIHRLYSIDING	K	3101	C	16.08.2024	07:11:08			00:00:00			00:00:00	SCLADMIN	16.08.2024	07:11:08			00:00:00		C				0.00	IN	IN		5,394.00	0.00	5,394.00	0.00	0.00	0.00
700	2100420582	000001	Z007	1000	5,396.40	0.00	INR		16.08.2024	16.08.2024	2100420803		1040	01	ZSCL01	0007999319					00000		SP	0013000913			B	8	2100420803	000001	2100420803 RHIHRLYSIDING	K	3101	C	16.08.2024	19:41:03			00:00:00			00:00:00	SCLADMIN	16.08.2024	19:41:03			00:00:00		C				0.00	IN	IN		5,396.40	0.00	5,396.40	0.00	0.00	0.00
700	2100422098	000001	Z007	1000	5,407.20	0.00	INR		17.08.2024	17.08.2024	2100422319		1040	01	ZSCL01	0008038973					00000		SP	0013000913			B	8	2100422319	000001	2100422319 RHIHRLYSIDING	K	3101	C	17.08.2024	17:22:02			00:00:00			00:00:00	SCLADMIN	17.08.2024	17:22:02			00:00:00		C				0.00	IN	IN		5,407.20	0.00	5,407.20	0.00	0.00	0.00
700	2100424040	000001	Z007	1000	5,394.00	0.00	INR		18.08.2024	18.08.2024	2100424260		1040	01	ZSCL01	0008074012					00000		SP	0013000913			B	8	2100424260	000001	2100424260 RHIHRLYSIDING	K	3101	C	18.08.2024	20:53:26			00:00:00			00:00:00	SCLADMIN	18.08.2024	20:53:26			00:00:00		C				0.00	IN	IN		5,394.00	0.00	5,394.00	0.00	0.00	0.00
700	2100424894	000001	Z007	1000	5,394.00	0.00	INR		19.08.2024	19.08.2024	2100425114		1040	01	ZSCL01	0008083608					00000		SP	0013000913			B	8	2100425114	000001	2100425114 RHIHRLYSIDING	K	3101	C	19.08.2024	12:26:39			00:00:00			00:00:00	SCLADMIN	19.08.2024	12:26:39			00:00:00		C				0.00	IN	IN		5,394.00	0.00	5,394.00	0.00	0.00	0.00
700	2100424969	000001	Z007	1000	5,407.20	0.00	INR		19.08.2024	19.08.2024	2100425189		1040	01	ZSCL01	0008085663					00000		SP	0013000913			B	8	2100425189	000001	2100425189 RHIHRLYSIDING	K	3101	C	19.08.2024	14:55:29			00:00:00			00:00:00	SCLADMIN	19.08.2024	14:55:29			00:00:00		C				0.00	IN	IN		5,407.20	0.00	5,407.20	0.00	0.00	0.00
700	2100425485	000001	Z007	1000	5,396.40	0.00	INR		19.08.2024	19.08.2024	2100425705		1040	01	ZSCL01	0008093655					00000		SP	0013000913			B	8	2100425705	000001	2100425705 RHIHRLYSIDING	K	3101	C	19.08.2024	20:53:09			00:00:00			00:00:00	SCLADMIN	19.08.2024	20:53:09			00:00:00		C				0.00	IN	IN		5,396.40	0.00	5,396.40	0.00	0.00	0.00
700	2100427729	000001	Z007	1000	5,394.00	0.00	INR		21.08.2024	21.08.2024	2100427948		1040	01	ZSCL01	0008125410					00000		SP	0013000913			B	8	2100427948	000001	2100427948 RHIHRLYSIDING	K	3101	C	21.08.2024	11:54:37			00:00:00			00:00:00	SCLADMIN	21.08.2024	11:54:37			00:00:00		C				0.00	IN	IN		5,394.00	0.00	5,394.00	0.00	0.00	0.00
700	2100429631	000001	Z007	1000	5,396.40	0.00	INR		22.08.2024	22.08.2024	2100429849		1040	01	ZSCL01	0008152928					00000		SP	0013000913			B	8	2100429849	000001	2100429849 RHIHRLYSIDING	K	3101	C	22.08.2024	15:41:34			00:00:00			00:00:00	SCLADMIN	22.08.2024	15:41:34			00:00:00		C				0.00	IN	IN		5,396.40	0.00	5,396.40	0.00	0.00	0.00
700	2100429989	000001	Z007	1000	5,394.00	0.00	INR		22.08.2024	22.08.2024	2100430207		1040	01	ZSCL01	0008161346					00000		SP	0013000913			B	8	2100430207	000001	2100430207 RHIHRLYSIDING	K	3101	C	22.08.2024	19:12:42			00:00:00			00:00:00	SCLADMIN	22.08.2024	19:12:42			00:00:00		C				0.00	IN	IN		5,394.00	0.00	5,394.00	0.00	0.00	0.00
700	2100431204	000001	Z007	1000	5,396.40	0.00	INR		23.08.2024	23.08.2024	2100431422		1040	01	ZSCL01	0008174245					00000		SP	0013000913			B	8	2100431422	000001	2100431422 RHIHRLYSIDING	K	3101	C	23.08.2024	10:43:52			00:00:00			00:00:00	SCLADMIN	23.08.2024	10:43:52			00:00:00		C				0.00	IN	IN		5,396.40	0.00	5,396.40	0.00	0.00	0.00
700	2100431799	000001	Z007	1000	5,396.40	0.00	INR		23.08.2024	23.08.2024	2100432017		1040	01	ZSCL01	0008188315					00000		SP	0013000913			B	8	2100432017	000001	2100432017 RHIHRLYSIDING	K	3101	C	23.08.2024	19:19:54			00:00:00			00:00:00	SCLADMIN	23.08.2024	19:19:54			00:00:00		C				0.00	IN	IN		5,396.40	0.00	5,396.40	0.00	0.00	0.00
700	2100431998	000001	Z007	1000	5,396.40	0.00	INR		23.08.2024	23.08.2024	2100432216		1040	01	ZSCL01	0008191781					00000		SP	0013000913			B	8	2100432216	000001	2100432216 RHIHRLYSIDING	K	3101	C	23.08.2024	21:00:52			00:00:00			00:00:00	SCLADMIN	23.08.2024	21:00:52			00:00:00		C				0.00	IN	IN		5,396.40	0.00	5,396.40	0.00	0.00	0.00
700	2100432870	000001	Z007	1000	5,396.40	0.00	INR		24.08.2024	24.08.2024	2100433098		1040	01	ZSCL01	0008198952					00000		SP	0013000913			B	8	2100433098	000001	2100433098 RHIHRLYSIDING	K	3101	C	24.08.2024	08:01:14			00:00:00			00:00:00	SCLADMIN	24.08.2024	08:01:14			00:00:00		C				0.00	IN	IN		5,396.40	0.00	5,396.40	0.00	0.00	0.00
700	2100433094	000001	Z007	1000	5,394.00	0.00	INR		24.08.2024	24.08.2024	2100433322		1040	01	ZSCL01	0008202800					00000		SP	0013000913			B	8	2100433322	000001	2100433322 RHIHRLYSIDING	K	3101	C	24.08.2024	13:17:35			00:00:00			00:00:00	SCLADMIN	24.08.2024	13:17:35			00:00:00		C				0.00	IN	IN		5,394.00	0.00	5,394.00	0.00	0.00	0.00
700	2100434524	000001	Z007	1000	5,407.20	0.00	INR		25.08.2024	25.08.2024	2100434742		1040	01	ZSCL01	0008221224					00000		SP	0013000913			B	8	2100434742	000001	2100434742 RHIHRLYSIDING	K	3101	C	25.08.2024	04:44:02			00:00:00			00:00:00	SCLADMIN	25.08.2024	04:44:02			00:00:00		C				0.00	IN	IN		5,407.20	0.00	5,407.20	0.00	0.00	0.00
700	2100434634	000001	Z007	1000	5,394.00	0.00	INR		25.08.2024	25.08.2024	2100434852		1040	01	ZSCL01	0008221919					00000		SP	0013000913			B	8	2100434852	000001	2100434852 RHIHRLYSIDING	K	3101	C	25.08.2024	07:00:47			00:00:00			00:00:00	SCLADMIN	25.08.2024	07:00:47			00:00:00		C				0.00	IN	IN		5,394.00	0.00	5,394.00	0.00	0.00	0.00
700	2100434672	000001	Z007	1000	5,396.40	0.00	INR		25.08.2024	25.08.2024	2100434890		1040	01	ZSCL01	0008222117					00000		SP	0013000913			B	8	2100434890	000001	2100434890 RHIHRLYSIDING	K	3101	C	25.08.2024	07:46:07			00:00:00			00:00:00	SCLADMIN	25.08.2024	07:46:07			00:00:00		C				0.00	IN	IN		5,396.40	0.00	5,396.40	0.00	0.00	0.00
700	2100436223	000001	Z007	1000	5,396.40	0.00	INR		26.08.2024	26.08.2024	2100436451		1040	01	ZSCL01	0008239910					00000		SP	0013000913			B	8	2100436451	000001	2100436451 RHIHRLYSIDING	K	3101	C	26.08.2024	03:56:09			00:00:00			00:00:00	SCLADMIN	26.08.2024	03:56:09			00:00:00		C				0.00	IN	IN		5,396.40	0.00	5,396.40	0.00	0.00	0.00
700	2100437114	000001	Z007	1000	5,407.20	0.00	INR		26.08.2024	26.08.2024	2100437332		1040	01	ZSCL01	0008254302					00000		SP	0013000913			B	8	2100437332	000001	2100437332 RHIHRLYSIDING	K	3101	C	26.08.2024	19:57:25			00:00:00			00:00:00	SCLADMIN	26.08.2024	19:57:25			00:00:00		C				0.00	IN	IN		5,407.20	0.00	5,407.20	0.00	0.00	0.00
700	2100438272	000001	Z007	1000	5,394.00	0.00	INR		27.08.2024	27.08.2024	2100438490		1040	01	ZSCL01	0008267616					00000		SP	0013000913			B	8	2100438490	000001	2100438490 RHIHRLYSIDING	K	3101	C	27.08.2024	15:17:46			00:00:00			00:00:00	SCLADMIN	27.08.2024	15:17:46			00:00:00		C				0.00	IN	IN		5,394.00	0.00	5,394.00	0.00	0.00	0.00
700	2100438996	000001	Z007	1000	5,407.20	0.00	INR		27.08.2024	27.08.2024	2100439214		1040	01	ZSCL01	0008285326					00000		SP	0013000913			B	8	2100439214	000001	2100439214 RHIHRLYSIDING	K	3101	C	27.08.2024	22:54:43			00:00:00			00:00:00	SCLADMIN	27.08.2024	22:54:43			00:00:00		C				0.00	IN	IN		5,407.20	0.00	5,407.20	0.00	0.00	0.00
700	2100439114	000001	Z007	1000	5,396.40	0.00	INR		27.08.2024	27.08.2024	2100439332		1040	01	ZSCL01	0008286257					00000		SP	0013000913			B	8	2100439332	000001	2100439332 RHIHRLYSIDING	K	3101	C	27.08.2024	23:43:23			00:00:00			00:00:00	SCLADMIN	27.08.2024	23:43:23			00:00:00		C				0.00	IN	IN		5,396.40	0.00	5,396.40	0.00	0.00	0.00
700	2100439712	000001	Z007	1000	5,396.40	0.00	INR		28.08.2024	28.08.2024	2100439930		1040	01	ZSCL01	0008289795					00000		SP	0013000913			B	8	2100439930	000001	2100439930 RHIHRLYSIDING	K	3101	C	28.08.2024	08:48:19			00:00:00			00:00:00	SCLADMIN	28.08.2024	08:48:19			00:00:00		C				0.00	IN	IN		5,396.40	0.00	5,396.40	0.00	0.00	0.00
700	2100439740	000001	Z007	1000	5,396.40	0.00	INR		28.08.2024	28.08.2024	2100439958		1040	01	ZSCL01	0008289945					00000		SP	0013000913			B	8	2100439958	000001	2100439958 RHIHRLYSIDING	K	3101	C	28.08.2024	09:10:58			00:00:00			00:00:00	SCLADMIN	28.08.2024	09:10:58			00:00:00		C				0.00	IN	IN		5,396.40	0.00	5,396.40	0.00	0.00	0.00
700	2100440646	000001	Z007	1000	5,407.20	0.00	INR		28.08.2024	28.08.2024	2100440864		1040	01	ZSCL01	0008317248					00000		SP	0013000913			B	8	2100440864	000001	2100440864 RHIHRLYSIDING	K	3101	C	28.08.2024	21:06:28			00:00:00			00:00:00	SCLADMIN	28.08.2024	21:06:28			00:00:00		C				0.00	IN	IN		5,407.20	0.00	5,407.20	0.00	0.00	0.00
700	2100441039	000001	Z007	1000	5,394.00	0.00	INR		29.08.2024	29.08.2024	2100441257		1040	01	ZSCL01	0008321938					00000		SP	0013000913			B	8	2100441257	000001	2100441257 RHIHRLYSIDING	K	3101	C	29.08.2024	01:05:24			00:00:00			00:00:00	SCLADMIN	29.08.2024	01:05:24			00:00:00		C				0.00	IN	IN		5,394.00	0.00	5,394.00	0.00	0.00	0.00
700	2100441542	000001	Z007	1000	5,394.00	0.00	INR		29.08.2024	29.08.2024	2100441770		1040	01	ZSCL01	0008324746					00000		SP	0013000913			B	8	2100441770	000001	2100441770 RHIHRLYSIDING	K	3101	C	29.08.2024	07:40:19			00:00:00			00:00:00	SCLADMIN	29.08.2024	07:40:19			00:00:00		C				0.00	IN	IN		5,394.00	0.00	5,394.00	0.00	0.00	0.00
700	2100441607	000001	Z007	1000	5,394.00	0.00	INR		29.08.2024	29.08.2024	2100441835		1040	01	ZSCL01	0008325334					00000		SP	0013000913			B	8	2100441835	000001	2100441835 RHIHRLYSIDING	K	3101	C	29.08.2024	09:13:41			00:00:00			00:00:00	SCLADMIN	29.08.2024	09:13:41			00:00:00		C				0.00	IN	IN		5,394.00	0.00	5,394.00	0.00	0.00	0.00
700	2100441921	000001	Z007	1000	5,394.00	0.00	INR		29.08.2024	29.08.2024	2100442139		1040	01	ZSCL01	0008333305					00000		SP	0013000913			B	8	2100442139	000001	2100442139 RHIHRLYSIDING	K	3101	C	29.08.2024	14:53:16			00:00:00			00:00:00	SCLADMIN	29.08.2024	14:53:16			00:00:00		C				0.00	IN	IN		5,394.00	0.00	5,394.00	0.00	0.00	0.00
700	2100442175	000001	Z007	1000	5,407.20	0.00	INR		29.08.2024	29.08.2024	2100442394		1040	01	ZSCL01	0008338294					00000		SP	0013000913			B	8	2100442394	000001	2100442394 RHIHRLYSIDING	K	3101	C	29.08.2024	17:03:02			00:00:00			00:00:00	SCLADMIN	29.08.2024	17:03:02			00:00:00		C				0.00	IN	IN		5,407.20	0.00	5,407.20	0.00	0.00	0.00
700	2100442988	000001	Z007	1000	5,394.00	0.00	INR		30.08.2024	30.08.2024	2100443217		1040	01	ZSCL01	0008352697					00000		SP	0013000913			B	8	2100443217	000001	2100443217 RHIHRLYSIDING	K	3101	C	30.08.2024	00:18:48			00:00:00			00:00:00	SCLADMIN	30.08.2024	00:18:48			00:00:00		C				0.00	IN	IN		5,394.00	0.00	5,394.00	0.00	0.00	0.00
700	2100445084	000001	Z007	1000	5,394.00	0.00	INR		31.08.2024	31.08.2024	2100445303		1040	01	ZSCL01	0008388578					00000		SP	0013000913			B	8	2100445303	000001	2100445303 RHIHRLYSIDING	K	3101	C	31.08.2024	00:22:54			00:00:00			00:00:00	SCLADMIN	31.08.2024	00:22:54			00:00:00		C				0.00	IN	IN		5,394.00	0.00	5,394.00	0.00	0.00	0.00
700	2100446766	000001	Z007	1000	5,394.00	0.00	INR		01.09.2024	01.09.2024	2100446985		1040	01	ZSCL01	0008445105					00000		SP	0013000913			B	8	2100446985	000001	2100446985 RHIHRLYSIDING	K	3101	C	01.09.2024	07:23:20			00:00:00			00:00:00	SCLADMIN	01.09.2024	07:23:20			00:00:00		C				0.00	IN	IN		5,394.00	0.00	5,394.00	0.00	0.00	0.00
700	2100447687	000001	Z007	1000	5,396.40	0.00	INR		01.09.2024	01.09.2024	2100447906		1040	01	ZSCL01	0008459108					00000		SP	0013000913			B	8	2100447906	000001	2100447906 RHIHRLYSIDING	K	3101	C	01.09.2024	23:41:08			00:00:00			00:00:00	SCLADMIN	01.09.2024	23:41:08			00:00:00		C				0.00	IN	IN		5,396.40	0.00	5,396.40	0.00	0.00	0.00
700	2100449100	000001	Z007	1000	5,407.20	0.00	INR		02.09.2024	02.09.2024	2100449319		1040	01	ZSCL01	0008486033					00000		SP	0013000913			B	8	2100449319	000001	2100449319 RHIHRLYSIDING	K	3101	C	02.09.2024	22:54:05			00:00:00			00:00:00	SCLADMIN	02.09.2024	22:54:05			00:00:00		C				0.00	IN	IN		5,407.20	0.00	5,407.20	0.00	0.00	0.00
700	2100449583	000001	Z007	1000	5,407.20	0.00	INR		03.09.2024	03.09.2024	2100449812		1040	01	ZSCL01	0008489606					00000		SP	0013000913			B	8	2100449812	000001	2100449812 RHIHRLYSIDING	K	3101	C	03.09.2024	04:37:15			00:00:00			00:00:00	SCLADMIN	03.09.2024	04:37:15			00:00:00		C				0.00	IN	IN		5,407.20	0.00	5,407.20	0.00	0.00	0.00
700	2100449770	000001	Z007	1000	5,396.40	0.00	INR		03.09.2024	03.09.2024	2100449999		1040	01	ZSCL01	0008490798					00000		SP	0013000913			B	8	2100449999	000001	2100449999 RHIHRLYSIDING	K	3101	C	03.09.2024	08:40:32			00:00:00			00:00:00	SCLADMIN	03.09.2024	08:40:32			00:00:00		C				0.00	IN	IN		5,396.40	0.00	5,396.40	0.00	0.00	0.00
700	2100451821	000001	Z007	1000	5,394.00	0.00	INR		04.09.2024	04.09.2024	2100452060		1040	01	ZSCL01	0008521748					00000		SP	0013000913			B	8	2100452060	000001	2100452060 RHIHRLYSIDING	K	3101	C	04.09.2024	17:01:27			00:00:00			00:00:00	SCLADMIN	04.09.2024	17:01:27			00:00:00		C				0.00	IN	IN		5,394.00	0.00	5,394.00	0.00	0.00	0.00
700	2100451889	000001	Z007	1000	5,394.00	0.00	INR		04.09.2024	04.09.2024	2100452118		1040	01	ZSCL01	0008523348					00000		SP	0013000913			B	8	2100452118	000001	2100452118 RHIHRLYSIDING	K	3101	C	04.09.2024	17:53:06			00:00:00			00:00:00	SCLADMIN	04.09.2024	17:53:06			00:00:00		C				0.00	IN	IN		5,394.00	0.00	5,394.00	0.00	0.00	0.00
700	2100461362	000001	Z007	1000	5,407.20	0.00	INR		10.09.2024	10.09.2024	2100461582		1040	01	ZSCL01	0008670865					00000		SP	0013000913			B	8	2100461582	000001	2100461582 RHIHRLYSIDING	K	3101	C	10.09.2024	10:57:31			00:00:00			00:00:00	SCLADMIN	10.09.2024	10:57:31			00:00:00		C				0.00	IN	IN		5,407.20	0.00	5,407.20	0.00	0.00	0.00
700	2100461902	000001	Z007	1000	5,407.20	0.00	INR		10.09.2024	10.09.2024	2100462112		1040	01	ZSCL01	0008717503					00000		SP	0013000913			B	8	2100462112	000001	2100462112 RHIHRLYSIDING	K	3101	C	10.09.2024	17:59:45			00:00:00			00:00:00	SCLADMIN	10.09.2024	17:59:45			00:00:00		C				0.00	IN	IN		5,407.20	0.00	5,407.20	0.00	0.00	0.00
700	2100463716	000001	Z007	1000	5,407.20	0.00	INR		11.09.2024	11.09.2024	2100463936		1040	01	ZSCL01	0008785065					00000		SP	0013000913			B	8	2100463936	000001	2100463936 RHIHRLYSIDING	K	3101	C	11.09.2024	17:35:48			00:00:00			00:00:00	SCLADMIN	11.09.2024	17:35:48			00:00:00		C				0.00	IN	IN		5,407.20	0.00	5,407.20	0.00	0.00	0.00
700	2100464963	000001	Z007	1000	5,407.20	0.00	INR		12.09.2024	12.09.2024	2100465183		1040	01	ZSCL01	0008809852					00000		SP	0013000913			B	8	2100465183	000001	2100465183 RHIHRLYSIDING	K	3101	C	12.09.2024	07:12:39			00:00:00			00:00:00	SCLADMIN	12.09.2024	07:12:39			00:00:00		C				0.00	IN	IN		5,407.20	0.00	5,407.20	0.00	0.00	0.00
700	2100466290	000001	Z007	1000	5,394.00	0.00	INR		12.09.2024	12.09.2024	2100466511		1040	01	ZSCL01	0008849056					00000		SP	0013000913			B	8	2100466511	000001	2100466511 RHIHRLYSIDING	K	3101	C	12.09.2024	23:48:09			00:00:00			00:00:00	SCLADMIN	12.09.2024	23:48:09			00:00:00		C				0.00	IN	IN		5,394.00	0.00	5,394.00	0.00	0.00	0.00
700	2100466330	000001	Z007	1000	5,396.40	0.00	INR		13.09.2024	13.09.2024	2100466551		1040	01	ZSCL01	0008849296					00000		SP	0013000913			B	8	2100466551	000001	2100466551 RHIHRLYSIDING	K	3101	C	13.09.2024	00:08:25			00:00:00			00:00:00	SCLADMIN	13.09.2024	00:08:25			00:00:00		C				0.00	IN	IN		5,396.40	0.00	5,396.40	0.00	0.00	0.00
700	2100466895	000001	Z007	1000	5,407.20	0.00	INR		13.09.2024	13.09.2024	2100467116		1040	01	ZSCL01	0008852100					00000		SP	0013000913			B	8	2100467116	000001	2100467116 RHIHRLYSIDING	K	3101	C	13.09.2024	07:38:17			00:00:00			00:00:00	SCLADMIN	13.09.2024	07:38:17			00:00:00		C				0.00	IN	IN		5,407.20	0.00	5,407.20	0.00	0.00	0.00
700	2100466986	000001	Z007	1000	5,394.00	0.00	INR		13.09.2024	13.09.2024	2100467207		1040	01	ZSCL01	0008852730					00000		SP	0013000913			B	8	2100467207	000001	2100467207 RHIHRLYSIDING	K	3101	C	13.09.2024	09:12:10			00:00:00			00:00:00	SCLADMIN	13.09.2024	09:12:10			00:00:00		C				0.00	IN	IN		5,394.00	0.00	5,394.00	0.00	0.00	0.00
700	2100467570	000001	Z007	1000	5,394.00	0.00	INR		13.09.2024	13.09.2024	2100467791		1040	01	ZSCL01	0008863470					00000		SP	0013000913			B	8	2100467791	000001	2100467791 RHIHRLYSIDING	K	3101	C	13.09.2024	17:03:59			00:00:00			00:00:00	SCLADMIN	13.09.2024	17:03:59			00:00:00		C				0.00	IN	IN		5,394.00	0.00	5,394.00	0.00	0.00	0.00
700	2100468406	000001	Z007	1000	5,394.00	0.00	INR		14.09.2024	14.09.2024	2100468627		1040	01	ZSCL01	0008875279					00000		SP	0013000913			B	8	2100468627	000001	2100468627 RHIHRLYSIDING	K	3101	C	14.09.2024	00:58:01			00:00:00			00:00:00	SCLADMIN	14.09.2024	00:58:01			00:00:00		C				0.00	IN	IN		5,394.00	0.00	5,394.00	0.00	0.00	0.00
700	2100469059	000001	Z007	1000	5,394.00	0.00	INR		14.09.2024	14.09.2024	2100469280		1040	01	ZSCL01	0008883477					00000		SP	0013000913			B	8	2100469280	000001	2100469280 RHIHRLYSIDING	K	3101	C	14.09.2024	11:34:35			00:00:00			00:00:00	SCLADMIN	14.09.2024	11:34:35			00:00:00		C				0.00	IN	IN		5,394.00	0.00	5,394.00	0.00	0.00	0.00
700	2100471651	000001	Z007	1000	5,407.20	0.00	INR		15.09.2024	15.09.2024	2100471871		1040	01	ZSCL01	0008929664					00000		SP	0013000913			B	8	2100471871	000001	2100471871 RHIHRLYSIDING	K	3101	C	15.09.2024	17:39:58			00:00:00			00:00:00	SCLADMIN	15.09.2024	17:39:58			00:00:00		C				0.00	IN	IN		5,407.20	0.00	5,407.20	0.00	0.00	0.00
700	2100471683	000001	Z007	1000	5,394.00	0.00	INR		15.09.2024	15.09.2024	2100471903		1040	01	ZSCL01	0008930083					00000		SP	0013000913			B	8	2100471903	000001	2100471903 RHIHRLYSIDING	K	3101	C	15.09.2024	17:55:18			00:00:00			00:00:00	SCLADMIN	15.09.2024	17:55:18			00:00:00		C				0.00	IN	IN		5,394.00	0.00	5,394.00	0.00	0.00	0.00
700	2100472975	000001	Z007	1000	5,394.00	0.00	INR		16.09.2024	16.09.2024	2100473196		1040	01	ZSCL01	0008941797					00000		SP	0013000913			B	8	2100473196	000001	2100473196 RHIHRLYSIDING	K	3101	C	16.09.2024	10:09:47			00:00:00			00:00:00	SCLADMIN	16.09.2024	10:09:47			00:00:00		C				0.00	IN	IN		5,394.00	0.00	5,394.00	0.00	0.00	0.00
700	2100472979	000001	Z007	1000	5,394.00	0.00	INR		16.09.2024	16.09.2024	2100473200		1040	01	ZSCL01	0008941843					00000		SP	0013000913			B	8	2100473200	000001	2100473200 RHIHRLYSIDING	K	3101	C	16.09.2024	10:14:07			00:00:00			00:00:00	SCLADMIN	16.09.2024	10:14:07			00:00:00		C				0.00	IN	IN		5,394.00	0.00	5,394.00	0.00	0.00	0.00
700	2100473702	000001	Z007	1000	5,396.40	0.00	INR		16.09.2024	16.09.2024	2100473923		1040	01	ZSCL01	0008967278					00000		SP	0013000913			B	8	2100473923	000001	2100473923 RHIHRLYSIDING	K	3101	C	16.09.2024	19:24:24			00:00:00			00:00:00	SCLADMIN	16.09.2024	19:24:24			00:00:00		C				0.00	IN	IN		5,396.40	0.00	5,396.40	0.00	0.00	0.00
700	2100473959	000001	Z007	1000	5,396.40	0.00	INR		16.09.2024	16.09.2024	2100474180		1040	01	ZSCL01	0008971110					00000		SP	0013000913			B	8	2100474180	000001	2100474180 RHIHRLYSIDING	K	3101	C	16.09.2024	21:38:30			00:00:00			00:00:00	SCLADMIN	16.09.2024	21:38:30			00:00:00		C				0.00	IN	IN		5,396.40	0.00	5,396.40	0.00	0.00	0.00
700	2100475638	000001	Z007	1000	5,394.00	0.00	INR		17.09.2024	17.09.2024	2100475860		1040	01	ZSCL01	0009000425					00000		SP	0013000913			B	8	2100475860	000001	2100475860 RHIHRLYSIDING	K	3101	C	17.09.2024	23:02:16			00:00:00			00:00:00	SCLADMIN	17.09.2024	23:02:16			00:00:00		C				0.00	IN	IN		5,394.00	0.00	5,394.00	0.00	0.00	0.00
700	2100476047	000001	Z007	1000	5,396.40	0.00	INR		18.09.2024	18.09.2024	2100476269		1040	01	ZSCL01	0009003101					00000		SP	0013000913			B	8	2100476269	000001	2100476269 RHIHRLYSIDING	K	3101	C	18.09.2024	04:07:27			00:00:00			00:00:00	SCLADMIN	18.09.2024	04:07:27			00:00:00		C				0.00	IN	IN		5,396.40	0.00	5,396.40	0.00	0.00	0.00
700	2100476119	000001	Z007	1000	5,407.20	0.00	INR		18.09.2024	18.09.2024	2100476341		1040	01	ZSCL01	0009003420					00000		SP	0013000913			B	8	2100476341	000001	2100476341 RHIHRLYSIDING	K	3101	C	18.09.2024	05:49:47			00:00:00			00:00:00	SCLADMIN	18.09.2024	05:49:47			00:00:00		C				0.00	IN	IN		5,407.20	0.00	5,407.20	0.00	0.00	0.00
700	2100476216	000001	Z007	1000	5,394.00	0.00	INR		18.09.2024	18.09.2024	2100476438		1040	01	ZSCL01	0009003967					00000		SP	0013000913			B	8	2100476438	000001	2100476438 RHIHRLYSIDING	K	3101	C	18.09.2024	08:32:48			00:00:00			00:00:00	SCLADMIN	18.09.2024	08:32:48			00:00:00		C				0.00	IN	IN		5,394.00	0.00	5,394.00	0.00	0.00	0.00
700	2100477829	000001	Z007	1000	5,407.20	0.00	INR		19.09.2024	19.09.2024	2100478054		1040	01	ZSCL01	0009033754					00000		SP	0013000913			B	8	2100478054	000001	2100478054 RHIHRLYSIDING	K	3101	C	19.09.2024	07:07:42			00:00:00			00:00:00	SCLADMIN	19.09.2024	07:07:42			00:00:00		C				0.00	IN	IN		5,407.20	0.00	5,407.20	0.00	0.00	0.00
700	2100478096	000001	Z007	1000	5,407.20	0.00	INR		19.09.2024	19.09.2024	2100478321		1040	01	ZSCL01	0009037608					00000		SP	0013000913			B	8	2100478321	000001	2100478321 RHIHRLYSIDING	K	3101	C	19.09.2024	12:21:18			00:00:00			00:00:00	SCLADMIN	19.09.2024	12:21:18			00:00:00		C				0.00	IN	IN		5,407.20	0.00	5,407.20	0.00	0.00	0.00
700	2100478303	000001	Z007	1000	5,396.40	0.00	INR		19.09.2024	19.09.2024	2100478529		1040	01	ZSCL01	0009040671					00000		SP	0013000913			B	8	2100478529	000001	2100478529 RHIHRLYSIDING	K	3101	C	19.09.2024	15:02:06			00:00:00			00:00:00	SCLADMIN	19.09.2024	15:02:06			00:00:00		C				0.00	IN	IN		5,396.40	0.00	5,396.40	0.00	0.00	0.00
700	2100478308	000001	Z007	1000	5,407.20	0.00	INR		19.09.2024	19.09.2024	2100478534		1040	01	ZSCL01	0009040701					00000		SP	0013000913			B	8	2100478534	000001	2100478534 RHIHRLYSIDING	K	3101	C	19.09.2024	15:04:46			00:00:00			00:00:00	SCLADMIN	19.09.2024	15:04:46			00:00:00		C				0.00	IN	IN		5,407.20	0.00	5,407.20	0.00	0.00	0.00
700	2100478543	000001	Z007	1000	5,396.40	0.00	INR		19.09.2024	19.09.2024	2100478750		1040	01	ZSCL01	0009044832					00000		SP	0013000913			B	8	2100478750	000001	2100478750 RHIHRLYSIDING	K	3101	C	19.09.2024	17:19:27			00:00:00			00:00:00	SCLADMIN	19.09.2024	17:19:27			00:00:00		C				0.00	IN	IN		5,396.40	0.00	5,396.40	0.00	0.00	0.00
700	2100479594	000001	Z007	1000	5,396.40	0.00	INR		20.09.2024	20.09.2024	2100479821		1040	01	ZSCL01	0009058230					00000		SP	0013000913			B	8	2100479821	000001	2100479821 RHIHRLYSIDING	K	3101	C	20.09.2024	03:02:41			00:00:00			00:00:00	SCLADMIN	20.09.2024	03:02:41			00:00:00		C				0.00	IN	IN		5,396.40	0.00	5,396.40	0.00	0.00	0.00
700	2100479788	000001	Z007	1000	5,407.20	0.00	INR		20.09.2024	20.09.2024	2100480015		1040	01	ZSCL01	0009059301					00000		SP	0013000913			B	8	2100480015	000001	2100480015 RHIHRLYSIDING	K	3101	C	20.09.2024	05:52:21			00:00:00			00:00:00	SCLADMIN	20.09.2024	05:52:21			00:00:00		C				0.00	IN	IN		5,407.20	0.00	5,407.20	0.00	0.00	0.00
700	2100479875	000001	Z007	1000	5,394.00	0.00	INR		20.09.2024	20.09.2024	2100480102		1040	01	ZSCL01	0009059889					00000		SP	0013000913			B	8	2100480102	000001	2100480102 RHIHRLYSIDING	K	3101	C	20.09.2024	08:26:14			00:00:00			00:00:00	SCLADMIN	20.09.2024	08:26:14			00:00:00		C				0.00	IN	IN		5,394.00	0.00	5,394.00	0.00	0.00	0.00
700	2100483828	000001	Z007	1000	5,396.40	0.00	INR		22.09.2024	22.09.2024	2100484055		1040	01	ZSCL01	0009117157					00000		SP	0013000913			B	8	2100484055	000001	2100484055 RHIHRLYSIDING	K	3101	C	22.09.2024	08:12:28			00:00:00			00:00:00	SCLADMIN	22.09.2024	08:12:28			00:00:00		C				0.00	IN	IN		5,396.40	0.00	5,396.40	0.00	0.00	0.00
700	2100485818	000001	Z007	1000	5,407.20	0.00	INR		23.09.2024	23.09.2024	2100486036		1040	01	ZSCL01	0009139083					00000		SP	0013000913			B	8	2100486036	000001	2100486036 RHIHRLYSIDING	K	3101	C	23.09.2024	05:30:41			00:00:00			00:00:00	SCLADMIN	23.09.2024	05:30:41			00:00:00		C				0.00	IN	IN		5,407.20	0.00	5,407.20	0.00	0.00	0.00
700	2100487091	000001	Z007	1000	5,394.00	0.00	INR		23.09.2024	23.09.2024	2100487308		1040	01	ZSCL01	0009218672					00000		SP	0013000913			B	8	2100487308	000001	2100487308 RHIHRLYSIDING	K	3101	C	23.09.2024	23:22:35			00:00:00			00:00:00	SCLADMIN	23.09.2024	23:22:35			00:00:00		C				0.00	IN	IN		5,394.00	0.00	5,394.00	0.00	0.00	0.00
700	2100490036	000001	Z007	1000	5,407.20	0.00	INR		25.09.2024	25.09.2024	2100490252		1040	01	ZSCL01	0009266641					00000		SP	0013000913			B	8	2100490252	000001	2100490252 RHIHRLYSIDING	K	3101	C	25.09.2024	10:37:59			00:00:00			00:00:00	SCLADMIN	25.09.2024	10:37:59			00:00:00		C				0.00	IN	IN		5,407.20	0.00	5,407.20	0.00	0.00	0.00
700	2100491668	000001	Z007	1000	5,407.20	0.00	INR		26.09.2024	26.09.2024	2100491904		1040	01	ZSCL01	0009402891					00000		SP	0013000913			B	8	2100491904	000001	2100491904 RHIHRLYSIDING	K	3101	C	26.09.2024	04:05:56			00:00:00			00:00:00	SCLADMIN	26.09.2024	04:05:56			00:00:00		C				0.00	IN	IN		5,407.20	0.00	5,407.20	0.00	0.00	0.00
700	2100491872	000001	Z007	1000	5,394.00	0.00	INR		26.09.2024	26.09.2024	2100492108		1040	01	ZSCL01	0009403946					00000		SP	0013000913			B	8	2100492108	000001	2100492108 RHIHRLYSIDING	K	3101	C	26.09.2024	06:42:29			00:00:00			00:00:00	SCLADMIN	26.09.2024	06:42:29			00:00:00		C				0.00	IN	IN		5,394.00	0.00	5,394.00	0.00	0.00	0.00
700	2100491922	000001	Z007	1000	5,407.20	0.00	INR		26.09.2024	26.09.2024	2100492158		1040	01	ZSCL01	0009404196					00000		SP	0013000913			B	8	2100492158	000001	2100492158 RHIHRLYSIDING	K	3101	C	26.09.2024	07:33:04			00:00:00			00:00:00	SCLADMIN	26.09.2024	07:33:04			00:00:00		C				0.00	IN	IN		5,407.20	0.00	5,407.20	0.00	0.00	0.00
700	2100494269	000001	Z007	1000	5,407.20	0.00	INR		27.09.2024	27.09.2024	2100494488		1040	01	ZSCL01	0009499098					00000		SP	0013000913			B	8	2100494488	000001	2100494488 RHIHRLYSIDING	K	3101	C	27.09.2024	11:23:16			00:00:00			00:00:00	SCLADMIN	27.09.2024	11:23:16			00:00:00		C				0.00	IN	IN		5,407.20	0.00	5,407.20	0.00	0.00	0.00
700	2100494433	000001	Z007	1000	5,396.40	0.00	INR		27.09.2024	27.09.2024	2100494652		1040	01	ZSCL01	0009503545					00000		SP	0013000913			B	8	2100494652	000001	2100494652 RHIHRLYSIDING	K	3101	C	27.09.2024	13:51:20			00:00:00			00:00:00	SCLADMIN	27.09.2024	13:51:20			00:00:00		C				0.00	IN	IN		5,396.40	0.00	5,396.40	0.00	0.00	0.00
700	2100496230	000001	Z007	1000	5,396.40	0.00	INR		28.09.2024	28.09.2024	2100496449		1040	01	ZSCL01	0009528279					00000		SP	0013000913			B	8	2100496449	000001	2100496449 RHIHRLYSIDING	K	3101	C	28.09.2024	09:21:41			00:00:00			00:00:00	SCLADMIN	28.09.2024	09:21:41			00:00:00		C				0.00	IN	IN		5,396.40	0.00	5,396.40	0.00	0.00	0.00
700	2100496238	000001	Z007	1000	5,407.20	0.00	INR		28.09.2024	28.09.2024	2100496457		1040	01	ZSCL01	0009528328					00000		SP	0013000913			B	8	2100496457	000001	2100496457 RHIHRLYSIDING	K	3101	C	28.09.2024	09:25:14			00:00:00			00:00:00	SCLADMIN	28.09.2024	09:25:14			00:00:00		C				0.00	IN	IN		5,407.20	0.00	5,407.20	0.00	0.00	0.00
700	2100498159	000001	Z007	1000	5,396.40	0.00	INR		29.09.2024	29.09.2024	2100498389		1040	01	ZSCL01	0009559395					00000		SP	0013000913			B	8	2100498389	000001	2100498389 RHIHRLYSIDING	K	3101	C	29.09.2024	04:53:55			00:00:00			00:00:00	SCLADMIN	29.09.2024	04:53:55			00:00:00		C				0.00	IN	IN		5,396.40	0.00	5,396.40	0.00	0.00	0.00
700	2100498273	000001	Z007	1000	5,394.00	0.00	INR		29.09.2024	29.09.2024	2100498503		1040	01	ZSCL01	0009560056					00000		SP	0013000913			B	8	2100498503	000001	2100498503 RHIHRLYSIDING	K	3101	C	29.09.2024	06:59:55			00:00:00			00:00:00	SCLADMIN	29.09.2024	06:59:55			00:00:00		C				0.00	IN	IN		5,394.00	0.00	5,394.00	0.00	0.00	0.00
700	2100498396	000001	Z007	1000	5,407.20	0.00	INR		29.09.2024	29.09.2024	2100498626		1040	01	ZSCL01	0009560955					00000		SP	0013000913			B	8	2100498626	000001	2100498626 RHIHRLYSIDING	K	3101	C	29.09.2024	09:12:58			00:00:00			00:00:00	SCLADMIN	29.09.2024	09:12:58			00:00:00		C				0.00	IN	IN		5,407.20	0.00	5,407.20	0.00	0.00	0.00
700	2100498441	000001	Z007	1000	5,407.20	0.00	INR		29.09.2024	29.09.2024	2100498671		1040	01	ZSCL01	0009561291					00000		SP	0013000913			B	8	2100498671	000001	2100498671 RHIHRLYSIDING	K	3101	C	29.09.2024	09:37:58			00:00:00			00:00:00	SCLADMIN	29.09.2024	09:37:58			00:00:00		C				0.00	IN	IN		5,407.20	0.00	5,407.20	0.00	0.00	0.00
700	2100498537	000001	Z007	1000	5,394.00	0.00	INR		29.09.2024	29.09.2024	2100498767		1040	01	ZSCL01	0009562685					00000		SP	0013000913			B	8	2100498767	000001	2100498767 RHIHRLYSIDING	K	3101	C	29.09.2024	11:07:09			00:00:00			00:00:00	SCLADMIN	29.09.2024	11:07:09			00:00:00		C				0.00	IN	IN		5,394.00	0.00	5,394.00	0.00	0.00	0.00
700	2100498594	000001	Z007	1000	5,407.20	0.00	INR		29.09.2024	29.09.2024	2100498824		1040	01	ZSCL01	0009563672					00000		SP	0013000913			B	8	2100498824	000001	2100498824 RHIHRLYSIDING	K	3101	C	29.09.2024	11:47:47			00:00:00			00:00:00	SCLADMIN	29.09.2024	11:47:47			00:00:00		C				0.00	IN	IN		5,407.20	0.00	5,407.20	0.00	0.00	0.00
700	2100498719	000001	Z007	1000	5,407.20	0.00	INR		29.09.2024	29.09.2024	2100498939		1040	01	ZSCL01	0009566633					00000		SP	0013000913			B	8	2100498939	000001	2100498939 RHIHRLYSIDING	K	3101	C	29.09.2024	13:33:07			00:00:00			00:00:00	SCLADMIN	29.09.2024	13:33:07			00:00:00		C				0.00	IN	IN		5,407.20	0.00	5,407.20	0.00	0.00	0.00
700	2100499309	000001	Z007	1000	5,396.40	0.00	INR		29.09.2024	29.09.2024	2100499529		1040	01	ZSCL01	0009577858					00000		SP	0013000913			B	8	2100499529	000001	2100499529 RHIHRLYSIDING	K	3101	C	29.09.2024	19:14:47			00:00:00			00:00:00	SCLADMIN	29.09.2024	19:14:47			00:00:00		C				0.00	IN	IN		5,396.40	0.00	5,396.40	0.00	0.00	0.00
700	2100500457	000001	Z007	1000	5,396.40	0.00	INR		30.09.2024	30.09.2024	2100500687		1040	01	ZSCL01	0009589082					00000		SP	0013000913			B	8	2100500687	000001	2100500687 RHIHRLYSIDING	K	3101	C	30.09.2024	08:01:03			00:00:00			00:00:00	SCLADMIN	30.09.2024	08:01:03			00:00:00		C				0.00	IN	IN		5,396.40	0.00	5,396.40	0.00	0.00	0.00
700	2100500740	000001	Z007	1000	5,394.00	0.00	INR		30.09.2024	30.09.2024	2100500970		1040	01	ZSCL01	0009594644					00000		SP	0013000913			B	8	2100500970	000001	2100500970 RHIHRLYSIDING	K	3101	C	30.09.2024	12:18:42			00:00:00			00:00:00	SCLADMIN	30.09.2024	12:18:42			00:00:00		C				0.00	IN	IN		5,394.00	0.00	5,394.00	0.00	0.00	0.00
700	2100500969	000001	Z007	1000	5,407.20	0.00	INR		30.09.2024	30.09.2024	2100501189		1040	01	ZSCL01	0009603036					00000		SP	0013000913			B	8	2100501189	000001	2100501189 RHIHRLYSIDING	K	3101	C	30.09.2024	15:21:58			00:00:00			00:00:00	SCLADMIN	30.09.2024	15:21:58			00:00:00		C				0.00	IN	IN		5,407.20	0.00	5,407.20	0.00	0.00	0.00
700	2100502452	000001	Z007	1000	5,394.00	0.00	INR		01.10.2024	01.10.2024	2100502674		1040	01	ZSCL01	0009646609					00000		SP	0013000913			B	8	2100502674	000001	2100502674 RHIHRLYSIDING	K	3101	C	01.10.2024	09:56:58			00:00:00			00:00:00	SCLADMIN	01.10.2024	09:56:58			00:00:00		C				0.00	IN	IN		5,394.00	0.00	5,394.00	0.00	0.00	0.00
700	2100502598	000001	Z007	1000	5,396.40	0.00	INR		01.10.2024	01.10.2024	2100502829		1040	01	ZSCL01	0009650265					00000		SP	0013000913			B	8	2100502829	000001	2100502829 RHIHRLYSIDING	K	3101	C	01.10.2024	12:27:03			00:00:00			00:00:00	SCLADMIN	01.10.2024	12:27:03			00:00:00		C				0.00	IN	IN		5,396.40	0.00	5,396.40	0.00	0.00	0.00
700	2100504164	000001	Z007	1000	5,407.20	0.00	INR		02.10.2024	02.10.2024	2100504395		1040	01	ZSCL01	0009673187					00000		SP	0013000913			B	8	2100504395	000001	2100504395 RHIHRLYSIDING	K	3101	C	02.10.2024	06:39:55			00:00:00			00:00:00	SCLADMIN	02.10.2024	06:39:55			00:00:00		C				0.00	IN	IN		5,407.20	0.00	5,407.20	0.00	0.00	0.00
700	2100504255	000001	Z007	1000	5,407.20	0.00	INR		02.10.2024	02.10.2024	2100504485		1040	01	ZSCL01	0009673824					00000		SP	0013000913			B	8	2100504485	000001	2100504485 RHIHRLYSIDING	K	3101	C	02.10.2024	08:34:20			00:00:00			00:00:00	SCLADMIN	02.10.2024	08:34:20			00:00:00		C				0.00	IN	IN		5,407.20	0.00	5,407.20	0.00	0.00	0.00
700	2100506270	000001	Z007	1000	5,394.00	0.00	INR		03.10.2024	03.10.2024	2100506501		1040	01	ZSCL01	0009696280					00000		SP	0013000913			B	8	2100506501	000001	2100506501 RHIHRLYSIDING	K	3101	C	03.10.2024	07:18:21			00:00:00			00:00:00	SCLADMIN	03.10.2024	07:18:21			00:00:00		C				0.00	IN	IN		5,394.00	0.00	5,394.00	0.00	0.00	0.00
700	2100506309	000001	Z007	1000	5,396.40	0.00	INR		03.10.2024	03.10.2024	2100506540		1040	01	ZSCL01	0009696505					00000		SP	0013000913			B	8	2100506540	000001	2100506540 RHIHRLYSIDING	K	3101	C	03.10.2024	07:59:46			00:00:00			00:00:00	SCLADMIN	03.10.2024	07:59:46			00:00:00		C				0.00	IN	IN		5,396.40	0.00	5,396.40	0.00	0.00	0.00
700	2100506341	000001	Z007	1000	5,394.00	0.00	INR		03.10.2024	03.10.2024	2100506572		1040	01	ZSCL01	0009696672					00000		SP	0013000913			B	8	2100506572	000001	2100506572 RHIHRLYSIDING	K	3101	C	03.10.2024	08:32:32			00:00:00			00:00:00	SCLADMIN	03.10.2024	08:32:32			00:00:00		C				0.00	IN	IN		5,394.00	0.00	5,394.00	0.00	0.00	0.00
700	2100506466	000001	Z007	1000	5,394.00	0.00	INR		03.10.2024	03.10.2024	2100506697		1040	01	ZSCL01	0009698386					00000		SP	0013000913			B	8	2100506697	000001	2100506697 RHIHRLYSIDING	K	3101	C	03.10.2024	10:19:57			00:00:00			00:00:00	SCLADMIN	03.10.2024	10:19:57			00:00:00		C				0.00	IN	IN		5,394.00	0.00	5,394.00	0.00	0.00	0.00
700	2100506655	000001	Z007	1000	5,396.40	0.00	INR		03.10.2024	03.10.2024	2100506886		1040	01	ZSCL01	0009714446					00000		SP	0013000913			B	8	2100506886	000001	2100506886 RHIHRLYSIDING	K	3101	C	03.10.2024	13:08:09			00:00:00			00:00:00	SCLADMIN	03.10.2024	13:08:09			00:00:00		C				0.00	IN	IN		5,396.40	0.00	5,396.40	0.00	0.00	0.00
700	2100508401	000001	Z007	1000	5,396.40	0.00	INR		04.10.2024	04.10.2024	2100508632		1040	01	ZSCL01	0009763755					00000		SP	0013000913			B	8	2100508632	000001	2100508632 RHIHRLYSIDING	K	3101	C	04.10.2024	07:04:16			00:00:00			00:00:00	SCLADMIN	04.10.2024	07:04:16			00:00:00		C				0.00	IN	IN		5,396.40	0.00	5,396.40	0.00	0.00	0.00
700	2100510442	000001	Z007	1000	5,407.20	0.00	INR		05.10.2024	05.10.2024	2100510673		1040	01	ZSCL01	0009827920					00000		SP	0013000913			B	8	2100510673	000001	2100510673 RHIHRLYSIDING	K	3101	C	05.10.2024	05:33:58			00:00:00			00:00:00	SCLADMIN	05.10.2024	05:33:58			00:00:00		C				0.00	IN	IN		5,407.20	0.00	5,407.20	0.00	0.00	0.00
700	2100510578	000001	Z007	1000	5,394.00	0.00	INR		05.10.2024	05.10.2024	2100510809		1040	01	ZSCL01	0009828509					00000		SP	0013000913			B	8	2100510809	000001	2100510809 RHIHRLYSIDING	K	3101	C	05.10.2024	07:15:04			00:00:00			00:00:00	SCLADMIN	05.10.2024	07:15:04			00:00:00		C				0.00	IN	IN		5,394.00	0.00	5,394.00	0.00	0.00	0.00
700	2100512149	000001	Z007	1000	5,394.00	0.00	INR		06.10.2024	06.10.2024	2100512380		1040	01	ZSCL01	0009917190					00000		SP	0013000913			B	8	2100512380	000001	2100512380 RHIHRLYSIDING	K	3101	C	06.10.2024	00:19:07			00:00:00			00:00:00	SCLADMIN	06.10.2024	00:19:07			00:00:00		C				0.00	IN	IN		5,394.00	0.00	5,394.00	0.00	0.00	0.00
700	2100512555	000001	Z007	1000	5,394.00	0.00	INR		06.10.2024	06.10.2024	2100512786		1040	01	ZSCL01	0009919566					00000		SP	0013000913			B	8	2100512786	000001	2100512786 RHIHRLYSIDING	K	3101	C	06.10.2024	04:42:24			00:00:00			00:00:00	SCLADMIN	06.10.2024	04:42:24			00:00:00		C				0.00	IN	IN		5,394.00	0.00	5,394.00	0.00	0.00	0.00
700	2100512671	000001	Z007	1000	5,396.40	0.00	INR		06.10.2024	06.10.2024	2100512902		1040	01	ZSCL01	0009920273					00000		SP	0013000913			B	8	2100512902	000001	2100512902 RHIHRLYSIDING	K	3101	C	06.10.2024	07:01:40			00:00:00			00:00:00	SCLADMIN	06.10.2024	07:01:40			00:00:00		C				0.00	IN	IN		5,396.40	0.00	5,396.40	0.00	0.00	0.00
700	2100512688	000001	Z007	1000	5,407.20	0.00	INR		06.10.2024	06.10.2024	2100512919		1040	01	ZSCL01	0009920339					00000		SP	0013000913			B	8	2100512919	000001	2100512919 RHIHRLYSIDING	K	3101	C	06.10.2024	07:18:01			00:00:00			00:00:00	SCLADMIN	06.10.2024	07:18:01			00:00:00		C				0.00	IN	IN		5,407.20	0.00	5,407.20	0.00	0.00	0.00
700	2100512845	000001	Z007	1000	5,394.00	0.00	INR		06.10.2024	06.10.2024	2100513076		1040	01	ZSCL01	0009921719					00000		SP	0013000913			B	8	2100513076	000001	2100513076 RHIHRLYSIDING	K	3101	C	06.10.2024	10:19:50			00:00:00			00:00:00	SCLADMIN	06.10.2024	10:19:50			00:00:00		C				0.00	IN	IN		5,394.00	0.00	5,394.00	0.00	0.00	0.00
700	2100512959	000001	Z007	1000	5,407.20	0.00	INR		06.10.2024	06.10.2024	2100513190		1040	01	ZSCL01	0009923401					00000		SP	0013000913			B	8	2100513190	000001	2100513190 RHIHRLYSIDING	K	3101	C	06.10.2024	12:09:52			00:00:00			00:00:00	SCLADMIN	06.10.2024	12:09:52			00:00:00		C				0.00	IN	IN		5,407.20	0.00	5,407.20	0.00	0.00	0.00
700	2100514874	000001	Z007	1000	5,407.20	0.00	INR		07.10.2024	07.10.2024	2100515105		1040	01	ZSCL01	0009943009					00000		SP	0013000913			B	8	2100515105	000001	2100515105 RHIHRLYSIDING	K	3101	C	07.10.2024	08:05:26			00:00:00			00:00:00	SCLADMIN	07.10.2024	08:05:26			00:00:00		C				0.00	IN	IN		5,407.20	0.00	5,407.20	0.00	0.00	0.00
700	2100517017	000001	Z007	1000	5,407.20	0.00	INR		08.10.2024	08.10.2024	2100517247		1040	01	ZSCL01	0009994042					00000		SP	0013000913			B	8	2100517247	000001	2100517247 RHIHRLYSIDING	K	3101	C	08.10.2024	06:56:09			00:00:00			00:00:00	SCLADMIN	08.10.2024	06:56:09			00:00:00		C				0.00	IN	IN		5,407.20	0.00	5,407.20	0.00	0.00	0.00
700	2100517020	000001	Z007	1000	5,394.00	0.00	INR		08.10.2024	08.10.2024	2100517250		1040	01	ZSCL01	0009994053					00000		SP	0013000913			B	8	2100517250	000001	2100517250 RHIHRLYSIDING	K	3101	C	08.10.2024	07:00:49			00:00:00			00:00:00	SCLADMIN	08.10.2024	07:00:49			00:00:00		C				0.00	IN	IN		5,394.00	0.00	5,394.00	0.00	0.00	0.00
700	2100517023	000001	Z007	1000	5,407.20	0.00	INR		08.10.2024	08.10.2024	2100517253		1040	01	ZSCL01	0009994086					00000		SP	0013000913			B	8	2100517253	000001	2100517253 RHIHRLYSIDING	K	3101	C	08.10.2024	07:03:05			00:00:00			00:00:00	SCLADMIN	08.10.2024	07:03:05			00:00:00		C				0.00	IN	IN		5,407.20	0.00	5,407.20	0.00	0.00	0.00
700	2100517187	000001	Z007	1000	5,396.40	0.00	INR		08.10.2024	08.10.2024	2100517417		1040	01	ZSCL01	0009995041					00000		SP	0013000913			B	8	2100517417	000001	2100517417 RHIHRLYSIDING	K	3101	C	08.10.2024	09:31:13			00:00:00			00:00:00	SCLADMIN	08.10.2024	09:31:13			00:00:00		C				0.00	IN	IN		5,396.40	0.00	5,396.40	0.00	0.00	0.00
700	2100517259	000001	Z007	1000	5,394.00	0.00	INR		08.10.2024	08.10.2024	2100517489		1040	01	ZSCL01	0009996210					00000		SP	0013000913			B	8	2100517489	000001	2100517489 RHIHRLYSIDING	K	3101	C	08.10.2024	10:37:28			00:00:00			00:00:00	SCLADMIN	08.10.2024	10:37:28			00:00:00		C				0.00	IN	IN		5,394.00	0.00	5,394.00	0.00	0.00	0.00
700	2100517443	000001	Z007	1000	5,396.40	0.00	INR		08.10.2024	08.10.2024	2100517673		1040	01	ZSCL01	0010022339					00000		SP	0013000913			B	8	2100517673	000001	2100517673 RHIHRLYSIDING	K	3101	C	08.10.2024	13:25:03			00:00:00			00:00:00	SCLADMIN	08.10.2024	13:25:03			00:00:00		C				0.00	IN	IN		5,396.40	0.00	5,396.40	0.00	0.00	0.00
700	2100519696	000001	Z007	1000	5,396.40	0.00	INR		09.10.2024	09.10.2024	2100519916		1040	01	ZSCL01	0010070550					00000		SP	0013000913			B	8	2100519916	000001	2100519916 RHIHRLYSIDING	K	3101	C	09.10.2024	14:50:32			00:00:00			00:00:00	SCLADMIN	09.10.2024	14:50:32			00:00:00		C				0.00	IN	IN		5,396.40	0.00	5,396.40	0.00	0.00	0.00
700	2100522841	000001	Z007	1000	5,396.40	0.00	INR		11.10.2024	11.10.2024	2100523071		1040	01	ZSCL01	0010158406					00000		SP	0013000913			B	8	2100523071	000001	2100523071 RHIHRLYSIDING	K	3101	C	11.10.2024	04:21:53			00:00:00			00:00:00	SCLADMIN	11.10.2024	04:21:53			00:00:00		C				0.00	IN	IN		5,396.40	0.00	5,396.40	0.00	0.00	0.00
700	2100523022	000001	Z007	1000	5,394.00	0.00	INR		11.10.2024	11.10.2024	2100523242		1040	01	ZSCL01	0010159361					00000		SP	0013000913			B	8	2100523242	000001	2100523242 RHIHRLYSIDING	K	3101	C	11.10.2024	07:40:33			00:00:00			00:00:00	SCLADMIN	11.10.2024	07:40:33			00:00:00		C				0.00	IN	IN		5,394.00	0.00	5,394.00	0.00	0.00	0.00
700	2100523171	000001	Z007	1000	5,407.20	0.00	INR		11.10.2024	11.10.2024	2100523391		1040	01	ZSCL01	0010170042					00000		SP	0013000913			B	8	2100523391	000001	2100523391 RHIHRLYSIDING	K	3101	C	11.10.2024	11:05:28			00:00:00			00:00:00	SCLADMIN	11.10.2024	11:05:28			00:00:00		C				0.00	IN	IN		5,407.20	0.00	5,407.20	0.00	0.00	0.00
700	2100524878	000001	Z007	1000	5,407.20	0.00	INR		12.10.2024	12.10.2024	2100525109		1040	01	ZSCL01	0010204556					00000		SP	0013000913			B	8	2100525109	000001	2100525109 RHIHRLYSIDING	K	3101	C	12.10.2024	13:01:07			00:00:00			00:00:00	SCLADMIN	12.10.2024	13:01:07			00:00:00		C				0.00	IN	IN		5,407.20	0.00	5,407.20	0.00	0.00	0.00
700	2100526856	000001	Z007	1000	5,407.20	0.00	INR		13.10.2024	13.10.2024	2100527077		1040	01	ZSCL01	0010228835					00000		SP	0013000913			B	8	2100527077	000001	2100527077 RHIHRLYSIDING	K	3101	C	13.10.2024	18:05:07			00:00:00			00:00:00	SCLADMIN	13.10.2024	18:05:07			00:00:00		C				0.00	IN	IN		5,407.20	0.00	5,407.20	0.00	0.00	0.00
700	2100527888	000001	Z007	1000	5,396.40	0.00	INR		14.10.2024	14.10.2024	2100528109		1040	01	ZSCL01	0010237374					00000		SP	0013000913			B	8	2100528109	000001	2100528109 RHIHRLYSIDING	K	3101	C	14.10.2024	07:46:53			00:00:00			00:00:00	SCLADMIN	14.10.2024	07:46:53			00:00:00		C				0.00	IN	IN		5,396.40	0.00	5,396.40	0.00	0.00	0.00
700	2100529410	000001	Z007	1000	5,396.40	0.00	INR		15.10.2024	15.10.2024	2100529631		1040	01	ZSCL01	0010284762					00000		SP	0013000913			B	8	2100529631	000001	2100529631 RHIHRLYSIDING	K	3101	C	15.10.2024	02:21:24			00:00:00			00:00:00	SCLADMIN	15.10.2024	02:21:24			00:00:00		C				0.00	IN	IN		5,396.40	0.00	5,396.40	0.00	0.00	0.00
700	2100529612	000001	Z007	1000	5,396.40	0.00	INR		15.10.2024	15.10.2024	2100529843		1040	01	ZSCL01	0010285809					00000		SP	0013000913			B	8	2100529843	000001	2100529843 RHIHRLYSIDING	K	3101	C	15.10.2024	04:28:04			00:00:00			00:00:00	SCLADMIN	15.10.2024	04:28:04			00:00:00		C				0.00	IN	IN		5,396.40	0.00	5,396.40	0.00	0.00	0.00
700	2100531839	000001	Z007	1000	5,407.20	0.00	INR		16.10.2024	16.10.2024	2100532060		1040	01	ZSCL01	0010327735					00000		SP	0013000913			B	8	2100532060	000001	2100532060 RHIHRLYSIDING	K	3101	C	16.10.2024	08:27:08			00:00:00			00:00:00	SCLADMIN	16.10.2024	08:27:08			00:00:00		C				0.00	IN	IN		5,407.20	0.00	5,407.20	0.00	0.00	0.00
700	2100534218	000001	Z007	1000	5,396.40	0.00	INR		17.10.2024	17.10.2024	2100534419		1040	01	ZSCL01	0010386873					00000		SP	0013000913			B	8	2100534419	000001	2100534419 RHIHRLYSIDING	K	3101	C	17.10.2024	13:54:47			00:00:00			00:00:00	SCLADMIN	17.10.2024	13:54:47			00:00:00		C				0.00	IN	IN		5,396.40	0.00	5,396.40	0.00	0.00	0.00
700	2100536482	000001	Z007	1000	5,394.00	0.00	INR		18.10.2024	18.10.2024	2100536693		1040	01	ZSCL01	0010454114					00000		SP	0013000913			B	8	2100536693	000001	2100536693 RHIHRLYSIDING	K	3101	C	18.10.2024	15:14:25			00:00:00			00:00:00	SCLADMIN	18.10.2024	15:14:25			00:00:00		C				0.00	IN	IN		5,394.00	0.00	5,394.00	0.00	0.00	0.00
700	2100538025	000001	Z007	1000	5,394.00	0.00	INR		19.10.2024	19.10.2024	2100538246		1040	01	ZSCL01	0010479619					00000		SP	0013000913			B	8	2100538246	000001	2100538246 RHIHRLYSIDING	K	3101	C	19.10.2024	03:55:02			00:00:00			00:00:00	SCLADMIN	19.10.2024	03:55:02			00:00:00		C				0.00	IN	IN		5,394.00	0.00	5,394.00	0.00	0.00	0.00
700	2100538085	000001	Z007	1000	5,394.00	0.00	INR		19.10.2024	19.10.2024	2100538306		1040	01	ZSCL01	0010479917					00000		SP	0013000913			B	8	2100538306	000001	2100538306 RHIHRLYSIDING	K	3101	C	19.10.2024	04:35:53			00:00:00			00:00:00	SCLADMIN	19.10.2024	04:35:53			00:00:00		C				0.00	IN	IN		5,394.00	0.00	5,394.00	0.00	0.00	0.00
700	2100538147	000001	Z007	1000	5,396.40	0.00	INR		19.10.2024	19.10.2024	2100538368		1040	01	ZSCL01	0010480204					00000		SP	0013000913			B	8	2100538368	000001	2100538368 RHIHRLYSIDING	K	3101	C	19.10.2024	04:54:17			00:00:00			00:00:00	SCLADMIN	19.10.2024	04:54:17			00:00:00		C				0.00	IN	IN		5,396.40	0.00	5,396.40	0.00	0.00	0.00
700	2100538233	000001	Z007	1000	5,396.40	0.00	INR		19.10.2024	19.10.2024	2100538453		1040	01	ZSCL01	0010480566					00000		SP	0013000913			B	8	2100538453	000001	2100538453 RHIHRLYSIDING	K	3101	C	19.10.2024	06:00:24			00:00:00			00:00:00	SCLADMIN	19.10.2024	06:00:24			00:00:00		C				0.00	IN	IN		5,396.40	0.00	5,396.40	0.00	0.00	0.00
700	2100540473	000001	Z007	1000	5,394.00	0.00	INR		20.10.2024	20.10.2024	2100540693		1040	01	ZSCL01	0010516643					00000		SP	0013000913			B	8	2100540693	000001	2100540693 RHIHRLYSIDING	K	3101	C	20.10.2024	07:18:01			00:00:00			00:00:00	SCLADMIN	20.10.2024	07:18:01			00:00:00		C				0.00	IN	IN		5,394.00	0.00	5,394.00	0.00	0.00	0.00
700	2100543471	000001	Z007	1000	5,407.20	0.00	INR		21.10.2024	21.10.2024	2100543692		1040	01	ZSCL01	0010574362					00000		SP	0013000913			B	8	2100543692	000001	2100543692 RHIHRLYSIDING	K	3101	C	21.10.2024	19:32:57			00:00:00			00:00:00	SCLADMIN	21.10.2024	19:32:57			00:00:00		C				0.00	IN	IN		5,407.20	0.00	5,407.20	0.00	0.00	0.00
700	2100543578	000001	Z007	1000	5,407.20	0.00	INR		21.10.2024	21.10.2024	2100543809		1040	01	ZSCL01	0010576869					00000		SP	0013000913			B	8	2100543809	000001	2100543809 RHIHRLYSIDING	K	3101	C	21.10.2024	20:19:50			00:00:00			00:00:00	SCLADMIN	21.10.2024	20:19:50			00:00:00		C				0.00	IN	IN		5,407.20	0.00	5,407.20	0.00	0.00	0.00
700	2100546471	000001	Z007	1000	5,394.00	0.00	INR		23.10.2024	23.10.2024	2100546694		1040	01	ZSCL01	0010626877					00000		SP	0013000913			B	8	2100546694	000001	2100546694 RHIHRLYSIDING	K	3101	C	23.10.2024	04:21:27			00:00:00			00:00:00	SCLADMIN	23.10.2024	04:21:27			00:00:00		C				0.00	IN	IN		5,394.00	0.00	5,394.00	0.00	0.00	0.00
700	2100548278	000001	Z007	1000	5,394.00	0.00	INR		23.10.2024	23.10.2024	2100548511		1040	01	ZSCL01	0010675564					00000		SP	0013000913			B	8	2100548511	000001	2100548511 RHIHRLYSIDING	K	3101	C	23.10.2024	23:21:51			00:00:00			00:00:00	SCLADMIN	23.10.2024	23:21:51			00:00:00		C				0.00	IN	IN		5,394.00	0.00	5,394.00	0.00	0.00	0.00
700	2100552615	000001	Z007	1000	5,394.00	0.00	INR		25.10.2024	25.10.2024	2100552841		1040	01	ZSCL01	0010745382					00000		SP	0013000913			B	8	2100552841	000001	2100552841 RHIHRLYSIDING	K	3101	C	25.10.2024	21:11:33			00:00:00			00:00:00	SCLADMIN	25.10.2024	21:11:33			00:00:00		C				0.00	IN	IN		5,394.00	0.00	5,394.00	0.00	0.00	0.00
700	2100552720	000001	Z007	1000	5,396.40	0.00	INR		26.10.2024	26.10.2024	2100553953		1040	01	ZSCL01	0010754718					00000		SP	0013000913			B	8	2100553953	000001	2100553953 RHIHRLYSIDING	K	3101	C	26.10.2024	10:50:26			00:00:00			00:00:00	SCLADMIN	26.10.2024	10:50:26			00:00:00		C				0.00	IN	IN		5,396.40	0.00	5,396.40	0.00	0.00	0.00
700	2100552931	000001	Z007	1000	5,407.20	0.00	INR		26.10.2024	26.10.2024	2100553157		1040	01	ZSCL01	0010748785					00000		SP	0013000913			B	8	2100553157	000001	2100553157 RHIHRLYSIDING	K	3101	C	26.10.2024	00:07:35			00:00:00			00:00:00	SCLADMIN	26.10.2024	00:07:35			00:00:00		C				0.00	IN	IN		5,407.20	0.00	5,407.20	0.00	0.00	0.00
700	2100553566	000001	Z007	1000	5,396.40	0.00	INR		26.10.2024	26.10.2024	2100553792		1040	01	ZSCL01	0010752171					00000		SP	0013000913			B	8	2100553792	000001	2100553792 RHIHRLYSIDING	K	3101	C	26.10.2024	06:57:07			00:00:00			00:00:00	SCLADMIN	26.10.2024	06:57:07			00:00:00		C				0.00	IN	IN		5,396.40	0.00	5,396.40	0.00	0.00	0.00
700	2100557177	000001	Z007	1000	5,396.40	0.00	INR		27.10.2024	27.10.2024	2100557422		1040	01	ZSCL01	0010829802					00000		SP	0013000913			B	8	2100557422	000001	2100557422 RHIHRLYSIDING	K	3101	C	27.10.2024	20:18:01			00:00:00			00:00:00	SCLADMIN	27.10.2024	20:18:01			00:00:00		C				0.00	IN	IN		5,396.40	0.00	5,396.40	0.00	0.00	0.00
700	2100557440	000001	Z007	1000	5,396.40	0.00	INR		27.10.2024	27.10.2024	2100557665		1040	01	ZSCL01	0010832466					00000		SP	0013000913			B	8	2100557665	000001	2100557665 RHIHRLYSIDING	K	3101	C	27.10.2024	21:58:52			00:00:00			00:00:00	SCLADMIN	27.10.2024	21:58:52			00:00:00		C				0.00	IN	IN		5,396.40	0.00	5,396.40	0.00	0.00	0.00
700	2100557923	000001	Z007	1000	5,394.00	0.00	INR		28.10.2024	28.10.2024	2100558148		1040	01	ZSCL01	0010835849					00000		SP	0013000913			B	8	2100558148	000001	2100558148 RHIHRLYSIDING	K	3101	C	28.10.2024	02:11:04			00:00:00			00:00:00	SCLADMIN	28.10.2024	02:11:04			00:00:00		C				0.00	IN	IN		5,394.00	0.00	5,394.00	0.00	0.00	0.00
700	2100561498	000001	Z007	1000	5,407.20	0.00	INR		29.10.2024	29.10.2024	2100561733		1040	01	ZSCL01	0010924623					00000		SP	0013000913			B	8	2100561733	000001	2100561733 RHIHRLYSIDING	K	3101	C	29.10.2024	21:14:35			00:00:00			00:00:00	SCLADMIN	29.10.2024	21:14:35			00:00:00		C				0.00	IN	IN		5,407.20	0.00	5,407.20	0.00	0.00	0.00
700	2100562292	000001	Z007	1000	5,396.40	0.00	INR		30.10.2024	30.10.2024	2100562517		1040	01	ZSCL01	0010931617					00000		SP	0013000913			B	8	2100562517	000001	2100562517 RHIHRLYSIDING	K	3101	C	30.10.2024	07:20:16			00:00:00			00:00:00	SCLADMIN	30.10.2024	07:20:16			00:00:00		C				0.00	IN	IN		5,396.40	0.00	5,396.40	0.00	0.00	0.00
700	2100562331	000001	Z007	1000	5,407.20	0.00	INR		30.10.2024	30.10.2024	2100562556		1040	01	ZSCL01	0010931799					00000		SP	0013000913			B	8	2100562556	000001	2100562556 RHIHRLYSIDING	K	3101	C	30.10.2024	07:51:41			00:00:00			00:00:00	SCLADMIN	30.10.2024	07:51:41			00:00:00		C				0.00	IN	IN		5,407.20	0.00	5,407.20	0.00	0.00	0.00
700	2100564762	000001	Z007	1000	5,396.40	0.00	INR		01.11.2024	01.11.2024	2100564997		1040	01	ZSCL01	0010997625					00000		SP	0013000913			B	8	2100564997	000001	2100564997 RHIHRLYSIDING	K	3101	C	01.11.2024	05:48:32			00:00:00			00:00:00	SCLADMIN	01.11.2024	05:48:32			00:00:00		C				0.00	IN	IN		5,396.40	0.00	5,396.40	0.00	0.00	0.00
700	2100564790	000001	Z007	1000	5,396.40	0.00	INR		01.11.2024	01.11.2024	2100565025		1040	01	ZSCL01	0010997859					00000		SP	0013000913			B	8	2100565025	000001	2100565025 RHIHRLYSIDING	K	3101	C	01.11.2024	07:41:13			00:00:00			00:00:00	SCLADMIN	01.11.2024	07:41:13			00:00:00		C				0.00	IN	IN		5,396.40	0.00	5,396.40	0.00	0.00	0.00
700	2100564849	000001	Z007	1000	5,396.40	0.00	INR		01.11.2024	01.11.2024	2100565084		1040	01	ZSCL01	0010998329					00000		SP	0013000913			B	8	2100565084	000001	2100565084 RHIHRLYSIDING	K	3101	C	01.11.2024	10:15:57			00:00:00			00:00:00	SCLADMIN	01.11.2024	10:15:57			00:00:00		C				0.00	IN	IN		5,396.40	0.00	5,396.40	0.00	0.00	0.00
700	2100565446	000001	Z007	1000	5,394.00	0.00	INR		02.11.2024	02.11.2024	2100565676		1040	01	ZSCL01	0011004604					00000		SP	0013000913			B	8	2100565676	000001	2100565676 RHIHRLYSIDING	K	3101	C	02.11.2024	07:23:17			00:00:00			00:00:00	SCLADMIN	02.11.2024	07:23:17			00:00:00		C				0.00	IN	IN		5,394.00	0.00	5,394.00	0.00	0.00	0.00
700	2100566615	000001	Z007	1000	5,407.20	0.00	INR		03.11.2024	03.11.2024	2100566845		1040	01	ZSCL01	0011019073					00000		SP	0013000913			B	8	2100566845	000001	2100566845 RHIHRLYSIDING	K	3101	C	03.11.2024	07:19:30			00:00:00			00:00:00	SCLADMIN	03.11.2024	07:19:30			00:00:00		C				0.00	IN	IN		5,407.20	0.00	5,407.20	0.00	0.00	0.00
700	2100567016	000001	Z007	1000	5,396.40	0.00	INR		03.11.2024	03.11.2024	2100567246		1040	01	ZSCL01	0011023059					00000		SP	0013000913			B	8	2100567246	000001	2100567246 RHIHRLYSIDING	K	3101	C	03.11.2024	13:57:08			00:00:00			00:00:00	SCLADMIN	03.11.2024	13:57:08			00:00:00		C				0.00	IN	IN		5,396.40	0.00	5,396.40	0.00	0.00	0.00
700	2100567405	000001	Z007	1000	5,407.20	0.00	INR		03.11.2024	03.11.2024	2100567635		1040	01	ZSCL01	0011027783					00000		SP	0013000913			B	8	2100567635	000001	2100567635 RHIHRLYSIDING	K	3101	C	03.11.2024	18:04:18			00:00:00			00:00:00	SCLADMIN	03.11.2024	18:04:18			00:00:00		C				0.00	IN	IN		5,407.20	0.00	5,407.20	0.00	0.00	0.00
700	2100568457	000001	Z007	1000	5,396.40	0.00	INR		04.11.2024	04.11.2024	2100568687		1040	01	ZSCL01	0011035557					00000		SP	0013000913			B	8	2100568687	000001	2100568687 RHIHRLYSIDING	K	3101	C	04.11.2024	09:12:08			00:00:00			00:00:00	SCLADMIN	04.11.2024	09:12:08			00:00:00		C				0.00	IN	IN		5,396.40	0.00	5,396.40	0.00	0.00	0.00
700	2100569393	000001	Z007	1000	5,394.00	0.00	INR		04.11.2024	04.11.2024	2100569622		1040	01	ZSCL01	0011067839					00000		SP	0013000913			B	8	2100569622	000001	2100569622 RHIHRLYSIDING	K	3101	C	04.11.2024	20:04:10			00:00:00			00:00:00	SCLADMIN	04.11.2024	20:04:10			00:00:00		C				0.00	IN	IN		5,394.00	0.00	5,394.00	0.00	0.00	0.00
700	2100570865	000001	Z007	1000	5,394.00	0.00	INR		05.11.2024	05.11.2024	2100571094		1040	01	ZSCL01	0011085161					00000		SP	0013000913			B	8	2100571094	000001	2100571094 RHIHRLYSIDING	K	3101	C	05.11.2024	15:18:44			00:00:00			00:00:00	SCLADMIN	05.11.2024	15:18:44			00:00:00		C				0.00	IN	IN		5,394.00	0.00	5,394.00	0.00	0.00	0.00
700	2100571253	000001	Z007	1000	5,407.20	0.00	INR		05.11.2024	05.11.2024	2100571481		1040	01	ZSCL01	0011118214					00000		SP	0013000913			B	8	2100571481	000001	2100571481 RHIHRLYSIDING	K	3101	C	05.11.2024	18:18:45			00:00:00			00:00:00	SCLADMIN	05.11.2024	18:18:45			00:00:00		C				0.00	IN	IN		5,407.20	0.00	5,407.20	0.00	0.00	0.00
700	2100575778	000001	Z007	1000	5,396.40	0.00	INR		08.11.2024	08.11.2024	2100576006		1040	01	ZSCL01	0011282327					00000		SP	0013000913			B	8	2100576006	000001	2100576006 RHIHRLYSIDING	K	3101	C	08.11.2024	04:16:27			00:00:00			00:00:00	SCLADMIN	08.11.2024	04:16:27			00:00:00		C				0.00	IN	IN		5,396.40	0.00	5,396.40	0.00	0.00	0.00
700	2100575831	000001	Z007	1000	5,396.40	0.00	INR		08.11.2024	08.11.2024	2100576059		1040	01	ZSCL01	0011282559					00000		SP	0013000913			B	8	2100576059	000001	2100576059 RHIHRLYSIDING	K	3101	C	08.11.2024	05:05:04			00:00:00			00:00:00	SCLADMIN	08.11.2024	05:05:04			00:00:00		C				0.00	IN	IN		5,396.40	0.00	5,396.40	0.00	0.00	0.00
700	2100576676	000001	Z007	1000	5,407.20	0.00	INR		08.11.2024	08.11.2024	2100576894		1040	01	ZSCL01	0011318700					00000		SP	0013000913			B	8	2100576894	000001	2100576894 RHIHRLYSIDING	K	3101	C	08.11.2024	18:29:30			00:00:00			00:00:00	SCLADMIN	08.11.2024	18:29:30			00:00:00		C				0.00	IN	IN		5,407.20	0.00	5,407.20	0.00	0.00	0.00
700	2100579087	000001	Z007	1000	5,394.00	0.00	INR		09.11.2024	09.11.2024	2100579315		1040	01	ZSCL01	0011396917					00000		SP	0013000913			B	8	2100579315	000001	2100579315 RHIHRLYSIDING	K	3101	C	09.11.2024	23:33:25			00:00:00			00:00:00	SCLADMIN	09.11.2024	23:33:25			00:00:00		C				0.00	IN	IN		5,394.00	0.00	5,394.00	0.00	0.00	0.00
700	2100579560	000001	Z007	1000	5,396.40	0.00	INR		10.11.2024	10.11.2024	2100579788		1040	01	ZSCL01	0011399761					00000		SP	0013000913			B	8	2100579788	000001	2100579788 RHIHRLYSIDING	K	3101	C	10.11.2024	07:10:03			00:00:00			00:00:00	SCLADMIN	10.11.2024	07:10:03			00:00:00		C				0.00	IN	IN		5,396.40	0.00	5,396.40	0.00	0.00	0.00
700	2100580022	000001	Z007	1000	5,407.20	0.00	INR		10.11.2024	10.11.2024	2100580250		1040	01	ZSCL01	0011407820					00000		SP	0013000913			B	8	2100580250	000001	2100580250 RHIHRLYSIDING	K	3101	C	10.11.2024	15:24:35			00:00:00			00:00:00	SCLADMIN	10.11.2024	15:24:35			00:00:00		C				0.00	IN	IN		5,407.20	0.00	5,407.20	0.00	0.00	0.00
700	2100580152	000001	Z007	1000	5,396.40	0.00	INR		10.11.2024	10.11.2024	2100580370		1040	01	ZSCL01	0011410042					00000		SP	0013000913			B	8	2100580370	000001	2100580370 RHIHRLYSIDING	K	3101	C	10.11.2024	16:34:59			00:00:00			00:00:00	SCLADMIN	10.11.2024	16:34:59			00:00:00		C				0.00	IN	IN		5,396.40	0.00	5,396.40	0.00	0.00	0.00
700	2100581666	000001	Z007	1000	5,407.20	0.00	INR		11.11.2024	11.11.2024	2100581884		1040	01	ZSCL01	0011428385					00000		SP	0013000913			B	8	2100581884	000001	2100581884 RHIHRLYSIDING	K	3101	C	11.11.2024	11:42:36			00:00:00			00:00:00	SCLADMIN	11.11.2024	11:42:36			00:00:00		C				0.00	IN	IN		5,407.20	0.00	5,407.20	0.00	0.00	0.00
700	2100582059	000001	Z007	1000	5,407.20	0.00	INR		11.11.2024	11.11.2024	2100582294		1040	01	ZSCL01	0011438245					00000		SP	0013000913			B	8	2100582294	000001	2100582294 RHIHRLYSIDING	K	3101	C	11.11.2024	17:07:06			00:00:00			00:00:00	SCLADMIN	11.11.2024	17:07:06			00:00:00		C				0.00	IN	IN		5,407.20	0.00	5,407.20	0.00	0.00	0.00
700	2100582256	000001	Z007	1000	5,396.40	0.00	INR		11.11.2024	11.11.2024	2100582481		1040	01	ZSCL01	0011443179					00000		SP	0013000913			B	8	2100582481	000001	2100582481 RHIHRLYSIDING	K	3101	C	11.11.2024	18:45:42			00:00:00			00:00:00	SCLADMIN	11.11.2024	18:45:42			00:00:00		C				0.00	IN	IN		5,396.40	0.00	5,396.40	0.00	0.00	0.00
700	2100583397	000001	Z007	1000	5,394.00	0.00	INR		12.11.2024	12.11.2024	2100583622		1040	01	ZSCL01	0011454327					00000		SP	0013000913			B	8	2100583622	000001	2100583622 RHIHRLYSIDING	K	3101	C	12.11.2024	07:21:44			00:00:00			00:00:00	SCLADMIN	12.11.2024	07:21:44			00:00:00		C				0.00	IN	IN		5,394.00	0.00	5,394.00	0.00	0.00	0.00
700	2100583470	000001	Z007	1000	5,407.20	0.00	INR		12.11.2024	12.11.2024	2100583695		1040	01	ZSCL01	0011454765					00000		SP	0013000913			B	8	2100583695	000001	2100583695 RHIHRLYSIDING	K	3101	C	12.11.2024	08:35:02			00:00:00			00:00:00	SCLADMIN	12.11.2024	08:35:02			00:00:00		C				0.00	IN	IN		5,407.20	0.00	5,407.20	0.00	0.00	0.00
700	2100584172	000001	Z007	1000	5,407.20	0.00	INR		12.11.2024	12.11.2024	2100584397		1040	01	ZSCL01	0011474071					00000		SP	0013000913			B	8	2100584397	000001	2100584397 RHIHRLYSIDING	K	3101	C	12.11.2024	18:38:02			00:00:00			00:00:00	SCLADMIN	12.11.2024	18:38:02			00:00:00		C				0.00	IN	IN		5,407.20	0.00	5,407.20	0.00	0.00	0.00
700	2100585080	000001	Z007	1000	5,394.00	0.00	INR		13.11.2024	13.11.2024	2100585295		1040	01	ZSCL01	0011483955					00000		SP	0013000913			B	8	2100585295	000001	2100585295 RHIHRLYSIDING	K	3101	C	13.11.2024	04:44:09			00:00:00			00:00:00	SCLADMIN	13.11.2024	04:44:09			00:00:00		C				0.00	IN	IN		5,394.00	0.00	5,394.00	0.00	0.00	0.00
700	2100585224	000001	Z007	1000	5,394.00	0.00	INR		13.11.2024	13.11.2024	2100585439		1040	01	ZSCL01	0011484767					00000		SP	0013000913			B	8	2100585439	000001	2100585439 RHIHRLYSIDING	K	3101	C	13.11.2024	07:51:33			00:00:00			00:00:00	SCLADMIN	13.11.2024	07:51:33			00:00:00		C				0.00	IN	IN		5,394.00	0.00	5,394.00	0.00	0.00	0.00
700	2100585666	000001	Z007	1000	5,394.00	0.00	INR		13.11.2024	13.11.2024	2100585879		1040	01	ZSCL01	0011494132					00000		SP	0013000913			B	8	2100585879	000001	2100585879 RHIHRLYSIDING	K	3101	C	13.11.2024	16:16:18			00:00:00			00:00:00	SCLADMIN	13.11.2024	16:16:18			00:00:00		C				0.00	IN	IN		5,394.00	0.00	5,394.00	0.00	0.00	0.00
700	2100587689	000001	Z007	1000	5,407.20	0.00	INR		14.11.2024	14.11.2024	2100587922		1040	01	ZSCL01	0011533904					00000		SP	0013000913			B	8	2100587922	000001	2100587922 RHIHRLYSIDING	K	3101	C	14.11.2024	17:46:44			00:00:00			00:00:00	SCLADMIN	14.11.2024	17:46:44			00:00:00		C				0.00	IN	IN		5,407.20	0.00	5,407.20	0.00	0.00	0.00
700	2100588291	000001	Z007	1000	5,394.00	0.00	INR		14.11.2024	14.11.2024	2100588514		1040	01	ZSCL01	0011543845					00000		SP	0013000913			B	8	2100588514	000001	2100588514 RHIHRLYSIDING	K	3101	C	14.11.2024	23:09:27			00:00:00			00:00:00	SCLADMIN	14.11.2024	23:09:27			00:00:00		C				0.00	IN	IN		5,394.00	0.00	5,394.00	0.00	0.00	0.00
700	2100590782	000001	Z007	1000	5,394.00	0.00	INR		16.11.2024	16.11.2024	2100591005		1040	01	ZSCL01	0011578673					00000		SP	0013000913			B	8	2100591005	000001	2100591005 RHIHRLYSIDING	K	3101	C	16.11.2024	09:01:15			00:00:00			00:00:00	SCLADMIN	16.11.2024	09:01:15			00:00:00		C				0.00	IN	IN		5,394.00	0.00	5,394.00	0.00	0.00	0.00
700	2100591019	000001	Z007	1000	5,396.40	0.00	INR		16.11.2024	16.11.2024	2100591232		1040	01	ZSCL01	0011584840					00000		SP	0013000913			B	8	2100591232	000001	2100591232 RHIHRLYSIDING	K	3101	C	16.11.2024	13:48:02			00:00:00			00:00:00	SCLADMIN	16.11.2024	13:48:02			00:00:00		C				0.00	IN	IN		5,396.40	0.00	5,396.40	0.00	0.00	0.00
700	2100591819	000001	Z007	1000	5,407.20	0.00	INR		16.11.2024	16.11.2024	2100592042		1040	01	ZSCL01	0011602020					00000		SP	0013000913			B	8	2100592042	000001	2100592042 RHIHRLYSIDING	K	3101	C	16.11.2024	21:44:53			00:00:00			00:00:00	SCLADMIN	16.11.2024	21:44:53			00:00:00		C				0.00	IN	IN		5,407.20	0.00	5,407.20	0.00	0.00	0.00
700	2100592600	000001	Z007	1000	5,394.00	0.00	INR		17.11.2024	17.11.2024	2100592823		1040	01	ZSCL01	0011608087					00000		SP	0013000913			B	8	2100592823	000001	2100592823 RHIHRLYSIDING	K	3101	C	17.11.2024	09:59:03			00:00:00			00:00:00	SCLADMIN	17.11.2024	09:59:03			00:00:00		C				0.00	IN	IN		5,394.00	0.00	5,394.00	0.00	0.00	0.00
700	2100594052	000001	Z007	1000	5,407.20	0.00	INR		18.11.2024	18.11.2024	2100594265		1040	01	ZSCL01	0011633237					00000		SP	0013000913			B	8	2100594265	000001	2100594265 RHIHRLYSIDING	K	3101	C	18.11.2024	02:09:18			00:00:00			00:00:00	SCLADMIN	18.11.2024	02:09:18			00:00:00		C				0.00	IN	IN		5,407.20	0.00	5,407.20	0.00	0.00	0.00
700	2100594715	000001	Z007	1000	5,394.00	0.00	INR		18.11.2024	18.11.2024	2100594929		1040	01	ZSCL01	0011644538					00000		SP	0013000913			B	8	2100594929	000001	2100594929 RHIHRLYSIDING	K	3101	C	18.11.2024	14:48:06			00:00:00			00:00:00	SCLADMIN	18.11.2024	14:48:06			00:00:00		C				0.00	IN	IN		5,394.00	0.00	5,394.00	0.00	0.00	0.00
700	2100594887	000001	Z007	1000	5,396.40	0.00	INR		18.11.2024	18.11.2024	2100595111		1040	01	ZSCL01	0011648164					00000		SP	0013000913			B	8	2100595111	000001	2100595111 RHIHRLYSIDING	K	3101	C	18.11.2024	16:22:52			00:00:00			00:00:00	SCLADMIN	18.11.2024	16:22:52			00:00:00		C				0.00	IN	IN		5,396.40	0.00	5,396.40	0.00	0.00	0.00
700	2100595991	000001	Z007	1000	5,396.40	0.00	INR		19.11.2024	19.11.2024	2100596203		1040	01	ZSCL01	0011671100					00000		SP	0013000913			B	8	2100596203	000001	2100596203 RHIHRLYSIDING	K	3101	C	19.11.2024	02:45:18			00:00:00			00:00:00	SCLADMIN	19.11.2024	02:45:18			00:00:00		C				0.00	IN	IN		5,396.40	0.00	5,396.40	0.00	0.00	0.00
700	2100596394	000001	Z007	1000	5,407.20	0.00	INR		19.11.2024	19.11.2024	2100596616		1040	01	ZSCL01	0011673301					00000		SP	0013000913			B	8	2100596616	000001	2100596616 RHIHRLYSIDING	K	3101	C	19.11.2024	09:20:00			00:00:00			00:00:00	SCLADMIN	19.11.2024	09:20:00			00:00:00		C				0.00	IN	IN		5,407.20	0.00	5,407.20	0.00	0.00	0.00
700	2100597733	000001	Z007	1000	5,407.20	0.00	INR		20.11.2024	20.11.2024	2100597955		1040	01	ZSCL01	0011707014					00000		SP	0013000913			B	8	2100597955	000001	2100597955 RHIHRLYSIDING	K	3101	C	20.11.2024	00:27:34			00:00:00			00:00:00	SCLADMIN	20.11.2024	00:27:34			00:00:00		C				0.00	IN	IN		5,407.20	0.00	5,407.20	0.00	0.00	0.00
700	2100598687	000001	Z007	1000	5,407.20	0.00	INR		20.11.2024	20.11.2024	2100598900		1040	01	ZSCL01	0011735338					00000		SP	0013000913			B	8	2100598900	000001	2100598900 RHIHRLYSIDING	K	3101	C	20.11.2024	16:28:21			00:00:00			00:00:00	SCLADMIN	20.11.2024	16:28:21			00:00:00		C				0.00	IN	IN		5,407.20	0.00	5,407.20	0.00	0.00	0.00
700	2101800301	000001	Z007	1000	16,560.00	0.00	INR		13.08.2026	13.08.2026	2101800551		1070	01	ZSCL01	0039353021					00000		SP	0013000175			B	8	2101800551	000001	2101800551 KURNOOL	K	3101	C	13.08.2026	12:15:12			00:00:00			00:00:00	SCLADMIN	13.08.2026	12:15:12			00:00:00		C				0.00	IN	IN		16,560.00	0.00	13,260.00	0.00	0.00	0.00
700	2101800302	000001	Z007	1000	31,440.00	0.00	INR		13.08.2026	13.08.2026	2101800552		1002	01	ZSCL01	0039353096					00000		SP	0013000730			B	8	2101800552	000001	2101800552 (NT)-MANDICHOU	K	3101	C	13.08.2026	16:48:00			00:00:00			00:00:00	RVSD01	13.08.2026	16:48:25			00:00:00		C				0.00	IN	IN		31,440.00	0.00	31,440.00	0.00	0.00	0.00
700	2101800311	000001	Z007	1000	0.05	0.00	INR		17.08.2026	17.08.2026	2101800561		1000	01	ZSCL01	0039353109					00000		SP	0013000730			B	8	2101800561	000001	2101800561 ANDHERIDEORI	K	3101	C	17.08.2026	10:25:12			00:00:00			00:00:00	SCLADMIN	17.08.2026	10:25:12			00:00:00		C				0.00	IN	IN		0.05	0.00	0.05	0.00	0.00	0.00
700	2101800312	000001	Z007	1000	5,935.00	0.00	INR		30.07.2026	17.08.2026	2101800562		1002	01	ZSCL01	0039353114					00000		SP	0013000730			B	8	2101800562	000001	2101800562 (NT)-MANDICHOU	K	3101	C	17.08.2026	10:59:45			00:00:00			00:00:00	SCLADMIN	17.08.2026	10:59:45			00:00:00		C				0.00	IN	IN		5,935.00	0.00	5,935.00	0.00	0.00	0.00
