"Service"	"Namespace"	"EntityType"	"Property"	"EdmType"	"Nullable"	"MaxLength"	"Precision"	"Scale"	"IsKey"	"Creatable"	"Updatable"	"Sortable"	"Filterable"	"RequiredInFilter"	"Unit"	"Label"	"Heading"
"API_BILLING_DOCUMENT"	"API_BILLING_DOCUMENT_SRV"	"A_BillingDocumentType"	"BillingDocument"	"Edm.String"	"false"	"10"	""	""	"X"	""	""	""	""	""	""	"Billing Document"	""
"API_BILLING_DOCUMENT"	"API_BILLING_DOCUMENT_SRV"	"A_BillingDocumentType"	"SDDocumentCategory"	"Edm.String"	""	"4"	""	""	""	""	""	""	""	""	""	"SD Document Category"	""
"API_BILLING_DOCUMENT"	"API_BILLING_DOCUMENT_SRV"	"A_BillingDocumentType"	"BillingDocumentCategory"	"Edm.String"	""	"1"	""	""	""	""	""	""	""	""	""	"Billing Category"	""
"API_BILLING_DOCUMENT"	"API_BILLING_DOCUMENT_SRV"	"A_BillingDocumentType"	"BillingDocumentType"	"Edm.String"	""	"4"	""	""	""	""	""	""	""	""	""	"Billing Type"	""
"API_BILLING_DOCUMENT"	"API_BILLING_DOCUMENT_SRV"	"A_BillingDocumentType"	"CreationDate"	"Edm.DateTime"	""	""	"0"	""	""	""	""	""	""	""	""	"Created On"	""
"API_BILLING_DOCUMENT"	"API_BILLING_DOCUMENT_SRV"	"A_BillingDocumentType"	"CreationTime"	"Edm.Time"	""	""	"0"	""	""	""	""	""	""	""	""	"Time"	""
"API_BILLING_DOCUMENT"	"API_BILLING_DOCUMENT_SRV"	"A_BillingDocumentType"	"LastChangeDate"	"Edm.DateTime"	""	""	"0"	""	""	""	""	""	""	""	""	"Changed On"	""
"API_BILLING_DOCUMENT"	"API_BILLING_DOCUMENT_SRV"	"A_BillingDocumentType"	"LastChangeDateTime"	"Edm.DateTimeOffset"	""	""	"7"	""	""	""	""	""	""	""	""	"Time Stamp"	""
"API_BILLING_DOCUMENT"	"API_BILLING_DOCUMENT_SRV"	"A_BillingDocumentType"	"LogicalSystem"	"Edm.String"	""	"10"	""	""	""	""	""	""	""	""	""	"Logical system"	""
"API_BILLING_DOCUMENT"	"API_BILLING_DOCUMENT_SRV"	"A_BillingDocumentType"	"SalesOrganization"	"Edm.String"	""	"4"	""	""	""	""	""	""	""	""	""	"Sales Organization"	""
"API_BILLING_DOCUMENT"	"API_BILLING_DOCUMENT_SRV"	"A_BillingDocumentType"	"DistributionChannel"	"Edm.String"	""	"2"	""	""	""	""	""	""	""	""	""	"Distribution Channel"	""
"API_BILLING_DOCUMENT"	"API_BILLING_DOCUMENT_SRV"	"A_BillingDocumentType"	"Division"	"Edm.String"	""	"2"	""	""	""	""	""	""	""	""	""	"Division"	""
"API_BILLING_DOCUMENT"	"API_BILLING_DOCUMENT_SRV"	"A_BillingDocumentType"	"BillingDocumentDate"	"Edm.DateTime"	""	""	"0"	""	""	""	""	""	""	""	""	"Billing Date"	""
"API_BILLING_DOCUMENT"	"API_BILLING_DOCUMENT_SRV"	"A_BillingDocumentType"	"BillingDocumentIsCancelled"	"Edm.Boolean"	""	""	""	""	""	""	""	""	""	""	""	"Canceled"	""
"API_BILLING_DOCUMENT"	"API_BILLING_DOCUMENT_SRV"	"A_BillingDocumentType"	"CancelledBillingDocument"	"Edm.String"	""	"10"	""	""	""	""	""	""	""	""	""	"Canceled Bill. Doc."	""
"API_BILLING_DOCUMENT"	"API_BILLING_DOCUMENT_SRV"	"A_BillingDocumentType"	"ForeignTrade"	"Edm.String"	""	"10"	""	""	""	""	""	""	""	""	""	"Foreign Trade DataNr"	""
"API_BILLING_DOCUMENT"	"API_BILLING_DOCUMENT_SRV"	"A_BillingDocumentType"	"IsExportDelivery"	"Edm.String"	""	"1"	""	""	""	""	""	""	""	""	""	"Export"	""
"API_BILLING_DOCUMENT"	"API_BILLING_DOCUMENT_SRV"	"A_BillingDocumentType"	"BillingDocCombinationCriteria"	"Edm.String"	""	"40"	""	""	""	""	""	""	""	""	""	"Combination Criteria"	""
"API_BILLING_DOCUMENT"	"API_BILLING_DOCUMENT_SRV"	"A_BillingDocumentType"	"ManualInvoiceMaintIsRelevant"	"Edm.Boolean"	""	""	""	""	""	""	""	""	""	""	""	"Man. Invoice Maint."	""
"API_BILLING_DOCUMENT"	"API_BILLING_DOCUMENT_SRV"	"A_BillingDocumentType"	"IsIntrastatReportingRelevant"	"Edm.Boolean"	""	""	""	""	""	""	""	""	""	""	""	"Intrastat Relevance"	""
"API_BILLING_DOCUMENT"	"API_BILLING_DOCUMENT_SRV"	"A_BillingDocumentType"	"IsIntrastatReportingExcluded"	"Edm.Boolean"	""	""	""	""	""	""	""	""	""	""	""	"Intrastat Exclusion"	""
"API_BILLING_DOCUMENT"	"API_BILLING_DOCUMENT_SRV"	"A_BillingDocumentType"	"TotalNetAmount"	"Edm.Decimal"	""	""	"16"	"3"	""	""	""	""	""	""	"TransactionCurrency"	"Net Value"	""
"API_BILLING_DOCUMENT"	"API_BILLING_DOCUMENT_SRV"	"A_BillingDocumentType"	"TransactionCurrency"	"Edm.String"	""	"5"	""	""	""	""	""	""	""	""	""	"Document Currency"	""
"API_BILLING_DOCUMENT"	"API_BILLING_DOCUMENT_SRV"	"A_BillingDocumentType"	"StatisticsCurrency"	"Edm.String"	""	"5"	""	""	""	""	""	""	""	""	""	"Statistics Currency"	""
"API_BILLING_DOCUMENT"	"API_BILLING_DOCUMENT_SRV"	"A_BillingDocumentType"	"TaxAmount"	"Edm.Decimal"	""	""	"14"	"3"	""	""	""	""	""	""	"TransactionCurrency"	"Tax Amount"	""
"API_BILLING_DOCUMENT"	"API_BILLING_DOCUMENT_SRV"	"A_BillingDocumentType"	"TotalGrossAmount"	"Edm.Decimal"	""	""	"17"	"3"	""	""	""	""	""	""	"TransactionCurrency"	""	""
"API_BILLING_DOCUMENT"	"API_BILLING_DOCUMENT_SRV"	"A_BillingDocumentType"	"CustomerPriceGroup"	"Edm.String"	""	"2"	""	""	""	""	""	""	""	""	""	"Customer Price Group"	""
"API_BILLING_DOCUMENT"	"API_BILLING_DOCUMENT_SRV"	"A_BillingDocumentType"	"PriceListType"	"Edm.String"	""	"2"	""	""	""	""	""	""	""	""	""	"Price List Type"	""
"API_BILLING_DOCUMENT"	"API_BILLING_DOCUMENT_SRV"	"A_BillingDocumentType"	"TaxDepartureCountry"	"Edm.String"	""	"3"	""	""	""	""	""	""	""	""	""	"Tax Departure C/R"	""
"API_BILLING_DOCUMENT"	"API_BILLING_DOCUMENT_SRV"	"A_BillingDocumentType"	"VATRegistration"	"Edm.String"	""	"20"	""	""	""	""	""	""	""	""	""	"VAT Registration No."	""
"API_BILLING_DOCUMENT"	"API_BILLING_DOCUMENT_SRV"	"A_BillingDocumentType"	"VATRegistrationOrigin"	"Edm.String"	""	"1"	""	""	""	""	""	""	""	""	""	"Origin Sales Tax No."	""
"API_BILLING_DOCUMENT"	"API_BILLING_DOCUMENT_SRV"	"A_BillingDocumentType"	"VATRegistrationCountry"	"Edm.String"	""	"3"	""	""	""	""	""	""	""	""	""	"Ctry/Rgn Sls Tax No."	""
"API_BILLING_DOCUMENT"	"API_BILLING_DOCUMENT_SRV"	"A_BillingDocumentType"	"HierarchyTypePricing"	"Edm.String"	""	"1"	""	""	""	""	""	""	""	""	""	"HierarchyTypePricing"	""
"API_BILLING_DOCUMENT"	"API_BILLING_DOCUMENT_SRV"	"A_BillingDocumentType"	"CustomerTaxClassification1"	"Edm.String"	""	"1"	""	""	""	""	""	""	""	""	""	"Tax Class.1 Customer"	""
"API_BILLING_DOCUMENT"	"API_BILLING_DOCUMENT_SRV"	"A_BillingDocumentType"	"CustomerTaxClassification2"	"Edm.String"	""	"1"	""	""	""	""	""	""	""	""	""	"Tax Class.2 Customer"	""
"API_BILLING_DOCUMENT"	"API_BILLING_DOCUMENT_SRV"	"A_BillingDocumentType"	"CustomerTaxClassification3"	"Edm.String"	""	"1"	""	""	""	""	""	""	""	""	""	"Tax Class.3 Customer"	""
"API_BILLING_DOCUMENT"	"API_BILLING_DOCUMENT_SRV"	"A_BillingDocumentType"	"CustomerTaxClassification4"	"Edm.String"	""	"1"	""	""	""	""	""	""	""	""	""	"Tax Class.4 Customer"	""
"API_BILLING_DOCUMENT"	"API_BILLING_DOCUMENT_SRV"	"A_BillingDocumentType"	"CustomerTaxClassification5"	"Edm.String"	""	"1"	""	""	""	""	""	""	""	""	""	"Tax Class.5 Customer"	""
"API_BILLING_DOCUMENT"	"API_BILLING_DOCUMENT_SRV"	"A_BillingDocumentType"	"CustomerTaxClassification6"	"Edm.String"	""	"1"	""	""	""	""	""	""	""	""	""	"Tax Class.6 Customer"	""
"API_BILLING_DOCUMENT"	"API_BILLING_DOCUMENT_SRV"	"A_BillingDocumentType"	"CustomerTaxClassification7"	"Edm.String"	""	"1"	""	""	""	""	""	""	""	""	""	"Tax Class.7 Customer"	""
"API_BILLING_DOCUMENT"	"API_BILLING_DOCUMENT_SRV"	"A_BillingDocumentType"	"CustomerTaxClassification8"	"Edm.String"	""	"1"	""	""	""	""	""	""	""	""	""	"Tax Class.8 Customer"	""
"API_BILLING_DOCUMENT"	"API_BILLING_DOCUMENT_SRV"	"A_BillingDocumentType"	"CustomerTaxClassification9"	"Edm.String"	""	"1"	""	""	""	""	""	""	""	""	""	"Tax Class.9 Customer"	""
"API_BILLING_DOCUMENT"	"API_BILLING_DOCUMENT_SRV"	"A_BillingDocumentType"	"IsEUTriangularDeal"	"Edm.Boolean"	""	""	""	""	""	""	""	""	""	""	""	"EU Triangular Deal"	""
"API_BILLING_DOCUMENT"	"API_BILLING_DOCUMENT_SRV"	"A_BillingDocumentType"	"SDPricingProcedure"	"Edm.String"	""	"6"	""	""	""	""	""	""	""	""	""	"Pricing Procedure"	""
"API_BILLING_DOCUMENT"	"API_BILLING_DOCUMENT_SRV"	"A_BillingDocumentType"	"ShippingCondition"	"Edm.String"	""	"2"	""	""	""	""	""	""	""	""	""	"Shipping Conditions"	""
"API_BILLING_DOCUMENT"	"API_BILLING_DOCUMENT_SRV"	"A_BillingDocumentType"	"IncotermsVersion"	"Edm.String"	""	"4"	""	""	""	""	""	""	""	""	""	"Incoterms Version"	""
"API_BILLING_DOCUMENT"	"API_BILLING_DOCUMENT_SRV"	"A_BillingDocumentType"	"IncotermsClassification"	"Edm.String"	""	"3"	""	""	""	""	""	""	""	""	""	"Incoterms"	""
"API_BILLING_DOCUMENT"	"API_BILLING_DOCUMENT_SRV"	"A_BillingDocumentType"	"IncotermsTransferLocation"	"Edm.String"	""	"28"	""	""	""	""	""	""	""	""	""	"Incoterms (Part 2)"	""
"API_BILLING_DOCUMENT"	"API_BILLING_DOCUMENT_SRV"	"A_BillingDocumentType"	"IncotermsLocation1"	"Edm.String"	""	"70"	""	""	""	""	""	""	""	""	""	"Incoterms Location 1"	""
"API_BILLING_DOCUMENT"	"API_BILLING_DOCUMENT_SRV"	"A_BillingDocumentType"	"IncotermsLocation2"	"Edm.String"	""	"70"	""	""	""	""	""	""	""	""	""	"Incoterms Location 2"	""
"API_BILLING_DOCUMENT"	"API_BILLING_DOCUMENT_SRV"	"A_BillingDocumentType"	"PayerParty"	"Edm.String"	""	"10"	""	""	""	""	""	""	""	""	""	"Payer"	""
"API_BILLING_DOCUMENT"	"API_BILLING_DOCUMENT_SRV"	"A_BillingDocumentType"	"ContractAccount"	"Edm.String"	""	"12"	""	""	""	""	""	""	""	""	""	"Contract Account"	""
"API_BILLING_DOCUMENT"	"API_BILLING_DOCUMENT_SRV"	"A_BillingDocumentType"	"CustomerPaymentTerms"	"Edm.String"	""	"4"	""	""	""	""	""	""	""	""	""	"Terms of Payment"	""
"API_BILLING_DOCUMENT"	"API_BILLING_DOCUMENT_SRV"	"A_BillingDocumentType"	"PaymentMethod"	"Edm.String"	""	"1"	""	""	""	""	""	""	""	""	""	"Payment Method"	""
"API_BILLING_DOCUMENT"	"API_BILLING_DOCUMENT_SRV"	"A_BillingDocumentType"	"PaymentReference"	"Edm.String"	""	"30"	""	""	""	""	""	""	""	""	""	"Payment reference"	""
"API_BILLING_DOCUMENT"	"API_BILLING_DOCUMENT_SRV"	"A_BillingDocumentType"	"FixedValueDate"	"Edm.DateTime"	""	""	"0"	""	""	""	""	""	""	""	""	"Fixed Value Date"	""
"API_BILLING_DOCUMENT"	"API_BILLING_DOCUMENT_SRV"	"A_BillingDocumentType"	"AdditionalValueDays"	"Edm.String"	""	"2"	""	""	""	""	""	""	""	""	""	"Addit. Value Days"	""
"API_BILLING_DOCUMENT"	"API_BILLING_DOCUMENT_SRV"	"A_BillingDocumentType"	"SEPAMandate"	"Edm.String"	""	"35"	""	""	""	""	""	""	""	""	""	"Mandate Reference"	""
"API_BILLING_DOCUMENT"	"API_BILLING_DOCUMENT_SRV"	"A_BillingDocumentType"	"CompanyCode"	"Edm.String"	""	"4"	""	""	""	""	""	""	""	""	""	"Company Code"	""
"API_BILLING_DOCUMENT"	"API_BILLING_DOCUMENT_SRV"	"A_BillingDocumentType"	"FiscalYear"	"Edm.String"	""	"4"	""	""	""	""	""	""	""	""	""	"Fiscal Year"	""
"API_BILLING_DOCUMENT"	"API_BILLING_DOCUMENT_SRV"	"A_BillingDocumentType"	"AccountingDocument"	"Edm.String"	""	"10"	""	""	""	""	""	""	""	""	""	"Document Number"	""
"API_BILLING_DOCUMENT"	"API_BILLING_DOCUMENT_SRV"	"A_BillingDocumentType"	"CustomerAccountAssignmentGroup"	"Edm.String"	""	"2"	""	""	""	""	""	""	""	""	""	"Acct Assmt Grp Cust."	""
"API_BILLING_DOCUMENT"	"API_BILLING_DOCUMENT_SRV"	"A_BillingDocumentType"	"AccountingExchangeRateIsSet"	"Edm.Boolean"	""	""	""	""	""	""	""	""	""	""	""	"Set Exchange Rate"	""
"API_BILLING_DOCUMENT"	"API_BILLING_DOCUMENT_SRV"	"A_BillingDocumentType"	"AbsltAccountingExchangeRate"	"Edm.Decimal"	""	""	"9"	"5"	""	""	""	""	""	""	""	"Abs.Exch.Rate Acct."	""
"API_BILLING_DOCUMENT"	"API_BILLING_DOCUMENT_SRV"	"A_BillingDocumentType"	"AcctgExchangeRateIsIndrctQtan"	"Edm.Boolean"	""	""	""	""	""	""	""	""	""	""	""	"Indirect Quotation"	""
"API_BILLING_DOCUMENT"	"API_BILLING_DOCUMENT_SRV"	"A_BillingDocumentType"	"ExchangeRateDate"	"Edm.DateTime"	""	""	"0"	""	""	""	""	""	""	""	""	"Translation Date"	""
"API_BILLING_DOCUMENT"	"API_BILLING_DOCUMENT_SRV"	"A_BillingDocumentType"	"ExchangeRateType"	"Edm.String"	""	"4"	""	""	""	""	""	""	""	""	""	"Exchange Rate Type"	""
"API_BILLING_DOCUMENT"	"API_BILLING_DOCUMENT_SRV"	"A_BillingDocumentType"	"DocumentReferenceID"	"Edm.String"	""	"16"	""	""	""	""	""	""	""	""	""	"Reference"	""
"API_BILLING_DOCUMENT"	"API_BILLING_DOCUMENT_SRV"	"A_BillingDocumentType"	"AssignmentReference"	"Edm.String"	""	"18"	""	""	""	""	""	""	""	""	""	"Assignment"	""
"API_BILLING_DOCUMENT"	"API_BILLING_DOCUMENT_SRV"	"A_BillingDocumentType"	"DunningArea"	"Edm.String"	""	"2"	""	""	""	""	""	""	""	""	""	"Dunning Area"	""
"API_BILLING_DOCUMENT"	"API_BILLING_DOCUMENT_SRV"	"A_BillingDocumentType"	"DunningBlockingReason"	"Edm.String"	""	"1"	""	""	""	""	""	""	""	""	""	"Dunning Block"	""
"API_BILLING_DOCUMENT"	"API_BILLING_DOCUMENT_SRV"	"A_BillingDocumentType"	"DunningKey"	"Edm.String"	""	"1"	""	""	""	""	""	""	""	""	""	"Dunning Key"	""
"API_BILLING_DOCUMENT"	"API_BILLING_DOCUMENT_SRV"	"A_BillingDocumentType"	"InternalFinancialDocument"	"Edm.String"	""	"10"	""	""	""	""	""	""	""	""	""	"Financial Doc. No."	""
"API_BILLING_DOCUMENT"	"API_BILLING_DOCUMENT_SRV"	"A_BillingDocumentType"	"IsRelevantForAccrual"	"Edm.Boolean"	""	""	""	""	""	""	""	""	""	""	""	"Relevant for Accrual"	""
"API_BILLING_DOCUMENT"	"API_BILLING_DOCUMENT_SRV"	"A_BillingDocumentType"	"SoldToParty"	"Edm.String"	""	"10"	""	""	""	""	""	""	""	""	""	"Sold-to Party"	""
"API_BILLING_DOCUMENT"	"API_BILLING_DOCUMENT_SRV"	"A_BillingDocumentType"	"PartnerCompany"	"Edm.String"	""	"6"	""	""	""	""	""	""	""	""	""	"Trading Partner No."	""
"API_BILLING_DOCUMENT"	"API_BILLING_DOCUMENT_SRV"	"A_BillingDocumentType"	"PurchaseOrderByCustomer"	"Edm.String"	""	"35"	""	""	""	""	""	""	""	""	""	"Customer Reference"	""
"API_BILLING_DOCUMENT"	"API_BILLING_DOCUMENT_SRV"	"A_BillingDocumentType"	"CustomerGroup"	"Edm.String"	""	"2"	""	""	""	""	""	""	""	""	""	"Customer Group"	""
"API_BILLING_DOCUMENT"	"API_BILLING_DOCUMENT_SRV"	"A_BillingDocumentType"	"Country"	"Edm.String"	""	"3"	""	""	""	""	""	""	""	""	""	"Dest. Country/Region"	""
"API_BILLING_DOCUMENT"	"API_BILLING_DOCUMENT_SRV"	"A_BillingDocumentType"	"CityCode"	"Edm.String"	""	"4"	""	""	""	""	""	""	""	""	""	"City Code"	""
"API_BILLING_DOCUMENT"	"API_BILLING_DOCUMENT_SRV"	"A_BillingDocumentType"	"SalesDistrict"	"Edm.String"	""	"6"	""	""	""	""	""	""	""	""	""	"Sales District"	""
"API_BILLING_DOCUMENT"	"API_BILLING_DOCUMENT_SRV"	"A_BillingDocumentType"	"Region"	"Edm.String"	""	"3"	""	""	""	""	""	""	""	""	""	"Region"	""
"API_BILLING_DOCUMENT"	"API_BILLING_DOCUMENT_SRV"	"A_BillingDocumentType"	"County"	"Edm.String"	""	"3"	""	""	""	""	""	""	""	""	""	"County Code"	""
"API_BILLING_DOCUMENT"	"API_BILLING_DOCUMENT_SRV"	"A_BillingDocumentType"	"CreditControlArea"	"Edm.String"	""	"4"	""	""	""	""	""	""	""	""	""	"Credit Control Area"	""
"API_BILLING_DOCUMENT"	"API_BILLING_DOCUMENT_SRV"	"A_BillingDocumentType"	"CustomerRebateAgreement"	"Edm.String"	""	"10"	""	""	""	""	""	""	""	""	""	"Agreement"	""
"API_BILLING_DOCUMENT"	"API_BILLING_DOCUMENT_SRV"	"A_BillingDocumentType"	"SalesDocumentCondition"	"Edm.String"	""	"10"	""	""	""	""	""	""	""	""	""	"Doc. Condition No."	""
"API_BILLING_DOCUMENT"	"API_BILLING_DOCUMENT_SRV"	"A_BillingDocumentType"	"OverallSDProcessStatus"	"Edm.String"	""	"1"	""	""	""	""	""	""	""	""	""	"Overall Status"	""
"API_BILLING_DOCUMENT"	"API_BILLING_DOCUMENT_SRV"	"A_BillingDocumentType"	"OverallBillingStatus"	"Edm.String"	""	"1"	""	""	""	""	""	""	""	""	""	"Status"	""
"API_BILLING_DOCUMENT"	"API_BILLING_DOCUMENT_SRV"	"A_BillingDocumentType"	"AccountingPostingStatus"	"Edm.String"	""	"1"	""	""	""	""	""	""	""	""	""	"Posting Status"	""
"API_BILLING_DOCUMENT"	"API_BILLING_DOCUMENT_SRV"	"A_BillingDocumentType"	"AccountingTransferStatus"	"Edm.String"	""	"1"	""	""	""	""	""	""	""	""	""	"Posting Status"	""
"API_BILLING_DOCUMENT"	"API_BILLING_DOCUMENT_SRV"	"A_BillingDocumentType"	"BillingIssueType"	"Edm.String"	""	"1"	""	""	""	""	""	""	""	""	""	"Issue Type"	""
"API_BILLING_DOCUMENT"	"API_BILLING_DOCUMENT_SRV"	"A_BillingDocumentType"	"InvoiceListStatus"	"Edm.String"	""	"1"	""	""	""	""	""	""	""	""	""	"Invoice List Status"	""
"API_BILLING_DOCUMENT"	"API_BILLING_DOCUMENT_SRV"	"A_BillingDocumentType"	"OvrlItmGeneralIncompletionSts"	"Edm.String"	""	"1"	""	""	""	""	""	""	""	""	""	"All Items"	""
"API_BILLING_DOCUMENT"	"API_BILLING_DOCUMENT_SRV"	"A_BillingDocumentType"	"OverallPricingIncompletionSts"	"Edm.String"	""	"1"	""	""	""	""	""	""	""	""	""	"Pricing – All Items"	""
"API_BILLING_DOCUMENT"	"API_BILLING_DOCUMENT_SRV"	"A_BillingDocumentType"	"InvoiceClearingStatus"	"Edm.String"	""	"1"	""	""	""	""	""	""	""	""	""	"Clearing Status"	""
"API_BILLING_DOCUMENT"	"API_BILLING_DOCUMENT_SRV"	"A_BillingDocumentType"	"BillingDocumentListType"	"Edm.String"	""	"4"	""	""	""	""	""	""	""	""	""	"Invoice List Type"	""
"API_BILLING_DOCUMENT"	"API_BILLING_DOCUMENT_SRV"	"A_BillingDocumentType"	"BillingDocumentListDate"	"Edm.DateTime"	""	""	"0"	""	""	""	""	""	""	""	""	"Inv. List Bill. Date"	""
"API_BILLING_DOCUMENT"	"API_BILLING_DOCUMENT_SRV"	"A_BillingDocumentItemType"	"BillingDocument"	"Edm.String"	"false"	"10"	""	""	"X"	""	""	""	""	""	""	"Billing Document"	""
"API_BILLING_DOCUMENT"	"API_BILLING_DOCUMENT_SRV"	"A_BillingDocumentItemType"	"BillingDocumentItem"	"Edm.String"	"false"	"6"	""	""	"X"	""	""	""	""	""	""	"Item"	""
"API_BILLING_DOCUMENT"	"API_BILLING_DOCUMENT_SRV"	"A_BillingDocumentItemType"	"SalesDocumentItemCategory"	"Edm.String"	""	"4"	""	""	""	""	""	""	""	""	""	"Sales Doc. Item Cat."	""
"API_BILLING_DOCUMENT"	"API_BILLING_DOCUMENT_SRV"	"A_BillingDocumentItemType"	"SalesDocumentItemType"	"Edm.String"	""	"1"	""	""	""	""	""	""	""	""	""	"Item Type"	""
"API_BILLING_DOCUMENT"	"API_BILLING_DOCUMENT_SRV"	"A_BillingDocumentItemType"	"ReturnItemProcessingType"	"Edm.String"	""	"1"	""	""	""	""	""	""	""	""	""	"Returns"	""
"API_BILLING_DOCUMENT"	"API_BILLING_DOCUMENT_SRV"	"A_BillingDocumentItemType"	"CreatedByUser"	"Edm.String"	""	"12"	""	""	""	""	""	""	""	""	""	"Created By"	""
"API_BILLING_DOCUMENT"	"API_BILLING_DOCUMENT_SRV"	"A_BillingDocumentItemType"	"CreationDate"	"Edm.DateTime"	""	""	"0"	""	""	""	""	""	""	""	""	"Created On"	""
"API_BILLING_DOCUMENT"	"API_BILLING_DOCUMENT_SRV"	"A_BillingDocumentItemType"	"CreationTime"	"Edm.Time"	""	""	"0"	""	""	""	""	""	""	""	""	"Time"	""
"API_BILLING_DOCUMENT"	"API_BILLING_DOCUMENT_SRV"	"A_BillingDocumentItemType"	"ReferenceLogicalSystem"	"Edm.String"	""	"10"	""	""	""	""	""	""	""	""	""	"Logical system"	""
"API_BILLING_DOCUMENT"	"API_BILLING_DOCUMENT_SRV"	"A_BillingDocumentItemType"	"OrganizationDivision"	"Edm.String"	""	"2"	""	""	""	""	""	""	""	""	""	"Division of Order"	""
"API_BILLING_DOCUMENT"	"API_BILLING_DOCUMENT_SRV"	"A_BillingDocumentItemType"	"Division"	"Edm.String"	""	"2"	""	""	""	""	""	""	""	""	""	"Division"	""
"API_BILLING_DOCUMENT"	"API_BILLING_DOCUMENT_SRV"	"A_BillingDocumentItemType"	"SalesOffice"	"Edm.String"	""	"4"	""	""	""	""	""	""	""	""	""	"Sales Office"	""
"API_BILLING_DOCUMENT"	"API_BILLING_DOCUMENT_SRV"	"A_BillingDocumentItemType"	"Material"	"Edm.String"	""	"40"	""	""	""	""	""	""	""	""	""	"Material"	""
"API_BILLING_DOCUMENT"	"API_BILLING_DOCUMENT_SRV"	"A_BillingDocumentItemType"	"OriginallyRequestedMaterial"	"Edm.String"	""	"40"	""	""	""	""	""	""	""	""	""	"Material Entered"	""
"API_BILLING_DOCUMENT"	"API_BILLING_DOCUMENT_SRV"	"A_BillingDocumentItemType"	"InternationalArticleNumber"	"Edm.String"	""	"18"	""	""	""	""	""	""	""	""	""	"EAN/UPC"	""
"API_BILLING_DOCUMENT"	"API_BILLING_DOCUMENT_SRV"	"A_BillingDocumentItemType"	"PricingReferenceMaterial"	"Edm.String"	""	"40"	""	""	""	""	""	""	""	""	""	"Pricing Ref. Matl"	""
"API_BILLING_DOCUMENT"	"API_BILLING_DOCUMENT_SRV"	"A_BillingDocumentItemType"	"Batch"	"Edm.String"	""	"10"	""	""	""	""	""	""	""	""	""	"Batch"	""
"API_BILLING_DOCUMENT"	"API_BILLING_DOCUMENT_SRV"	"A_BillingDocumentItemType"	"ProductHierarchyNode"	"Edm.String"	""	"18"	""	""	""	""	""	""	""	""	""	"Product Hierarchy"	""
"API_BILLING_DOCUMENT"	"API_BILLING_DOCUMENT_SRV"	"A_BillingDocumentItemType"	"MaterialGroup"	"Edm.String"	""	"9"	""	""	""	""	""	""	""	""	""	"Material Group"	""
"API_BILLING_DOCUMENT"	"API_BILLING_DOCUMENT_SRV"	"A_BillingDocumentItemType"	"AdditionalMaterialGroup1"	"Edm.String"	""	"3"	""	""	""	""	""	""	""	""	""	"Material Group 1"	""
"API_BILLING_DOCUMENT"	"API_BILLING_DOCUMENT_SRV"	"A_BillingDocumentItemType"	"AdditionalMaterialGroup2"	"Edm.String"	""	"3"	""	""	""	""	""	""	""	""	""	"Material Group 2"	""
"API_BILLING_DOCUMENT"	"API_BILLING_DOCUMENT_SRV"	"A_BillingDocumentItemType"	"AdditionalMaterialGroup3"	"Edm.String"	""	"3"	""	""	""	""	""	""	""	""	""	"Material Group 3"	""
"API_BILLING_DOCUMENT"	"API_BILLING_DOCUMENT_SRV"	"A_BillingDocumentItemType"	"AdditionalMaterialGroup4"	"Edm.String"	""	"3"	""	""	""	""	""	""	""	""	""	"Material Group 4"	""
"API_BILLING_DOCUMENT"	"API_BILLING_DOCUMENT_SRV"	"A_BillingDocumentItemType"	"AdditionalMaterialGroup5"	"Edm.String"	""	"3"	""	""	""	""	""	""	""	""	""	"Material Group 5"	""
"API_BILLING_DOCUMENT"	"API_BILLING_DOCUMENT_SRV"	"A_BillingDocumentItemType"	"MaterialCommissionGroup"	"Edm.String"	""	"2"	""	""	""	""	""	""	""	""	""	"Commission Group"	""
"API_BILLING_DOCUMENT"	"API_BILLING_DOCUMENT_SRV"	"A_BillingDocumentItemType"	"Plant"	"Edm.String"	""	"4"	""	""	""	""	""	""	""	""	""	"Plant"	""
"API_BILLING_DOCUMENT"	"API_BILLING_DOCUMENT_SRV"	"A_BillingDocumentItemType"	"StorageLocation"	"Edm.String"	""	"4"	""	""	""	""	""	""	""	""	""	"Storage Location"	""
"API_BILLING_DOCUMENT"	"API_BILLING_DOCUMENT_SRV"	"A_BillingDocumentItemType"	"ReplacementPartType"	"Edm.String"	""	"1"	""	""	""	""	""	""	""	""	""	"Replacement Part"	""
"API_BILLING_DOCUMENT"	"API_BILLING_DOCUMENT_SRV"	"A_BillingDocumentItemType"	"MaterialGroupHierarchy1"	"Edm.String"	""	"18"	""	""	""	""	""	""	""	""	""	"Material group 1"	""
"API_BILLING_DOCUMENT"	"API_BILLING_DOCUMENT_SRV"	"A_BillingDocumentItemType"	"MaterialGroupHierarchy2"	"Edm.String"	""	"18"	""	""	""	""	""	""	""	""	""	"Material group 2"	""
"API_BILLING_DOCUMENT"	"API_BILLING_DOCUMENT_SRV"	"A_BillingDocumentItemType"	"PlantRegion"	"Edm.String"	""	"3"	""	""	""	""	""	""	""	""	""	"Region of Dlv. Plant"	""
"API_BILLING_DOCUMENT"	"API_BILLING_DOCUMENT_SRV"	"A_BillingDocumentItemType"	"PlantCounty"	"Edm.String"	""	"3"	""	""	""	""	""	""	""	""	""	"County of Dlv.Plant"	""
"API_BILLING_DOCUMENT"	"API_BILLING_DOCUMENT_SRV"	"A_BillingDocumentItemType"	"PlantCity"	"Edm.String"	""	"4"	""	""	""	""	""	""	""	""	""	"City of Deliv. Plant"	""
"API_BILLING_DOCUMENT"	"API_BILLING_DOCUMENT_SRV"	"A_BillingDocumentItemType"	"BOMExplosion"	"Edm.String"	""	"8"	""	""	""	""	""	""	""	""	""	"BOM explosion number"	""
"API_BILLING_DOCUMENT"	"API_BILLING_DOCUMENT_SRV"	"A_BillingDocumentItemType"	"MaterialDeterminationType"	"Edm.String"	""	"1"	""	""	""	""	""	""	""	""	""	"Mat.Determ.Active"	""
"API_BILLING_DOCUMENT"	"API_BILLING_DOCUMENT_SRV"	"A_BillingDocumentItemType"	"BillingDocumentItemText"	"Edm.String"	""	"40"	""	""	""	""	""	""	""	""	""	"Item Description"	""
"API_BILLING_DOCUMENT"	"API_BILLING_DOCUMENT_SRV"	"A_BillingDocumentItemType"	"ServicesRenderedDate"	"Edm.DateTime"	""	""	"0"	""	""	""	""	""	""	""	""	"Serv. Rendered Date"	""
"API_BILLING_DOCUMENT"	"API_BILLING_DOCUMENT_SRV"	"A_BillingDocumentItemType"	"BillingQuantity"	"Edm.Decimal"	""	""	"13"	"3"	""	""	""	""	""	""	"BillingQuantityUnit"	"Billed Quantity"	""
"API_BILLING_DOCUMENT"	"API_BILLING_DOCUMENT_SRV"	"A_BillingDocumentItemType"	"BillingQuantityUnit"	"Edm.String"	""	"3"	""	""	""	""	""	""	""	""	""	"Sales Unit"	""
"API_BILLING_DOCUMENT"	"API_BILLING_DOCUMENT_SRV"	"A_BillingDocumentItemType"	"BillingQuantityInBaseUnit"	"Edm.Decimal"	""	""	"13"	"3"	""	""	""	""	""	""	"BaseUnit"	"Billing Qty in SKU"	""
"API_BILLING_DOCUMENT"	"API_BILLING_DOCUMENT_SRV"	"A_BillingDocumentItemType"	"BaseUnit"	"Edm.String"	""	"3"	""	""	""	""	""	""	""	""	""	"Base Unit of Measure"	""
"API_BILLING_DOCUMENT"	"API_BILLING_DOCUMENT_SRV"	"A_BillingDocumentItemType"	"MRPRequiredQuantityInBaseUnit"	"Edm.Decimal"	""	""	"13"	"3"	""	""	""	""	""	""	"BaseUnit"	"Required Quantity"	""
"API_BILLING_DOCUMENT"	"API_BILLING_DOCUMENT_SRV"	"A_BillingDocumentItemType"	"BillingToBaseQuantityDnmntr"	"Edm.Decimal"	""	""	"5"	"0"	""	""	""	""	""	""	""	"Denominator"	""
"API_BILLING_DOCUMENT"	"API_BILLING_DOCUMENT_SRV"	"A_BillingDocumentItemType"	"BillingToBaseQuantityNmrtr"	"Edm.Decimal"	""	""	"5"	"0"	""	""	""	""	""	""	""	"Numerator"	""
"API_BILLING_DOCUMENT"	"API_BILLING_DOCUMENT_SRV"	"A_BillingDocumentItemType"	"ItemGrossWeight"	"Edm.Decimal"	""	""	"15"	"3"	""	""	""	""	""	""	"ItemWeightUnit"	"Gross Weight"	""
"API_BILLING_DOCUMENT"	"API_BILLING_DOCUMENT_SRV"	"A_BillingDocumentItemType"	"ItemNetWeight"	"Edm.Decimal"	""	""	"15"	"3"	""	""	""	""	""	""	"ItemWeightUnit"	"Net Weight"	""
"API_BILLING_DOCUMENT"	"API_BILLING_DOCUMENT_SRV"	"A_BillingDocumentItemType"	"ItemWeightUnit"	"Edm.String"	""	"3"	""	""	""	""	""	""	""	""	""	"Unit of Weight"	""
"API_BILLING_DOCUMENT"	"API_BILLING_DOCUMENT_SRV"	"A_BillingDocumentItemType"	"ItemVolume"	"Edm.Decimal"	""	""	"15"	"3"	""	""	""	""	""	""	"ItemVolumeUnit"	"Volume"	""
"API_BILLING_DOCUMENT"	"API_BILLING_DOCUMENT_SRV"	"A_BillingDocumentItemType"	"ItemVolumeUnit"	"Edm.String"	""	"3"	""	""	""	""	""	""	""	""	""	"Volume Unit"	""
"API_BILLING_DOCUMENT"	"API_BILLING_DOCUMENT_SRV"	"A_BillingDocumentItemType"	"BillToPartyCountry"	"Edm.String"	""	"3"	""	""	""	""	""	""	""	""	""	"Dest. Ctry/Reg. Ord."	""
"API_BILLING_DOCUMENT"	"API_BILLING_DOCUMENT_SRV"	"A_BillingDocumentItemType"	"BillToPartyRegion"	"Edm.String"	""	"3"	""	""	""	""	""	""	""	""	""	"Region Order"	""
"API_BILLING_DOCUMENT"	"API_BILLING_DOCUMENT_SRV"	"A_BillingDocumentItemType"	"BillingPlanRule"	"Edm.String"	""	"1"	""	""	""	""	""	""	""	""	""	"Billing Rule"	""
"API_BILLING_DOCUMENT"	"API_BILLING_DOCUMENT_SRV"	"A_BillingDocumentItemType"	"BillingPlan"	"Edm.String"	""	"10"	""	""	""	""	""	""	""	""	""	"Bill. Plan No."	""
"API_BILLING_DOCUMENT"	"API_BILLING_DOCUMENT_SRV"	"A_BillingDocumentItemType"	"BillingPlanItem"	"Edm.String"	""	"6"	""	""	""	""	""	""	""	""	""	"Item"	""
"API_BILLING_DOCUMENT"	"API_BILLING_DOCUMENT_SRV"	"A_BillingDocumentItemType"	"NetAmount"	"Edm.Decimal"	""	""	"16"	"3"	""	""	""	""	""	""	"TransactionCurrency"	"Net Value"	""
"API_BILLING_DOCUMENT"	"API_BILLING_DOCUMENT_SRV"	"A_BillingDocumentItemType"	"TransactionCurrency"	"Edm.String"	""	"5"	""	""	""	""	""	""	""	""	""	"Document Currency"	""
"API_BILLING_DOCUMENT"	"API_BILLING_DOCUMENT_SRV"	"A_BillingDocumentItemType"	"GrossAmount"	"Edm.Decimal"	""	""	"16"	"3"	""	""	""	""	""	""	"TransactionCurrency"	"Gross Value"	""
"API_BILLING_DOCUMENT"	"API_BILLING_DOCUMENT_SRV"	"A_BillingDocumentItemType"	"PricingDate"	"Edm.DateTime"	""	""	"0"	""	""	""	""	""	""	""	""	"Pricing Date"	""
"API_BILLING_DOCUMENT"	"API_BILLING_DOCUMENT_SRV"	"A_BillingDocumentItemType"	"AbsltPriceDetnExchangeRate"	"Edm.Decimal"	""	""	"9"	"5"	""	""	""	""	""	""	""	"Abs. Exch. Rate Prc."	""
"API_BILLING_DOCUMENT"	"API_BILLING_DOCUMENT_SRV"	"A_BillingDocumentItemType"	"PriceDetnExchRateIsIndrctQtan"	"Edm.Boolean"	""	""	""	""	""	""	""	""	""	""	""	"PrcExchRateIsIndirct"	""
"API_BILLING_DOCUMENT"	"API_BILLING_DOCUMENT_SRV"	"A_BillingDocumentItemType"	"PriceDetnExchangeRateDate"	"Edm.DateTime"	""	""	"0"	""	""	""	""	""	""	""	""	"Translation Date"	""
"API_BILLING_DOCUMENT"	"API_BILLING_DOCUMENT_SRV"	"A_BillingDocumentItemType"	"PricingScaleQuantityInBaseUnit"	"Edm.Decimal"	""	""	"13"	"3"	""	""	""	""	""	""	"BaseUnit"	"Scale Quantity"	""
"API_BILLING_DOCUMENT"	"API_BILLING_DOCUMENT_SRV"	"A_BillingDocumentItemType"	"TaxAmount"	"Edm.Decimal"	""	""	"14"	"3"	""	""	""	""	""	""	"TransactionCurrency"	"Tax Amount"	""
"API_BILLING_DOCUMENT"	"API_BILLING_DOCUMENT_SRV"	"A_BillingDocumentItemType"	"CostAmount"	"Edm.Decimal"	""	""	"14"	"3"	""	""	""	""	""	""	"TransactionCurrency"	"Cost"	""
"API_BILLING_DOCUMENT"	"API_BILLING_DOCUMENT_SRV"	"A_BillingDocumentItemType"	"Subtotal1Amount"	"Edm.Decimal"	""	""	"14"	"3"	""	""	""	""	""	""	"TransactionCurrency"	"Subtotal 1"	""
"API_BILLING_DOCUMENT"	"API_BILLING_DOCUMENT_SRV"	"A_BillingDocumentItemType"	"Subtotal2Amount"	"Edm.Decimal"	""	""	"14"	"3"	""	""	""	""	""	""	"TransactionCurrency"	"Subtotal 2"	""
"API_BILLING_DOCUMENT"	"API_BILLING_DOCUMENT_SRV"	"A_BillingDocumentItemType"	"Subtotal3Amount"	"Edm.Decimal"	""	""	"14"	"3"	""	""	""	""	""	""	"TransactionCurrency"	"Subtotal 3"	""
"API_BILLING_DOCUMENT"	"API_BILLING_DOCUMENT_SRV"	"A_BillingDocumentItemType"	"Subtotal4Amount"	"Edm.Decimal"	""	""	"14"	"3"	""	""	""	""	""	""	"TransactionCurrency"	"Subtotal 4"	""
"API_BILLING_DOCUMENT"	"API_BILLING_DOCUMENT_SRV"	"A_BillingDocumentItemType"	"Subtotal5Amount"	"Edm.Decimal"	""	""	"14"	"3"	""	""	""	""	""	""	"TransactionCurrency"	"Subtotal 5"	""
"API_BILLING_DOCUMENT"	"API_BILLING_DOCUMENT_SRV"	"A_BillingDocumentItemType"	"Subtotal6Amount"	"Edm.Decimal"	""	""	"14"	"3"	""	""	""	""	""	""	"TransactionCurrency"	"Subtotal 6"	""
"API_BILLING_DOCUMENT"	"API_BILLING_DOCUMENT_SRV"	"A_BillingDocumentItemType"	"StatisticalValueControl"	"Edm.String"	""	"1"	""	""	""	""	""	""	""	""	""	"Statistical Value"	""
"API_BILLING_DOCUMENT"	"API_BILLING_DOCUMENT_SRV"	"A_BillingDocumentItemType"	"CashDiscountIsDeductible"	"Edm.Boolean"	""	""	""	""	""	""	""	""	""	""	""	"Cash Discount"	""
"API_BILLING_DOCUMENT"	"API_BILLING_DOCUMENT_SRV"	"A_BillingDocumentItemType"	"CustomerConditionGroup1"	"Edm.String"	""	"2"	""	""	""	""	""	""	""	""	""	"Condition group 1"	""
"API_BILLING_DOCUMENT"	"API_BILLING_DOCUMENT_SRV"	"A_BillingDocumentItemType"	"CustomerConditionGroup2"	"Edm.String"	""	"2"	""	""	""	""	""	""	""	""	""	"Condition group 2"	""
"API_BILLING_DOCUMENT"	"API_BILLING_DOCUMENT_SRV"	"A_BillingDocumentItemType"	"CustomerConditionGroup3"	"Edm.String"	""	"2"	""	""	""	""	""	""	""	""	""	"Condition group 3"	""
"API_BILLING_DOCUMENT"	"API_BILLING_DOCUMENT_SRV"	"A_BillingDocumentItemType"	"CustomerConditionGroup4"	"Edm.String"	""	"2"	""	""	""	""	""	""	""	""	""	"Condition group 4"	""
"API_BILLING_DOCUMENT"	"API_BILLING_DOCUMENT_SRV"	"A_BillingDocumentItemType"	"CustomerConditionGroup5"	"Edm.String"	""	"2"	""	""	""	""	""	""	""	""	""	"Condition group 5"	""
"API_BILLING_DOCUMENT"	"API_BILLING_DOCUMENT_SRV"	"A_BillingDocumentItemType"	"ManualPriceChangeType"	"Edm.String"	""	"1"	""	""	""	""	""	""	""	""	""	"Manual Price"	""
"API_BILLING_DOCUMENT"	"API_BILLING_DOCUMENT_SRV"	"A_BillingDocumentItemType"	"MaterialPricingGroup"	"Edm.String"	""	"2"	""	""	""	""	""	""	""	""	""	"Material Price Grp"	""
"API_BILLING_DOCUMENT"	"API_BILLING_DOCUMENT_SRV"	"A_BillingDocumentItemType"	"AbsltStatisticsExchangeRate"	"Edm.Decimal"	""	""	"9"	"5"	""	""	""	""	""	""	""	"Abs.Exch.rate stats"	""
"API_BILLING_DOCUMENT"	"API_BILLING_DOCUMENT_SRV"	"A_BillingDocumentItemType"	"StatisticsExchRateIsIndrctQtan"	"Edm.Boolean"	""	""	""	""	""	""	""	""	""	""	""	"StatExcRateIsIndirct"	""
"API_BILLING_DOCUMENT"	"API_BILLING_DOCUMENT_SRV"	"A_BillingDocumentItemType"	"MainItemPricingRefMaterial"	"Edm.String"	""	"40"	""	""	""	""	""	""	""	""	""	"Pricing Ref.Material"	""
"API_BILLING_DOCUMENT"	"API_BILLING_DOCUMENT_SRV"	"A_BillingDocumentItemType"	"MainItemMaterialPricingGroup"	"Edm.String"	""	"2"	""	""	""	""	""	""	""	""	""	"MnItem MatPricingGrp"	""
"API_BILLING_DOCUMENT"	"API_BILLING_DOCUMENT_SRV"	"A_BillingDocumentItemType"	"DepartureCountry"	"Edm.String"	""	"3"	""	""	""	""	""	""	""	""	""	"Departure Ctry/Reg."	""
"API_BILLING_DOCUMENT"	"API_BILLING_DOCUMENT_SRV"	"A_BillingDocumentItemType"	"TaxJurisdiction"	"Edm.String"	""	"15"	""	""	""	""	""	""	""	""	""	"Tax Jurisdiction"	""
"API_BILLING_DOCUMENT"	"API_BILLING_DOCUMENT_SRV"	"A_BillingDocumentItemType"	"ProductTaxClassification1"	"Edm.String"	""	"1"	""	""	""	""	""	""	""	""	""	"Tax Class. Material"	""
"API_BILLING_DOCUMENT"	"API_BILLING_DOCUMENT_SRV"	"A_BillingDocumentItemType"	"ProductTaxClassification2"	"Edm.String"	""	"1"	""	""	""	""	""	""	""	""	""	"Tax Class.2 Material"	""
"API_BILLING_DOCUMENT"	"API_BILLING_DOCUMENT_SRV"	"A_BillingDocumentItemType"	"ProductTaxClassification3"	"Edm.String"	""	"1"	""	""	""	""	""	""	""	""	""	"Tax Class.3 Material"	""
"API_BILLING_DOCUMENT"	"API_BILLING_DOCUMENT_SRV"	"A_BillingDocumentItemType"	"ProductTaxClassification4"	"Edm.String"	""	"1"	""	""	""	""	""	""	""	""	""	"Tax Class.4 Material"	""
"API_BILLING_DOCUMENT"	"API_BILLING_DOCUMENT_SRV"	"A_BillingDocumentItemType"	"ProductTaxClassification5"	"Edm.String"	""	"1"	""	""	""	""	""	""	""	""	""	"Tax Class.5 Material"	""
"API_BILLING_DOCUMENT"	"API_BILLING_DOCUMENT_SRV"	"A_BillingDocumentItemType"	"ProductTaxClassification6"	"Edm.String"	""	"1"	""	""	""	""	""	""	""	""	""	"Tax Class.6 Material"	""
"API_BILLING_DOCUMENT"	"API_BILLING_DOCUMENT_SRV"	"A_BillingDocumentItemType"	"ProductTaxClassification7"	"Edm.String"	""	"1"	""	""	""	""	""	""	""	""	""	"Tax Class.7 Material"	""
"API_BILLING_DOCUMENT"	"API_BILLING_DOCUMENT_SRV"	"A_BillingDocumentItemType"	"ProductTaxClassification8"	"Edm.String"	""	"1"	""	""	""	""	""	""	""	""	""	"Tax Class.8 Material"	""
"API_BILLING_DOCUMENT"	"API_BILLING_DOCUMENT_SRV"	"A_BillingDocumentItemType"	"ProductTaxClassification9"	"Edm.String"	""	"1"	""	""	""	""	""	""	""	""	""	"Tax Class.9 Material"	""
"API_BILLING_DOCUMENT"	"API_BILLING_DOCUMENT_SRV"	"A_BillingDocumentItemType"	"ZeroVATRsn"	"Edm.String"	""	"1"	""	""	""	""	""	""	""	""	""	"Reason 0 VAT"	""
"API_BILLING_DOCUMENT"	"API_BILLING_DOCUMENT_SRV"	"A_BillingDocumentItemType"	"EligibleAmountForCashDiscount"	"Edm.Decimal"	""	""	"14"	"3"	""	""	""	""	""	""	"TransactionCurrency"	"Cash Disc. Bas."	""
"API_BILLING_DOCUMENT"	"API_BILLING_DOCUMENT_SRV"	"A_BillingDocumentItemType"	"BusinessArea"	"Edm.String"	""	"4"	""	""	""	""	""	""	""	""	""	"Business Area"	""
"API_BILLING_DOCUMENT"	"API_BILLING_DOCUMENT_SRV"	"A_BillingDocumentItemType"	"ProfitCenter"	"Edm.String"	""	"10"	""	""	""	""	""	""	""	""	""	"Profit Center"	""
"API_BILLING_DOCUMENT"	"API_BILLING_DOCUMENT_SRV"	"A_BillingDocumentItemType"	"WBSElement"	"Edm.String"	""	"24"	""	""	""	""	""	""	""	""	""	"WBS Element"	""
"API_BILLING_DOCUMENT"	"API_BILLING_DOCUMENT_SRV"	"A_BillingDocumentItemType"	"ControllingArea"	"Edm.String"	""	"4"	""	""	""	""	""	""	""	""	""	"Controlling Area"	""
"API_BILLING_DOCUMENT"	"API_BILLING_DOCUMENT_SRV"	"A_BillingDocumentItemType"	"ProfitabilitySegment"	"Edm.String"	""	"10"	""	""	""	""	""	""	""	""	""	"Profitability Segment (Deprecated)"	""
"API_BILLING_DOCUMENT"	"API_BILLING_DOCUMENT_SRV"	"A_BillingDocumentItemType"	"OrderID"	"Edm.String"	""	"12"	""	""	""	""	""	""	""	""	""	"Order"	""
"API_BILLING_DOCUMENT"	"API_BILLING_DOCUMENT_SRV"	"A_BillingDocumentItemType"	"CostCenter"	"Edm.String"	""	"10"	""	""	""	""	""	""	""	""	""	"Cost Center"	""
"API_BILLING_DOCUMENT"	"API_BILLING_DOCUMENT_SRV"	"A_BillingDocumentItemType"	"OriginSDDocument"	"Edm.String"	""	"10"	""	""	""	""	""	""	""	""	""	"Originating Document"	""
"API_BILLING_DOCUMENT"	"API_BILLING_DOCUMENT_SRV"	"A_BillingDocumentItemType"	"OriginSDDocumentItem"	"Edm.String"	""	"6"	""	""	""	""	""	""	""	""	""	"Originating Item"	""
"API_BILLING_DOCUMENT"	"API_BILLING_DOCUMENT_SRV"	"A_BillingDocumentItemType"	"MatlAccountAssignmentGroup"	"Edm.String"	""	"2"	""	""	""	""	""	""	""	""	""	"Acct Assmt Grp Mat."	""
"API_BILLING_DOCUMENT"	"API_BILLING_DOCUMENT_SRV"	"A_BillingDocumentItemType"	"ReferenceSDDocument"	"Edm.String"	""	"10"	""	""	""	""	""	""	""	""	""	"Reference Document"	""
"API_BILLING_DOCUMENT"	"API_BILLING_DOCUMENT_SRV"	"A_BillingDocumentItemType"	"ReferenceSDDocumentItem"	"Edm.String"	""	"6"	""	""	""	""	""	""	""	""	""	"Reference Item"	""
"API_BILLING_DOCUMENT"	"API_BILLING_DOCUMENT_SRV"	"A_BillingDocumentItemType"	"ReferenceSDDocumentCategory"	"Edm.String"	""	"4"	""	""	""	""	""	""	""	""	""	"Ref. Doc. Category"	""
"API_BILLING_DOCUMENT"	"API_BILLING_DOCUMENT_SRV"	"A_BillingDocumentItemType"	"SalesDocument"	"Edm.String"	""	"10"	""	""	""	""	""	""	""	""	""	"Sales Document"	""
"API_BILLING_DOCUMENT"	"API_BILLING_DOCUMENT_SRV"	"A_BillingDocumentItemType"	"SalesDocumentItem"	"Edm.String"	""	"6"	""	""	""	""	""	""	""	""	""	"Sales Document Item"	""
"API_BILLING_DOCUMENT"	"API_BILLING_DOCUMENT_SRV"	"A_BillingDocumentItemType"	"SalesSDDocumentCategory"	"Edm.String"	""	"4"	""	""	""	""	""	""	""	""	""	"Sales Doc. Category"	""
"API_BILLING_DOCUMENT"	"API_BILLING_DOCUMENT_SRV"	"A_BillingDocumentItemType"	"HigherLevelItem"	"Edm.String"	""	"6"	""	""	""	""	""	""	""	""	""	"Higher-Level Item"	""
"API_BILLING_DOCUMENT"	"API_BILLING_DOCUMENT_SRV"	"A_BillingDocumentItemType"	"BillingDocumentItemInPartSgmt"	"Edm.String"	""	"6"	""	""	""	""	""	""	""	""	""	"Partner Item"	""
"API_BILLING_DOCUMENT"	"API_BILLING_DOCUMENT_SRV"	"A_BillingDocumentItemType"	"ExternalReferenceDocument"	"Edm.String"	""	"10"	""	""	""	""	""	""	""	""	""	"Ext. Reference Document"	""
"API_BILLING_DOCUMENT"	"API_BILLING_DOCUMENT_SRV"	"A_BillingDocumentItemType"	"ExternalReferenceDocumentItem"	"Edm.String"	""	"6"	""	""	""	""	""	""	""	""	""	"Ext. Ref. Document Item"	""
"API_BILLING_DOCUMENT"	"API_BILLING_DOCUMENT_SRV"	"A_BillingDocumentItemType"	"SalesGroup"	"Edm.String"	""	"3"	""	""	""	""	""	""	""	""	""	"Sales Group"	""
"API_BILLING_DOCUMENT"	"API_BILLING_DOCUMENT_SRV"	"A_BillingDocumentItemType"	"AdditionalCustomerGroup1"	"Edm.String"	""	"3"	""	""	""	""	""	""	""	""	""	"Customer Group 1"	""
"API_BILLING_DOCUMENT"	"API_BILLING_DOCUMENT_SRV"	"A_BillingDocumentItemType"	"AdditionalCustomerGroup2"	"Edm.String"	""	"3"	""	""	""	""	""	""	""	""	""	"Customer Group 2"	""
"API_BILLING_DOCUMENT"	"API_BILLING_DOCUMENT_SRV"	"A_BillingDocumentItemType"	"AdditionalCustomerGroup3"	"Edm.String"	""	"3"	""	""	""	""	""	""	""	""	""	"Customer Group 3"	""
"API_BILLING_DOCUMENT"	"API_BILLING_DOCUMENT_SRV"	"A_BillingDocumentItemType"	"AdditionalCustomerGroup4"	"Edm.String"	""	"3"	""	""	""	""	""	""	""	""	""	"Customer Group 4"	""
"API_BILLING_DOCUMENT"	"API_BILLING_DOCUMENT_SRV"	"A_BillingDocumentItemType"	"AdditionalCustomerGroup5"	"Edm.String"	""	"3"	""	""	""	""	""	""	""	""	""	"Customer Group 5"	""
"API_BILLING_DOCUMENT"	"API_BILLING_DOCUMENT_SRV"	"A_BillingDocumentItemType"	"SDDocumentReason"	"Edm.String"	""	"3"	""	""	""	""	""	""	""	""	""	"Order Reason"	""
"API_BILLING_DOCUMENT"	"API_BILLING_DOCUMENT_SRV"	"A_BillingDocumentItemType"	"RetailPromotion"	"Edm.String"	""	"10"	""	""	""	""	""	""	""	""	""	"Retail Promotion"	""
"API_BILLING_DOCUMENT"	"API_BILLING_DOCUMENT_SRV"	"A_BillingDocumentItemType"	"RebateBasisAmount"	"Edm.Decimal"	""	""	"14"	"3"	""	""	""	""	""	""	"TransactionCurrency"	"Rebate Basis"	""
"API_BILLING_DOCUMENT"	"API_BILLING_DOCUMENT_SRV"	"A_BillingDocumentItemType"	"VolumeRebateGroup"	"Edm.String"	""	"2"	""	""	""	""	""	""	""	""	""	"Volume Rebate Group"	""
"API_BILLING_DOCUMENT"	"API_BILLING_DOCUMENT_SRV"	"A_BillingDocumentItemType"	"ItemIsRelevantForCredit"	"Edm.Boolean"	""	""	""	""	""	""	""	""	""	""	""	"Credit Funct. Active"	""
"API_BILLING_DOCUMENT"	"API_BILLING_DOCUMENT_SRV"	"A_BillingDocumentItemType"	"CreditRelatedPrice"	"Edm.Decimal"	""	""	"12"	"3"	""	""	""	""	""	""	"TransactionCurrency"	"Credit Price"	""
"API_BILLING_DOCUMENT"	"API_BILLING_DOCUMENT_SRV"	"A_BillingDocumentItemType"	"SalesDeal"	"Edm.String"	""	"10"	""	""	""	""	""	""	""	""	""	"Sales Deal"	""
"API_BILLING_DOCUMENT"	"API_BILLING_DOCUMENT_SRV"	"A_BillingDocumentItemType"	"SalesPromotion"	"Edm.String"	""	"10"	""	""	""	""	""	""	""	""	""	"Promotion"	""
"API_BILLING_DOCUMENT"	"API_BILLING_DOCUMENT_SRV"	"A_BillingDocumentItemType"	"SalesOrderSalesDistrict"	"Edm.String"	""	"6"	""	""	""	""	""	""	""	""	""	"Sales Distr. Order"	""
"API_BILLING_DOCUMENT"	"API_BILLING_DOCUMENT_SRV"	"A_BillingDocumentItemType"	"SalesOrderCustomerGroup"	"Edm.String"	""	"2"	""	""	""	""	""	""	""	""	""	"Customer Grp Order"	""
"API_BILLING_DOCUMENT"	"API_BILLING_DOCUMENT_SRV"	"A_BillingDocumentItemType"	"SalesOrderCustomerPriceGroup"	"Edm.String"	""	"2"	""	""	""	""	""	""	""	""	""	"Price Group of Order"	""
"API_BILLING_DOCUMENT"	"API_BILLING_DOCUMENT_SRV"	"A_BillingDocumentItemType"	"SalesOrderPriceListType"	"Edm.String"	""	"2"	""	""	""	""	""	""	""	""	""	"Price List Order"	""
"API_BILLING_DOCUMENT"	"API_BILLING_DOCUMENT_SRV"	"A_BillingDocumentItemType"	"SalesOrderSalesOrganization"	"Edm.String"	""	"4"	""	""	""	""	""	""	""	""	""	"Sales Org. of Order"	""
"API_BILLING_DOCUMENT"	"API_BILLING_DOCUMENT_SRV"	"A_BillingDocumentItemType"	"SalesOrderDistributionChannel"	"Edm.String"	""	"2"	""	""	""	""	""	""	""	""	""	"Distr. Channel Order"	""
"API_BILLING_DOCUMENT"	"API_BILLING_DOCUMENT_SRV"	"A_BillingDocumentItemType"	"SalesDocIsCreatedFromReference"	"Edm.Boolean"	""	""	""	""	""	""	""	""	""	""	""	"SalesDocumentRefer"	""
"API_BILLING_DOCUMENT"	"API_BILLING_DOCUMENT_SRV"	"A_BillingDocumentItemType"	"ShippingPoint"	"Edm.String"	""	"4"	""	""	""	""	""	""	""	""	""	"Shipping Point"	""
"API_BILLING_DOCUMENT"	"API_BILLING_DOCUMENT_SRV"	"A_BillingDocumentItemType"	"HigherLevelItemUsage"	"Edm.String"	""	"1"	""	""	""	""	""	""	""	""	""	"Usage of HL Item"	""
"API_BILLING_DOCUMENT"	"API_BILLING_DOCUMENT_SRV"	"A_BillingDocumentItemPartnerType"	"BillingDocument"	"Edm.String"	"false"	"10"	""	""	"X"	""	""	""	""	""	""	"Billing Document"	""
"API_BILLING_DOCUMENT"	"API_BILLING_DOCUMENT_SRV"	"A_BillingDocumentItemPartnerType"	"BillingDocumentItem"	"Edm.String"	"false"	"6"	""	""	"X"	""	""	""	""	""	""	"Item"	""
"API_BILLING_DOCUMENT"	"API_BILLING_DOCUMENT_SRV"	"A_BillingDocumentItemPartnerType"	"PartnerFunction"	"Edm.String"	"false"	"2"	""	""	"X"	""	""	""	""	""	""	"Partner Function"	""
"API_BILLING_DOCUMENT"	"API_BILLING_DOCUMENT_SRV"	"A_BillingDocumentItemPartnerType"	"Customer"	"Edm.String"	""	"10"	""	""	""	""	""	""	""	""	""	"Customer"	""
"API_BILLING_DOCUMENT"	"API_BILLING_DOCUMENT_SRV"	"A_BillingDocumentItemPartnerType"	"Supplier"	"Edm.String"	""	"10"	""	""	""	""	""	""	""	""	""	"Supplier"	""
"API_BILLING_DOCUMENT"	"API_BILLING_DOCUMENT_SRV"	"A_BillingDocumentItemPartnerType"	"Personnel"	"Edm.String"	""	"8"	""	""	""	""	""	""	""	""	""	"Personnel Number"	""
"API_BILLING_DOCUMENT"	"API_BILLING_DOCUMENT_SRV"	"A_BillingDocumentItemPartnerType"	"ContactPerson"	"Edm.String"	""	"10"	""	""	""	""	""	""	""	""	""	"Contact Person"	""
"API_BILLING_DOCUMENT"	"API_BILLING_DOCUMENT_SRV"	"A_BillingDocumentItemPrcgElmntType"	"BillingDocument"	"Edm.String"	"false"	"10"	""	""	"X"	"false"	"false"	""	""	""	""	"Billing Document"	""
"API_BILLING_DOCUMENT"	"API_BILLING_DOCUMENT_SRV"	"A_BillingDocumentItemPrcgElmntType"	"BillingDocumentItem"	"Edm.String"	"false"	"6"	""	""	"X"	"false"	"false"	""	""	""	""	"Item"	""
"API_BILLING_DOCUMENT"	"API_BILLING_DOCUMENT_SRV"	"A_BillingDocumentItemPrcgElmntType"	"PricingProcedureStep"	"Edm.String"	"false"	"3"	""	""	"X"	""	""	""	""	""	""	"Step Number"	""
"API_BILLING_DOCUMENT"	"API_BILLING_DOCUMENT_SRV"	"A_BillingDocumentItemPrcgElmntType"	"PricingProcedureCounter"	"Edm.String"	"false"	"3"	""	""	"X"	""	""	""	""	""	""	"Counter"	""
"API_BILLING_DOCUMENT"	"API_BILLING_DOCUMENT_SRV"	"A_BillingDocumentItemPrcgElmntType"	"ConditionType"	"Edm.String"	""	"4"	""	""	""	""	""	""	""	""	""	"Condition Type"	""
"API_BILLING_DOCUMENT"	"API_BILLING_DOCUMENT_SRV"	"A_BillingDocumentItemPrcgElmntType"	"PricingDateTime"	"Edm.String"	""	"14"	""	""	""	"false"	"false"	""	""	""	""	"Valid From"	""
"API_BILLING_DOCUMENT"	"API_BILLING_DOCUMENT_SRV"	"A_BillingDocumentItemPrcgElmntType"	"ConditionCalculationType"	"Edm.String"	""	"3"	""	""	""	"false"	"false"	""	""	""	""	"Calculation Type"	""
"API_BILLING_DOCUMENT"	"API_BILLING_DOCUMENT_SRV"	"A_BillingDocumentItemPrcgElmntType"	"ConditionBaseValue"	"Edm.Decimal"	""	""	"24"	"9"	""	"false"	"false"	""	""	""	""	"Condition Basis"	""
"API_BILLING_DOCUMENT"	"API_BILLING_DOCUMENT_SRV"	"A_BillingDocumentItemPrcgElmntType"	"ConditionRateValue"	"Edm.Decimal"	""	""	"24"	"9"	""	""	""	""	""	""	""	"Amount"	""
"API_BILLING_DOCUMENT"	"API_BILLING_DOCUMENT_SRV"	"A_BillingDocumentItemPrcgElmntType"	"ConditionCurrency"	"Edm.String"	""	"5"	""	""	""	""	""	""	""	""	""	"Currency"	""
"API_BILLING_DOCUMENT"	"API_BILLING_DOCUMENT_SRV"	"A_BillingDocumentItemPrcgElmntType"	"ConditionQuantity"	"Edm.Decimal"	""	""	"5"	"0"	""	""	""	""	""	""	"ConditionQuantityUnit"	"Pricing Unit"	""
"API_BILLING_DOCUMENT"	"API_BILLING_DOCUMENT_SRV"	"A_BillingDocumentItemPrcgElmntType"	"ConditionQuantityUnit"	"Edm.String"	""	"3"	""	""	""	""	""	""	""	""	""	"Condition Unit"	""
"API_BILLING_DOCUMENT"	"API_BILLING_DOCUMENT_SRV"	"A_BillingDocumentItemPrcgElmntType"	"ConditionCategory"	"Edm.String"	""	"1"	""	""	""	"false"	"false"	""	""	""	""	"Condition Category"	""
"API_BILLING_DOCUMENT"	"API_BILLING_DOCUMENT_SRV"	"A_BillingDocumentItemPrcgElmntType"	"ConditionIsForStatistics"	"Edm.Boolean"	""	""	""	""	""	"false"	"false"	""	""	""	""	"Statistical"	""
"API_BILLING_DOCUMENT"	"API_BILLING_DOCUMENT_SRV"	"A_BillingDocumentItemPrcgElmntType"	"PricingScaleType"	"Edm.String"	""	"1"	""	""	""	"false"	"false"	""	""	""	""	"Scale Type"	""
"API_BILLING_DOCUMENT"	"API_BILLING_DOCUMENT_SRV"	"A_BillingDocumentItemPrcgElmntType"	"IsRelevantForAccrual"	"Edm.Boolean"	""	""	""	""	""	"false"	"false"	""	""	""	""	"Accruals"	""
"API_BILLING_DOCUMENT"	"API_BILLING_DOCUMENT_SRV"	"A_BillingDocumentItemPrcgElmntType"	"CndnIsRelevantForInvoiceList"	"Edm.String"	""	"1"	""	""	""	"false"	"false"	""	""	""	""	"Invoice List Cond."	""
"API_BILLING_DOCUMENT"	"API_BILLING_DOCUMENT_SRV"	"A_BillingDocumentItemPrcgElmntType"	"ConditionOrigin"	"Edm.String"	""	"1"	""	""	""	"false"	"false"	""	""	""	""	"Condition Origin"	""
"API_BILLING_DOCUMENT"	"API_BILLING_DOCUMENT_SRV"	"A_BillingDocumentItemPrcgElmntType"	"IsGroupCondition"	"Edm.String"	""	"1"	""	""	""	"false"	"false"	""	""	""	""	"Group Condition"	""
"API_BILLING_DOCUMENT"	"API_BILLING_DOCUMENT_SRV"	"A_BillingDocumentItemPrcgElmntType"	"ConditionRecord"	"Edm.String"	""	"10"	""	""	""	"false"	"false"	""	""	""	""	"Condition Record No."	""
"API_BILLING_DOCUMENT"	"API_BILLING_DOCUMENT_SRV"	"A_BillingDocumentItemPrcgElmntType"	"ConditionSequentialNumber"	"Edm.String"	""	"3"	""	""	""	"false"	"false"	""	""	""	""	"Sequent.No. of Cond."	""
"API_BILLING_DOCUMENT"	"API_BILLING_DOCUMENT_SRV"	"A_BillingDocumentItemPrcgElmntType"	"TaxCode"	"Edm.String"	""	"2"	""	""	""	"false"	"false"	""	""	""	""	"Tax Code"	""
"API_BILLING_DOCUMENT"	"API_BILLING_DOCUMENT_SRV"	"A_BillingDocumentItemPrcgElmntType"	"WithholdingTaxCode"	"Edm.String"	""	"2"	""	""	""	"false"	"false"	""	""	""	""	"W/Tax Code"	""
"API_BILLING_DOCUMENT"	"API_BILLING_DOCUMENT_SRV"	"A_BillingDocumentItemPrcgElmntType"	"CndnRoundingOffDiffAmount"	"Edm.Decimal"	""	""	"6"	"3"	""	"false"	"false"	""	""	""	"TransactionCurrency"	"Cond.Rounding Diff."	""
"API_BILLING_DOCUMENT"	"API_BILLING_DOCUMENT_SRV"	"A_BillingDocumentItemPrcgElmntType"	"ConditionAmount"	"Edm.Decimal"	""	""	"16"	"3"	""	"false"	"false"	""	""	""	"TransactionCurrency"	"Value"	""
"API_BILLING_DOCUMENT"	"API_BILLING_DOCUMENT_SRV"	"A_BillingDocumentItemPrcgElmntType"	"TransactionCurrency"	"Edm.String"	""	"5"	""	""	""	""	""	""	""	""	""	"Document Currency"	""
"API_BILLING_DOCUMENT"	"API_BILLING_DOCUMENT_SRV"	"A_BillingDocumentItemPrcgElmntType"	"ConditionControl"	"Edm.String"	""	"1"	""	""	""	"false"	"false"	""	""	""	""	"Condition Control"	""
"API_BILLING_DOCUMENT"	"API_BILLING_DOCUMENT_SRV"	"A_BillingDocumentItemPrcgElmntType"	"ConditionInactiveReason"	"Edm.String"	""	"1"	""	""	""	"false"	"false"	""	""	""	""	"Inactive Condition"	""
"API_BILLING_DOCUMENT"	"API_BILLING_DOCUMENT_SRV"	"A_BillingDocumentItemPrcgElmntType"	"ConditionClass"	"Edm.String"	""	"1"	""	""	""	"false"	"false"	""	""	""	""	"Condition Class"	""
"API_BILLING_DOCUMENT"	"API_BILLING_DOCUMENT_SRV"	"A_BillingDocumentItemPrcgElmntType"	"PrcgProcedureCounterForHeader"	"Edm.String"	""	"3"	""	""	""	"false"	"false"	""	""	""	""	"Counter"	""
"API_BILLING_DOCUMENT"	"API_BILLING_DOCUMENT_SRV"	"A_BillingDocumentItemPrcgElmntType"	"FactorForConditionBasisValue"	"Edm.Double"	""	""	""	""	""	"false"	"false"	""	""	""	""	"Condition Factor"	""
"API_BILLING_DOCUMENT"	"API_BILLING_DOCUMENT_SRV"	"A_BillingDocumentItemPrcgElmntType"	"StructureCondition"	"Edm.String"	""	"1"	""	""	""	"false"	"false"	""	""	""	""	"Structure Condition"	""
"API_BILLING_DOCUMENT"	"API_BILLING_DOCUMENT_SRV"	"A_BillingDocumentItemPrcgElmntType"	"PeriodFactorForCndnBasisValue"	"Edm.Double"	""	""	""	""	""	"false"	"false"	""	""	""	""	"Condition Factor"	""
"API_BILLING_DOCUMENT"	"API_BILLING_DOCUMENT_SRV"	"A_BillingDocumentItemPrcgElmntType"	"PricingScaleBasis"	"Edm.String"	""	"3"	""	""	""	"false"	"false"	""	""	""	""	"Scale Basis"	""
"API_BILLING_DOCUMENT"	"API_BILLING_DOCUMENT_SRV"	"A_BillingDocumentItemPrcgElmntType"	"ConditionScaleBasisValue"	"Edm.Decimal"	""	""	"24"	"9"	""	"false"	"false"	""	""	""	""	"Scale Base Val."	""
"API_BILLING_DOCUMENT"	"API_BILLING_DOCUMENT_SRV"	"A_BillingDocumentItemPrcgElmntType"	"ConditionScaleBasisUnit"	"Edm.String"	""	"3"	""	""	""	"false"	"false"	""	""	""	""	"Scale Unit of Meas."	""
"API_BILLING_DOCUMENT"	"API_BILLING_DOCUMENT_SRV"	"A_BillingDocumentItemPrcgElmntType"	"ConditionScaleBasisCurrency"	"Edm.String"	""	"5"	""	""	""	"false"	"false"	""	""	""	""	"Scale Currency"	""
"API_BILLING_DOCUMENT"	"API_BILLING_DOCUMENT_SRV"	"A_BillingDocumentItemPrcgElmntType"	"CndnIsRelevantForIntcoBilling"	"Edm.Boolean"	""	""	""	""	""	"false"	"false"	""	""	""	""	"Intercomp.Billing"	""
"API_BILLING_DOCUMENT"	"API_BILLING_DOCUMENT_SRV"	"A_BillingDocumentItemPrcgElmntType"	"ConditionIsManuallyChanged"	"Edm.Boolean"	""	""	""	""	""	"false"	"false"	""	""	""	""	"Changed Manually"	""
"API_BILLING_DOCUMENT"	"API_BILLING_DOCUMENT_SRV"	"A_BillingDocumentItemPrcgElmntType"	"ConditionIsForConfiguration"	"Edm.Boolean"	""	""	""	""	""	"false"	"false"	""	""	""	""	"UsedforVariantConfig"	""
"API_BILLING_DOCUMENT"	"API_BILLING_DOCUMENT_SRV"	"A_BillingDocumentItemPrcgElmntType"	"VariantCondition"	"Edm.String"	""	"26"	""	""	""	"false"	"false"	""	""	""	""	"Variant Key"	""
"API_BILLING_DOCUMENT"	"API_BILLING_DOCUMENT_SRV"	"A_BillingDocumentItemTextType"	"BillingDocument"	"Edm.String"	"false"	"10"	""	""	"X"	"false"	"false"	""	""	""	""	"Billing Document"	""
"API_BILLING_DOCUMENT"	"API_BILLING_DOCUMENT_SRV"	"A_BillingDocumentItemTextType"	"BillingDocumentItem"	"Edm.String"	"false"	"6"	""	""	"X"	"false"	"false"	""	""	""	""	"Item"	""
"API_BILLING_DOCUMENT"	"API_BILLING_DOCUMENT_SRV"	"A_BillingDocumentItemTextType"	"Language"	"Edm.String"	"false"	"2"	""	""	"X"	""	""	""	""	""	""	"Language Key"	""
"API_BILLING_DOCUMENT"	"API_BILLING_DOCUMENT_SRV"	"A_BillingDocumentItemTextType"	"LongTextID"	"Edm.String"	"false"	"4"	""	""	"X"	""	""	""	""	""	""	"Text ID"	""
"API_BILLING_DOCUMENT"	"API_BILLING_DOCUMENT_SRV"	"A_BillingDocumentItemTextType"	"LongText"	"Edm.String"	""	""	""	""	""	""	""	"false"	"false"	""	""	"String"	""
"API_BILLING_DOCUMENT"	"API_BILLING_DOCUMENT_SRV"	"A_BillingDocumentPartnerType"	"BillingDocument"	"Edm.String"	"false"	"10"	""	""	"X"	""	""	""	""	""	""	"Billing Document"	""
"API_BILLING_DOCUMENT"	"API_BILLING_DOCUMENT_SRV"	"A_BillingDocumentPartnerType"	"PartnerFunction"	"Edm.String"	"false"	"2"	""	""	"X"	""	""	""	""	""	""	"Partner Function"	""
"API_BILLING_DOCUMENT"	"API_BILLING_DOCUMENT_SRV"	"A_BillingDocumentPartnerType"	"Customer"	"Edm.String"	""	"10"	""	""	""	""	""	""	""	""	""	"Customer"	""
"API_BILLING_DOCUMENT"	"API_BILLING_DOCUMENT_SRV"	"A_BillingDocumentPartnerType"	"Supplier"	"Edm.String"	""	"10"	""	""	""	""	""	""	""	""	""	"Supplier"	""
"API_BILLING_DOCUMENT"	"API_BILLING_DOCUMENT_SRV"	"A_BillingDocumentPartnerType"	"Personnel"	"Edm.String"	""	"8"	""	""	""	""	""	""	""	""	""	"Personnel Number"	""
"API_BILLING_DOCUMENT"	"API_BILLING_DOCUMENT_SRV"	"A_BillingDocumentPartnerType"	"ContactPerson"	"Edm.String"	""	"10"	""	""	""	""	""	""	""	""	""	"Contact Person"	""
"API_BILLING_DOCUMENT"	"API_BILLING_DOCUMENT_SRV"	"A_BillingDocumentPrcgElmntType"	"BillingDocument"	"Edm.String"	"false"	"10"	""	""	"X"	"false"	"false"	""	""	""	""	"Billing Document"	""
"API_BILLING_DOCUMENT"	"API_BILLING_DOCUMENT_SRV"	"A_BillingDocumentPrcgElmntType"	"PricingProcedureStep"	"Edm.String"	"false"	"3"	""	""	"X"	""	""	""	""	""	""	"Step Number"	""
"API_BILLING_DOCUMENT"	"API_BILLING_DOCUMENT_SRV"	"A_BillingDocumentPrcgElmntType"	"PricingProcedureCounter"	"Edm.String"	"false"	"3"	""	""	"X"	""	""	""	""	""	""	"Counter"	""
"API_BILLING_DOCUMENT"	"API_BILLING_DOCUMENT_SRV"	"A_BillingDocumentPrcgElmntType"	"ConditionType"	"Edm.String"	""	"4"	""	""	""	""	""	""	""	""	""	"Condition Type"	""
"API_BILLING_DOCUMENT"	"API_BILLING_DOCUMENT_SRV"	"A_BillingDocumentPrcgElmntType"	"PricingDateTime"	"Edm.String"	""	"14"	""	""	""	"false"	"false"	""	""	""	""	"Valid From"	""
"API_BILLING_DOCUMENT"	"API_BILLING_DOCUMENT_SRV"	"A_BillingDocumentPrcgElmntType"	"ConditionCalculationType"	"Edm.String"	""	"3"	""	""	""	"false"	"false"	""	""	""	""	"Calculation Type"	""
"API_BILLING_DOCUMENT"	"API_BILLING_DOCUMENT_SRV"	"A_BillingDocumentPrcgElmntType"	"ConditionBaseValue"	"Edm.Decimal"	""	""	"24"	"9"	""	"false"	"false"	""	""	""	""	"Condition Basis"	""
"API_BILLING_DOCUMENT"	"API_BILLING_DOCUMENT_SRV"	"A_BillingDocumentPrcgElmntType"	"ConditionRateValue"	"Edm.Decimal"	""	""	"24"	"9"	""	""	""	""	""	""	""	"Amount"	""
"API_BILLING_DOCUMENT"	"API_BILLING_DOCUMENT_SRV"	"A_BillingDocumentPrcgElmntType"	"ConditionCurrency"	"Edm.String"	""	"5"	""	""	""	""	""	""	""	""	""	"Currency"	""
"API_BILLING_DOCUMENT"	"API_BILLING_DOCUMENT_SRV"	"A_BillingDocumentPrcgElmntType"	"ConditionQuantity"	"Edm.Decimal"	""	""	"5"	"0"	""	""	""	""	""	""	"ConditionQuantityUnit"	"Pricing Unit"	""
"API_BILLING_DOCUMENT"	"API_BILLING_DOCUMENT_SRV"	"A_BillingDocumentPrcgElmntType"	"ConditionQuantityUnit"	"Edm.String"	""	"3"	""	""	""	""	""	""	""	""	""	"Condition Unit"	""
"API_BILLING_DOCUMENT"	"API_BILLING_DOCUMENT_SRV"	"A_BillingDocumentPrcgElmntType"	"ConditionCategory"	"Edm.String"	""	"1"	""	""	""	"false"	"false"	""	""	""	""	"Condition Category"	""
"API_BILLING_DOCUMENT"	"API_BILLING_DOCUMENT_SRV"	"A_BillingDocumentPrcgElmntType"	"ConditionIsForStatistics"	"Edm.Boolean"	""	""	""	""	""	"false"	"false"	""	""	""	""	"Statistical"	""
"API_BILLING_DOCUMENT"	"API_BILLING_DOCUMENT_SRV"	"A_BillingDocumentPrcgElmntType"	"PricingScaleType"	"Edm.String"	""	"1"	""	""	""	"false"	"false"	""	""	""	""	"Scale Type"	""
"API_BILLING_DOCUMENT"	"API_BILLING_DOCUMENT_SRV"	"A_BillingDocumentPrcgElmntType"	"ConditionOrigin"	"Edm.String"	""	"1"	""	""	""	"false"	"false"	""	""	""	""	"Condition Origin"	""
"API_BILLING_DOCUMENT"	"API_BILLING_DOCUMENT_SRV"	"A_BillingDocumentPrcgElmntType"	"IsGroupCondition"	"Edm.String"	""	"1"	""	""	""	"false"	"false"	""	""	""	""	"Group Condition"	""
"API_BILLING_DOCUMENT"	"API_BILLING_DOCUMENT_SRV"	"A_BillingDocumentPrcgElmntType"	"ConditionRecord"	"Edm.String"	""	"10"	""	""	""	"false"	"false"	""	""	""	""	"Condition Record No."	""
"API_BILLING_DOCUMENT"	"API_BILLING_DOCUMENT_SRV"	"A_BillingDocumentPrcgElmntType"	"ConditionSequentialNumber"	"Edm.String"	""	"3"	""	""	""	"false"	"false"	""	""	""	""	"Sequent.No. of Cond."	""
"API_BILLING_DOCUMENT"	"API_BILLING_DOCUMENT_SRV"	"A_BillingDocumentPrcgElmntType"	"TaxCode"	"Edm.String"	""	"2"	""	""	""	"false"	"false"	""	""	""	""	"Tax Code"	""
"API_BILLING_DOCUMENT"	"API_BILLING_DOCUMENT_SRV"	"A_BillingDocumentPrcgElmntType"	"WithholdingTaxCode"	"Edm.String"	""	"2"	""	""	""	"false"	"false"	""	""	""	""	"W/Tax Code"	""
"API_BILLING_DOCUMENT"	"API_BILLING_DOCUMENT_SRV"	"A_BillingDocumentPrcgElmntType"	"CndnRoundingOffDiffAmount"	"Edm.Decimal"	""	""	"6"	"3"	""	"false"	"false"	""	""	""	"TransactionCurrency"	"Cond.Rounding Diff."	""
"API_BILLING_DOCUMENT"	"API_BILLING_DOCUMENT_SRV"	"A_BillingDocumentPrcgElmntType"	"ConditionAmount"	"Edm.Decimal"	""	""	"16"	"3"	""	"false"	"false"	""	""	""	"TransactionCurrency"	"Value"	""
"API_BILLING_DOCUMENT"	"API_BILLING_DOCUMENT_SRV"	"A_BillingDocumentPrcgElmntType"	"TransactionCurrency"	"Edm.String"	""	"5"	""	""	""	""	""	""	""	""	""	"Document Currency"	""
"API_BILLING_DOCUMENT"	"API_BILLING_DOCUMENT_SRV"	"A_BillingDocumentPrcgElmntType"	"ConditionControl"	"Edm.String"	""	"1"	""	""	""	"false"	"false"	""	""	""	""	"Condition Control"	""
"API_BILLING_DOCUMENT"	"API_BILLING_DOCUMENT_SRV"	"A_BillingDocumentPrcgElmntType"	"ConditionInactiveReason"	"Edm.String"	""	"1"	""	""	""	"false"	"false"	""	""	""	""	"Inactive Condition"	""
"API_BILLING_DOCUMENT"	"API_BILLING_DOCUMENT_SRV"	"A_BillingDocumentPrcgElmntType"	"ConditionClass"	"Edm.String"	""	"1"	""	""	""	"false"	"false"	""	""	""	""	"Condition Class"	""
"API_BILLING_DOCUMENT"	"API_BILLING_DOCUMENT_SRV"	"A_BillingDocumentPrcgElmntType"	"PrcgProcedureCounterForHeader"	"Edm.String"	""	"3"	""	""	""	"false"	"false"	""	""	""	""	"Counter"	""
"API_BILLING_DOCUMENT"	"API_BILLING_DOCUMENT_SRV"	"A_BillingDocumentPrcgElmntType"	"FactorForConditionBasisValue"	"Edm.Double"	""	""	""	""	""	"false"	"false"	""	""	""	""	"Condition Factor"	""
"API_BILLING_DOCUMENT"	"API_BILLING_DOCUMENT_SRV"	"A_BillingDocumentPrcgElmntType"	"StructureCondition"	"Edm.String"	""	"1"	""	""	""	"false"	"false"	""	""	""	""	"Structure Condition"	""
"API_BILLING_DOCUMENT"	"API_BILLING_DOCUMENT_SRV"	"A_BillingDocumentPrcgElmntType"	"PeriodFactorForCndnBasisValue"	"Edm.Double"	""	""	""	""	""	"false"	"false"	""	""	""	""	"Condition Factor"	""
"API_BILLING_DOCUMENT"	"API_BILLING_DOCUMENT_SRV"	"A_BillingDocumentPrcgElmntType"	"PricingScaleBasis"	"Edm.String"	""	"3"	""	""	""	"false"	"false"	""	""	""	""	"Scale Basis"	""
"API_BILLING_DOCUMENT"	"API_BILLING_DOCUMENT_SRV"	"A_BillingDocumentPrcgElmntType"	"ConditionScaleBasisValue"	"Edm.Decimal"	""	""	"24"	"9"	""	"false"	"false"	""	""	""	""	"Scale Base Val."	""
"API_BILLING_DOCUMENT"	"API_BILLING_DOCUMENT_SRV"	"A_BillingDocumentPrcgElmntType"	"ConditionScaleBasisUnit"	"Edm.String"	""	"3"	""	""	""	"false"	"false"	""	""	""	""	"Scale Unit of Meas."	""
"API_BILLING_DOCUMENT"	"API_BILLING_DOCUMENT_SRV"	"A_BillingDocumentPrcgElmntType"	"ConditionScaleBasisCurrency"	"Edm.String"	""	"5"	""	""	""	"false"	"false"	""	""	""	""	"Scale Currency"	""
"API_BILLING_DOCUMENT"	"API_BILLING_DOCUMENT_SRV"	"A_BillingDocumentPrcgElmntType"	"CndnIsRelevantForIntcoBilling"	"Edm.Boolean"	""	""	""	""	""	"false"	"false"	""	""	""	""	"Intercomp.Billing"	""
"API_BILLING_DOCUMENT"	"API_BILLING_DOCUMENT_SRV"	"A_BillingDocumentPrcgElmntType"	"ConditionIsManuallyChanged"	"Edm.Boolean"	""	""	""	""	""	"false"	"false"	""	""	""	""	"Changed Manually"	""
"API_BILLING_DOCUMENT"	"API_BILLING_DOCUMENT_SRV"	"A_BillingDocumentPrcgElmntType"	"ConditionIsForConfiguration"	"Edm.Boolean"	""	""	""	""	""	"false"	"false"	""	""	""	""	"UsedforVariantConfig"	""
"API_BILLING_DOCUMENT"	"API_BILLING_DOCUMENT_SRV"	"A_BillingDocumentPrcgElmntType"	"VariantCondition"	"Edm.String"	""	"26"	""	""	""	"false"	"false"	""	""	""	""	"Variant Key"	""
"API_BILLING_DOCUMENT"	"API_BILLING_DOCUMENT_SRV"	"A_BillingDocumentTextType"	"BillingDocument"	"Edm.String"	"false"	"10"	""	""	"X"	"false"	"false"	""	""	""	""	"Billing Document"	""
"API_BILLING_DOCUMENT"	"API_BILLING_DOCUMENT_SRV"	"A_BillingDocumentTextType"	"Language"	"Edm.String"	"false"	"2"	""	""	"X"	""	""	""	""	""	""	"Language Key"	""
"API_BILLING_DOCUMENT"	"API_BILLING_DOCUMENT_SRV"	"A_BillingDocumentTextType"	"LongTextID"	"Edm.String"	"false"	"4"	""	""	"X"	""	""	""	""	""	""	"Text ID"	""
"API_BILLING_DOCUMENT"	"API_BILLING_DOCUMENT_SRV"	"A_BillingDocumentTextType"	"LongText"	"Edm.String"	""	""	""	""	""	""	""	"false"	"false"	""	""	"String"	""
"API_MATERIAL_DOCUMENT"	"API_MATERIAL_DOCUMENT_SRV"	"A_MaterialDocumentHeaderType"	"MaterialDocumentYear"	"Edm.String"	"false"	"4"	""	""	"X"	""	""	""	""	""	""	"Material Document Year"	""
"API_MATERIAL_DOCUMENT"	"API_MATERIAL_DOCUMENT_SRV"	"A_MaterialDocumentHeaderType"	"MaterialDocument"	"Edm.String"	"false"	"10"	""	""	"X"	""	""	""	""	""	""	"Material Document"	""
"API_MATERIAL_DOCUMENT"	"API_MATERIAL_DOCUMENT_SRV"	"A_MaterialDocumentHeaderType"	"InventoryTransactionType"	"Edm.String"	""	"2"	""	""	""	""	""	""	""	""	""	"Trans. / Event Type"	""
"API_MATERIAL_DOCUMENT"	"API_MATERIAL_DOCUMENT_SRV"	"A_MaterialDocumentHeaderType"	"DocumentDate"	"Edm.DateTime"	""	""	"0"	""	""	""	""	""	""	""	""	"Document Date"	""
"API_MATERIAL_DOCUMENT"	"API_MATERIAL_DOCUMENT_SRV"	"A_MaterialDocumentHeaderType"	"PostingDate"	"Edm.DateTime"	""	""	"0"	""	""	""	""	""	""	""	""	"Posting Date"	""
"API_MATERIAL_DOCUMENT"	"API_MATERIAL_DOCUMENT_SRV"	"A_MaterialDocumentHeaderType"	"CreationDate"	"Edm.DateTime"	""	""	"0"	""	""	""	""	""	""	""	""	"Entry Date"	""
"API_MATERIAL_DOCUMENT"	"API_MATERIAL_DOCUMENT_SRV"	"A_MaterialDocumentHeaderType"	"CreationTime"	"Edm.Time"	""	""	"0"	""	""	""	""	""	""	""	""	"Time of Entry"	""
"API_MATERIAL_DOCUMENT"	"API_MATERIAL_DOCUMENT_SRV"	"A_MaterialDocumentHeaderType"	"CreatedByUser"	"Edm.String"	""	"12"	""	""	""	""	""	""	""	""	""	"User Name"	""
"API_MATERIAL_DOCUMENT"	"API_MATERIAL_DOCUMENT_SRV"	"A_MaterialDocumentHeaderType"	"MaterialDocumentHeaderText"	"Edm.String"	""	"25"	""	""	""	""	""	""	""	""	""	"Document Header Text"	""
"API_MATERIAL_DOCUMENT"	"API_MATERIAL_DOCUMENT_SRV"	"A_MaterialDocumentHeaderType"	"ReferenceDocument"	"Edm.String"	""	"16"	""	""	""	""	""	""	""	""	""	"Reference"	""
"API_MATERIAL_DOCUMENT"	"API_MATERIAL_DOCUMENT_SRV"	"A_MaterialDocumentHeaderType"	"VersionForPrintingSlip"	"Edm.String"	""	"1"	""	""	""	""	""	""	""	""	""	"Print Version"	""
"API_MATERIAL_DOCUMENT"	"API_MATERIAL_DOCUMENT_SRV"	"A_MaterialDocumentHeaderType"	"ManualPrintIsTriggered"	"Edm.String"	""	"1"	""	""	""	""	""	""	""	""	""	"Print Active"	""
"API_MATERIAL_DOCUMENT"	"API_MATERIAL_DOCUMENT_SRV"	"A_MaterialDocumentHeaderType"	"CtrlPostgForExtWhseMgmtSyst"	"Edm.String"	""	"1"	""	""	""	""	""	""	""	""	""	"Ext. WMS control"	""
"API_MATERIAL_DOCUMENT"	"API_MATERIAL_DOCUMENT_SRV"	"A_MaterialDocumentHeaderType"	"GoodsMovementCode"	"Edm.String"	""	"2"	""	""	""	""	""	""	""	""	""	"Goods Movement Code"	""
"API_MATERIAL_DOCUMENT"	"API_MATERIAL_DOCUMENT_SRV"	"A_MaterialDocumentItemType"	"MaterialDocumentYear"	"Edm.String"	"false"	"4"	""	""	"X"	""	""	""	""	""	""	"Material Document Year"	""
"API_MATERIAL_DOCUMENT"	"API_MATERIAL_DOCUMENT_SRV"	"A_MaterialDocumentItemType"	"MaterialDocument"	"Edm.String"	"false"	"10"	""	""	"X"	""	""	""	""	""	""	"Material Document"	""
"API_MATERIAL_DOCUMENT"	"API_MATERIAL_DOCUMENT_SRV"	"A_MaterialDocumentItemType"	"MaterialDocumentItem"	"Edm.String"	"false"	"4"	""	""	"X"	""	""	""	""	""	""	"Material Document Item"	""
"API_MATERIAL_DOCUMENT"	"API_MATERIAL_DOCUMENT_SRV"	"A_MaterialDocumentItemType"	"Material"	"Edm.String"	""	"40"	""	""	""	""	""	""	""	""	""	"Material"	""
"API_MATERIAL_DOCUMENT"	"API_MATERIAL_DOCUMENT_SRV"	"A_MaterialDocumentItemType"	"Plant"	"Edm.String"	""	"4"	""	""	""	""	""	""	""	""	""	"Plant"	""
"API_MATERIAL_DOCUMENT"	"API_MATERIAL_DOCUMENT_SRV"	"A_MaterialDocumentItemType"	"StorageLocation"	"Edm.String"	""	"4"	""	""	""	""	""	""	""	""	""	"Storage Location"	""
"API_MATERIAL_DOCUMENT"	"API_MATERIAL_DOCUMENT_SRV"	"A_MaterialDocumentItemType"	"Batch"	"Edm.String"	""	"10"	""	""	""	""	""	""	""	""	""	"Batch"	""
"API_MATERIAL_DOCUMENT"	"API_MATERIAL_DOCUMENT_SRV"	"A_MaterialDocumentItemType"	"GoodsMovementType"	"Edm.String"	""	"3"	""	""	""	""	""	""	""	""	""	"Movement Type"	""
"API_MATERIAL_DOCUMENT"	"API_MATERIAL_DOCUMENT_SRV"	"A_MaterialDocumentItemType"	"InventoryStockType"	"Edm.String"	""	"2"	""	""	""	""	""	""	""	""	""	"Stock Type"	""
"API_MATERIAL_DOCUMENT"	"API_MATERIAL_DOCUMENT_SRV"	"A_MaterialDocumentItemType"	"InventoryValuationType"	"Edm.String"	""	"10"	""	""	""	""	""	""	""	""	""	"Valuation Type"	""
"API_MATERIAL_DOCUMENT"	"API_MATERIAL_DOCUMENT_SRV"	"A_MaterialDocumentItemType"	"InventorySpecialStockType"	"Edm.String"	""	"1"	""	""	""	""	""	""	""	""	""	"Special Stock Type"	""
"API_MATERIAL_DOCUMENT"	"API_MATERIAL_DOCUMENT_SRV"	"A_MaterialDocumentItemType"	"Supplier"	"Edm.String"	""	"10"	""	""	""	""	""	""	""	""	""	"Supplier"	""
"API_MATERIAL_DOCUMENT"	"API_MATERIAL_DOCUMENT_SRV"	"A_MaterialDocumentItemType"	"Customer"	"Edm.String"	""	"10"	""	""	""	""	""	""	""	""	""	"Customer"	""
"API_MATERIAL_DOCUMENT"	"API_MATERIAL_DOCUMENT_SRV"	"A_MaterialDocumentItemType"	"SalesOrder"	"Edm.String"	""	"10"	""	""	""	""	""	""	""	""	""	"Sales Order"	""
"API_MATERIAL_DOCUMENT"	"API_MATERIAL_DOCUMENT_SRV"	"A_MaterialDocumentItemType"	"SalesOrderItem"	"Edm.String"	""	"6"	""	""	""	""	""	""	""	""	""	"Sales Order Item"	""
"API_MATERIAL_DOCUMENT"	"API_MATERIAL_DOCUMENT_SRV"	"A_MaterialDocumentItemType"	"SalesOrderScheduleLine"	"Edm.String"	""	"4"	""	""	""	""	""	""	""	""	""	"Sales Order Schedule"	""
"API_MATERIAL_DOCUMENT"	"API_MATERIAL_DOCUMENT_SRV"	"A_MaterialDocumentItemType"	"PurchaseOrder"	"Edm.String"	""	"10"	""	""	""	""	""	""	""	""	""	"Purchase order"	""
"API_MATERIAL_DOCUMENT"	"API_MATERIAL_DOCUMENT_SRV"	"A_MaterialDocumentItemType"	"PurchaseOrderItem"	"Edm.String"	""	"5"	""	""	""	""	""	""	""	""	""	"Purchase Order Item"	""
"API_MATERIAL_DOCUMENT"	"API_MATERIAL_DOCUMENT_SRV"	"A_MaterialDocumentItemType"	"WBSElement"	"Edm.String"	""	"24"	""	""	""	""	""	""	""	""	""	"WBS Element"	""
"API_MATERIAL_DOCUMENT"	"API_MATERIAL_DOCUMENT_SRV"	"A_MaterialDocumentItemType"	"ManufacturingOrder"	"Edm.String"	""	"12"	""	""	""	""	""	""	""	""	""	"Manufacturing Order"	""
"API_MATERIAL_DOCUMENT"	"API_MATERIAL_DOCUMENT_SRV"	"A_MaterialDocumentItemType"	"ManufacturingOrderItem"	"Edm.String"	""	"4"	""	""	""	""	""	""	""	""	""	"Manufacturing Order Item"	""
"API_MATERIAL_DOCUMENT"	"API_MATERIAL_DOCUMENT_SRV"	"A_MaterialDocumentItemType"	"GoodsMovementRefDocType"	"Edm.String"	""	"1"	""	""	""	""	""	""	""	""	""	"Reference Doc. Type"	""
"API_MATERIAL_DOCUMENT"	"API_MATERIAL_DOCUMENT_SRV"	"A_MaterialDocumentItemType"	"GoodsMovementReasonCode"	"Edm.String"	""	"4"	""	""	""	""	""	""	""	""	""	"Reason for Movement"	""
"API_MATERIAL_DOCUMENT"	"API_MATERIAL_DOCUMENT_SRV"	"A_MaterialDocumentItemType"	"Delivery"	"Edm.String"	""	"10"	""	""	""	""	""	""	""	""	""	"Delivery"	""
"API_MATERIAL_DOCUMENT"	"API_MATERIAL_DOCUMENT_SRV"	"A_MaterialDocumentItemType"	"DeliveryItem"	"Edm.String"	""	"6"	""	""	""	""	""	""	""	""	""	"Delivery Item"	""
"API_MATERIAL_DOCUMENT"	"API_MATERIAL_DOCUMENT_SRV"	"A_MaterialDocumentItemType"	"AccountAssignmentCategory"	"Edm.String"	""	"1"	""	""	""	""	""	""	""	""	""	"Account Assignment Category"	""
"API_MATERIAL_DOCUMENT"	"API_MATERIAL_DOCUMENT_SRV"	"A_MaterialDocumentItemType"	"CostCenter"	"Edm.String"	""	"10"	""	""	""	""	""	""	""	""	""	"Cost Center"	""
"API_MATERIAL_DOCUMENT"	"API_MATERIAL_DOCUMENT_SRV"	"A_MaterialDocumentItemType"	"ControllingArea"	"Edm.String"	""	"4"	""	""	""	""	""	""	""	""	""	"Controlling Area"	""
"API_MATERIAL_DOCUMENT"	"API_MATERIAL_DOCUMENT_SRV"	"A_MaterialDocumentItemType"	"CostObject"	"Edm.String"	""	"12"	""	""	""	""	""	""	""	""	""	"Cost Object"	""
"API_MATERIAL_DOCUMENT"	"API_MATERIAL_DOCUMENT_SRV"	"A_MaterialDocumentItemType"	"GLAccount"	"Edm.String"	""	"10"	""	""	""	""	""	""	""	""	""	"G/L Account"	""
"API_MATERIAL_DOCUMENT"	"API_MATERIAL_DOCUMENT_SRV"	"A_MaterialDocumentItemType"	"FunctionalArea"	"Edm.String"	""	"16"	""	""	""	""	""	""	""	""	""	"Functional Area"	""
"API_MATERIAL_DOCUMENT"	"API_MATERIAL_DOCUMENT_SRV"	"A_MaterialDocumentItemType"	"ProfitabilitySegment"	"Edm.String"	""	"10"	""	""	""	""	""	""	""	""	""	"Profitability Segment"	""
"API_MATERIAL_DOCUMENT"	"API_MATERIAL_DOCUMENT_SRV"	"A_MaterialDocumentItemType"	"ProfitCenter"	"Edm.String"	""	"10"	""	""	""	""	""	""	""	""	""	"Profit Center"	""
"API_MATERIAL_DOCUMENT"	"API_MATERIAL_DOCUMENT_SRV"	"A_MaterialDocumentItemType"	"MasterFixedAsset"	"Edm.String"	""	"12"	""	""	""	""	""	""	""	""	""	"Asset"	""
"API_MATERIAL_DOCUMENT"	"API_MATERIAL_DOCUMENT_SRV"	"A_MaterialDocumentItemType"	"FixedAsset"	"Edm.String"	""	"4"	""	""	""	""	""	""	""	""	""	"Sub-number"	""
"API_MATERIAL_DOCUMENT"	"API_MATERIAL_DOCUMENT_SRV"	"A_MaterialDocumentItemType"	"MaterialBaseUnit"	"Edm.String"	""	"3"	""	""	""	""	""	""	""	""	""	"Base Unit of Measure"	""
"API_MATERIAL_DOCUMENT"	"API_MATERIAL_DOCUMENT_SRV"	"A_MaterialDocumentItemType"	"QuantityInBaseUnit"	"Edm.Decimal"	""	""	"13"	"3"	""	""	""	""	""	""	"MaterialBaseUnit"	"Quantity"	""
"API_MATERIAL_DOCUMENT"	"API_MATERIAL_DOCUMENT_SRV"	"A_MaterialDocumentItemType"	"EntryUnit"	"Edm.String"	""	"3"	""	""	""	""	""	""	""	""	""	"Unit of Entry"	""
"API_MATERIAL_DOCUMENT"	"API_MATERIAL_DOCUMENT_SRV"	"A_MaterialDocumentItemType"	"QuantityInEntryUnit"	"Edm.Decimal"	""	""	"13"	"3"	""	""	""	""	""	""	"EntryUnit"	"Qty in unit of entry"	""
"API_MATERIAL_DOCUMENT"	"API_MATERIAL_DOCUMENT_SRV"	"A_MaterialDocumentItemType"	"CompanyCodeCurrency"	"Edm.String"	""	"5"	""	""	""	""	""	""	""	""	""	"Company Code Currency"	""
"API_MATERIAL_DOCUMENT"	"API_MATERIAL_DOCUMENT_SRV"	"A_MaterialDocumentItemType"	"GdsMvtExtAmtInCoCodeCrcy"	"Edm.Decimal"	""	""	"14"	"3"	""	""	""	""	""	""	"CompanyCodeCurrency"	"Ext. Amount in LC"	""
"API_MATERIAL_DOCUMENT"	"API_MATERIAL_DOCUMENT_SRV"	"A_MaterialDocumentItemType"	"SlsPrcAmtInclVATInCoCodeCrcy"	"Edm.Decimal"	""	""	"14"	"3"	""	""	""	""	""	""	"CompanyCodeCurrency"	"Sales Value inc. VAT"	""
"API_MATERIAL_DOCUMENT"	"API_MATERIAL_DOCUMENT_SRV"	"A_MaterialDocumentItemType"	"FiscalYear"	"Edm.String"	""	"4"	""	""	""	""	""	""	""	""	""	"Fiscal Year"	""
"API_MATERIAL_DOCUMENT"	"API_MATERIAL_DOCUMENT_SRV"	"A_MaterialDocumentItemType"	"FiscalYearPeriod"	"Edm.String"	""	"7"	""	""	""	""	""	""	""	""	""	"Fiscal Year & Period from Posting date"	""
"API_MATERIAL_DOCUMENT"	"API_MATERIAL_DOCUMENT_SRV"	"A_MaterialDocumentItemType"	"FiscalYearVariant"	"Edm.String"	""	"2"	""	""	""	""	""	""	""	""	""	"Fiscal Year Variant"	""
"API_MATERIAL_DOCUMENT"	"API_MATERIAL_DOCUMENT_SRV"	"A_MaterialDocumentItemType"	"IssgOrRcvgMaterial"	"Edm.String"	""	"40"	""	""	""	""	""	""	""	""	""	"Transfer Material"	""
"API_MATERIAL_DOCUMENT"	"API_MATERIAL_DOCUMENT_SRV"	"A_MaterialDocumentItemType"	"IssgOrRcvgBatch"	"Edm.String"	""	"10"	""	""	""	""	""	""	""	""	""	"Transfer Batch"	""
"API_MATERIAL_DOCUMENT"	"API_MATERIAL_DOCUMENT_SRV"	"A_MaterialDocumentItemType"	"IssuingOrReceivingPlant"	"Edm.String"	""	"4"	""	""	""	""	""	""	""	""	""	"Rec/Iss Plant"	""
"API_MATERIAL_DOCUMENT"	"API_MATERIAL_DOCUMENT_SRV"	"A_MaterialDocumentItemType"	"IssuingOrReceivingStorageLoc"	"Edm.String"	""	"4"	""	""	""	""	""	""	""	""	""	"Receiving stor. loc."	""
"API_MATERIAL_DOCUMENT"	"API_MATERIAL_DOCUMENT_SRV"	"A_MaterialDocumentItemType"	"IssuingOrReceivingStockType"	"Edm.String"	""	"2"	""	""	""	""	""	""	""	""	""	"Transfer Stock Type"	""
"API_MATERIAL_DOCUMENT"	"API_MATERIAL_DOCUMENT_SRV"	"A_MaterialDocumentItemType"	"IssgOrRcvgSpclStockInd"	"Edm.String"	""	"1"	""	""	""	""	""	""	""	""	""	"Transfer Special Stock Type"	""
"API_MATERIAL_DOCUMENT"	"API_MATERIAL_DOCUMENT_SRV"	"A_MaterialDocumentItemType"	"IssuingOrReceivingValType"	"Edm.String"	""	"10"	""	""	""	""	""	""	""	""	""	"Val. Type Tfr Batch"	""
"API_MATERIAL_DOCUMENT"	"API_MATERIAL_DOCUMENT_SRV"	"A_MaterialDocumentItemType"	"IsCompletelyDelivered"	"Edm.Boolean"	""	""	""	""	""	""	""	""	""	""	""	"Delivery Completed"	""
"API_MATERIAL_DOCUMENT"	"API_MATERIAL_DOCUMENT_SRV"	"A_MaterialDocumentItemType"	"MaterialDocumentItemText"	"Edm.String"	""	"50"	""	""	""	""	""	""	""	""	""	"Text"	""
"API_MATERIAL_DOCUMENT"	"API_MATERIAL_DOCUMENT_SRV"	"A_MaterialDocumentItemType"	"UnloadingPointName"	"Edm.String"	""	"25"	""	""	""	""	""	""	""	""	""	"Unloading Point"	""
"API_MATERIAL_DOCUMENT"	"API_MATERIAL_DOCUMENT_SRV"	"A_MaterialDocumentItemType"	"ShelfLifeExpirationDate"	"Edm.DateTime"	""	""	"0"	""	""	""	""	""	""	""	""	"SLED/BBD"	""
"API_MATERIAL_DOCUMENT"	"API_MATERIAL_DOCUMENT_SRV"	"A_MaterialDocumentItemType"	"ManufactureDate"	"Edm.DateTime"	""	""	"0"	""	""	""	""	""	""	""	""	"Date of Manufacture"	""
"API_MATERIAL_DOCUMENT"	"API_MATERIAL_DOCUMENT_SRV"	"A_MaterialDocumentItemType"	"SerialNumbersAreCreatedAutomly"	"Edm.Boolean"	""	""	""	""	""	""	""	""	""	""	""	"SerialNo. auto."	""
"API_MATERIAL_DOCUMENT"	"API_MATERIAL_DOCUMENT_SRV"	"A_MaterialDocumentItemType"	"Reservation"	"Edm.String"	""	"10"	""	""	""	""	""	""	""	""	""	"Reservation"	""
"API_MATERIAL_DOCUMENT"	"API_MATERIAL_DOCUMENT_SRV"	"A_MaterialDocumentItemType"	"ReservationItem"	"Edm.String"	""	"4"	""	""	""	""	""	""	""	""	""	"Reservation Item"	""
"API_MATERIAL_DOCUMENT"	"API_MATERIAL_DOCUMENT_SRV"	"A_MaterialDocumentItemType"	"ReservationIsFinallyIssued"	"Edm.Boolean"	""	""	""	""	""	""	""	""	""	""	""	"Res Final Issue"	""
"API_MATERIAL_DOCUMENT"	"API_MATERIAL_DOCUMENT_SRV"	"A_MaterialDocumentItemType"	"SpecialStockIdfgSalesOrder"	"Edm.String"	""	"10"	""	""	""	""	""	""	""	""	""	"Sales order"	""
"API_MATERIAL_DOCUMENT"	"API_MATERIAL_DOCUMENT_SRV"	"A_MaterialDocumentItemType"	"SpecialStockIdfgSalesOrderItem"	"Edm.String"	""	"6"	""	""	""	""	""	""	""	""	""	"Sales order item"	""
"API_MATERIAL_DOCUMENT"	"API_MATERIAL_DOCUMENT_SRV"	"A_MaterialDocumentItemType"	"SpecialStockIdfgWBSElement"	"Edm.String"	""	"24"	""	""	""	""	""	""	""	""	""	"WBS Element"	""
"API_MATERIAL_DOCUMENT"	"API_MATERIAL_DOCUMENT_SRV"	"A_MaterialDocumentItemType"	"IsAutomaticallyCreated"	"Edm.String"	""	"1"	""	""	""	""	""	""	""	""	""	"Automat. Created"	""
"API_MATERIAL_DOCUMENT"	"API_MATERIAL_DOCUMENT_SRV"	"A_MaterialDocumentItemType"	"MaterialDocumentLine"	"Edm.String"	""	"6"	""	""	""	""	""	""	""	""	""	"Line ID"	""
"API_MATERIAL_DOCUMENT"	"API_MATERIAL_DOCUMENT_SRV"	"A_MaterialDocumentItemType"	"MaterialDocumentParentLine"	"Edm.String"	""	"6"	""	""	""	""	""	""	""	""	""	"Parent line ID"	""
"API_MATERIAL_DOCUMENT"	"API_MATERIAL_DOCUMENT_SRV"	"A_MaterialDocumentItemType"	"HierarchyNodeLevel"	"Edm.String"	""	"2"	""	""	""	""	""	""	""	""	""	"Hierarchy level"	""
"API_MATERIAL_DOCUMENT"	"API_MATERIAL_DOCUMENT_SRV"	"A_MaterialDocumentItemType"	"GoodsMovementIsCancelled"	"Edm.Boolean"	""	""	""	""	""	""	""	""	""	""	""	"Is Item Cancelled"	""
"API_MATERIAL_DOCUMENT"	"API_MATERIAL_DOCUMENT_SRV"	"A_MaterialDocumentItemType"	"ReversedMaterialDocumentYear"	"Edm.String"	""	"4"	""	""	""	""	""	""	""	""	""	"Reversed Doc Year"	""
"API_MATERIAL_DOCUMENT"	"API_MATERIAL_DOCUMENT_SRV"	"A_MaterialDocumentItemType"	"ReversedMaterialDocument"	"Edm.String"	""	"10"	""	""	""	""	""	""	""	""	""	"Reversed Mat Doc"	""
"API_MATERIAL_DOCUMENT"	"API_MATERIAL_DOCUMENT_SRV"	"A_MaterialDocumentItemType"	"ReversedMaterialDocumentItem"	"Edm.String"	""	"4"	""	""	""	""	""	""	""	""	""	"Reversed Doc Item"	""
"API_MATERIAL_DOCUMENT"	"API_MATERIAL_DOCUMENT_SRV"	"A_MaterialDocumentItemType"	"ReferenceDocumentFiscalYear"	"Edm.String"	""	"4"	""	""	""	""	""	""	""	""	""	"Fisc.yr.ref.doc"	""
"API_MATERIAL_DOCUMENT"	"API_MATERIAL_DOCUMENT_SRV"	"A_MaterialDocumentItemType"	"InvtryMgmtRefDocumentItem"	"Edm.String"	""	"4"	""	""	""	""	""	""	""	""	""	"Reference Doc. Item"	""
"API_MATERIAL_DOCUMENT"	"API_MATERIAL_DOCUMENT_SRV"	"A_MaterialDocumentItemType"	"InvtryMgmtReferenceDocument"	"Edm.String"	""	"10"	""	""	""	""	""	""	""	""	""	"Reference Document"	""
"API_MATERIAL_DOCUMENT"	"API_MATERIAL_DOCUMENT_SRV"	"A_MaterialDocumentItemType"	"MaterialDocumentPostingType"	"Edm.String"	""	"1"	""	""	""	""	""	""	""	""	""	"Type of posting"	""
"API_MATERIAL_DOCUMENT"	"API_MATERIAL_DOCUMENT_SRV"	"A_MaterialDocumentItemType"	"InventoryUsabilityCode"	"Edm.String"	""	"1"	""	""	""	""	""	""	""	""	""	"Posting Control Stock Type"	""
"API_MATERIAL_DOCUMENT"	"API_MATERIAL_DOCUMENT_SRV"	"A_MaterialDocumentItemType"	"EWMWarehouse"	"Edm.String"	""	"4"	""	""	""	""	""	""	""	""	""	"Warehouse Number"	""
"API_MATERIAL_DOCUMENT"	"API_MATERIAL_DOCUMENT_SRV"	"A_MaterialDocumentItemType"	"EWMStorageBin"	"Edm.String"	""	"18"	""	""	""	""	""	""	""	""	""	"Storage Bin"	""
"API_MATERIAL_DOCUMENT"	"API_MATERIAL_DOCUMENT_SRV"	"A_MaterialDocumentItemType"	"StockSegment"	"Edm.String"	""	"40"	""	""	""	""	""	""	""	""	""	"Stock Segment"	""
"API_MATERIAL_DOCUMENT"	"API_MATERIAL_DOCUMENT_SRV"	"A_MaterialDocumentItemType"	"IssgOrRcvgStockSegment"	"Edm.String"	""	"40"	""	""	""	""	""	""	""	""	""	"Rec. Stock Segment"	""
"API_MATERIAL_DOCUMENT"	"API_MATERIAL_DOCUMENT_SRV"	"A_SerialNumberMaterialDocumentType"	"Material"	"Edm.String"	"false"	"40"	""	""	"X"	""	""	""	""	""	""	"Material"	""
"API_MATERIAL_DOCUMENT"	"API_MATERIAL_DOCUMENT_SRV"	"A_SerialNumberMaterialDocumentType"	"SerialNumber"	"Edm.String"	"false"	"18"	""	""	"X"	""	""	""	""	""	""	"Serial Number"	""
"API_MATERIAL_DOCUMENT"	"API_MATERIAL_DOCUMENT_SRV"	"A_SerialNumberMaterialDocumentType"	"MaterialDocument"	"Edm.String"	"false"	"10"	""	""	"X"	""	""	""	""	""	""	"Material Document"	""
"API_MATERIAL_DOCUMENT"	"API_MATERIAL_DOCUMENT_SRV"	"A_SerialNumberMaterialDocumentType"	"MaterialDocumentItem"	"Edm.String"	"false"	"4"	""	""	"X"	""	""	""	""	""	""	"Material Document Item"	""
"API_MATERIAL_DOCUMENT"	"API_MATERIAL_DOCUMENT_SRV"	"A_SerialNumberMaterialDocumentType"	"MaterialDocumentYear"	"Edm.String"	"false"	"4"	""	""	"X"	""	""	""	""	""	""	"Material Document Year"	""
"API_MATERIAL_STOCK"	"API_MATERIAL_STOCK_SRV"	"A_MaterialStockType"	"Material"	"Edm.String"	"false"	"40"	""	""	"X"	""	""	""	""	""	""	"Material"	""
"API_MATERIAL_STOCK"	"API_MATERIAL_STOCK_SRV"	"A_MaterialStockType"	"MaterialBaseUnit"	"Edm.String"	""	"3"	""	""	""	""	""	""	""	""	""	"Base Unit of Measure"	""
"API_MATERIAL_STOCK"	"API_MATERIAL_STOCK_SRV"	"A_MatlStkInAcctModType"	"Material"	"Edm.String"	"false"	"40"	""	""	"X"	""	""	""	""	""	""	"Stock Material"	""
"API_MATERIAL_STOCK"	"API_MATERIAL_STOCK_SRV"	"A_MatlStkInAcctModType"	"Plant"	"Edm.String"	"false"	"4"	""	""	"X"	""	""	""	""	""	""	"Plant"	""
"API_MATERIAL_STOCK"	"API_MATERIAL_STOCK_SRV"	"A_MatlStkInAcctModType"	"StorageLocation"	"Edm.String"	"false"	"4"	""	""	"X"	""	""	""	""	""	""	"Storage Location"	""
"API_MATERIAL_STOCK"	"API_MATERIAL_STOCK_SRV"	"A_MatlStkInAcctModType"	"Batch"	"Edm.String"	"false"	"10"	""	""	"X"	""	""	""	""	""	""	"Batch SID"	""
"API_MATERIAL_STOCK"	"API_MATERIAL_STOCK_SRV"	"A_MatlStkInAcctModType"	"Supplier"	"Edm.String"	"false"	"10"	""	""	"X"	""	""	""	""	""	""	"Supplier SID"	""
"API_MATERIAL_STOCK"	"API_MATERIAL_STOCK_SRV"	"A_MatlStkInAcctModType"	"Customer"	"Edm.String"	"false"	"10"	""	""	"X"	""	""	""	""	""	""	"Customer SID"	""
"API_MATERIAL_STOCK"	"API_MATERIAL_STOCK_SRV"	"A_MatlStkInAcctModType"	"WBSElementInternalID"	"Edm.String"	"false"	"24"	""	""	"X"	""	""	""	""	""	""	"WBS Element"	""
"API_MATERIAL_STOCK"	"API_MATERIAL_STOCK_SRV"	"A_MatlStkInAcctModType"	"SDDocument"	"Edm.String"	"false"	"10"	""	""	"X"	""	""	""	""	""	""	"Sales order"	""
"API_MATERIAL_STOCK"	"API_MATERIAL_STOCK_SRV"	"A_MatlStkInAcctModType"	"SDDocumentItem"	"Edm.String"	"false"	"6"	""	""	"X"	""	""	""	""	""	""	"Sales order item"	""
"API_MATERIAL_STOCK"	"API_MATERIAL_STOCK_SRV"	"A_MatlStkInAcctModType"	"InventorySpecialStockType"	"Edm.String"	"false"	"1"	""	""	"X"	""	""	""	""	""	""	"Special Stock Type"	""
"API_MATERIAL_STOCK"	"API_MATERIAL_STOCK_SRV"	"A_MatlStkInAcctModType"	"InventoryStockType"	"Edm.String"	"false"	"2"	""	""	"X"	""	""	""	""	""	""	"Stock Type"	""
"API_MATERIAL_STOCK"	"API_MATERIAL_STOCK_SRV"	"A_MatlStkInAcctModType"	"MaterialBaseUnit"	"Edm.String"	""	"3"	""	""	""	""	""	""	""	""	""	"Base Unit of Measure"	""
"API_MATERIAL_STOCK"	"API_MATERIAL_STOCK_SRV"	"A_MatlStkInAcctModType"	"MatlWrhsStkQtyInMatlBaseUnit"	"Edm.Decimal"	""	""	"31"	"14"	""	""	""	""	""	""	"MaterialBaseUnit"	""	""
"API_OUTBOUND_DELIVERY_V2"	"API_OUTBOUND_DELIVERY_SRV"	"A_OutbDeliveryItemTextType"	"DeliveryDocument"	"Edm.String"	"false"	"10"	""	""	"X"	""	"false"	"false"	"false"	""	""	"Delivery"	""
"API_OUTBOUND_DELIVERY_V2"	"API_OUTBOUND_DELIVERY_SRV"	"A_OutbDeliveryItemTextType"	"DeliveryDocumentItem"	"Edm.String"	"false"	"6"	""	""	"X"	""	"false"	"false"	"false"	""	""	"Item"	""
"API_OUTBOUND_DELIVERY_V2"	"API_OUTBOUND_DELIVERY_SRV"	"A_OutbDeliveryItemTextType"	"TextElement"	"Edm.String"	"false"	"4"	""	""	"X"	""	"false"	"false"	"false"	""	""	"Text ID"	""
"API_OUTBOUND_DELIVERY_V2"	"API_OUTBOUND_DELIVERY_SRV"	"A_OutbDeliveryItemTextType"	"Language"	"Edm.String"	"false"	"2"	""	""	"X"	""	"false"	"false"	""	""	""	"Language"	""
"API_OUTBOUND_DELIVERY_V2"	"API_OUTBOUND_DELIVERY_SRV"	"A_OutbDeliveryItemTextType"	"TextElementDescription"	"Edm.String"	"false"	"30"	""	""	""	"false"	"false"	"false"	"false"	""	""	"Description"	""
"API_OUTBOUND_DELIVERY_V2"	"API_OUTBOUND_DELIVERY_SRV"	"A_OutbDeliveryItemTextType"	"TextElementText"	"Edm.String"	"false"	""	""	""	""	""	""	"false"	"false"	""	""	""	""
"API_OUTBOUND_DELIVERY_V2"	"API_OUTBOUND_DELIVERY_SRV"	"A_OutbDeliveryItemTextType"	"DeliveryLongTextIsFormatted"	"Edm.Boolean"	"false"	""	""	""	""	"false"	"false"	"false"	"false"	""	""	"Truth Value"	""
"API_OUTBOUND_DELIVERY_V2"	"API_OUTBOUND_DELIVERY_SRV"	"A_OutbDeliveryHeaderTextType"	"DeliveryDocument"	"Edm.String"	"false"	"10"	""	""	"X"	""	"false"	"false"	"false"	""	""	"Delivery"	""
"API_OUTBOUND_DELIVERY_V2"	"API_OUTBOUND_DELIVERY_SRV"	"A_OutbDeliveryHeaderTextType"	"TextElement"	"Edm.String"	"false"	"4"	""	""	"X"	""	"false"	"false"	"false"	""	""	"Text ID"	""
"API_OUTBOUND_DELIVERY_V2"	"API_OUTBOUND_DELIVERY_SRV"	"A_OutbDeliveryHeaderTextType"	"Language"	"Edm.String"	"false"	"2"	""	""	"X"	""	"false"	"false"	""	""	""	"Language"	""
"API_OUTBOUND_DELIVERY_V2"	"API_OUTBOUND_DELIVERY_SRV"	"A_OutbDeliveryHeaderTextType"	"TextElementDescription"	"Edm.String"	"false"	"30"	""	""	""	"false"	"false"	"false"	"false"	""	""	"Description"	""
"API_OUTBOUND_DELIVERY_V2"	"API_OUTBOUND_DELIVERY_SRV"	"A_OutbDeliveryHeaderTextType"	"TextElementText"	"Edm.String"	"false"	""	""	""	""	""	""	"false"	"false"	""	""	""	""
"API_OUTBOUND_DELIVERY_V2"	"API_OUTBOUND_DELIVERY_SRV"	"A_OutbDeliveryHeaderTextType"	"DeliveryLongTextIsFormatted"	"Edm.Boolean"	"false"	""	""	""	""	"false"	"false"	"false"	"false"	""	""	"Truth Value"	""
"API_OUTBOUND_DELIVERY_V2"	"API_OUTBOUND_DELIVERY_SRV"	"A_HandlingUnitHeaderDeliveryType"	"CreatedByUser"	"Edm.String"	"false"	"12"	""	""	""	"false"	"false"	"false"	"false"	""	""	"Created By"	""
"API_OUTBOUND_DELIVERY_V2"	"API_OUTBOUND_DELIVERY_SRV"	"A_HandlingUnitHeaderDeliveryType"	"CreationDate"	"Edm.DateTime"	""	""	"7"	""	""	"false"	"false"	"false"	"false"	""	""	"Created On"	""
"API_OUTBOUND_DELIVERY_V2"	"API_OUTBOUND_DELIVERY_SRV"	"A_HandlingUnitHeaderDeliveryType"	"CreationTime"	"Edm.Time"	""	""	"0"	""	""	"false"	"false"	"false"	"false"	""	""	"Time"	""
"API_OUTBOUND_DELIVERY_V2"	"API_OUTBOUND_DELIVERY_SRV"	"A_HandlingUnitHeaderDeliveryType"	"DeliveryDocument"	"Edm.String"	"false"	"10"	""	""	""	""	"false"	"false"	"false"	""	""	"Delivery Document"	""
"API_OUTBOUND_DELIVERY_V2"	"API_OUTBOUND_DELIVERY_SRV"	"A_HandlingUnitHeaderDeliveryType"	"GrossVolume"	"Edm.Decimal"	"false"	""	"15"	"3"	""	""	""	"false"	"false"	""	"VolumeUnit"	"Total Volume"	""
"API_OUTBOUND_DELIVERY_V2"	"API_OUTBOUND_DELIVERY_SRV"	"A_HandlingUnitHeaderDeliveryType"	"GrossWeight"	"Edm.Decimal"	"false"	""	"15"	"3"	""	""	""	"false"	"false"	""	"WeightUnit"	"Total Weight"	""
"API_OUTBOUND_DELIVERY_V2"	"API_OUTBOUND_DELIVERY_SRV"	"A_HandlingUnitHeaderDeliveryType"	"HandlingUnitBaseUnitOfMeasure"	"Edm.String"	"false"	"3"	""	""	""	"false"	"false"	"false"	"false"	""	""	"Base Unit"	""
"API_OUTBOUND_DELIVERY_V2"	"API_OUTBOUND_DELIVERY_SRV"	"A_HandlingUnitHeaderDeliveryType"	"HandlingUnitContentDescription"	"Edm.String"	"false"	"40"	""	""	""	""	""	"false"	"false"	""	""	"Content"	""
"API_OUTBOUND_DELIVERY_V2"	"API_OUTBOUND_DELIVERY_SRV"	"A_HandlingUnitHeaderDeliveryType"	"HandlingUnitExternalId"	"Edm.String"	"false"	"20"	""	""	""	"false"	"false"	"false"	"false"	""	""	"Handling Unit"	""
"API_OUTBOUND_DELIVERY_V2"	"API_OUTBOUND_DELIVERY_SRV"	"A_HandlingUnitHeaderDeliveryType"	"HandlingUnitExternalIdType"	"Edm.String"	"false"	"1"	""	""	""	"false"	"false"	"false"	"false"	""	""	"ID Type"	""
"API_OUTBOUND_DELIVERY_V2"	"API_OUTBOUND_DELIVERY_SRV"	"A_HandlingUnitHeaderDeliveryType"	"HandlingUnitGroup1"	"Edm.String"	"false"	"5"	""	""	""	"false"	"false"	"false"	"false"	""	""	"HU group 1"	""
"API_OUTBOUND_DELIVERY_V2"	"API_OUTBOUND_DELIVERY_SRV"	"A_HandlingUnitHeaderDeliveryType"	"HandlingUnitGroup2"	"Edm.String"	"false"	"5"	""	""	""	"false"	"false"	"false"	"false"	""	""	"HU group 2"	""
"API_OUTBOUND_DELIVERY_V2"	"API_OUTBOUND_DELIVERY_SRV"	"A_HandlingUnitHeaderDeliveryType"	"HandlingUnitGroup3"	"Edm.String"	"false"	"5"	""	""	""	"false"	"false"	"false"	"false"	""	""	"HU group 3"	""
"API_OUTBOUND_DELIVERY_V2"	"API_OUTBOUND_DELIVERY_SRV"	"A_HandlingUnitHeaderDeliveryType"	"HandlingUnitGroup4"	"Edm.String"	"false"	"5"	""	""	""	"false"	"false"	"false"	"false"	""	""	"HU group 4"	""
"API_OUTBOUND_DELIVERY_V2"	"API_OUTBOUND_DELIVERY_SRV"	"A_HandlingUnitHeaderDeliveryType"	"HandlingUnitGroup5"	"Edm.String"	"false"	"5"	""	""	""	"false"	"false"	"false"	"false"	""	""	"HU group 5"	""
"API_OUTBOUND_DELIVERY_V2"	"API_OUTBOUND_DELIVERY_SRV"	"A_HandlingUnitHeaderDeliveryType"	"HandlingUnitHeight"	"Edm.Decimal"	"false"	""	"13"	"3"	""	"false"	"false"	"false"	"false"	""	"HandlingUnitUoMDimension"	"Height"	""
"API_OUTBOUND_DELIVERY_V2"	"API_OUTBOUND_DELIVERY_SRV"	"A_HandlingUnitHeaderDeliveryType"	"HandlingUnitInternalId"	"Edm.String"	"false"	"10"	""	""	"X"	"false"	"false"	"false"	"false"	""	""	"Internal HU no."	""
"API_OUTBOUND_DELIVERY_V2"	"API_OUTBOUND_DELIVERY_SRV"	"A_HandlingUnitHeaderDeliveryType"	"HandlingUnitInternalStatus"	"Edm.String"	"false"	"4"	""	""	""	"false"	"false"	"false"	"false"	""	""	"HU status"	""
"API_OUTBOUND_DELIVERY_V2"	"API_OUTBOUND_DELIVERY_SRV"	"A_HandlingUnitHeaderDeliveryType"	"HandlingUnitLength"	"Edm.Decimal"	"false"	""	"13"	"3"	""	"false"	"false"	"false"	"false"	""	"HandlingUnitUoMDimension"	"Length"	""
"API_OUTBOUND_DELIVERY_V2"	"API_OUTBOUND_DELIVERY_SRV"	"A_HandlingUnitHeaderDeliveryType"	"HandlingUnitLowerLevelRefer"	"Edm.String"	"false"	"10"	""	""	""	"false"	"false"	"false"	"false"	""	""	"Higher-level HU"	""
"API_OUTBOUND_DELIVERY_V2"	"API_OUTBOUND_DELIVERY_SRV"	"A_HandlingUnitHeaderDeliveryType"	"HandlingUnitMaxVolume"	"Edm.Decimal"	"false"	""	"15"	"3"	""	""	""	"false"	"false"	""	"VolumeUnit"	"Allowed volume"	""
"API_OUTBOUND_DELIVERY_V2"	"API_OUTBOUND_DELIVERY_SRV"	"A_HandlingUnitHeaderDeliveryType"	"HandlingUnitMaxWeight"	"Edm.Decimal"	"false"	""	"15"	"3"	""	""	""	"false"	"false"	""	"WeightUnit"	"Allowed weight"	""
"API_OUTBOUND_DELIVERY_V2"	"API_OUTBOUND_DELIVERY_SRV"	"A_HandlingUnitHeaderDeliveryType"	"HandlingUnitNetVolume"	"Edm.Decimal"	"false"	""	"15"	"3"	""	""	""	"false"	"false"	""	"VolumeUnit"	"Loading Volume"	""
"API_OUTBOUND_DELIVERY_V2"	"API_OUTBOUND_DELIVERY_SRV"	"A_HandlingUnitHeaderDeliveryType"	"HandlingUnitSecondExternalId"	"Edm.String"	"false"	"20"	""	""	""	""	""	"false"	"false"	""	""	"HU ID 2"	""
"API_OUTBOUND_DELIVERY_V2"	"API_OUTBOUND_DELIVERY_SRV"	"A_HandlingUnitHeaderDeliveryType"	"HandlingUnitTareVolume"	"Edm.Decimal"	"false"	""	"15"	"3"	""	""	""	"false"	"false"	""	"HandlingUnitTareVolumeUnit"	"Tare Volume"	""
"API_OUTBOUND_DELIVERY_V2"	"API_OUTBOUND_DELIVERY_SRV"	"A_HandlingUnitHeaderDeliveryType"	"HandlingUnitTareVolumeUnit"	"Edm.String"	"false"	"3"	""	""	""	""	""	"false"	"false"	""	""	"Volume Unit"	""
"API_OUTBOUND_DELIVERY_V2"	"API_OUTBOUND_DELIVERY_SRV"	"A_HandlingUnitHeaderDeliveryType"	"HandlingUnitTareWeight"	"Edm.Decimal"	"false"	""	"15"	"3"	""	""	""	"false"	"false"	""	"HandlingUnitTareWeightUnit"	"Tare Weight"	""
"API_OUTBOUND_DELIVERY_V2"	"API_OUTBOUND_DELIVERY_SRV"	"A_HandlingUnitHeaderDeliveryType"	"HandlingUnitTareWeightUnit"	"Edm.String"	"false"	"3"	""	""	""	""	""	"false"	"false"	""	""	"Unit of Weight"	""
"API_OUTBOUND_DELIVERY_V2"	"API_OUTBOUND_DELIVERY_SRV"	"A_HandlingUnitHeaderDeliveryType"	"HandlingUnitUoMDimension"	"Edm.String"	"false"	"3"	""	""	""	"false"	"false"	"false"	"false"	""	""	"Unit"	""
"API_OUTBOUND_DELIVERY_V2"	"API_OUTBOUND_DELIVERY_SRV"	"A_HandlingUnitHeaderDeliveryType"	"HandlingUnitWidth"	"Edm.Decimal"	"false"	""	"13"	"3"	""	"false"	"false"	"false"	"false"	""	"HandlingUnitUoMDimension"	"Width"	""
"API_OUTBOUND_DELIVERY_V2"	"API_OUTBOUND_DELIVERY_SRV"	"A_HandlingUnitHeaderDeliveryType"	"LastChangeDate"	"Edm.DateTime"	""	""	"7"	""	""	"false"	"false"	"false"	"false"	""	""	"Changed On"	""
"API_OUTBOUND_DELIVERY_V2"	"API_OUTBOUND_DELIVERY_SRV"	"A_HandlingUnitHeaderDeliveryType"	"LastChangedByUser"	"Edm.String"	""	"12"	""	""	""	"false"	"false"	"false"	"false"	""	""	"Changed By"	""
"API_OUTBOUND_DELIVERY_V2"	"API_OUTBOUND_DELIVERY_SRV"	"A_HandlingUnitHeaderDeliveryType"	"LastChangeTime"	"Edm.Time"	""	""	"0"	""	""	"false"	"false"	"false"	"false"	""	""	"Time of change"	""
"API_OUTBOUND_DELIVERY_V2"	"API_OUTBOUND_DELIVERY_SRV"	"A_HandlingUnitHeaderDeliveryType"	"NetWeight"	"Edm.Decimal"	"false"	""	"15"	"3"	""	""	""	"false"	"false"	""	"WeightUnit"	"Loading Weight"	""
"API_OUTBOUND_DELIVERY_V2"	"API_OUTBOUND_DELIVERY_SRV"	"A_HandlingUnitHeaderDeliveryType"	"PackagingMaterial"	"Edm.String"	"false"	"40"	""	""	""	""	""	"false"	"false"	""	""	"PackMaterials"	""
"API_OUTBOUND_DELIVERY_V2"	"API_OUTBOUND_DELIVERY_SRV"	"A_HandlingUnitHeaderDeliveryType"	"PackagingMaterialCategory"	"Edm.String"	"false"	"1"	""	""	""	"false"	"false"	"false"	"false"	""	""	"Pack. Mat. Cat."	""
"API_OUTBOUND_DELIVERY_V2"	"API_OUTBOUND_DELIVERY_SRV"	"A_HandlingUnitHeaderDeliveryType"	"PackagingMaterialGroup"	"Edm.String"	"false"	"4"	""	""	""	"false"	"false"	"false"	"false"	""	""	"Matl Grp Pckmat"	""
"API_OUTBOUND_DELIVERY_V2"	"API_OUTBOUND_DELIVERY_SRV"	"A_HandlingUnitHeaderDeliveryType"	"PackagingMaterialType"	"Edm.String"	"false"	"4"	""	""	""	"false"	"false"	"false"	"false"	""	""	"Packag.Mat.Type"	""
"API_OUTBOUND_DELIVERY_V2"	"API_OUTBOUND_DELIVERY_SRV"	"A_HandlingUnitHeaderDeliveryType"	"PackingInstructionNumber"	"Edm.String"	"false"	"20"	""	""	""	"false"	"false"	"false"	"false"	""	""	"Packing object"	""
"API_OUTBOUND_DELIVERY_V2"	"API_OUTBOUND_DELIVERY_SRV"	"A_HandlingUnitHeaderDeliveryType"	"ShippingPoint"	"Edm.String"	"false"	"4"	""	""	""	"false"	"false"	"false"	"false"	""	""	"Shipping Point"	""
"API_OUTBOUND_DELIVERY_V2"	"API_OUTBOUND_DELIVERY_SRV"	"A_HandlingUnitHeaderDeliveryType"	"VolumeUnit"	"Edm.String"	"false"	"3"	""	""	""	""	""	"false"	"false"	""	""	"Volume Unit"	""
"API_OUTBOUND_DELIVERY_V2"	"API_OUTBOUND_DELIVERY_SRV"	"A_HandlingUnitHeaderDeliveryType"	"WeightUnit"	"Edm.String"	"false"	"3"	""	""	""	""	""	"false"	"false"	""	""	"Unit of Weight"	""
"API_OUTBOUND_DELIVERY_V2"	"API_OUTBOUND_DELIVERY_SRV"	"A_HandlingUnitHeaderDeliveryType"	"Warehouse"	"Edm.String"	"false"	"3"	""	""	""	"false"	"false"	"false"	"false"	""	""	"Whse Number"	""
"API_OUTBOUND_DELIVERY_V2"	"API_OUTBOUND_DELIVERY_SRV"	"A_HandlingUnitItemDeliveryType"	"Batch"	"Edm.String"	"false"	"10"	""	""	""	""	""	"false"	"false"	""	""	"Batch"	""
"API_OUTBOUND_DELIVERY_V2"	"API_OUTBOUND_DELIVERY_SRV"	"A_HandlingUnitItemDeliveryType"	"DeliveryDocument"	"Edm.String"	"false"	"10"	""	""	""	""	"false"	"false"	"false"	""	""	"Delivery"	""
"API_OUTBOUND_DELIVERY_V2"	"API_OUTBOUND_DELIVERY_SRV"	"A_HandlingUnitItemDeliveryType"	"DeliveryDocumentItem"	"Edm.String"	"false"	"6"	""	""	""	""	"false"	"false"	"false"	""	""	"Item"	""
"API_OUTBOUND_DELIVERY_V2"	"API_OUTBOUND_DELIVERY_SRV"	"A_HandlingUnitItemDeliveryType"	"HandlingUnitExternalId"	"Edm.String"	"false"	"20"	""	""	""	"false"	"false"	"false"	"false"	""	""	"Handling Unit"	""
"API_OUTBOUND_DELIVERY_V2"	"API_OUTBOUND_DELIVERY_SRV"	"A_HandlingUnitItemDeliveryType"	"HandlingUnitInternalId"	"Edm.String"	"false"	"10"	""	""	"X"	"false"	"false"	"false"	"false"	""	""	"Internal HU no."	""
"API_OUTBOUND_DELIVERY_V2"	"API_OUTBOUND_DELIVERY_SRV"	"A_HandlingUnitItemDeliveryType"	"HandlingUnitItem"	"Edm.String"	"false"	"6"	""	""	"X"	"false"	"false"	"false"	"false"	""	""	"HU item"	""
"API_OUTBOUND_DELIVERY_V2"	"API_OUTBOUND_DELIVERY_SRV"	"A_HandlingUnitItemDeliveryType"	"HandlingUnitNestedInternalId"	"Edm.String"	"false"	"10"	""	""	""	"false"	"false"	"false"	"false"	""	""	"Lower-level HU"	""
"API_OUTBOUND_DELIVERY_V2"	"API_OUTBOUND_DELIVERY_SRV"	"A_HandlingUnitItemDeliveryType"	"HandlingUnitNrOfAuxPackgMat"	"Edm.Int32"	"false"	""	""	""	""	"false"	"false"	"false"	"false"	""	""	"No.AuxPckgMatls"	""
"API_OUTBOUND_DELIVERY_V2"	"API_OUTBOUND_DELIVERY_SRV"	"A_HandlingUnitItemDeliveryType"	"HandlingUnitNumberOfSerialnumb"	"Edm.Int32"	"false"	""	""	""	""	"false"	"false"	"false"	"false"	""	""	"No.serial no."	""
"API_OUTBOUND_DELIVERY_V2"	"API_OUTBOUND_DELIVERY_SRV"	"A_HandlingUnitItemDeliveryType"	"HandlingUnitQuantity"	"Edm.Decimal"	"false"	""	"15"	"3"	""	""	""	"false"	"false"	""	"HandlingUnitQuantityUnit"	"Packed Quantity"	""
"API_OUTBOUND_DELIVERY_V2"	"API_OUTBOUND_DELIVERY_SRV"	"A_HandlingUnitItemDeliveryType"	"HandlingUnitQuantityUnit"	"Edm.String"	"false"	"3"	""	""	""	""	""	"false"	"false"	""	""	"UoM of HU item"	""
"API_OUTBOUND_DELIVERY_V2"	"API_OUTBOUND_DELIVERY_SRV"	"A_HandlingUnitItemDeliveryType"	"HandlingUnitTypeOfContent"	"Edm.String"	"false"	"1"	""	""	""	""	""	"false"	"false"	""	""	"Item type"	""
"API_OUTBOUND_DELIVERY_V2"	"API_OUTBOUND_DELIVERY_SRV"	"A_HandlingUnitItemDeliveryType"	"Material"	"Edm.String"	"false"	"40"	""	""	""	""	""	"false"	"false"	""	""	"Material"	""
"API_OUTBOUND_DELIVERY_V2"	"API_OUTBOUND_DELIVERY_SRV"	"A_HandlingUnitItemDeliveryType"	"MaterialByCustomer"	"Edm.String"	"false"	"35"	""	""	""	"false"	"false"	"false"	"false"	""	""	"Partner mat."	""
"API_OUTBOUND_DELIVERY_V2"	"API_OUTBOUND_DELIVERY_SRV"	"A_HandlingUnitItemDeliveryType"	"MaterialName"	"Edm.String"	"false"	"40"	""	""	""	"false"	"false"	"false"	"false"	""	""	"Description"	""
"API_OUTBOUND_DELIVERY_V2"	"API_OUTBOUND_DELIVERY_SRV"	"A_HandlingUnitItemDeliveryType"	"SerialNumberProfile"	"Edm.String"	"false"	"4"	""	""	""	"false"	"false"	"false"	"false"	""	""	"SerialNoProfile"	""
"API_OUTBOUND_DELIVERY_V2"	"API_OUTBOUND_DELIVERY_SRV"	"A_OutbDeliveryAddress2Type"	"DeliveryDocument"	"Edm.String"	"false"	"10"	""	""	"X"	"false"	"false"	"false"	"false"	""	""	"SD Document"	""
"API_OUTBOUND_DELIVERY_V2"	"API_OUTBOUND_DELIVERY_SRV"	"A_OutbDeliveryAddress2Type"	"PartnerFunction"	"Edm.String"	"false"	"2"	""	""	"X"	"false"	"false"	"false"	"false"	""	""	"Partner Functn"	""
"API_OUTBOUND_DELIVERY_V2"	"API_OUTBOUND_DELIVERY_SRV"	"A_OutbDeliveryAddress2Type"	"DeliveryVersion"	"Edm.String"	"false"	"4"	""	""	""	"false"	"false"	"false"	"false"	""	""	"DLV.Version"	""
"API_OUTBOUND_DELIVERY_V2"	"API_OUTBOUND_DELIVERY_SRV"	"A_OutbDeliveryAddress2Type"	"AdditionalStreetPrefixName"	"Edm.String"	""	"40"	""	""	""	"false"	""	"false"	"false"	""	""	"Street 3"	""
"API_OUTBOUND_DELIVERY_V2"	"API_OUTBOUND_DELIVERY_SRV"	"A_OutbDeliveryAddress2Type"	"AddressID"	"Edm.String"	"false"	"10"	""	""	""	"false"	"false"	"false"	"false"	""	""	"Address Number"	""
"API_OUTBOUND_DELIVERY_V2"	"API_OUTBOUND_DELIVERY_SRV"	"A_OutbDeliveryAddress2Type"	"AdditionalStreetSuffixName"	"Edm.String"	""	"40"	""	""	""	"false"	""	"false"	"false"	""	""	"Street 5"	""
"API_OUTBOUND_DELIVERY_V2"	"API_OUTBOUND_DELIVERY_SRV"	"A_OutbDeliveryAddress2Type"	"AddressTimeZone"	"Edm.String"	"false"	"6"	""	""	""	"false"	""	"false"	"false"	""	""	"Time zone"	""
"API_OUTBOUND_DELIVERY_V2"	"API_OUTBOUND_DELIVERY_SRV"	"A_OutbDeliveryAddress2Type"	"Building"	"Edm.String"	""	"20"	""	""	""	"false"	""	"false"	"false"	""	""	"Building Code"	""
"API_OUTBOUND_DELIVERY_V2"	"API_OUTBOUND_DELIVERY_SRV"	"A_OutbDeliveryAddress2Type"	"BusinessPartnerName1"	"Edm.String"	"false"	"40"	""	""	""	"false"	""	"false"	"false"	""	""	"Name"	""
"API_OUTBOUND_DELIVERY_V2"	"API_OUTBOUND_DELIVERY_SRV"	"A_OutbDeliveryAddress2Type"	"BusinessPartnerName2"	"Edm.String"	""	"40"	""	""	""	"false"	""	"false"	"false"	""	""	"Name 2"	""
"API_OUTBOUND_DELIVERY_V2"	"API_OUTBOUND_DELIVERY_SRV"	"A_OutbDeliveryAddress2Type"	"BusinessPartnerName3"	"Edm.String"	""	"40"	""	""	""	"false"	""	"false"	"false"	""	""	"Name 3"	""
"API_OUTBOUND_DELIVERY_V2"	"API_OUTBOUND_DELIVERY_SRV"	"A_OutbDeliveryAddress2Type"	"BusinessPartnerName4"	"Edm.String"	""	"40"	""	""	""	"false"	""	"false"	"false"	""	""	"Name 4"	""
"API_OUTBOUND_DELIVERY_V2"	"API_OUTBOUND_DELIVERY_SRV"	"A_OutbDeliveryAddress2Type"	"PersonFamilyName"	"Edm.String"	"false"	"40"	""	""	""	"false"	"false"	"false"	"false"	""	""	"Last Name"	""
"API_OUTBOUND_DELIVERY_V2"	"API_OUTBOUND_DELIVERY_SRV"	"A_OutbDeliveryAddress2Type"	"PersonGivenName"	"Edm.String"	"false"	"40"	""	""	""	"false"	"false"	"false"	"false"	""	""	"First Name"	""
"API_OUTBOUND_DELIVERY_V2"	"API_OUTBOUND_DELIVERY_SRV"	"A_OutbDeliveryAddress2Type"	"CareOfName"	"Edm.String"	""	"40"	""	""	""	"false"	""	"false"	"false"	""	""	"c/o"	""
"API_OUTBOUND_DELIVERY_V2"	"API_OUTBOUND_DELIVERY_SRV"	"A_OutbDeliveryAddress2Type"	"CityName"	"Edm.String"	"false"	"40"	""	""	""	"false"	""	"false"	"false"	""	""	"City"	""
"API_OUTBOUND_DELIVERY_V2"	"API_OUTBOUND_DELIVERY_SRV"	"A_OutbDeliveryAddress2Type"	"CompanyPostalCode"	"Edm.String"	""	"10"	""	""	""	"false"	""	"false"	"false"	""	""	"Company Post Cd"	""
"API_OUTBOUND_DELIVERY_V2"	"API_OUTBOUND_DELIVERY_SRV"	"A_OutbDeliveryAddress2Type"	"CorrespondenceLanguage"	"Edm.String"	""	"2"	""	""	""	"false"	""	"false"	"false"	""	""	"Language"	""
"API_OUTBOUND_DELIVERY_V2"	"API_OUTBOUND_DELIVERY_SRV"	"A_OutbDeliveryAddress2Type"	"Country"	"Edm.String"	"false"	"3"	""	""	""	"false"	""	"false"	"false"	""	""	"Country/Reg."	""
"API_OUTBOUND_DELIVERY_V2"	"API_OUTBOUND_DELIVERY_SRV"	"A_OutbDeliveryAddress2Type"	"County"	"Edm.String"	""	"40"	""	""	""	"false"	""	"false"	"false"	""	""	"County"	""
"API_OUTBOUND_DELIVERY_V2"	"API_OUTBOUND_DELIVERY_SRV"	"A_OutbDeliveryAddress2Type"	"DeliveryServiceNumber"	"Edm.String"	"false"	"10"	""	""	""	"false"	"false"	"false"	"false"	""	""	"Delivery Service No."	""
"API_OUTBOUND_DELIVERY_V2"	"API_OUTBOUND_DELIVERY_SRV"	"A_OutbDeliveryAddress2Type"	"DeliveryServiceTypeCode"	"Edm.String"	"false"	"4"	""	""	""	"false"	"false"	"false"	"false"	""	""	"Delvry Serv Type"	""
"API_OUTBOUND_DELIVERY_V2"	"API_OUTBOUND_DELIVERY_SRV"	"A_OutbDeliveryAddress2Type"	"District"	"Edm.String"	""	"40"	""	""	""	"false"	""	"false"	"false"	""	""	"District"	""
"API_OUTBOUND_DELIVERY_V2"	"API_OUTBOUND_DELIVERY_SRV"	"A_OutbDeliveryAddress2Type"	"EmailAddress"	"Edm.String"	""	"241"	""	""	""	"false"	""	"false"	"false"	""	""	"E-Mail Address"	""
"API_OUTBOUND_DELIVERY_V2"	"API_OUTBOUND_DELIVERY_SRV"	"A_OutbDeliveryAddress2Type"	"FaxNumber"	"Edm.String"	""	"30"	""	""	""	"false"	""	"false"	"false"	""	""	"Fax"	""
"API_OUTBOUND_DELIVERY_V2"	"API_OUTBOUND_DELIVERY_SRV"	"A_OutbDeliveryAddress2Type"	"FaxNumberExtension"	"Edm.String"	""	"10"	""	""	""	"false"	""	"false"	"false"	""	""	"Extension"	""
"API_OUTBOUND_DELIVERY_V2"	"API_OUTBOUND_DELIVERY_SRV"	"A_OutbDeliveryAddress2Type"	"Floor"	"Edm.String"	""	"10"	""	""	""	"false"	""	"false"	"false"	""	""	"Floor"	""
"API_OUTBOUND_DELIVERY_V2"	"API_OUTBOUND_DELIVERY_SRV"	"A_OutbDeliveryAddress2Type"	"FormOfAddress"	"Edm.String"	"false"	"4"	""	""	""	"false"	"false"	"false"	"false"	""	""	"Title"	""
"API_OUTBOUND_DELIVERY_V2"	"API_OUTBOUND_DELIVERY_SRV"	"A_OutbDeliveryAddress2Type"	"HomeCityName"	"Edm.String"	""	"40"	""	""	""	"false"	""	"false"	"false"	""	""	"Different City"	""
"API_OUTBOUND_DELIVERY_V2"	"API_OUTBOUND_DELIVERY_SRV"	"A_OutbDeliveryAddress2Type"	"HouseNumber"	"Edm.String"	""	"10"	""	""	""	"false"	""	"false"	"false"	""	""	"House Number"	""
"API_OUTBOUND_DELIVERY_V2"	"API_OUTBOUND_DELIVERY_SRV"	"A_OutbDeliveryAddress2Type"	"HouseNumberSupplementText"	"Edm.String"	""	"10"	""	""	""	"false"	""	"false"	"false"	""	""	"Supplement"	""
"API_OUTBOUND_DELIVERY_V2"	"API_OUTBOUND_DELIVERY_SRV"	"A_OutbDeliveryAddress2Type"	"MobilePhoneNumber"	"Edm.String"	""	"30"	""	""	""	"false"	""	"false"	"false"	""	""	"Telephone"	""
"API_OUTBOUND_DELIVERY_V2"	"API_OUTBOUND_DELIVERY_SRV"	"A_OutbDeliveryAddress2Type"	"PhoneNumber"	"Edm.String"	""	"30"	""	""	""	"false"	""	"false"	"false"	""	""	"Telephone"	""
"API_OUTBOUND_DELIVERY_V2"	"API_OUTBOUND_DELIVERY_SRV"	"A_OutbDeliveryAddress2Type"	"PhoneNumberExtension"	"Edm.String"	""	"10"	""	""	""	"false"	""	"false"	"false"	""	""	"Extension"	""
"API_OUTBOUND_DELIVERY_V2"	"API_OUTBOUND_DELIVERY_SRV"	"A_OutbDeliveryAddress2Type"	"POBox"	"Edm.String"	""	"10"	""	""	""	"false"	""	"false"	"false"	""	""	"PO Box"	""
"API_OUTBOUND_DELIVERY_V2"	"API_OUTBOUND_DELIVERY_SRV"	"A_OutbDeliveryAddress2Type"	"POBoxDeviatingCityName"	"Edm.String"	""	"40"	""	""	""	"false"	""	"false"	"false"	""	""	"PO Box City"	""
"API_OUTBOUND_DELIVERY_V2"	"API_OUTBOUND_DELIVERY_SRV"	"A_OutbDeliveryAddress2Type"	"POBoxDeviatingCountry"	"Edm.String"	"false"	"3"	""	""	""	"false"	"false"	"false"	"false"	""	""	"PO Box C/R"	""
"API_OUTBOUND_DELIVERY_V2"	"API_OUTBOUND_DELIVERY_SRV"	"A_OutbDeliveryAddress2Type"	"POBoxDeviatingRegion"	"Edm.String"	""	"3"	""	""	""	"false"	""	"false"	"false"	""	""	"PO Region"	""
"API_OUTBOUND_DELIVERY_V2"	"API_OUTBOUND_DELIVERY_SRV"	"A_OutbDeliveryAddress2Type"	"POBoxIsWithoutNumber"	"Edm.Boolean"	""	""	""	""	""	"false"	""	"false"	"false"	""	""	"PO Box w/o No."	""
"API_OUTBOUND_DELIVERY_V2"	"API_OUTBOUND_DELIVERY_SRV"	"A_OutbDeliveryAddress2Type"	"POBoxLobbyName"	"Edm.String"	""	"40"	""	""	""	"false"	""	"false"	"false"	""	""	"PO Box Lobby"	""
"API_OUTBOUND_DELIVERY_V2"	"API_OUTBOUND_DELIVERY_SRV"	"A_OutbDeliveryAddress2Type"	"POBoxPostalCode"	"Edm.String"	""	"10"	""	""	""	"false"	""	"false"	"false"	""	""	"PO Box Post Cde"	""
"API_OUTBOUND_DELIVERY_V2"	"API_OUTBOUND_DELIVERY_SRV"	"A_OutbDeliveryAddress2Type"	"PostalCode"	"Edm.String"	""	"10"	""	""	""	"false"	""	"false"	"false"	""	""	"Postal Code"	""
"API_OUTBOUND_DELIVERY_V2"	"API_OUTBOUND_DELIVERY_SRV"	"A_OutbDeliveryAddress2Type"	"PrfrdCommMediumType"	"Edm.String"	"false"	"3"	""	""	""	"false"	"false"	"false"	"false"	""	""	"Comm. Method"	""
"API_OUTBOUND_DELIVERY_V2"	"API_OUTBOUND_DELIVERY_SRV"	"A_OutbDeliveryAddress2Type"	"Region"	"Edm.String"	""	"3"	""	""	""	"false"	""	"false"	"false"	""	""	"Region"	""
"API_OUTBOUND_DELIVERY_V2"	"API_OUTBOUND_DELIVERY_SRV"	"A_OutbDeliveryAddress2Type"	"RoomNumber"	"Edm.String"	""	"10"	""	""	""	"false"	""	"false"	"false"	""	""	"Room Number"	""
"API_OUTBOUND_DELIVERY_V2"	"API_OUTBOUND_DELIVERY_SRV"	"A_OutbDeliveryAddress2Type"	"StreetName"	"Edm.String"	""	"60"	""	""	""	"false"	""	"false"	"false"	""	""	"Street"	""
"API_OUTBOUND_DELIVERY_V2"	"API_OUTBOUND_DELIVERY_SRV"	"A_OutbDeliveryAddress2Type"	"StreetPrefixName"	"Edm.String"	""	"40"	""	""	""	"false"	""	"false"	"false"	""	""	"Street 2"	""
"API_OUTBOUND_DELIVERY_V2"	"API_OUTBOUND_DELIVERY_SRV"	"A_OutbDeliveryAddress2Type"	"StreetSuffixName"	"Edm.String"	""	"40"	""	""	""	"false"	""	"false"	"false"	""	""	"Street 4"	""
"API_OUTBOUND_DELIVERY_V2"	"API_OUTBOUND_DELIVERY_SRV"	"A_OutbDeliveryAddress2Type"	"TaxJurisdiction"	"Edm.String"	"false"	"15"	""	""	""	"false"	"false"	"false"	"false"	""	""	"Tax Jurisdiction"	""
"API_OUTBOUND_DELIVERY_V2"	"API_OUTBOUND_DELIVERY_SRV"	"A_OutbDeliveryAddress2Type"	"TransportZone"	"Edm.String"	"false"	"10"	""	""	""	"false"	"false"	"false"	"false"	""	""	"Transport Zone"	""
"API_OUTBOUND_DELIVERY_V2"	"API_OUTBOUND_DELIVERY_SRV"	"A_OutbDeliveryItemType"	"ActualDeliveredQtyInBaseUnit"	"Edm.Decimal"	""	""	"13"	"3"	""	"false"	""	"false"	""	""	""	"Qty (stckp.unt)"	""
"API_OUTBOUND_DELIVERY_V2"	"API_OUTBOUND_DELIVERY_SRV"	"A_OutbDeliveryItemType"	"ActualDeliveryQuantity"	"Edm.Decimal"	""	""	"13"	"3"	""	""	""	"false"	""	""	""	"Delivery qty"	""
"API_OUTBOUND_DELIVERY_V2"	"API_OUTBOUND_DELIVERY_SRV"	"A_OutbDeliveryItemType"	"AdditionalCustomerGroup1"	"Edm.String"	""	"3"	""	""	""	"false"	"false"	"false"	""	""	""	"Customer Grp 1"	""
"API_OUTBOUND_DELIVERY_V2"	"API_OUTBOUND_DELIVERY_SRV"	"A_OutbDeliveryItemType"	"AdditionalCustomerGroup2"	"Edm.String"	""	"3"	""	""	""	"false"	"false"	"false"	""	""	""	"Customer Grp 2"	""
"API_OUTBOUND_DELIVERY_V2"	"API_OUTBOUND_DELIVERY_SRV"	"A_OutbDeliveryItemType"	"AdditionalCustomerGroup3"	"Edm.String"	""	"3"	""	""	""	"false"	"false"	"false"	""	""	""	"Customer Grp 3"	""
"API_OUTBOUND_DELIVERY_V2"	"API_OUTBOUND_DELIVERY_SRV"	"A_OutbDeliveryItemType"	"AdditionalCustomerGroup4"	"Edm.String"	""	"3"	""	""	""	"false"	"false"	"false"	""	""	""	"Customer Grp 4"	""
"API_OUTBOUND_DELIVERY_V2"	"API_OUTBOUND_DELIVERY_SRV"	"A_OutbDeliveryItemType"	"AdditionalCustomerGroup5"	"Edm.String"	""	"3"	""	""	""	"false"	"false"	"false"	""	""	""	"Customer Grp 5"	""
"API_OUTBOUND_DELIVERY_V2"	"API_OUTBOUND_DELIVERY_SRV"	"A_OutbDeliveryItemType"	"AdditionalMaterialGroup1"	"Edm.String"	""	"3"	""	""	""	"false"	"false"	"false"	""	""	""	"MaterialGroup 1"	""
"API_OUTBOUND_DELIVERY_V2"	"API_OUTBOUND_DELIVERY_SRV"	"A_OutbDeliveryItemType"	"AdditionalMaterialGroup2"	"Edm.String"	""	"3"	""	""	""	"false"	"false"	"false"	""	""	""	"MaterialGroup 2"	""
"API_OUTBOUND_DELIVERY_V2"	"API_OUTBOUND_DELIVERY_SRV"	"A_OutbDeliveryItemType"	"AdditionalMaterialGroup3"	"Edm.String"	""	"3"	""	""	""	"false"	"false"	"false"	""	""	""	"MaterialGroup 3"	""
"API_OUTBOUND_DELIVERY_V2"	"API_OUTBOUND_DELIVERY_SRV"	"A_OutbDeliveryItemType"	"AdditionalMaterialGroup4"	"Edm.String"	""	"3"	""	""	""	"false"	"false"	"false"	""	""	""	"MaterialGroup 4"	""
"API_OUTBOUND_DELIVERY_V2"	"API_OUTBOUND_DELIVERY_SRV"	"A_OutbDeliveryItemType"	"AdditionalMaterialGroup5"	"Edm.String"	""	"3"	""	""	""	"false"	"false"	"false"	""	""	""	"MaterialGroup 5"	""
"API_OUTBOUND_DELIVERY_V2"	"API_OUTBOUND_DELIVERY_SRV"	"A_OutbDeliveryItemType"	"AlternateProductNumber"	"Edm.String"	""	"40"	""	""	""	"false"	"false"	"false"	""	""	""	"Alt.ProdNr."	""
"API_OUTBOUND_DELIVERY_V2"	"API_OUTBOUND_DELIVERY_SRV"	"A_OutbDeliveryItemType"	"BaseUnit"	"Edm.String"	""	"3"	""	""	""	"false"	"false"	"false"	""	""	""	"Base Unit"	""
"API_OUTBOUND_DELIVERY_V2"	"API_OUTBOUND_DELIVERY_SRV"	"A_OutbDeliveryItemType"	"Batch"	"Edm.String"	""	"10"	""	""	""	"false"	""	"false"	""	""	""	"Batch"	""
"API_OUTBOUND_DELIVERY_V2"	"API_OUTBOUND_DELIVERY_SRV"	"A_OutbDeliveryItemType"	"BatchBySupplier"	"Edm.String"	""	"15"	""	""	""	"false"	"false"	"false"	""	""	""	"Supplier Batch"	""
"API_OUTBOUND_DELIVERY_V2"	"API_OUTBOUND_DELIVERY_SRV"	"A_OutbDeliveryItemType"	"BatchClassification"	"Edm.String"	""	"18"	""	""	""	"false"	"false"	"false"	""	""	""	"Int.object no."	""
"API_OUTBOUND_DELIVERY_V2"	"API_OUTBOUND_DELIVERY_SRV"	"A_OutbDeliveryItemType"	"BOMExplosion"	"Edm.String"	""	"8"	""	""	""	"false"	"false"	"false"	""	""	""	"BOM expl.number"	""
"API_OUTBOUND_DELIVERY_V2"	"API_OUTBOUND_DELIVERY_SRV"	"A_OutbDeliveryItemType"	"BusinessArea"	"Edm.String"	""	"4"	""	""	""	"false"	"false"	"false"	""	""	""	"Business Area"	""
"API_OUTBOUND_DELIVERY_V2"	"API_OUTBOUND_DELIVERY_SRV"	"A_OutbDeliveryItemType"	"ConsumptionPosting"	"Edm.String"	""	"1"	""	""	""	"false"	"false"	"false"	""	""	""	"Consumption"	""
"API_OUTBOUND_DELIVERY_V2"	"API_OUTBOUND_DELIVERY_SRV"	"A_OutbDeliveryItemType"	"ControllingArea"	"Edm.String"	""	"4"	""	""	""	"false"	"false"	"false"	""	""	""	"CO Area"	""
"API_OUTBOUND_DELIVERY_V2"	"API_OUTBOUND_DELIVERY_SRV"	"A_OutbDeliveryItemType"	"CostCenter"	"Edm.String"	""	"10"	""	""	""	"false"	"false"	"false"	""	""	""	"Cost Center"	""
"API_OUTBOUND_DELIVERY_V2"	"API_OUTBOUND_DELIVERY_SRV"	"A_OutbDeliveryItemType"	"CreatedByUser"	"Edm.String"	""	"12"	""	""	""	"false"	"false"	"false"	""	""	""	"Created By"	""
"API_OUTBOUND_DELIVERY_V2"	"API_OUTBOUND_DELIVERY_SRV"	"A_OutbDeliveryItemType"	"CreationDate"	"Edm.DateTime"	""	""	"7"	""	""	"false"	"false"	"false"	""	""	""	"Created On"	""
"API_OUTBOUND_DELIVERY_V2"	"API_OUTBOUND_DELIVERY_SRV"	"A_OutbDeliveryItemType"	"CreationTime"	"Edm.Time"	""	""	"0"	""	""	"false"	"false"	"false"	""	""	""	"Time"	""
"API_OUTBOUND_DELIVERY_V2"	"API_OUTBOUND_DELIVERY_SRV"	"A_OutbDeliveryItemType"	"CustEngineeringChgStatus"	"Edm.String"	""	"17"	""	""	""	"false"	"false"	"false"	""	""	""	"Engin. change"	""
"API_OUTBOUND_DELIVERY_V2"	"API_OUTBOUND_DELIVERY_SRV"	"A_OutbDeliveryItemType"	"DeliveryDocument"	"Edm.String"	"false"	"10"	""	""	"X"	""	"false"	"false"	""	""	""	"Delivery"	""
"API_OUTBOUND_DELIVERY_V2"	"API_OUTBOUND_DELIVERY_SRV"	"A_OutbDeliveryItemType"	"DeliveryDocumentItem"	"Edm.String"	"false"	"6"	""	""	"X"	"false"	"false"	"false"	""	""	""	"Item"	""
"API_OUTBOUND_DELIVERY_V2"	"API_OUTBOUND_DELIVERY_SRV"	"A_OutbDeliveryItemType"	"DeliveryDocumentItemCategory"	"Edm.String"	""	"4"	""	""	""	"false"	"false"	"false"	""	""	""	"Item category"	""
"API_OUTBOUND_DELIVERY_V2"	"API_OUTBOUND_DELIVERY_SRV"	"A_OutbDeliveryItemType"	"DeliveryDocumentItemText"	"Edm.String"	""	"40"	""	""	""	"false"	""	"false"	""	""	""	"Description"	""
"API_OUTBOUND_DELIVERY_V2"	"API_OUTBOUND_DELIVERY_SRV"	"A_OutbDeliveryItemType"	"DeliveryGroup"	"Edm.String"	""	"3"	""	""	""	"false"	"false"	"false"	""	""	""	"Delivery Group"	""
"API_OUTBOUND_DELIVERY_V2"	"API_OUTBOUND_DELIVERY_SRV"	"A_OutbDeliveryItemType"	"DeliveryQuantityUnit"	"Edm.String"	""	"3"	""	""	""	""	"false"	"false"	""	""	""	"Sales Unit"	""
"API_OUTBOUND_DELIVERY_V2"	"API_OUTBOUND_DELIVERY_SRV"	"A_OutbDeliveryItemType"	"DeliveryRelatedBillingStatus"	"Edm.String"	""	"1"	""	""	""	"false"	"false"	"false"	""	""	""	"Billing Status"	""
"API_OUTBOUND_DELIVERY_V2"	"API_OUTBOUND_DELIVERY_SRV"	"A_OutbDeliveryItemType"	"DeliveryToBaseQuantityDnmntr"	"Edm.Decimal"	""	""	"5"	"0"	""	"false"	"false"	"false"	""	""	""	"Denominat."	""
"API_OUTBOUND_DELIVERY_V2"	"API_OUTBOUND_DELIVERY_SRV"	"A_OutbDeliveryItemType"	"DeliveryToBaseQuantityNmrtr"	"Edm.Decimal"	""	""	"5"	"0"	""	"false"	"false"	"false"	""	""	""	"Numerator"	""
"API_OUTBOUND_DELIVERY_V2"	"API_OUTBOUND_DELIVERY_SRV"	"A_OutbDeliveryItemType"	"DeliveryVersion"	"Edm.String"	""	"4"	""	""	""	"false"	"false"	"false"	""	""	""	"DLV.Version"	""
"API_OUTBOUND_DELIVERY_V2"	"API_OUTBOUND_DELIVERY_SRV"	"A_OutbDeliveryItemType"	"DepartmentClassificationByCust"	"Edm.String"	""	"4"	""	""	""	"false"	"false"	"false"	""	""	""	"Department"	""
"API_OUTBOUND_DELIVERY_V2"	"API_OUTBOUND_DELIVERY_SRV"	"A_OutbDeliveryItemType"	"DistributionChannel"	"Edm.String"	""	"2"	""	""	""	"false"	"false"	"false"	""	""	""	"Distr. Channel"	""
"API_OUTBOUND_DELIVERY_V2"	"API_OUTBOUND_DELIVERY_SRV"	"A_OutbDeliveryItemType"	"Division"	"Edm.String"	""	"2"	""	""	""	"false"	"false"	"false"	""	""	""	"Division"	""
"API_OUTBOUND_DELIVERY_V2"	"API_OUTBOUND_DELIVERY_SRV"	"A_OutbDeliveryItemType"	"EUDeliveryItemARCStatus"	"Edm.String"	""	"1"	""	""	""	"false"	""	"false"	""	""	""	"EU Delivery Item ARC Status"	""
"API_OUTBOUND_DELIVERY_V2"	"API_OUTBOUND_DELIVERY_SRV"	"A_OutbDeliveryItemType"	"FixedShipgProcgDurationInDays"	"Edm.Decimal"	""	""	"5"	"2"	""	"false"	"false"	"false"	""	""	""	"Fixed proc.time"	""
"API_OUTBOUND_DELIVERY_V2"	"API_OUTBOUND_DELIVERY_SRV"	"A_OutbDeliveryItemType"	"GLAccount"	"Edm.String"	""	"10"	""	""	""	"false"	"false"	"false"	""	""	""	"G/L Account"	""
"API_OUTBOUND_DELIVERY_V2"	"API_OUTBOUND_DELIVERY_SRV"	"A_OutbDeliveryItemType"	"GoodsMovementReasonCode"	"Edm.String"	""	"4"	""	""	""	"false"	"false"	"false"	""	""	""	"Reason for mvt."	""
"API_OUTBOUND_DELIVERY_V2"	"API_OUTBOUND_DELIVERY_SRV"	"A_OutbDeliveryItemType"	"GoodsMovementStatus"	"Edm.String"	""	"1"	""	""	""	"false"	"false"	"false"	""	""	""	"GoodsMovementSt"	""
"API_OUTBOUND_DELIVERY_V2"	"API_OUTBOUND_DELIVERY_SRV"	"A_OutbDeliveryItemType"	"GoodsMovementType"	"Edm.String"	""	"3"	""	""	""	"false"	"false"	"false"	""	""	""	"Movement type"	""
"API_OUTBOUND_DELIVERY_V2"	"API_OUTBOUND_DELIVERY_SRV"	"A_OutbDeliveryItemType"	"HigherLvlItmOfBatSpltItm"	"Edm.String"	""	"6"	""	""	""	"false"	"false"	"false"	""	""	""	"HigherLevelItemBatch"	""
"API_OUTBOUND_DELIVERY_V2"	"API_OUTBOUND_DELIVERY_SRV"	"A_OutbDeliveryItemType"	"HigherLevelItem"	"Edm.String"	""	"6"	""	""	""	"false"	"false"	"false"	""	""	""	"Higher-Lev.Item"	""
"API_OUTBOUND_DELIVERY_V2"	"API_OUTBOUND_DELIVERY_SRV"	"A_OutbDeliveryItemType"	"InspectionLot"	"Edm.String"	""	"12"	""	""	""	"false"	"false"	"false"	""	""	""	"Inspection Lot"	""
"API_OUTBOUND_DELIVERY_V2"	"API_OUTBOUND_DELIVERY_SRV"	"A_OutbDeliveryItemType"	"InspectionPartialLot"	"Edm.String"	""	"6"	""	""	""	"false"	"false"	"false"	""	""	""	"Partial lot"	""
"API_OUTBOUND_DELIVERY_V2"	"API_OUTBOUND_DELIVERY_SRV"	"A_OutbDeliveryItemType"	"IntercompanyBillingStatus"	"Edm.String"	""	"1"	""	""	""	"false"	"false"	"false"	""	""	""	"Interco. BillSt"	""
"API_OUTBOUND_DELIVERY_V2"	"API_OUTBOUND_DELIVERY_SRV"	"A_OutbDeliveryItemType"	"InternationalArticleNumber"	"Edm.String"	""	"18"	""	""	""	"false"	"false"	"false"	""	""	""	"EAN/UPC"	""
"API_OUTBOUND_DELIVERY_V2"	"API_OUTBOUND_DELIVERY_SRV"	"A_OutbDeliveryItemType"	"InventorySpecialStockType"	"Edm.String"	""	"1"	""	""	""	"false"	"false"	"false"	""	""	""	"Special Stock"	""
"API_OUTBOUND_DELIVERY_V2"	"API_OUTBOUND_DELIVERY_SRV"	"A_OutbDeliveryItemType"	"InventoryValuationType"	"Edm.String"	""	"10"	""	""	""	"false"	""	"false"	""	""	""	"Valuation Type"	""
"API_OUTBOUND_DELIVERY_V2"	"API_OUTBOUND_DELIVERY_SRV"	"A_OutbDeliveryItemType"	"IsCompletelyDelivered"	"Edm.Boolean"	""	""	""	""	""	"false"	"false"	"false"	""	""	""	"Deliv. Compl."	""
"API_OUTBOUND_DELIVERY_V2"	"API_OUTBOUND_DELIVERY_SRV"	"A_OutbDeliveryItemType"	"IsNotGoodsMovementsRelevant"	"Edm.String"	""	"1"	""	""	""	"false"	"false"	"false"	""	""	""	"No gds movement"	""
"API_OUTBOUND_DELIVERY_V2"	"API_OUTBOUND_DELIVERY_SRV"	"A_OutbDeliveryItemType"	"IsSeparateValuation"	"Edm.Boolean"	""	""	""	""	""	"false"	"false"	"false"	""	""	""	"Separate val."	""
"API_OUTBOUND_DELIVERY_V2"	"API_OUTBOUND_DELIVERY_SRV"	"A_OutbDeliveryItemType"	"IssgOrRcvgBatch"	"Edm.String"	""	"10"	""	""	""	"false"	"false"	"false"	""	""	""	"Receiving Batch"	""
"API_OUTBOUND_DELIVERY_V2"	"API_OUTBOUND_DELIVERY_SRV"	"A_OutbDeliveryItemType"	"IssgOrRcvgMaterial"	"Edm.String"	""	"40"	""	""	""	"false"	"false"	"false"	""	""	""	"Receiving Mat."	""
"API_OUTBOUND_DELIVERY_V2"	"API_OUTBOUND_DELIVERY_SRV"	"A_OutbDeliveryItemType"	"IssgOrRcvgSpclStockInd"	"Edm.String"	""	"1"	""	""	""	"false"	"false"	"false"	""	""	""	"Sp.ind.st.tfr."	""
"API_OUTBOUND_DELIVERY_V2"	"API_OUTBOUND_DELIVERY_SRV"	"A_OutbDeliveryItemType"	"IssgOrRcvgStockCategory"	"Edm.String"	""	"1"	""	""	""	"false"	"false"	"false"	""	""	""	"Stock Category"	""
"API_OUTBOUND_DELIVERY_V2"	"API_OUTBOUND_DELIVERY_SRV"	"A_OutbDeliveryItemType"	"IssgOrRcvgValuationType"	"Edm.String"	""	"10"	""	""	""	"false"	"false"	"false"	""	""	""	"Val. Type Tfr."	""
"API_OUTBOUND_DELIVERY_V2"	"API_OUTBOUND_DELIVERY_SRV"	"A_OutbDeliveryItemType"	"IssuingOrReceivingPlant"	"Edm.String"	""	"4"	""	""	""	"false"	"false"	"false"	""	""	""	"Receiving plant"	""
"API_OUTBOUND_DELIVERY_V2"	"API_OUTBOUND_DELIVERY_SRV"	"A_OutbDeliveryItemType"	"IssuingOrReceivingStorageLoc"	"Edm.String"	""	"4"	""	""	""	"false"	"false"	"false"	""	""	""	"Receiving SLoc."	""
"API_OUTBOUND_DELIVERY_V2"	"API_OUTBOUND_DELIVERY_SRV"	"A_OutbDeliveryItemType"	"ItemBillingBlockReason"	"Edm.String"	""	"2"	""	""	""	"false"	"false"	"false"	""	""	""	"Block"	""
"API_OUTBOUND_DELIVERY_V2"	"API_OUTBOUND_DELIVERY_SRV"	"A_OutbDeliveryItemType"	"ItemBillingIncompletionStatus"	"Edm.String"	""	"1"	""	""	""	"false"	"false"	"false"	""	""	""	"Item Bill.Data"	""
"API_OUTBOUND_DELIVERY_V2"	"API_OUTBOUND_DELIVERY_SRV"	"A_OutbDeliveryItemType"	"ItemDeliveryIncompletionStatus"	"Edm.String"	""	"1"	""	""	""	"false"	"false"	"false"	""	""	""	"Item Deliv.Data"	""
"API_OUTBOUND_DELIVERY_V2"	"API_OUTBOUND_DELIVERY_SRV"	"A_OutbDeliveryItemType"	"ItemGdsMvtIncompletionSts"	"Edm.String"	""	"1"	""	""	""	"false"	"false"	"false"	""	""	""	"Item data: GM"	""
"API_OUTBOUND_DELIVERY_V2"	"API_OUTBOUND_DELIVERY_SRV"	"A_OutbDeliveryItemType"	"ItemGeneralIncompletionStatus"	"Edm.String"	""	"1"	""	""	""	"false"	"false"	"false"	""	""	""	"Item"	""
"API_OUTBOUND_DELIVERY_V2"	"API_OUTBOUND_DELIVERY_SRV"	"A_OutbDeliveryItemType"	"ItemGrossWeight"	"Edm.Decimal"	""	""	"15"	"3"	""	"false"	""	"false"	""	""	""	"Gross Weight"	""
"API_OUTBOUND_DELIVERY_V2"	"API_OUTBOUND_DELIVERY_SRV"	"A_OutbDeliveryItemType"	"ItemIsBillingRelevant"	"Edm.String"	""	"1"	""	""	""	"false"	"false"	"false"	""	""	""	"Relev.for Bill."	""
"API_OUTBOUND_DELIVERY_V2"	"API_OUTBOUND_DELIVERY_SRV"	"A_OutbDeliveryItemType"	"ItemNetWeight"	"Edm.Decimal"	""	""	"15"	"3"	""	"false"	""	"false"	""	""	""	"Net Weight"	""
"API_OUTBOUND_DELIVERY_V2"	"API_OUTBOUND_DELIVERY_SRV"	"A_OutbDeliveryItemType"	"ItemPackingIncompletionStatus"	"Edm.String"	""	"1"	""	""	""	"false"	"false"	"false"	""	""	""	"It.data pckgng"	""
"API_OUTBOUND_DELIVERY_V2"	"API_OUTBOUND_DELIVERY_SRV"	"A_OutbDeliveryItemType"	"ItemPickingIncompletionStatus"	"Edm.String"	""	"1"	""	""	""	"false"	"false"	"false"	""	""	""	"Item data pck/putawy"	""
"API_OUTBOUND_DELIVERY_V2"	"API_OUTBOUND_DELIVERY_SRV"	"A_OutbDeliveryItemType"	"ItemVolume"	"Edm.Decimal"	""	""	"15"	"3"	""	"false"	""	"false"	""	""	""	"Volume"	""
"API_OUTBOUND_DELIVERY_V2"	"API_OUTBOUND_DELIVERY_SRV"	"A_OutbDeliveryItemType"	"ItemVolumeUnit"	"Edm.String"	""	"3"	""	""	""	"false"	""	"false"	""	""	""	"Volume Unit"	""
"API_OUTBOUND_DELIVERY_V2"	"API_OUTBOUND_DELIVERY_SRV"	"A_OutbDeliveryItemType"	"ItemWeightUnit"	"Edm.String"	""	"3"	""	""	""	"false"	""	"false"	""	""	""	"Unit of Weight"	""
"API_OUTBOUND_DELIVERY_V2"	"API_OUTBOUND_DELIVERY_SRV"	"A_OutbDeliveryItemType"	"LastChangeDate"	"Edm.DateTime"	""	""	"7"	""	""	"false"	"false"	"false"	""	""	""	"Changed On"	""
"API_OUTBOUND_DELIVERY_V2"	"API_OUTBOUND_DELIVERY_SRV"	"A_OutbDeliveryItemType"	"LoadingGroup"	"Edm.String"	""	"4"	""	""	""	"false"	"false"	"false"	""	""	""	"Loading Group"	""
"API_OUTBOUND_DELIVERY_V2"	"API_OUTBOUND_DELIVERY_SRV"	"A_OutbDeliveryItemType"	"ManufactureDate"	"Edm.DateTime"	""	""	"7"	""	""	"false"	""	"false"	""	""	""	"Date of Manuf."	""
"API_OUTBOUND_DELIVERY_V2"	"API_OUTBOUND_DELIVERY_SRV"	"A_OutbDeliveryItemType"	"Material"	"Edm.String"	""	"40"	""	""	""	"false"	"false"	"false"	""	""	""	"Material"	""
"API_OUTBOUND_DELIVERY_V2"	"API_OUTBOUND_DELIVERY_SRV"	"A_OutbDeliveryItemType"	"MaterialByCustomer"	"Edm.String"	""	"35"	""	""	""	"false"	""	"false"	""	""	""	"Cust. Material"	""
"API_OUTBOUND_DELIVERY_V2"	"API_OUTBOUND_DELIVERY_SRV"	"A_OutbDeliveryItemType"	"MaterialFreightGroup"	"Edm.String"	""	"8"	""	""	""	"false"	"false"	"false"	""	""	""	"Mat.freight grp"	""
"API_OUTBOUND_DELIVERY_V2"	"API_OUTBOUND_DELIVERY_SRV"	"A_OutbDeliveryItemType"	"MaterialGroup"	"Edm.String"	""	"9"	""	""	""	"false"	"false"	"false"	""	""	""	"Material Group"	""
"API_OUTBOUND_DELIVERY_V2"	"API_OUTBOUND_DELIVERY_SRV"	"A_OutbDeliveryItemType"	"MaterialIsBatchManaged"	"Edm.Boolean"	""	""	""	""	""	"false"	"false"	"false"	""	""	""	"Batch Mgmt Rqt"	""
"API_OUTBOUND_DELIVERY_V2"	"API_OUTBOUND_DELIVERY_SRV"	"A_OutbDeliveryItemType"	"MaterialIsIntBatchManaged"	"Edm.Boolean"	""	""	""	""	""	"false"	"false"	"false"	""	""	""	"Batches"	""
"API_OUTBOUND_DELIVERY_V2"	"API_OUTBOUND_DELIVERY_SRV"	"A_OutbDeliveryItemType"	"NumberOfSerialNumbers"	"Edm.Int32"	""	""	""	""	""	"false"	"false"	"false"	""	""	""	"No.serial no."	""
"API_OUTBOUND_DELIVERY_V2"	"API_OUTBOUND_DELIVERY_SRV"	"A_OutbDeliveryItemType"	"OrderID"	"Edm.String"	""	"12"	""	""	""	"false"	"false"	"false"	""	""	""	"Order"	""
"API_OUTBOUND_DELIVERY_V2"	"API_OUTBOUND_DELIVERY_SRV"	"A_OutbDeliveryItemType"	"OrderItem"	"Edm.String"	""	"4"	""	""	""	"false"	"false"	"false"	""	""	""	"Order item no."	""
"API_OUTBOUND_DELIVERY_V2"	"API_OUTBOUND_DELIVERY_SRV"	"A_OutbDeliveryItemType"	"OriginalDeliveryQuantity"	"Edm.Decimal"	""	""	"13"	"3"	""	"false"	"false"	"false"	""	""	""	"Delivery Qty"	""
"API_OUTBOUND_DELIVERY_V2"	"API_OUTBOUND_DELIVERY_SRV"	"A_OutbDeliveryItemType"	"OriginallyRequestedMaterial"	"Edm.String"	""	"40"	""	""	""	"false"	"false"	"false"	""	""	""	"MaterialEntered"	""
"API_OUTBOUND_DELIVERY_V2"	"API_OUTBOUND_DELIVERY_SRV"	"A_OutbDeliveryItemType"	"OverdelivTolrtdLmtRatioInPct"	"Edm.Decimal"	""	""	"3"	"1"	""	"false"	"false"	"false"	""	""	""	"Overdeliv. Tol."	""
"API_OUTBOUND_DELIVERY_V2"	"API_OUTBOUND_DELIVERY_SRV"	"A_OutbDeliveryItemType"	"PackingStatus"	"Edm.String"	""	"1"	""	""	""	"false"	"false"	"false"	""	""	""	"Packing status"	""
"API_OUTBOUND_DELIVERY_V2"	"API_OUTBOUND_DELIVERY_SRV"	"A_OutbDeliveryItemType"	"PartialDeliveryIsAllowed"	"Edm.String"	""	"1"	""	""	""	"false"	"false"	"false"	""	""	""	"Part.dlv./item"	""
"API_OUTBOUND_DELIVERY_V2"	"API_OUTBOUND_DELIVERY_SRV"	"A_OutbDeliveryItemType"	"PaymentGuaranteeForm"	"Edm.String"	""	"2"	""	""	""	"false"	"false"	"false"	""	""	""	"PaytGuarantForm"	""
"API_OUTBOUND_DELIVERY_V2"	"API_OUTBOUND_DELIVERY_SRV"	"A_OutbDeliveryItemType"	"PickingConfirmationStatus"	"Edm.String"	""	"1"	""	""	""	"false"	"false"	"false"	""	""	""	"Confirmation"	""
"API_OUTBOUND_DELIVERY_V2"	"API_OUTBOUND_DELIVERY_SRV"	"A_OutbDeliveryItemType"	"PickingControl"	"Edm.String"	""	"1"	""	""	""	"false"	"false"	"false"	""	""	""	"Picking ID"	""
"API_OUTBOUND_DELIVERY_V2"	"API_OUTBOUND_DELIVERY_SRV"	"A_OutbDeliveryItemType"	"PickingStatus"	"Edm.String"	""	"1"	""	""	""	"false"	"false"	"false"	""	""	""	"Picking status"	""
"API_OUTBOUND_DELIVERY_V2"	"API_OUTBOUND_DELIVERY_SRV"	"A_OutbDeliveryItemType"	"Plant"	"Edm.String"	""	"4"	""	""	""	"false"	"false"	"false"	""	""	""	"Plant"	""
"API_OUTBOUND_DELIVERY_V2"	"API_OUTBOUND_DELIVERY_SRV"	"A_OutbDeliveryItemType"	"PrimaryPostingSwitch"	"Edm.String"	""	"1"	""	""	""	"false"	"false"	"false"	""	""	""	"Main posting id"	""
"API_OUTBOUND_DELIVERY_V2"	"API_OUTBOUND_DELIVERY_SRV"	"A_OutbDeliveryItemType"	"ProductAvailabilityDate"	"Edm.DateTime"	""	""	"7"	""	""	"false"	"false"	"false"	""	""	""	"Mat.Avail.Date"	""
"API_OUTBOUND_DELIVERY_V2"	"API_OUTBOUND_DELIVERY_SRV"	"A_OutbDeliveryItemType"	"ProductAvailabilityTime"	"Edm.Time"	""	""	"0"	""	""	"false"	"false"	"false"	""	""	""	"Matl Staging Tme"	""
"API_OUTBOUND_DELIVERY_V2"	"API_OUTBOUND_DELIVERY_SRV"	"A_OutbDeliveryItemType"	"ProductConfiguration"	"Edm.String"	""	"18"	""	""	""	"false"	"false"	"false"	""	""	""	"Configuration"	""
"API_OUTBOUND_DELIVERY_V2"	"API_OUTBOUND_DELIVERY_SRV"	"A_OutbDeliveryItemType"	"ProductHierarchyNode"	"Edm.String"	""	"18"	""	""	""	"false"	"false"	"false"	""	""	""	"Prod. Hierarchy"	""
"API_OUTBOUND_DELIVERY_V2"	"API_OUTBOUND_DELIVERY_SRV"	"A_OutbDeliveryItemType"	"ProfitabilitySegment"	"Edm.String"	""	"10"	""	""	""	"false"	"false"	"false"	""	""	""	"Profit. segment"	""
"API_OUTBOUND_DELIVERY_V2"	"API_OUTBOUND_DELIVERY_SRV"	"A_OutbDeliveryItemType"	"ProfitCenter"	"Edm.String"	""	"10"	""	""	""	"false"	"false"	"false"	""	""	""	"Profit Center"	""
"API_OUTBOUND_DELIVERY_V2"	"API_OUTBOUND_DELIVERY_SRV"	"A_OutbDeliveryItemType"	"ProofOfDeliveryRelevanceCode"	"Edm.String"	""	"1"	""	""	""	"false"	"false"	"false"	""	""	""	"POD rel. RC/SC"	""
"API_OUTBOUND_DELIVERY_V2"	"API_OUTBOUND_DELIVERY_SRV"	"A_OutbDeliveryItemType"	"ProofOfDeliveryStatus"	"Edm.String"	""	"1"	""	""	""	"false"	"false"	"false"	""	""	""	"POD status"	""
"API_OUTBOUND_DELIVERY_V2"	"API_OUTBOUND_DELIVERY_SRV"	"A_OutbDeliveryItemType"	"QuantityIsFixed"	"Edm.Boolean"	""	""	""	""	""	"false"	"false"	"false"	""	""	""	"Qty. is fixed"	""
"API_OUTBOUND_DELIVERY_V2"	"API_OUTBOUND_DELIVERY_SRV"	"A_OutbDeliveryItemType"	"ReceivingPoint"	"Edm.String"	""	"25"	""	""	""	"false"	"false"	"false"	""	""	""	"Recv. Point"	""
"API_OUTBOUND_DELIVERY_V2"	"API_OUTBOUND_DELIVERY_SRV"	"A_OutbDeliveryItemType"	"ReferenceDocumentLogicalSystem"	"Edm.String"	""	"10"	""	""	""	"false"	"false"	"false"	""	""	""	"PrDocLogSys"	""
"API_OUTBOUND_DELIVERY_V2"	"API_OUTBOUND_DELIVERY_SRV"	"A_OutbDeliveryItemType"	"ReferenceSDDocument"	"Edm.String"	""	"10"	""	""	""	""	"false"	"false"	""	""	""	"Ref. Document"	""
"API_OUTBOUND_DELIVERY_V2"	"API_OUTBOUND_DELIVERY_SRV"	"A_OutbDeliveryItemType"	"ReferenceSDDocumentCategory"	"Edm.String"	""	"4"	""	""	""	"false"	"false"	"false"	""	""	""	"Prec.Doc.Categ."	""
"API_OUTBOUND_DELIVERY_V2"	"API_OUTBOUND_DELIVERY_SRV"	"A_OutbDeliveryItemType"	"ReferenceSDDocumentItem"	"Edm.String"	""	"6"	""	""	""	""	"false"	"false"	""	""	""	"Reference Item"	""
"API_OUTBOUND_DELIVERY_V2"	"API_OUTBOUND_DELIVERY_SRV"	"A_OutbDeliveryItemType"	"RetailPromotion"	"Edm.String"	""	"10"	""	""	""	"false"	"false"	"false"	""	""	""	"Promotion"	""
"API_OUTBOUND_DELIVERY_V2"	"API_OUTBOUND_DELIVERY_SRV"	"A_OutbDeliveryItemType"	"SalesDocumentItemType"	"Edm.String"	""	"1"	""	""	""	"false"	"false"	"false"	""	""	""	"Item Type"	""
"API_OUTBOUND_DELIVERY_V2"	"API_OUTBOUND_DELIVERY_SRV"	"A_OutbDeliveryItemType"	"SalesGroup"	"Edm.String"	""	"3"	""	""	""	"false"	"false"	"false"	""	""	""	"Sales Group"	""
"API_OUTBOUND_DELIVERY_V2"	"API_OUTBOUND_DELIVERY_SRV"	"A_OutbDeliveryItemType"	"SalesOffice"	"Edm.String"	""	"4"	""	""	""	"false"	"false"	"false"	""	""	""	"Sales Office"	""
"API_OUTBOUND_DELIVERY_V2"	"API_OUTBOUND_DELIVERY_SRV"	"A_OutbDeliveryItemType"	"SDDocumentCategory"	"Edm.String"	""	"4"	""	""	""	"false"	"false"	"false"	""	""	""	"Document Cat."	""
"API_OUTBOUND_DELIVERY_V2"	"API_OUTBOUND_DELIVERY_SRV"	"A_OutbDeliveryItemType"	"SDProcessStatus"	"Edm.String"	""	"1"	""	""	""	"false"	"false"	"false"	""	""	""	"Overall Status"	""
"API_OUTBOUND_DELIVERY_V2"	"API_OUTBOUND_DELIVERY_SRV"	"A_OutbDeliveryItemType"	"ShelfLifeExpirationDate"	"Edm.DateTime"	""	""	"7"	""	""	"false"	""	"false"	""	""	""	"SLED/BBD"	""
"API_OUTBOUND_DELIVERY_V2"	"API_OUTBOUND_DELIVERY_SRV"	"A_OutbDeliveryItemType"	"StatisticsDate"	"Edm.DateTime"	""	""	"7"	""	""	"false"	"false"	"false"	""	""	""	"Statistics Date"	""
"API_OUTBOUND_DELIVERY_V2"	"API_OUTBOUND_DELIVERY_SRV"	"A_OutbDeliveryItemType"	"StockType"	"Edm.String"	""	"1"	""	""	""	"false"	"false"	"false"	""	""	""	"Stock Type"	""
"API_OUTBOUND_DELIVERY_V2"	"API_OUTBOUND_DELIVERY_SRV"	"A_OutbDeliveryItemType"	"StorageBin"	"Edm.String"	""	"10"	""	""	""	"false"	"false"	"false"	""	""	""	"Storage Bin"	""
"API_OUTBOUND_DELIVERY_V2"	"API_OUTBOUND_DELIVERY_SRV"	"A_OutbDeliveryItemType"	"StorageLocation"	"Edm.String"	""	"4"	""	""	""	"false"	""	"false"	""	""	""	"Stor. Location"	""
"API_OUTBOUND_DELIVERY_V2"	"API_OUTBOUND_DELIVERY_SRV"	"A_OutbDeliveryItemType"	"StorageType"	"Edm.String"	""	"3"	""	""	""	"false"	"false"	"false"	""	""	""	"Storage Type"	""
"API_OUTBOUND_DELIVERY_V2"	"API_OUTBOUND_DELIVERY_SRV"	"A_OutbDeliveryItemType"	"SubsequentMovementType"	"Edm.String"	""	"3"	""	""	""	"false"	"false"	"false"	""	""	""	"Sub.movmnt type"	""
"API_OUTBOUND_DELIVERY_V2"	"API_OUTBOUND_DELIVERY_SRV"	"A_OutbDeliveryItemType"	"TransportationGroup"	"Edm.String"	""	"4"	""	""	""	"false"	"false"	"false"	""	""	""	"Trans. Group"	""
"API_OUTBOUND_DELIVERY_V2"	"API_OUTBOUND_DELIVERY_SRV"	"A_OutbDeliveryItemType"	"UnderdelivTolrtdLmtRatioInPct"	"Edm.Decimal"	""	""	"3"	"1"	""	"false"	"false"	"false"	""	""	""	"Underdel. Tol."	""
"API_OUTBOUND_DELIVERY_V2"	"API_OUTBOUND_DELIVERY_SRV"	"A_OutbDeliveryItemType"	"UnlimitedOverdeliveryIsAllowed"	"Edm.Boolean"	""	""	""	""	""	"false"	"false"	"false"	""	""	""	"Unlimited"	""
"API_OUTBOUND_DELIVERY_V2"	"API_OUTBOUND_DELIVERY_SRV"	"A_OutbDeliveryItemType"	"VarblShipgProcgDurationInDays"	"Edm.Decimal"	""	""	"5"	"2"	""	"false"	"false"	"false"	""	""	""	"Var. proc. time"	""
"API_OUTBOUND_DELIVERY_V2"	"API_OUTBOUND_DELIVERY_SRV"	"A_OutbDeliveryItemType"	"Warehouse"	"Edm.String"	""	"3"	""	""	""	"false"	"false"	"false"	""	""	""	"Warehouse No."	""
"API_OUTBOUND_DELIVERY_V2"	"API_OUTBOUND_DELIVERY_SRV"	"A_OutbDeliveryItemType"	"WarehouseActivityStatus"	"Edm.String"	""	"1"	""	""	""	"false"	"false"	"false"	""	""	""	"WM activ.status"	""
"API_OUTBOUND_DELIVERY_V2"	"API_OUTBOUND_DELIVERY_SRV"	"A_OutbDeliveryItemType"	"WarehouseStagingArea"	"Edm.String"	""	"10"	""	""	""	"false"	"false"	"false"	""	""	""	"Staging Area"	""
"API_OUTBOUND_DELIVERY_V2"	"API_OUTBOUND_DELIVERY_SRV"	"A_OutbDeliveryItemType"	"WarehouseStockCategory"	"Edm.String"	""	"1"	""	""	""	"false"	"false"	"false"	""	""	""	"Stock Category"	""
"API_OUTBOUND_DELIVERY_V2"	"API_OUTBOUND_DELIVERY_SRV"	"A_OutbDeliveryItemType"	"WarehouseStorageBin"	"Edm.String"	""	"10"	""	""	""	"false"	"false"	"false"	""	""	""	"Storage Bin"	""
"API_OUTBOUND_DELIVERY_V2"	"API_OUTBOUND_DELIVERY_SRV"	"A_OutbDeliveryItemType"	"StockSegment"	"Edm.String"	""	"40"	""	""	""	"false"	"false"	"false"	""	""	""	"Stock Segment"	""
"API_OUTBOUND_DELIVERY_V2"	"API_OUTBOUND_DELIVERY_SRV"	"A_OutbDeliveryItemType"	"RequirementSegment"	"Edm.String"	""	"40"	""	""	""	"false"	"false"	"false"	""	""	""	"Requirement Segment"	""
"API_OUTBOUND_DELIVERY_V2"	"API_OUTBOUND_DELIVERY_SRV"	"A_OutbDeliveryHeaderType"	"ActualDeliveryRoute"	"Edm.String"	""	"6"	""	""	""	"false"	"false"	"false"	""	""	""	"Route"	""
"API_OUTBOUND_DELIVERY_V2"	"API_OUTBOUND_DELIVERY_SRV"	"A_OutbDeliveryHeaderType"	"Shippinglocationtimezone"	"Edm.String"	"false"	"6"	""	""	""	"false"	"false"	"false"	""	""	""	"Del. loc. tzone"	""
"API_OUTBOUND_DELIVERY_V2"	"API_OUTBOUND_DELIVERY_SRV"	"A_OutbDeliveryHeaderType"	"ActualGoodsMovementDate"	"Edm.DateTime"	""	""	"7"	""	""	"false"	""	"false"	""	""	""	"Actual GI Date"	""
"API_OUTBOUND_DELIVERY_V2"	"API_OUTBOUND_DELIVERY_SRV"	"A_OutbDeliveryHeaderType"	"Receivinglocationtimezone"	"Edm.String"	"false"	"6"	""	""	""	"false"	"false"	"false"	""	""	""	"Rec. time zone"	""
"API_OUTBOUND_DELIVERY_V2"	"API_OUTBOUND_DELIVERY_SRV"	"A_OutbDeliveryHeaderType"	"ActualGoodsMovementTime"	"Edm.Time"	""	""	"0"	""	""	"false"	"false"	"false"	""	""	""	"GI Time"	""
"API_OUTBOUND_DELIVERY_V2"	"API_OUTBOUND_DELIVERY_SRV"	"A_OutbDeliveryHeaderType"	"BillingDocumentDate"	"Edm.DateTime"	""	""	"7"	""	""	"false"	"false"	"false"	""	""	""	"Billing Date"	""
"API_OUTBOUND_DELIVERY_V2"	"API_OUTBOUND_DELIVERY_SRV"	"A_OutbDeliveryHeaderType"	"BillOfLading"	"Edm.String"	""	"35"	""	""	""	"false"	""	"false"	""	""	""	"Bill of Lading"	""
"API_OUTBOUND_DELIVERY_V2"	"API_OUTBOUND_DELIVERY_SRV"	"A_OutbDeliveryHeaderType"	"CompleteDeliveryIsDefined"	"Edm.Boolean"	""	""	""	""	""	"false"	"false"	"false"	""	""	""	"Complete Dlv."	""
"API_OUTBOUND_DELIVERY_V2"	"API_OUTBOUND_DELIVERY_SRV"	"A_OutbDeliveryHeaderType"	"ConfirmationTime"	"Edm.Time"	""	""	"0"	""	""	"false"	"false"	"false"	""	""	""	"Confirm. Time"	""
"API_OUTBOUND_DELIVERY_V2"	"API_OUTBOUND_DELIVERY_SRV"	"A_OutbDeliveryHeaderType"	"CreatedByUser"	"Edm.String"	""	"12"	""	""	""	"false"	"false"	"false"	""	""	""	"Created By"	""
"API_OUTBOUND_DELIVERY_V2"	"API_OUTBOUND_DELIVERY_SRV"	"A_OutbDeliveryHeaderType"	"CreationDate"	"Edm.DateTime"	""	""	"7"	""	""	"false"	"false"	"false"	""	""	""	"Created On"	""
"API_OUTBOUND_DELIVERY_V2"	"API_OUTBOUND_DELIVERY_SRV"	"A_OutbDeliveryHeaderType"	"CreationTime"	"Edm.Time"	""	""	"0"	""	""	"false"	"false"	"false"	""	""	""	"Time"	""
"API_OUTBOUND_DELIVERY_V2"	"API_OUTBOUND_DELIVERY_SRV"	"A_OutbDeliveryHeaderType"	"CustomerGroup"	"Edm.String"	""	"2"	""	""	""	"false"	"false"	"false"	""	""	""	"Customer Group"	""
"API_OUTBOUND_DELIVERY_V2"	"API_OUTBOUND_DELIVERY_SRV"	"A_OutbDeliveryHeaderType"	"DeliveryBlockReason"	"Edm.String"	""	"2"	""	""	""	"false"	""	"false"	""	""	""	"Delivery Block"	""
"API_OUTBOUND_DELIVERY_V2"	"API_OUTBOUND_DELIVERY_SRV"	"A_OutbDeliveryHeaderType"	"DeliveryDate"	"Edm.DateTime"	""	""	"7"	""	""	"false"	""	"false"	""	""	""	"Delivery Date"	""
"API_OUTBOUND_DELIVERY_V2"	"API_OUTBOUND_DELIVERY_SRV"	"A_OutbDeliveryHeaderType"	"DeliveryDocument"	"Edm.String"	"false"	"10"	""	""	"X"	"false"	"false"	"false"	""	""	""	"Delivery"	""
"API_OUTBOUND_DELIVERY_V2"	"API_OUTBOUND_DELIVERY_SRV"	"A_OutbDeliveryHeaderType"	"DeliveryDocumentBySupplier"	"Edm.String"	""	"35"	""	""	""	"false"	""	"false"	""	""	""	"Ext. Delivery"	""
"API_OUTBOUND_DELIVERY_V2"	"API_OUTBOUND_DELIVERY_SRV"	"A_OutbDeliveryHeaderType"	"DeliveryDocumentType"	"Edm.String"	""	"4"	""	""	""	"false"	"false"	"false"	""	""	""	"Delivery Type"	""
"API_OUTBOUND_DELIVERY_V2"	"API_OUTBOUND_DELIVERY_SRV"	"A_OutbDeliveryHeaderType"	"DeliveryIsInPlant"	"Edm.Boolean"	""	""	""	""	""	"false"	"false"	"false"	""	""	""	"In Plant"	""
"API_OUTBOUND_DELIVERY_V2"	"API_OUTBOUND_DELIVERY_SRV"	"A_OutbDeliveryHeaderType"	"DeliveryPriority"	"Edm.String"	""	"2"	""	""	""	"false"	""	"false"	""	""	""	"Delivery Prior."	""
"API_OUTBOUND_DELIVERY_V2"	"API_OUTBOUND_DELIVERY_SRV"	"A_OutbDeliveryHeaderType"	"DeliveryTime"	"Edm.Time"	""	""	"0"	""	""	"false"	""	"false"	""	""	""	"TimeOfDelivery"	""
"API_OUTBOUND_DELIVERY_V2"	"API_OUTBOUND_DELIVERY_SRV"	"A_OutbDeliveryHeaderType"	"DeliveryVersion"	"Edm.String"	""	"4"	""	""	""	"false"	"false"	"false"	""	""	""	"DLV.Version"	""
"API_OUTBOUND_DELIVERY_V2"	"API_OUTBOUND_DELIVERY_SRV"	"A_OutbDeliveryHeaderType"	"DepreciationPercentage"	"Edm.Decimal"	""	""	"5"	"2"	""	"false"	"false"	"false"	""	""	""	"Depreciation"	""
"API_OUTBOUND_DELIVERY_V2"	"API_OUTBOUND_DELIVERY_SRV"	"A_OutbDeliveryHeaderType"	"DistrStatusByDecentralizedWrhs"	"Edm.String"	""	"1"	""	""	""	"false"	"false"	"false"	""	""	""	"StatDecntrlWhse"	""
"API_OUTBOUND_DELIVERY_V2"	"API_OUTBOUND_DELIVERY_SRV"	"A_OutbDeliveryHeaderType"	"DocumentDate"	"Edm.DateTime"	""	""	"7"	""	""	"false"	"false"	"false"	""	""	""	"Document Date"	""
"API_OUTBOUND_DELIVERY_V2"	"API_OUTBOUND_DELIVERY_SRV"	"A_OutbDeliveryHeaderType"	"ExternalIdentificationType"	"Edm.String"	""	"1"	""	""	""	"false"	"false"	"false"	""	""	""	"Type Ext. Ident"	""
"API_OUTBOUND_DELIVERY_V2"	"API_OUTBOUND_DELIVERY_SRV"	"A_OutbDeliveryHeaderType"	"ExternalTransportSystem"	"Edm.String"	""	"5"	""	""	""	"false"	"false"	"false"	""	""	""	"ID Transp.Syst."	""
"API_OUTBOUND_DELIVERY_V2"	"API_OUTBOUND_DELIVERY_SRV"	"A_OutbDeliveryHeaderType"	"FactoryCalendarByCustomer"	"Edm.String"	""	"2"	""	""	""	"false"	"false"	"false"	""	""	""	"FactoryCalendar"	""
"API_OUTBOUND_DELIVERY_V2"	"API_OUTBOUND_DELIVERY_SRV"	"A_OutbDeliveryHeaderType"	"GoodsIssueOrReceiptSlipNumber"	"Edm.String"	""	"10"	""	""	""	"false"	"false"	"false"	""	""	""	"GR/GI Slip No."	""
"API_OUTBOUND_DELIVERY_V2"	"API_OUTBOUND_DELIVERY_SRV"	"A_OutbDeliveryHeaderType"	"GoodsIssueTime"	"Edm.Time"	""	""	"0"	""	""	"false"	""	"false"	""	""	""	"GI Time"	""
"API_OUTBOUND_DELIVERY_V2"	"API_OUTBOUND_DELIVERY_SRV"	"A_OutbDeliveryHeaderType"	"HandlingUnitInStock"	"Edm.String"	""	"1"	""	""	""	"false"	"false"	"false"	""	""	""	"HU in Stock"	""
"API_OUTBOUND_DELIVERY_V2"	"API_OUTBOUND_DELIVERY_SRV"	"A_OutbDeliveryHeaderType"	"HdrGeneralIncompletionStatus"	"Edm.String"	""	"1"	""	""	""	"false"	"false"	"false"	""	""	""	"Header Data"	""
"API_OUTBOUND_DELIVERY_V2"	"API_OUTBOUND_DELIVERY_SRV"	"A_OutbDeliveryHeaderType"	"HdrGoodsMvtIncompletionStatus"	"Edm.String"	""	"1"	""	""	""	"false"	"false"	"false"	""	""	""	"Head. Data GM"	""
"API_OUTBOUND_DELIVERY_V2"	"API_OUTBOUND_DELIVERY_SRV"	"A_OutbDeliveryHeaderType"	"HeaderBillgIncompletionStatus"	"Edm.String"	""	"1"	""	""	""	"false"	"false"	"false"	""	""	""	"Header Bill.Dat"	""
"API_OUTBOUND_DELIVERY_V2"	"API_OUTBOUND_DELIVERY_SRV"	"A_OutbDeliveryHeaderType"	"HeaderBillingBlockReason"	"Edm.String"	""	"2"	""	""	""	"false"	"false"	"false"	""	""	""	"Billing Block"	""
"API_OUTBOUND_DELIVERY_V2"	"API_OUTBOUND_DELIVERY_SRV"	"A_OutbDeliveryHeaderType"	"HeaderDelivIncompletionStatus"	"Edm.String"	""	"1"	""	""	""	"false"	"false"	"false"	""	""	""	"Header Dlv.Data"	""
"API_OUTBOUND_DELIVERY_V2"	"API_OUTBOUND_DELIVERY_SRV"	"A_OutbDeliveryHeaderType"	"HeaderGrossWeight"	"Edm.Decimal"	""	""	"15"	"3"	""	"false"	""	"false"	""	""	""	"Total Weight"	""
"API_OUTBOUND_DELIVERY_V2"	"API_OUTBOUND_DELIVERY_SRV"	"A_OutbDeliveryHeaderType"	"HeaderNetWeight"	"Edm.Decimal"	""	""	"15"	"3"	""	"false"	""	"false"	""	""	""	"Net Weight"	""
"API_OUTBOUND_DELIVERY_V2"	"API_OUTBOUND_DELIVERY_SRV"	"A_OutbDeliveryHeaderType"	"HeaderPackingIncompletionSts"	"Edm.String"	""	"1"	""	""	""	"false"	"false"	"false"	""	""	""	"Head.Data Pckg."	""
"API_OUTBOUND_DELIVERY_V2"	"API_OUTBOUND_DELIVERY_SRV"	"A_OutbDeliveryHeaderType"	"HeaderPickgIncompletionStatus"	"Edm.String"	""	"1"	""	""	""	"false"	"false"	"false"	""	""	""	"Head.Data Pck/Putawy"	""
"API_OUTBOUND_DELIVERY_V2"	"API_OUTBOUND_DELIVERY_SRV"	"A_OutbDeliveryHeaderType"	"HeaderVolume"	"Edm.Decimal"	""	""	"15"	"3"	""	"false"	""	"false"	""	""	""	"Volume"	""
"API_OUTBOUND_DELIVERY_V2"	"API_OUTBOUND_DELIVERY_SRV"	"A_OutbDeliveryHeaderType"	"HeaderVolumeUnit"	"Edm.String"	""	"3"	""	""	""	"false"	""	"false"	""	""	""	"Volume Unit"	""
"API_OUTBOUND_DELIVERY_V2"	"API_OUTBOUND_DELIVERY_SRV"	"A_OutbDeliveryHeaderType"	"HeaderWeightUnit"	"Edm.String"	""	"3"	""	""	""	"false"	""	"false"	""	""	""	"Unit of Weight"	""
"API_OUTBOUND_DELIVERY_V2"	"API_OUTBOUND_DELIVERY_SRV"	"A_OutbDeliveryHeaderType"	"IncotermsClassification"	"Edm.String"	""	"3"	""	""	""	"false"	""	"false"	""	""	""	"Incoterms"	""
"API_OUTBOUND_DELIVERY_V2"	"API_OUTBOUND_DELIVERY_SRV"	"A_OutbDeliveryHeaderType"	"IncotermsTransferLocation"	"Edm.String"	""	"28"	""	""	""	"false"	""	"false"	""	""	""	"Incoterms 2"	""
"API_OUTBOUND_DELIVERY_V2"	"API_OUTBOUND_DELIVERY_SRV"	"A_OutbDeliveryHeaderType"	"IntercompanyBillingDate"	"Edm.DateTime"	""	""	"7"	""	""	"false"	"false"	"false"	""	""	""	"Billing Date"	""
"API_OUTBOUND_DELIVERY_V2"	"API_OUTBOUND_DELIVERY_SRV"	"A_OutbDeliveryHeaderType"	"InternalFinancialDocument"	"Edm.String"	""	"10"	""	""	""	"false"	"false"	"false"	""	""	""	"Financ.Doc.No."	""
"API_OUTBOUND_DELIVERY_V2"	"API_OUTBOUND_DELIVERY_SRV"	"A_OutbDeliveryHeaderType"	"IsDeliveryForSingleWarehouse"	"Edm.String"	""	"1"	""	""	""	"false"	"false"	"false"	""	""	""	"ID: Delivery Split"	""
"API_OUTBOUND_DELIVERY_V2"	"API_OUTBOUND_DELIVERY_SRV"	"A_OutbDeliveryHeaderType"	"IsExportDelivery"	"Edm.String"	""	"1"	""	""	""	"false"	"false"	"false"	""	""	""	"Export"	""
"API_OUTBOUND_DELIVERY_V2"	"API_OUTBOUND_DELIVERY_SRV"	"A_OutbDeliveryHeaderType"	"LastChangeDate"	"Edm.DateTime"	""	""	"7"	""	""	"false"	"false"	"false"	""	""	""	"Changed On"	""
"API_OUTBOUND_DELIVERY_V2"	"API_OUTBOUND_DELIVERY_SRV"	"A_OutbDeliveryHeaderType"	"LastChangedByUser"	"Edm.String"	""	"12"	""	""	""	"false"	"false"	"false"	""	""	""	"Changed By"	""
"API_OUTBOUND_DELIVERY_V2"	"API_OUTBOUND_DELIVERY_SRV"	"A_OutbDeliveryHeaderType"	"LoadingDate"	"Edm.DateTime"	""	""	"7"	""	""	"false"	""	"false"	""	""	""	"Loading Date"	""
"API_OUTBOUND_DELIVERY_V2"	"API_OUTBOUND_DELIVERY_SRV"	"A_OutbDeliveryHeaderType"	"LoadingPoint"	"Edm.String"	""	"2"	""	""	""	"false"	"false"	"false"	""	""	""	"Loading Point"	""
"API_OUTBOUND_DELIVERY_V2"	"API_OUTBOUND_DELIVERY_SRV"	"A_OutbDeliveryHeaderType"	"LoadingTime"	"Edm.Time"	""	""	"0"	""	""	"false"	""	"false"	""	""	""	"Loading Time"	""
"API_OUTBOUND_DELIVERY_V2"	"API_OUTBOUND_DELIVERY_SRV"	"A_OutbDeliveryHeaderType"	"MeansOfTransport"	"Edm.String"	""	"20"	""	""	""	"false"	""	"false"	""	""	""	"Mns of Trans.ID"	""
"API_OUTBOUND_DELIVERY_V2"	"API_OUTBOUND_DELIVERY_SRV"	"A_OutbDeliveryHeaderType"	"MeansOfTransportRefMaterial"	"Edm.String"	""	"40"	""	""	""	"false"	"false"	"false"	""	""	""	"MeansTransp."	""
"API_OUTBOUND_DELIVERY_V2"	"API_OUTBOUND_DELIVERY_SRV"	"A_OutbDeliveryHeaderType"	"MeansOfTransportType"	"Edm.String"	""	"4"	""	""	""	"false"	""	"false"	""	""	""	"MnsOfTrns Type"	""
"API_OUTBOUND_DELIVERY_V2"	"API_OUTBOUND_DELIVERY_SRV"	"A_OutbDeliveryHeaderType"	"OrderCombinationIsAllowed"	"Edm.Boolean"	""	""	""	""	""	"false"	"false"	"false"	""	""	""	"Order Combinat."	""
"API_OUTBOUND_DELIVERY_V2"	"API_OUTBOUND_DELIVERY_SRV"	"A_OutbDeliveryHeaderType"	"OrderID"	"Edm.String"	""	"12"	""	""	""	"false"	"false"	"false"	""	""	""	"Order"	""
"API_OUTBOUND_DELIVERY_V2"	"API_OUTBOUND_DELIVERY_SRV"	"A_OutbDeliveryHeaderType"	"OverallDelivConfStatus"	"Edm.String"	""	"1"	""	""	""	"false"	"false"	"false"	""	""	""	"Confirmed"	""
"API_OUTBOUND_DELIVERY_V2"	"API_OUTBOUND_DELIVERY_SRV"	"A_OutbDeliveryHeaderType"	"OverallDelivReltdBillgStatus"	"Edm.String"	""	"1"	""	""	""	"false"	"false"	"false"	""	""	""	"Billing Status"	""
"API_OUTBOUND_DELIVERY_V2"	"API_OUTBOUND_DELIVERY_SRV"	"A_OutbDeliveryHeaderType"	"OverallGoodsMovementStatus"	"Edm.String"	""	"1"	""	""	""	"false"	"false"	"false"	""	""	""	"TotalGdsMvtStat"	""
"API_OUTBOUND_DELIVERY_V2"	"API_OUTBOUND_DELIVERY_SRV"	"A_OutbDeliveryHeaderType"	"OverallIntcoBillingStatus"	"Edm.String"	""	"1"	""	""	""	"false"	"false"	"false"	""	""	""	"Totals Status"	""
"API_OUTBOUND_DELIVERY_V2"	"API_OUTBOUND_DELIVERY_SRV"	"A_OutbDeliveryHeaderType"	"OverallPackingStatus"	"Edm.String"	""	"1"	""	""	""	"false"	"false"	"false"	""	""	""	"Packing Status"	""
"API_OUTBOUND_DELIVERY_V2"	"API_OUTBOUND_DELIVERY_SRV"	"A_OutbDeliveryHeaderType"	"OverallPickingConfStatus"	"Edm.String"	""	"1"	""	""	""	"false"	"false"	"false"	""	""	""	"Confirmation"	""
"API_OUTBOUND_DELIVERY_V2"	"API_OUTBOUND_DELIVERY_SRV"	"A_OutbDeliveryHeaderType"	"OverallPickingStatus"	"Edm.String"	""	"1"	""	""	""	"false"	"false"	"false"	""	""	""	"Ovr.Pick.Status"	""
"API_OUTBOUND_DELIVERY_V2"	"API_OUTBOUND_DELIVERY_SRV"	"A_OutbDeliveryHeaderType"	"OverallProofOfDeliveryStatus"	"Edm.String"	""	"1"	""	""	""	"false"	"false"	"false"	""	""	""	"POD Status"	""
"API_OUTBOUND_DELIVERY_V2"	"API_OUTBOUND_DELIVERY_SRV"	"A_OutbDeliveryHeaderType"	"OverallSDProcessStatus"	"Edm.String"	""	"1"	""	""	""	"false"	"false"	"false"	""	""	""	"Overall Status"	""
"API_OUTBOUND_DELIVERY_V2"	"API_OUTBOUND_DELIVERY_SRV"	"A_OutbDeliveryHeaderType"	"OverallWarehouseActivityStatus"	"Edm.String"	""	"1"	""	""	""	"false"	"false"	"false"	""	""	""	"OverallWMStatus"	""
"API_OUTBOUND_DELIVERY_V2"	"API_OUTBOUND_DELIVERY_SRV"	"A_OutbDeliveryHeaderType"	"OvrlItmDelivIncompletionSts"	"Edm.String"	""	"1"	""	""	""	"false"	"false"	"false"	""	""	""	"Item Deliv.Data"	""
"API_OUTBOUND_DELIVERY_V2"	"API_OUTBOUND_DELIVERY_SRV"	"A_OutbDeliveryHeaderType"	"OvrlItmGdsMvtIncompletionSts"	"Edm.String"	""	"1"	""	""	""	"false"	"false"	"false"	""	""	""	"Item data: GM"	""
"API_OUTBOUND_DELIVERY_V2"	"API_OUTBOUND_DELIVERY_SRV"	"A_OutbDeliveryHeaderType"	"OvrlItmGeneralIncompletionSts"	"Edm.String"	""	"1"	""	""	""	"false"	"false"	"false"	""	""	""	"Item Data"	""
"API_OUTBOUND_DELIVERY_V2"	"API_OUTBOUND_DELIVERY_SRV"	"A_OutbDeliveryHeaderType"	"OvrlItmPackingIncompletionSts"	"Edm.String"	""	"1"	""	""	""	"false"	"false"	"false"	""	""	""	"It.Data Packag."	""
"API_OUTBOUND_DELIVERY_V2"	"API_OUTBOUND_DELIVERY_SRV"	"A_OutbDeliveryHeaderType"	"OvrlItmPickingIncompletionSts"	"Edm.String"	""	"1"	""	""	""	"false"	"false"	"false"	""	""	""	"It.Data Pck/Putaway"	""
"API_OUTBOUND_DELIVERY_V2"	"API_OUTBOUND_DELIVERY_SRV"	"A_OutbDeliveryHeaderType"	"PaymentGuaranteeProcedure"	"Edm.String"	""	"6"	""	""	""	"false"	"false"	"false"	""	""	""	"Paym.Guar.Proc."	""
"API_OUTBOUND_DELIVERY_V2"	"API_OUTBOUND_DELIVERY_SRV"	"A_OutbDeliveryHeaderType"	"PickedItemsLocation"	"Edm.String"	""	"20"	""	""	""	"false"	"false"	"false"	""	""	""	"PickedItmLocat."	""
"API_OUTBOUND_DELIVERY_V2"	"API_OUTBOUND_DELIVERY_SRV"	"A_OutbDeliveryHeaderType"	"PickingDate"	"Edm.DateTime"	""	""	"7"	""	""	"false"	""	"false"	""	""	""	"Pick Date"	""
"API_OUTBOUND_DELIVERY_V2"	"API_OUTBOUND_DELIVERY_SRV"	"A_OutbDeliveryHeaderType"	"PickingTime"	"Edm.Time"	""	""	"0"	""	""	"false"	""	"false"	""	""	""	"Picking Time"	""
"API_OUTBOUND_DELIVERY_V2"	"API_OUTBOUND_DELIVERY_SRV"	"A_OutbDeliveryHeaderType"	"PlannedGoodsIssueDate"	"Edm.DateTime"	""	""	"7"	""	""	"false"	""	"false"	""	""	""	"Planned Gds Mvmt"	""
"API_OUTBOUND_DELIVERY_V2"	"API_OUTBOUND_DELIVERY_SRV"	"A_OutbDeliveryHeaderType"	"ProofOfDeliveryDate"	"Edm.DateTime"	""	""	"7"	""	""	"false"	"false"	"false"	""	""	""	"POD Date"	""
"API_OUTBOUND_DELIVERY_V2"	"API_OUTBOUND_DELIVERY_SRV"	"A_OutbDeliveryHeaderType"	"ProposedDeliveryRoute"	"Edm.String"	""	"6"	""	""	""	"false"	""	"false"	""	""	""	"Route"	""
"API_OUTBOUND_DELIVERY_V2"	"API_OUTBOUND_DELIVERY_SRV"	"A_OutbDeliveryHeaderType"	"ReceivingPlant"	"Edm.String"	""	"4"	""	""	""	"false"	"false"	"false"	""	""	""	"Receiving Plant"	""
"API_OUTBOUND_DELIVERY_V2"	"API_OUTBOUND_DELIVERY_SRV"	"A_OutbDeliveryHeaderType"	"RouteSchedule"	"Edm.String"	""	"10"	""	""	""	"false"	"false"	"false"	""	""	""	"Route Schedule"	""
"API_OUTBOUND_DELIVERY_V2"	"API_OUTBOUND_DELIVERY_SRV"	"A_OutbDeliveryHeaderType"	"SalesDistrict"	"Edm.String"	""	"6"	""	""	""	"false"	"false"	"false"	""	""	""	"Sales District"	""
"API_OUTBOUND_DELIVERY_V2"	"API_OUTBOUND_DELIVERY_SRV"	"A_OutbDeliveryHeaderType"	"SalesOffice"	"Edm.String"	""	"4"	""	""	""	"false"	"false"	"false"	""	""	""	"Sales Office"	""
"API_OUTBOUND_DELIVERY_V2"	"API_OUTBOUND_DELIVERY_SRV"	"A_OutbDeliveryHeaderType"	"SalesOrganization"	"Edm.String"	""	"4"	""	""	""	"false"	"false"	"false"	""	""	""	"Sales Org."	""
"API_OUTBOUND_DELIVERY_V2"	"API_OUTBOUND_DELIVERY_SRV"	"A_OutbDeliveryHeaderType"	"SDDocumentCategory"	"Edm.String"	""	"4"	""	""	""	"false"	"false"	"false"	""	""	""	"Document Cat."	""
"API_OUTBOUND_DELIVERY_V2"	"API_OUTBOUND_DELIVERY_SRV"	"A_OutbDeliveryHeaderType"	"ShipmentBlockReason"	"Edm.String"	""	"2"	""	""	""	"false"	"false"	"false"	""	""	""	"ShpmtBlReason"	""
"API_OUTBOUND_DELIVERY_V2"	"API_OUTBOUND_DELIVERY_SRV"	"A_OutbDeliveryHeaderType"	"ShippingCondition"	"Edm.String"	""	"2"	""	""	""	"false"	"false"	"false"	""	""	""	"Shp.Cond."	""
"API_OUTBOUND_DELIVERY_V2"	"API_OUTBOUND_DELIVERY_SRV"	"A_OutbDeliveryHeaderType"	"ShippingPoint"	"Edm.String"	""	"4"	""	""	""	""	"false"	"false"	""	""	""	"Shipping Point"	""
"API_OUTBOUND_DELIVERY_V2"	"API_OUTBOUND_DELIVERY_SRV"	"A_OutbDeliveryHeaderType"	"ShippingType"	"Edm.String"	""	"2"	""	""	""	"false"	"false"	"false"	""	""	""	"Shipping Type"	""
"API_OUTBOUND_DELIVERY_V2"	"API_OUTBOUND_DELIVERY_SRV"	"A_OutbDeliveryHeaderType"	"ShipToParty"	"Edm.String"	""	"10"	""	""	""	"false"	"false"	"false"	""	""	""	"Ship-To Party"	""
"API_OUTBOUND_DELIVERY_V2"	"API_OUTBOUND_DELIVERY_SRV"	"A_OutbDeliveryHeaderType"	"SoldToParty"	"Edm.String"	""	"10"	""	""	""	"false"	"false"	"false"	""	""	""	"Sold-To Party"	""
"API_OUTBOUND_DELIVERY_V2"	"API_OUTBOUND_DELIVERY_SRV"	"A_OutbDeliveryHeaderType"	"SpecialProcessingCode"	"Edm.String"	""	"4"	""	""	""	"false"	"false"	"false"	""	""	""	"Spec.Processing"	""
"API_OUTBOUND_DELIVERY_V2"	"API_OUTBOUND_DELIVERY_SRV"	"A_OutbDeliveryHeaderType"	"StatisticsCurrency"	"Edm.String"	""	"5"	""	""	""	"false"	"false"	"false"	""	""	""	"Stats. Currency"	""
"API_OUTBOUND_DELIVERY_V2"	"API_OUTBOUND_DELIVERY_SRV"	"A_OutbDeliveryHeaderType"	"Supplier"	"Edm.String"	""	"10"	""	""	""	"false"	"false"	"false"	""	""	""	"Supplier"	""
"API_OUTBOUND_DELIVERY_V2"	"API_OUTBOUND_DELIVERY_SRV"	"A_OutbDeliveryHeaderType"	"TotalBlockStatus"	"Edm.String"	""	"1"	""	""	""	"false"	"false"	"false"	""	""	""	"Overall Blk St."	""
"API_OUTBOUND_DELIVERY_V2"	"API_OUTBOUND_DELIVERY_SRV"	"A_OutbDeliveryHeaderType"	"TotalCreditCheckStatus"	"Edm.String"	""	"1"	""	""	""	"false"	"false"	"false"	""	""	""	"OverallCredStat"	""
"API_OUTBOUND_DELIVERY_V2"	"API_OUTBOUND_DELIVERY_SRV"	"A_OutbDeliveryHeaderType"	"TotalNumberOfPackage"	"Edm.String"	""	"5"	""	""	""	"false"	"false"	"false"	""	""	""	"No. of Packages"	""
"API_OUTBOUND_DELIVERY_V2"	"API_OUTBOUND_DELIVERY_SRV"	"A_OutbDeliveryHeaderType"	"TransactionCurrency"	"Edm.String"	""	"5"	""	""	""	"false"	"false"	"false"	""	""	""	"Doc. Currency"	""
"API_OUTBOUND_DELIVERY_V2"	"API_OUTBOUND_DELIVERY_SRV"	"A_OutbDeliveryHeaderType"	"TransportationGroup"	"Edm.String"	""	"4"	""	""	""	"false"	"false"	"false"	""	""	""	"Trans. Group"	""
"API_OUTBOUND_DELIVERY_V2"	"API_OUTBOUND_DELIVERY_SRV"	"A_OutbDeliveryHeaderType"	"TransportationPlanningDate"	"Edm.DateTime"	""	""	"7"	""	""	"false"	""	"false"	""	""	""	"TranspPlngDate"	""
"API_OUTBOUND_DELIVERY_V2"	"API_OUTBOUND_DELIVERY_SRV"	"A_OutbDeliveryHeaderType"	"TransportationPlanningStatus"	"Edm.String"	""	"1"	""	""	""	"false"	"false"	"false"	""	""	""	"Trns.Plan.Stat."	""
"API_OUTBOUND_DELIVERY_V2"	"API_OUTBOUND_DELIVERY_SRV"	"A_OutbDeliveryHeaderType"	"TransportationPlanningTime"	"Edm.Time"	""	""	"0"	""	""	"false"	""	"false"	""	""	""	"Tr. Plan. Time"	""
"API_OUTBOUND_DELIVERY_V2"	"API_OUTBOUND_DELIVERY_SRV"	"A_OutbDeliveryHeaderType"	"UnloadingPointName"	"Edm.String"	""	"25"	""	""	""	"false"	""	"false"	""	""	""	"Unloading Point"	""
"API_OUTBOUND_DELIVERY_V2"	"API_OUTBOUND_DELIVERY_SRV"	"A_OutbDeliveryHeaderType"	"Warehouse"	"Edm.String"	""	"3"	""	""	""	"false"	"false"	"false"	""	""	""	"Warehouse No."	""
"API_OUTBOUND_DELIVERY_V2"	"API_OUTBOUND_DELIVERY_SRV"	"A_OutbDeliveryHeaderType"	"WarehouseGate"	"Edm.String"	""	"3"	""	""	""	"false"	"false"	"false"	""	""	""	"Door for Whse"	""
"API_OUTBOUND_DELIVERY_V2"	"API_OUTBOUND_DELIVERY_SRV"	"A_OutbDeliveryHeaderType"	"WarehouseStagingArea"	"Edm.String"	""	"10"	""	""	""	"false"	"false"	"false"	""	""	""	"Staging Area"	""
"API_OUTBOUND_DELIVERY_V2"	"API_OUTBOUND_DELIVERY_SRV"	"A_OutbDeliveryDocFlowType"	"Deliveryversion"	"Edm.String"	""	"4"	""	""	""	"false"	"false"	"false"	"false"	""	""	"DLV.Version"	""
"API_OUTBOUND_DELIVERY_V2"	"API_OUTBOUND_DELIVERY_SRV"	"A_OutbDeliveryDocFlowType"	"PrecedingDocument"	"Edm.String"	"false"	"10"	""	""	"X"	"false"	"false"	"false"	"false"	""	""	"Preceding Doc."	""
"API_OUTBOUND_DELIVERY_V2"	"API_OUTBOUND_DELIVERY_SRV"	"A_OutbDeliveryDocFlowType"	"PrecedingDocumentCategory"	"Edm.String"	""	"4"	""	""	""	"false"	"false"	"false"	"false"	""	""	"Prec.Doc.Categ."	""
"API_OUTBOUND_DELIVERY_V2"	"API_OUTBOUND_DELIVERY_SRV"	"A_OutbDeliveryDocFlowType"	"PrecedingDocumentItem"	"Edm.String"	"false"	"6"	""	""	"X"	"false"	"false"	"false"	"false"	""	""	"Preceding Item"	""
"API_OUTBOUND_DELIVERY_V2"	"API_OUTBOUND_DELIVERY_SRV"	"A_OutbDeliveryDocFlowType"	"Subsequentdocument"	"Edm.String"	""	"10"	""	""	""	"false"	"false"	"false"	"false"	""	""	"Follow-on Doc."	""
"API_OUTBOUND_DELIVERY_V2"	"API_OUTBOUND_DELIVERY_SRV"	"A_OutbDeliveryDocFlowType"	"QuantityInBaseUnit"	"Edm.Decimal"	""	""	"15"	"3"	""	"false"	""	"false"	"false"	""	""	"Quantity"	""
"API_OUTBOUND_DELIVERY_V2"	"API_OUTBOUND_DELIVERY_SRV"	"A_OutbDeliveryDocFlowType"	"SubsequentDocumentItem"	"Edm.String"	""	"6"	""	""	""	"false"	"false"	"false"	"false"	""	""	"Subsequent Item"	""
"API_OUTBOUND_DELIVERY_V2"	"API_OUTBOUND_DELIVERY_SRV"	"A_OutbDeliveryDocFlowType"	"SDFulfillmentCalculationRule"	"Edm.String"	""	"1"	""	""	""	"false"	"false"	"false"	"false"	""	""	"Pos./Negative"	""
"API_OUTBOUND_DELIVERY_V2"	"API_OUTBOUND_DELIVERY_SRV"	"A_OutbDeliveryDocFlowType"	"SubsequentDocumentCategory"	"Edm.String"	"false"	"4"	""	""	"X"	"false"	"false"	"false"	"false"	""	""	"Subs.Doc.Categ."	""
"API_OUTBOUND_DELIVERY_V2"	"API_OUTBOUND_DELIVERY_SRV"	"A_OutbDeliveryDocFlowType"	"TransferOrderInWrhsMgmtIsConfd"	"Edm.Boolean"	""	""	""	""	""	"false"	"false"	"false"	"false"	""	""	"Confirmation ID"	""
"API_OUTBOUND_DELIVERY_V2"	"API_OUTBOUND_DELIVERY_SRV"	"A_MaintenanceItemObjectType"	"Assembly"	"Edm.String"	"false"	"40"	""	""	""	"false"	"false"	"false"	"false"	""	""	"Assembly"	""
"API_OUTBOUND_DELIVERY_V2"	"API_OUTBOUND_DELIVERY_SRV"	"A_MaintenanceItemObjectType"	"Equipment"	"Edm.String"	"false"	"18"	""	""	""	"false"	"false"	"false"	"false"	""	""	"Equipment"	""
"API_OUTBOUND_DELIVERY_V2"	"API_OUTBOUND_DELIVERY_SRV"	"A_MaintenanceItemObjectType"	"FunctionalLocation"	"Edm.String"	"false"	"30"	""	""	""	"false"	"false"	"false"	"false"	""	""	"Functional loc."	""
"API_OUTBOUND_DELIVERY_V2"	"API_OUTBOUND_DELIVERY_SRV"	"A_MaintenanceItemObjectType"	"MaintenanceItemObject"	"Edm.Int32"	"false"	""	""	""	"X"	"false"	"false"	"false"	"false"	""	""	"Object counters"	""
"API_OUTBOUND_DELIVERY_V2"	"API_OUTBOUND_DELIVERY_SRV"	"A_MaintenanceItemObjectType"	"MaintenanceItemObjectList"	"Edm.Int64"	"false"	""	""	""	"X"	"false"	"false"	"false"	"false"	""	""	"Object list"	""
"API_OUTBOUND_DELIVERY_V2"	"API_OUTBOUND_DELIVERY_SRV"	"A_MaintenanceItemObjectType"	"MaintenanceNotification"	"Edm.String"	"false"	"12"	""	""	""	"false"	"false"	"false"	"false"	""	""	"Notification"	""
"API_OUTBOUND_DELIVERY_V2"	"API_OUTBOUND_DELIVERY_SRV"	"A_MaintenanceItemObjectType"	"MaintObjectLocAcctAssgmtNmbr"	"Edm.String"	"false"	"12"	""	""	""	"false"	"false"	"false"	"false"	""	""	"Loc/AccAssmt"	""
"API_OUTBOUND_DELIVERY_V2"	"API_OUTBOUND_DELIVERY_SRV"	"A_MaintenanceItemObjectType"	"Material"	"Edm.String"	"false"	"40"	""	""	""	"false"	"false"	"false"	"false"	""	""	"Material"	""
"API_OUTBOUND_DELIVERY_V2"	"API_OUTBOUND_DELIVERY_SRV"	"A_MaintenanceItemObjectType"	"SerialNumber"	"Edm.String"	"false"	"18"	""	""	""	""	"false"	"false"	"false"	""	""	"Serial Number"	""
"API_OUTBOUND_DELIVERY_V2"	"API_OUTBOUND_DELIVERY_SRV"	"A_SerialNmbrDeliveryType"	"DeliveryDate"	"Edm.DateTime"	"false"	""	"7"	""	""	"false"	"false"	"false"	"false"	""	""	"Date"	""
"API_OUTBOUND_DELIVERY_V2"	"API_OUTBOUND_DELIVERY_SRV"	"A_SerialNmbrDeliveryType"	"DeliveryDocument"	"Edm.String"	"false"	"10"	""	""	""	"false"	"false"	"false"	"false"	""	""	"Delivery"	""
"API_OUTBOUND_DELIVERY_V2"	"API_OUTBOUND_DELIVERY_SRV"	"A_SerialNmbrDeliveryType"	"DeliveryDocumentItem"	"Edm.String"	"false"	"6"	""	""	""	"false"	"false"	"false"	"false"	""	""	"Item"	""
"API_OUTBOUND_DELIVERY_V2"	"API_OUTBOUND_DELIVERY_SRV"	"A_SerialNmbrDeliveryType"	"MaintenanceItemObjectList"	"Edm.Int64"	"false"	""	""	""	"X"	"false"	"false"	"false"	"false"	""	""	"Object list"	""
"API_OUTBOUND_DELIVERY_V2"	"API_OUTBOUND_DELIVERY_SRV"	"A_SerialNmbrDeliveryType"	"SDDocumentCategory"	"Edm.String"	"false"	"4"	""	""	""	"false"	"false"	"false"	"false"	""	""	"Document Cat."	""
"API_OUTBOUND_DELIVERY_V2"	"API_OUTBOUND_DELIVERY_SRV"	"A_OutbDeliveryPartnerType"	"AddressID"	"Edm.String"	"false"	"10"	""	""	""	"false"	"false"	"false"	"false"	""	""	"Address Number"	""
"API_OUTBOUND_DELIVERY_V2"	"API_OUTBOUND_DELIVERY_SRV"	"A_OutbDeliveryPartnerType"	"BusinessPartnerAddressUUID"	"Edm.Guid"	"false"	""	""	""	""	"false"	"false"	"false"	"false"	""	""	"GUID of a Business Partner Address"	""
"API_OUTBOUND_DELIVERY_V2"	"API_OUTBOUND_DELIVERY_SRV"	"A_OutbDeliveryPartnerType"	"RefBusinessPartnerAddressUUID"	"Edm.Guid"	"false"	""	""	""	""	"false"	"false"	"false"	"false"	""	""	"GUID of a Business Partner Address"	""
"API_OUTBOUND_DELIVERY_V2"	"API_OUTBOUND_DELIVERY_SRV"	"A_OutbDeliveryPartnerType"	"ContactPerson"	"Edm.String"	"false"	"10"	""	""	""	"false"	"false"	"false"	"false"	""	""	"Contact Person"	""
"API_OUTBOUND_DELIVERY_V2"	"API_OUTBOUND_DELIVERY_SRV"	"A_OutbDeliveryPartnerType"	"Customer"	"Edm.String"	"false"	"10"	""	""	""	"false"	"false"	"false"	"false"	""	""	"Customer"	""
"API_OUTBOUND_DELIVERY_V2"	"API_OUTBOUND_DELIVERY_SRV"	"A_OutbDeliveryPartnerType"	"PartnerFunction"	"Edm.String"	"false"	"2"	""	""	"X"	"false"	"false"	"false"	"false"	""	""	"Partner Functn"	""
"API_OUTBOUND_DELIVERY_V2"	"API_OUTBOUND_DELIVERY_SRV"	"A_OutbDeliveryPartnerType"	"Personnel"	"Edm.String"	"false"	"8"	""	""	""	"false"	"false"	"false"	"false"	""	""	"Personnel No."	""
"API_OUTBOUND_DELIVERY_V2"	"API_OUTBOUND_DELIVERY_SRV"	"A_OutbDeliveryPartnerType"	"SDDocument"	"Edm.String"	"false"	"10"	""	""	"X"	"false"	"false"	"false"	"false"	""	""	"SD Document"	""
"API_OUTBOUND_DELIVERY_V2"	"API_OUTBOUND_DELIVERY_SRV"	"A_OutbDeliveryPartnerType"	"SDDocumentItem"	"Edm.String"	"false"	"6"	""	""	""	"false"	"false"	"false"	"false"	""	""	"Item"	""
"API_OUTBOUND_DELIVERY_V2"	"API_OUTBOUND_DELIVERY_SRV"	"A_OutbDeliveryPartnerType"	"Supplier"	"Edm.String"	"false"	"10"	""	""	""	"false"	"false"	"false"	"false"	""	""	"Supplier"	""
"API_OUTBOUND_DELIVERY_V2"	"API_OUTBOUND_DELIVERY_SRV"	"A_OutbDeliveryAddressType"	"AdditionalStreetPrefixName"	"Edm.String"	"false"	"40"	""	""	""	"false"	"false"	"false"	"false"	""	""	"Street 3"	""
"API_OUTBOUND_DELIVERY_V2"	"API_OUTBOUND_DELIVERY_SRV"	"A_OutbDeliveryAddressType"	"AdditionalStreetSuffixName"	"Edm.String"	"false"	"40"	""	""	""	"false"	"false"	"false"	"false"	""	""	"Street 5"	""
"API_OUTBOUND_DELIVERY_V2"	"API_OUTBOUND_DELIVERY_SRV"	"A_OutbDeliveryAddressType"	"AddressID"	"Edm.String"	"false"	"10"	""	""	"X"	"false"	"false"	"false"	"false"	""	""	"Address Number"	""
"API_OUTBOUND_DELIVERY_V2"	"API_OUTBOUND_DELIVERY_SRV"	"A_OutbDeliveryAddressType"	"AddressTimeZone"	"Edm.String"	"false"	"6"	""	""	""	"false"	"false"	"false"	"false"	""	""	"Time zone"	""
"API_OUTBOUND_DELIVERY_V2"	"API_OUTBOUND_DELIVERY_SRV"	"A_OutbDeliveryAddressType"	"Building"	"Edm.String"	"false"	"20"	""	""	""	"false"	"false"	"false"	"false"	""	""	"Building Code"	""
"API_OUTBOUND_DELIVERY_V2"	"API_OUTBOUND_DELIVERY_SRV"	"A_OutbDeliveryAddressType"	"BusinessPartnerName1"	"Edm.String"	"false"	"40"	""	""	""	"false"	"false"	"false"	"false"	""	""	"Name"	""
"API_OUTBOUND_DELIVERY_V2"	"API_OUTBOUND_DELIVERY_SRV"	"A_OutbDeliveryAddressType"	"BusinessPartnerName2"	"Edm.String"	"false"	"40"	""	""	""	"false"	"false"	"false"	"false"	""	""	"Name 2"	""
"API_OUTBOUND_DELIVERY_V2"	"API_OUTBOUND_DELIVERY_SRV"	"A_OutbDeliveryAddressType"	"BusinessPartnerName3"	"Edm.String"	"false"	"40"	""	""	""	"false"	"false"	"false"	"false"	""	""	"Name 3"	""
"API_OUTBOUND_DELIVERY_V2"	"API_OUTBOUND_DELIVERY_SRV"	"A_OutbDeliveryAddressType"	"BusinessPartnerName4"	"Edm.String"	"false"	"40"	""	""	""	"false"	"false"	"false"	"false"	""	""	"Name 4"	""
"API_OUTBOUND_DELIVERY_V2"	"API_OUTBOUND_DELIVERY_SRV"	"A_OutbDeliveryAddressType"	"CareOfName"	"Edm.String"	"false"	"40"	""	""	""	"false"	"false"	"false"	"false"	""	""	"c/o"	""
"API_OUTBOUND_DELIVERY_V2"	"API_OUTBOUND_DELIVERY_SRV"	"A_OutbDeliveryAddressType"	"CityCode"	"Edm.String"	"false"	"12"	""	""	""	"false"	"false"	"false"	"false"	""	""	"City Code"	""
"API_OUTBOUND_DELIVERY_V2"	"API_OUTBOUND_DELIVERY_SRV"	"A_OutbDeliveryAddressType"	"CityName"	"Edm.String"	"false"	"40"	""	""	""	"false"	"false"	"false"	"false"	""	""	"City"	""
"API_OUTBOUND_DELIVERY_V2"	"API_OUTBOUND_DELIVERY_SRV"	"A_OutbDeliveryAddressType"	"CitySearch"	"Edm.String"	"false"	"25"	""	""	""	"false"	"false"	"false"	"false"	""	""	"City"	""
"API_OUTBOUND_DELIVERY_V2"	"API_OUTBOUND_DELIVERY_SRV"	"A_OutbDeliveryAddressType"	"CompanyPostalCode"	"Edm.String"	"false"	"10"	""	""	""	"false"	"false"	"false"	"false"	""	""	"Company Post Cd"	""
"API_OUTBOUND_DELIVERY_V2"	"API_OUTBOUND_DELIVERY_SRV"	"A_OutbDeliveryAddressType"	"CorrespondenceLanguage"	"Edm.String"	"false"	"2"	""	""	""	"false"	"false"	"false"	"false"	""	""	"Language"	""
"API_OUTBOUND_DELIVERY_V2"	"API_OUTBOUND_DELIVERY_SRV"	"A_OutbDeliveryAddressType"	"Country"	"Edm.String"	"false"	"3"	""	""	""	"false"	"false"	"false"	"false"	""	""	"Country/Reg."	""
"API_OUTBOUND_DELIVERY_V2"	"API_OUTBOUND_DELIVERY_SRV"	"A_OutbDeliveryAddressType"	"County"	"Edm.String"	"false"	"40"	""	""	""	"false"	"false"	"false"	"false"	""	""	"County"	""
"API_OUTBOUND_DELIVERY_V2"	"API_OUTBOUND_DELIVERY_SRV"	"A_OutbDeliveryAddressType"	"DeliveryServiceNumber"	"Edm.String"	"false"	"10"	""	""	""	"false"	"false"	"false"	"false"	""	""	"Delivery Service No."	""
"API_OUTBOUND_DELIVERY_V2"	"API_OUTBOUND_DELIVERY_SRV"	"A_OutbDeliveryAddressType"	"DeliveryServiceTypeCode"	"Edm.String"	"false"	"4"	""	""	""	"false"	"false"	"false"	"false"	""	""	"Delvry Serv Type"	""
"API_OUTBOUND_DELIVERY_V2"	"API_OUTBOUND_DELIVERY_SRV"	"A_OutbDeliveryAddressType"	"District"	"Edm.String"	"false"	"40"	""	""	""	"false"	"false"	"false"	"false"	""	""	"District"	""
"API_OUTBOUND_DELIVERY_V2"	"API_OUTBOUND_DELIVERY_SRV"	"A_OutbDeliveryAddressType"	"FaxNumber"	"Edm.String"	"false"	"30"	""	""	""	"false"	"false"	"false"	"false"	""	""	"Fax"	""
"API_OUTBOUND_DELIVERY_V2"	"API_OUTBOUND_DELIVERY_SRV"	"A_OutbDeliveryAddressType"	"Floor"	"Edm.String"	"false"	"10"	""	""	""	"false"	"false"	"false"	"false"	""	""	"Floor"	""
"API_OUTBOUND_DELIVERY_V2"	"API_OUTBOUND_DELIVERY_SRV"	"A_OutbDeliveryAddressType"	"FormOfAddress"	"Edm.String"	"false"	"4"	""	""	""	"false"	"false"	"false"	"false"	""	""	"Title"	""
"API_OUTBOUND_DELIVERY_V2"	"API_OUTBOUND_DELIVERY_SRV"	"A_OutbDeliveryAddressType"	"FullName"	"Edm.String"	"false"	"80"	""	""	""	"false"	"false"	"false"	"false"	""	""	"Full Name"	""
"API_OUTBOUND_DELIVERY_V2"	"API_OUTBOUND_DELIVERY_SRV"	"A_OutbDeliveryAddressType"	"HomeCityName"	"Edm.String"	"false"	"40"	""	""	""	"false"	"false"	"false"	"false"	""	""	"Different City"	""
"API_OUTBOUND_DELIVERY_V2"	"API_OUTBOUND_DELIVERY_SRV"	"A_OutbDeliveryAddressType"	"HouseNumber"	"Edm.String"	"false"	"10"	""	""	""	"false"	"false"	"false"	"false"	""	""	"House Number"	""
"API_OUTBOUND_DELIVERY_V2"	"API_OUTBOUND_DELIVERY_SRV"	"A_OutbDeliveryAddressType"	"HouseNumberSupplementText"	"Edm.String"	"false"	"10"	""	""	""	"false"	"false"	"false"	"false"	""	""	"Supplement"	""
"API_OUTBOUND_DELIVERY_V2"	"API_OUTBOUND_DELIVERY_SRV"	"A_OutbDeliveryAddressType"	"Nation"	"Edm.String"	"false"	"1"	""	""	""	"false"	"false"	"false"	"false"	""	""	"Address Version"	""
"API_OUTBOUND_DELIVERY_V2"	"API_OUTBOUND_DELIVERY_SRV"	"A_OutbDeliveryAddressType"	"Person"	"Edm.String"	"false"	"10"	""	""	""	"false"	"false"	"false"	"false"	""	""	"Person Number"	""
"API_OUTBOUND_DELIVERY_V2"	"API_OUTBOUND_DELIVERY_SRV"	"A_OutbDeliveryAddressType"	"PhoneNumber"	"Edm.String"	"false"	"30"	""	""	""	"false"	"false"	"false"	"false"	""	""	"Telephone"	""
"API_OUTBOUND_DELIVERY_V2"	"API_OUTBOUND_DELIVERY_SRV"	"A_OutbDeliveryAddressType"	"POBox"	"Edm.String"	"false"	"10"	""	""	"X"	"false"	"false"	"false"	"false"	""	""	"PO Box"	""
"API_OUTBOUND_DELIVERY_V2"	"API_OUTBOUND_DELIVERY_SRV"	"A_OutbDeliveryAddressType"	"POBoxDeviatingCityName"	"Edm.String"	"false"	"40"	""	""	""	"false"	"false"	"false"	"false"	""	""	"PO Box City"	""
"API_OUTBOUND_DELIVERY_V2"	"API_OUTBOUND_DELIVERY_SRV"	"A_OutbDeliveryAddressType"	"POBoxDeviatingCountry"	"Edm.String"	"false"	"3"	""	""	"X"	"false"	"false"	"false"	"false"	""	""	"PO Box C/R"	""
"API_OUTBOUND_DELIVERY_V2"	"API_OUTBOUND_DELIVERY_SRV"	"A_OutbDeliveryAddressType"	"POBoxDeviatingRegion"	"Edm.String"	"false"	"3"	""	""	""	"false"	"false"	"false"	"false"	""	""	"PO Region"	""
"API_OUTBOUND_DELIVERY_V2"	"API_OUTBOUND_DELIVERY_SRV"	"A_OutbDeliveryAddressType"	"POBoxIsWithoutNumber"	"Edm.Boolean"	"false"	""	""	""	""	"false"	"false"	"false"	"false"	""	""	"PO Box w/o No."	""
"API_OUTBOUND_DELIVERY_V2"	"API_OUTBOUND_DELIVERY_SRV"	"A_OutbDeliveryAddressType"	"POBoxLobbyName"	"Edm.String"	"false"	"40"	""	""	""	"false"	"false"	"false"	"false"	""	""	"PO Box Lobby"	""
"API_OUTBOUND_DELIVERY_V2"	"API_OUTBOUND_DELIVERY_SRV"	"A_OutbDeliveryAddressType"	"POBoxPostalCode"	"Edm.String"	"false"	"10"	""	""	""	"false"	"false"	"false"	"false"	""	""	"PO Box Post Cde"	""
"API_OUTBOUND_DELIVERY_V2"	"API_OUTBOUND_DELIVERY_SRV"	"A_OutbDeliveryAddressType"	"PostalCode"	"Edm.String"	"false"	"10"	""	""	""	"false"	"false"	"false"	"false"	""	""	"Postal Code"	""
"API_OUTBOUND_DELIVERY_V2"	"API_OUTBOUND_DELIVERY_SRV"	"A_OutbDeliveryAddressType"	"PrfrdCommMediumType"	"Edm.String"	"false"	"3"	""	""	""	"false"	"false"	"false"	"false"	""	""	"Comm. Method"	""
"API_OUTBOUND_DELIVERY_V2"	"API_OUTBOUND_DELIVERY_SRV"	"A_OutbDeliveryAddressType"	"Region"	"Edm.String"	"false"	"3"	""	""	""	"false"	"false"	"false"	"false"	""	""	"Region"	""
"API_OUTBOUND_DELIVERY_V2"	"API_OUTBOUND_DELIVERY_SRV"	"A_OutbDeliveryAddressType"	"RoomNumber"	"Edm.String"	"false"	"10"	""	""	""	"false"	"false"	"false"	"false"	""	""	"Room Number"	""
"API_OUTBOUND_DELIVERY_V2"	"API_OUTBOUND_DELIVERY_SRV"	"A_OutbDeliveryAddressType"	"SearchTerm1"	"Edm.String"	"false"	"20"	""	""	""	"false"	"false"	"false"	"false"	""	""	"Search Term 1"	""
"API_OUTBOUND_DELIVERY_V2"	"API_OUTBOUND_DELIVERY_SRV"	"A_OutbDeliveryAddressType"	"StreetName"	"Edm.String"	"false"	"60"	""	""	""	"false"	"false"	"false"	"false"	""	""	"Street"	""
"API_OUTBOUND_DELIVERY_V2"	"API_OUTBOUND_DELIVERY_SRV"	"A_OutbDeliveryAddressType"	"StreetPrefixName"	"Edm.String"	"false"	"40"	""	""	""	"false"	"false"	"false"	"false"	""	""	"Street 2"	""
"API_OUTBOUND_DELIVERY_V2"	"API_OUTBOUND_DELIVERY_SRV"	"A_OutbDeliveryAddressType"	"StreetSearch"	"Edm.String"	"false"	"25"	""	""	""	"false"	"false"	"false"	"false"	""	""	"Street"	""
"API_OUTBOUND_DELIVERY_V2"	"API_OUTBOUND_DELIVERY_SRV"	"A_OutbDeliveryAddressType"	"StreetSuffixName"	"Edm.String"	"false"	"40"	""	""	""	"false"	"false"	"false"	"false"	""	""	"Street 4"	""
"API_OUTBOUND_DELIVERY_V2"	"API_OUTBOUND_DELIVERY_SRV"	"A_OutbDeliveryAddressType"	"TaxJurisdiction"	"Edm.String"	"false"	"15"	""	""	""	"false"	"false"	"false"	"false"	""	""	"Tax Jurisdiction"	""
"API_OUTBOUND_DELIVERY_V2"	"API_OUTBOUND_DELIVERY_SRV"	"A_OutbDeliveryAddressType"	"TransportZone"	"Edm.String"	"false"	"10"	""	""	""	"false"	"false"	"false"	"false"	""	""	"Transport Zone"	""
"API_PURCHASEORDER_PROCESS"	"API_PURCHASEORDER_PROCESS_SRV"	"A_POSubcontractingComponentType"	"PurchaseOrder"	"Edm.String"	"false"	"10"	""	""	"X"	""	""	""	""	""	""	"Purchasing Document"	""
"API_PURCHASEORDER_PROCESS"	"API_PURCHASEORDER_PROCESS_SRV"	"A_POSubcontractingComponentType"	"PurchaseOrderItem"	"Edm.String"	"false"	"5"	""	""	"X"	""	""	""	""	""	""	"Purchasing Document Item"	""
"API_PURCHASEORDER_PROCESS"	"API_PURCHASEORDER_PROCESS_SRV"	"A_POSubcontractingComponentType"	"ScheduleLine"	"Edm.String"	"false"	"4"	""	""	"X"	""	""	""	""	""	""	"Schedule Line"	""
"API_PURCHASEORDER_PROCESS"	"API_PURCHASEORDER_PROCESS_SRV"	"A_POSubcontractingComponentType"	"ReservationItem"	"Edm.String"	"false"	"4"	""	""	"X"	"false"	""	""	""	""	""	"Reservation Item"	""
"API_PURCHASEORDER_PROCESS"	"API_PURCHASEORDER_PROCESS_SRV"	"A_POSubcontractingComponentType"	"RecordType"	"Edm.String"	"false"	"1"	""	""	"X"	"false"	""	""	""	""	""	"Reservation Record Type"	""
"API_PURCHASEORDER_PROCESS"	"API_PURCHASEORDER_PROCESS_SRV"	"A_POSubcontractingComponentType"	"Material"	"Edm.String"	""	"40"	""	""	""	""	""	""	""	""	""	"Material"	""
"API_PURCHASEORDER_PROCESS"	"API_PURCHASEORDER_PROCESS_SRV"	"A_POSubcontractingComponentType"	"BOMItemDescription"	"Edm.String"	""	"40"	""	""	""	"false"	"false"	""	""	""	""	"BOM Item Text"	""
"API_PURCHASEORDER_PROCESS"	"API_PURCHASEORDER_PROCESS_SRV"	"A_POSubcontractingComponentType"	"RequiredQuantity"	"Edm.Decimal"	""	""	"13"	"3"	""	"false"	"false"	""	""	""	"BaseUnit"	"Requirement Quantity"	""
"API_PURCHASEORDER_PROCESS"	"API_PURCHASEORDER_PROCESS_SRV"	"A_POSubcontractingComponentType"	"BaseUnit"	"Edm.String"	""	"3"	""	""	""	"false"	"false"	""	""	""	""	"Base Unit of Measure"	""
"API_PURCHASEORDER_PROCESS"	"API_PURCHASEORDER_PROCESS_SRV"	"A_POSubcontractingComponentType"	"RequirementDate"	"Edm.DateTime"	""	""	"0"	""	""	""	""	""	""	""	""	"Requirement Date"	""
"API_PURCHASEORDER_PROCESS"	"API_PURCHASEORDER_PROCESS_SRV"	"A_POSubcontractingComponentType"	"QuantityInEntryUnit"	"Edm.Decimal"	""	""	"13"	"3"	""	""	""	""	""	""	"EntryUnit"	"Quantity in Unit of Entry"	""
"API_PURCHASEORDER_PROCESS"	"API_PURCHASEORDER_PROCESS_SRV"	"A_POSubcontractingComponentType"	"EntryUnit"	"Edm.String"	""	"3"	""	""	""	""	""	""	""	""	""	"Unit of Entry"	""
"API_PURCHASEORDER_PROCESS"	"API_PURCHASEORDER_PROCESS_SRV"	"A_POSubcontractingComponentType"	"WithdrawnQuantity"	"Edm.Decimal"	""	""	"13"	"3"	""	"false"	"false"	""	""	""	"BaseUnit"	"Withdrawn Quantity"	""
"API_PURCHASEORDER_PROCESS"	"API_PURCHASEORDER_PROCESS_SRV"	"A_POSubcontractingComponentType"	"Plant"	"Edm.String"	""	"4"	""	""	""	""	""	""	""	""	""	"Plant"	""
"API_PURCHASEORDER_PROCESS"	"API_PURCHASEORDER_PROCESS_SRV"	"A_POSubcontractingComponentType"	"Batch"	"Edm.String"	""	"10"	""	""	""	"false"	"false"	""	""	""	""	"Batch"	""
"API_PURCHASEORDER_PROCESS"	"API_PURCHASEORDER_PROCESS_SRV"	"A_PurchaseOrderType"	"PurchaseOrder"	"Edm.String"	"false"	"10"	""	""	"X"	""	""	""	""	""	""	"Purchase Order"	""
"API_PURCHASEORDER_PROCESS"	"API_PURCHASEORDER_PROCESS_SRV"	"A_PurchaseOrderType"	"CompanyCode"	"Edm.String"	""	"4"	""	""	""	""	""	""	""	""	""	"Company Code"	""
"API_PURCHASEORDER_PROCESS"	"API_PURCHASEORDER_PROCESS_SRV"	"A_PurchaseOrderType"	"PurchaseOrderType"	"Edm.String"	""	"4"	""	""	""	""	""	""	""	""	""	"Purchasing Doc. Type"	""
"API_PURCHASEORDER_PROCESS"	"API_PURCHASEORDER_PROCESS_SRV"	"A_PurchaseOrderType"	"PurchasingDocumentDeletionCode"	"Edm.String"	""	"1"	""	""	""	"false"	"false"	""	""	""	""	"Deletion Code"	""
"API_PURCHASEORDER_PROCESS"	"API_PURCHASEORDER_PROCESS_SRV"	"A_PurchaseOrderType"	"PurchasingProcessingStatus"	"Edm.String"	""	"2"	""	""	""	"false"	"false"	""	""	""	""	"Proc. State"	""
"API_PURCHASEORDER_PROCESS"	"API_PURCHASEORDER_PROCESS_SRV"	"A_PurchaseOrderType"	"CreatedByUser"	"Edm.String"	""	"12"	""	""	""	"false"	"false"	""	""	""	""	"Created By"	""
"API_PURCHASEORDER_PROCESS"	"API_PURCHASEORDER_PROCESS_SRV"	"A_PurchaseOrderType"	"CreationDate"	"Edm.DateTime"	""	""	"0"	""	""	"false"	"false"	""	""	""	""	"Created On"	""
"API_PURCHASEORDER_PROCESS"	"API_PURCHASEORDER_PROCESS_SRV"	"A_PurchaseOrderType"	"LastChangeDateTime"	"Edm.DateTimeOffset"	""	""	"7"	""	""	"false"	"false"	""	""	""	""	"Last Changed"	""
"API_PURCHASEORDER_PROCESS"	"API_PURCHASEORDER_PROCESS_SRV"	"A_PurchaseOrderType"	"Supplier"	"Edm.String"	""	"10"	""	""	""	""	""	""	""	""	""	"Supplier"	""
"API_PURCHASEORDER_PROCESS"	"API_PURCHASEORDER_PROCESS_SRV"	"A_PurchaseOrderType"	"PurchaseOrderSubtype"	"Edm.String"	""	"1"	""	""	""	"false"	"false"	""	""	""	""	"Control indicator"	""
"API_PURCHASEORDER_PROCESS"	"API_PURCHASEORDER_PROCESS_SRV"	"A_PurchaseOrderType"	"Language"	"Edm.String"	""	"2"	""	""	""	""	""	""	""	""	""	"Language Key"	""
"API_PURCHASEORDER_PROCESS"	"API_PURCHASEORDER_PROCESS_SRV"	"A_PurchaseOrderType"	"PaymentTerms"	"Edm.String"	""	"4"	""	""	""	""	""	""	""	""	""	"Payment Terms"	""
"API_PURCHASEORDER_PROCESS"	"API_PURCHASEORDER_PROCESS_SRV"	"A_PurchaseOrderType"	"CashDiscount1Days"	"Edm.Decimal"	""	""	"3"	"0"	""	""	""	""	""	""	""	"Days 1"	""
"API_PURCHASEORDER_PROCESS"	"API_PURCHASEORDER_PROCESS_SRV"	"A_PurchaseOrderType"	"CashDiscount2Days"	"Edm.Decimal"	""	""	"3"	"0"	""	""	""	""	""	""	""	"Days 2"	""
"API_PURCHASEORDER_PROCESS"	"API_PURCHASEORDER_PROCESS_SRV"	"A_PurchaseOrderType"	"NetPaymentDays"	"Edm.Decimal"	""	""	"3"	"0"	""	""	""	""	""	""	""	"Days Net"	""
"API_PURCHASEORDER_PROCESS"	"API_PURCHASEORDER_PROCESS_SRV"	"A_PurchaseOrderType"	"CashDiscount1Percent"	"Edm.Decimal"	""	""	"5"	"3"	""	""	""	""	""	""	""	"CD Percentage 1"	""
"API_PURCHASEORDER_PROCESS"	"API_PURCHASEORDER_PROCESS_SRV"	"A_PurchaseOrderType"	"CashDiscount2Percent"	"Edm.Decimal"	""	""	"5"	"3"	""	""	""	""	""	""	""	"CD Percentage 2"	""
"API_PURCHASEORDER_PROCESS"	"API_PURCHASEORDER_PROCESS_SRV"	"A_PurchaseOrderType"	"PurchasingOrganization"	"Edm.String"	""	"4"	""	""	""	""	""	""	""	""	""	"Purch. Organization"	""
"API_PURCHASEORDER_PROCESS"	"API_PURCHASEORDER_PROCESS_SRV"	"A_PurchaseOrderType"	"PurchasingDocumentOrigin"	"Edm.String"	""	"1"	""	""	""	"false"	"false"	""	""	""	""	"Status"	""
"API_PURCHASEORDER_PROCESS"	"API_PURCHASEORDER_PROCESS_SRV"	"A_PurchaseOrderType"	"PurchasingGroup"	"Edm.String"	""	"3"	""	""	""	""	""	""	""	""	""	"Purchasing Group"	""
"API_PURCHASEORDER_PROCESS"	"API_PURCHASEORDER_PROCESS_SRV"	"A_PurchaseOrderType"	"PurchaseOrderDate"	"Edm.DateTime"	""	""	"0"	""	""	""	""	""	""	""	""	"Purchase Order Date"	""
"API_PURCHASEORDER_PROCESS"	"API_PURCHASEORDER_PROCESS_SRV"	"A_PurchaseOrderType"	"DocumentCurrency"	"Edm.String"	""	"5"	""	""	""	""	""	""	""	""	""	"Currency"	""
"API_PURCHASEORDER_PROCESS"	"API_PURCHASEORDER_PROCESS_SRV"	"A_PurchaseOrderType"	"ExchangeRate"	"Edm.String"	""	"12"	""	""	""	""	""	""	""	""	""	""	""
"API_PURCHASEORDER_PROCESS"	"API_PURCHASEORDER_PROCESS_SRV"	"A_PurchaseOrderType"	"ExchangeRateIsFixed"	"Edm.Boolean"	""	""	""	""	""	""	""	""	""	""	""	"Fixed Exchange Rate"	""
"API_PURCHASEORDER_PROCESS"	"API_PURCHASEORDER_PROCESS_SRV"	"A_PurchaseOrderType"	"ValidityStartDate"	"Edm.DateTime"	""	""	"0"	""	""	""	""	""	""	""	""	"Validity Per. Start"	""
"API_PURCHASEORDER_PROCESS"	"API_PURCHASEORDER_PROCESS_SRV"	"A_PurchaseOrderType"	"ValidityEndDate"	"Edm.DateTime"	""	""	"0"	""	""	""	""	""	""	""	""	"Validity Period End"	""
"API_PURCHASEORDER_PROCESS"	"API_PURCHASEORDER_PROCESS_SRV"	"A_PurchaseOrderType"	"SupplierQuotationExternalID"	"Edm.String"	""	"10"	""	""	""	""	""	""	""	""	""	"Quotation"	""
"API_PURCHASEORDER_PROCESS"	"API_PURCHASEORDER_PROCESS_SRV"	"A_PurchaseOrderType"	"PurchasingCollectiveNumber"	"Edm.String"	""	"10"	""	""	""	""	""	""	""	""	""	"Collective Number"	""
"API_PURCHASEORDER_PROCESS"	"API_PURCHASEORDER_PROCESS_SRV"	"A_PurchaseOrderType"	"SupplierRespSalesPersonName"	"Edm.String"	""	"30"	""	""	""	""	""	""	""	""	""	"Salesperson"	""
"API_PURCHASEORDER_PROCESS"	"API_PURCHASEORDER_PROCESS_SRV"	"A_PurchaseOrderType"	"SupplierPhoneNumber"	"Edm.String"	""	"16"	""	""	""	""	""	""	""	""	""	"Supplier Phone"	""
"API_PURCHASEORDER_PROCESS"	"API_PURCHASEORDER_PROCESS_SRV"	"A_PurchaseOrderType"	"SupplyingSupplier"	"Edm.String"	""	"10"	""	""	""	""	""	""	""	""	""	"Goods Supplier"	""
"API_PURCHASEORDER_PROCESS"	"API_PURCHASEORDER_PROCESS_SRV"	"A_PurchaseOrderType"	"SupplyingPlant"	"Edm.String"	""	"4"	""	""	""	""	""	""	""	""	""	"Supplying Plant"	""
"API_PURCHASEORDER_PROCESS"	"API_PURCHASEORDER_PROCESS_SRV"	"A_PurchaseOrderType"	"IncotermsClassification"	"Edm.String"	""	"3"	""	""	""	""	""	""	""	""	""	"Incoterms"	""
"API_PURCHASEORDER_PROCESS"	"API_PURCHASEORDER_PROCESS_SRV"	"A_PurchaseOrderType"	"CorrespncExternalReference"	"Edm.String"	""	"12"	""	""	""	""	""	""	""	""	""	"Your Reference"	""
"API_PURCHASEORDER_PROCESS"	"API_PURCHASEORDER_PROCESS_SRV"	"A_PurchaseOrderType"	"CorrespncInternalReference"	"Edm.String"	""	"12"	""	""	""	""	""	""	""	""	""	"Our Reference"	""
"API_PURCHASEORDER_PROCESS"	"API_PURCHASEORDER_PROCESS_SRV"	"A_PurchaseOrderType"	"InvoicingParty"	"Edm.String"	""	"10"	""	""	""	""	""	""	""	""	""	"Invoicing Party"	""
"API_PURCHASEORDER_PROCESS"	"API_PURCHASEORDER_PROCESS_SRV"	"A_PurchaseOrderType"	"ReleaseIsNotCompleted"	"Edm.Boolean"	""	""	""	""	""	"false"	"false"	""	""	""	""	"Subject to Release"	""
"API_PURCHASEORDER_PROCESS"	"API_PURCHASEORDER_PROCESS_SRV"	"A_PurchaseOrderType"	"PurchasingCompletenessStatus"	"Edm.Boolean"	""	""	""	""	""	""	""	""	""	""	""	"Incomplete"	""
"API_PURCHASEORDER_PROCESS"	"API_PURCHASEORDER_PROCESS_SRV"	"A_PurchaseOrderType"	"IncotermsVersion"	"Edm.String"	""	"4"	""	""	""	""	""	""	""	""	""	"Incoterms Version"	""
"API_PURCHASEORDER_PROCESS"	"API_PURCHASEORDER_PROCESS_SRV"	"A_PurchaseOrderType"	"IncotermsLocation1"	"Edm.String"	""	"70"	""	""	""	""	""	""	""	""	""	"Incoterms Location 1"	""
"API_PURCHASEORDER_PROCESS"	"API_PURCHASEORDER_PROCESS_SRV"	"A_PurchaseOrderType"	"IncotermsLocation2"	"Edm.String"	""	"70"	""	""	""	""	""	""	""	""	""	"Incoterms Location 2"	""
"API_PURCHASEORDER_PROCESS"	"API_PURCHASEORDER_PROCESS_SRV"	"A_PurchaseOrderType"	"ManualSupplierAddressID"	"Edm.String"	""	"10"	""	""	""	"false"	"false"	""	""	""	""	"Address Number"	""
"API_PURCHASEORDER_PROCESS"	"API_PURCHASEORDER_PROCESS_SRV"	"A_PurchaseOrderType"	"IsEndOfPurposeBlocked"	"Edm.String"	""	"1"	""	""	""	"false"	"false"	""	""	""	""	"Busin. Purp. Cmpltd."	""
"API_PURCHASEORDER_PROCESS"	"API_PURCHASEORDER_PROCESS_SRV"	"A_PurchaseOrderType"	"AddressCityName"	"Edm.String"	""	"40"	""	""	""	""	""	""	""	""	""	"City"	""
"API_PURCHASEORDER_PROCESS"	"API_PURCHASEORDER_PROCESS_SRV"	"A_PurchaseOrderType"	"AddressFaxNumber"	"Edm.String"	""	"30"	""	""	""	""	""	""	""	""	""	"Fax"	""
"API_PURCHASEORDER_PROCESS"	"API_PURCHASEORDER_PROCESS_SRV"	"A_PurchaseOrderType"	"AddressHouseNumber"	"Edm.String"	""	"10"	""	""	""	""	""	""	""	""	""	"House Number"	""
"API_PURCHASEORDER_PROCESS"	"API_PURCHASEORDER_PROCESS_SRV"	"A_PurchaseOrderType"	"AddressName"	"Edm.String"	""	"40"	""	""	""	""	""	""	""	""	""	"Name"	""
"API_PURCHASEORDER_PROCESS"	"API_PURCHASEORDER_PROCESS_SRV"	"A_PurchaseOrderType"	"AddressPostalCode"	"Edm.String"	""	"10"	""	""	""	""	""	""	""	""	""	"Postal Code"	""
"API_PURCHASEORDER_PROCESS"	"API_PURCHASEORDER_PROCESS_SRV"	"A_PurchaseOrderType"	"AddressStreetName"	"Edm.String"	""	"60"	""	""	""	""	""	""	""	""	""	"Street"	""
"API_PURCHASEORDER_PROCESS"	"API_PURCHASEORDER_PROCESS_SRV"	"A_PurchaseOrderType"	"AddressPhoneNumber"	"Edm.String"	""	"30"	""	""	""	""	""	""	""	""	""	"Telephone"	""
"API_PURCHASEORDER_PROCESS"	"API_PURCHASEORDER_PROCESS_SRV"	"A_PurchaseOrderType"	"AddressRegion"	"Edm.String"	""	"3"	""	""	""	""	""	""	""	""	""	"Region"	""
"API_PURCHASEORDER_PROCESS"	"API_PURCHASEORDER_PROCESS_SRV"	"A_PurchaseOrderType"	"AddressCountry"	"Edm.String"	""	"3"	""	""	""	""	""	""	""	""	""	"Country/Region Key"	""
"API_PURCHASEORDER_PROCESS"	"API_PURCHASEORDER_PROCESS_SRV"	"A_PurchaseOrderType"	"AddressCorrespondenceLanguage"	"Edm.String"	""	"2"	""	""	""	""	""	""	""	""	""	"Language Key"	""
"API_PURCHASEORDER_PROCESS"	"API_PURCHASEORDER_PROCESS_SRV"	"A_PurchaseOrderType"	"PurgAggrgdProdCmplncSuplrSts"	"Edm.String"	""	"1"	""	""	""	"false"	"false"	""	""	""	""	"Supplier Check Sts"	""
"API_PURCHASEORDER_PROCESS"	"API_PURCHASEORDER_PROCESS_SRV"	"A_PurchaseOrderType"	"PurgAggrgdProdMarketabilitySts"	"Edm.String"	""	"1"	""	""	""	"false"	"false"	""	""	""	""	"Prod. Marktablty Sts"	""
"API_PURCHASEORDER_PROCESS"	"API_PURCHASEORDER_PROCESS_SRV"	"A_PurchaseOrderType"	"PurgAggrgdSftyDataSheetStatus"	"Edm.String"	""	"1"	""	""	""	"false"	"false"	""	""	""	""	"Sfty Data Sheet Sts"	""
"API_PURCHASEORDER_PROCESS"	"API_PURCHASEORDER_PROCESS_SRV"	"A_PurchaseOrderType"	"PurgProdCmplncTotDngrsGoodsSts"	"Edm.String"	""	"1"	""	""	""	"false"	"false"	""	""	""	""	"Dangerous Goods Sts"	""
"API_PURCHASEORDER_PROCESS"	"API_PURCHASEORDER_PROCESS_SRV"	"A_PurchaseOrderItemType"	"PurchaseOrder"	"Edm.String"	"false"	"10"	""	""	"X"	""	""	""	""	""	""	"Purchase Order"	""
"API_PURCHASEORDER_PROCESS"	"API_PURCHASEORDER_PROCESS_SRV"	"A_PurchaseOrderItemType"	"PurchaseOrderItem"	"Edm.String"	"false"	"5"	""	""	"X"	""	""	""	""	""	""	"Purchase Order Item"	""
"API_PURCHASEORDER_PROCESS"	"API_PURCHASEORDER_PROCESS_SRV"	"A_PurchaseOrderItemType"	"PurchasingDocumentDeletionCode"	"Edm.String"	""	"1"	""	""	""	"false"	"false"	""	""	""	""	"Deletion Indicator"	""
"API_PURCHASEORDER_PROCESS"	"API_PURCHASEORDER_PROCESS_SRV"	"A_PurchaseOrderItemType"	"PurchaseOrderItemText"	"Edm.String"	""	"40"	""	""	""	""	""	""	""	""	""	"Short Text"	""
"API_PURCHASEORDER_PROCESS"	"API_PURCHASEORDER_PROCESS_SRV"	"A_PurchaseOrderItemType"	"Plant"	"Edm.String"	""	"4"	""	""	""	""	""	""	""	""	""	"Plant"	""
"API_PURCHASEORDER_PROCESS"	"API_PURCHASEORDER_PROCESS_SRV"	"A_PurchaseOrderItemType"	"StorageLocation"	"Edm.String"	""	"4"	""	""	""	""	""	""	""	""	""	"Storage Location"	""
"API_PURCHASEORDER_PROCESS"	"API_PURCHASEORDER_PROCESS_SRV"	"A_PurchaseOrderItemType"	"MaterialGroup"	"Edm.String"	""	"9"	""	""	""	""	""	""	""	""	""	"Material Group"	""
"API_PURCHASEORDER_PROCESS"	"API_PURCHASEORDER_PROCESS_SRV"	"A_PurchaseOrderItemType"	"PurchasingInfoRecord"	"Edm.String"	""	"10"	""	""	""	""	""	""	""	""	""	"Purchasing info rec."	""
"API_PURCHASEORDER_PROCESS"	"API_PURCHASEORDER_PROCESS_SRV"	"A_PurchaseOrderItemType"	"SupplierMaterialNumber"	"Edm.String"	""	"35"	""	""	""	""	""	""	""	""	""	"Supplier Mat. No."	""
"API_PURCHASEORDER_PROCESS"	"API_PURCHASEORDER_PROCESS_SRV"	"A_PurchaseOrderItemType"	"OrderQuantity"	"Edm.Decimal"	""	""	"13"	"3"	""	""	""	""	""	""	"PurchaseOrderQuantityUnit"	"Order Quantity"	""
"API_PURCHASEORDER_PROCESS"	"API_PURCHASEORDER_PROCESS_SRV"	"A_PurchaseOrderItemType"	"PurchaseOrderQuantityUnit"	"Edm.String"	""	"3"	""	""	""	""	""	""	""	""	""	"Order Unit"	""
"API_PURCHASEORDER_PROCESS"	"API_PURCHASEORDER_PROCESS_SRV"	"A_PurchaseOrderItemType"	"OrderPriceUnit"	"Edm.String"	""	"3"	""	""	""	""	""	""	""	""	""	"Order Price Unit"	""
"API_PURCHASEORDER_PROCESS"	"API_PURCHASEORDER_PROCESS_SRV"	"A_PurchaseOrderItemType"	"OrderPriceUnitToOrderUnitNmrtr"	"Edm.Decimal"	""	""	"5"	"0"	""	""	""	""	""	""	""	"Quantity Conversion"	""
"API_PURCHASEORDER_PROCESS"	"API_PURCHASEORDER_PROCESS_SRV"	"A_PurchaseOrderItemType"	"OrdPriceUnitToOrderUnitDnmntr"	"Edm.Decimal"	""	""	"5"	"0"	""	""	""	""	""	""	""	"Quantity Conversion"	""
"API_PURCHASEORDER_PROCESS"	"API_PURCHASEORDER_PROCESS_SRV"	"A_PurchaseOrderItemType"	"DocumentCurrency"	"Edm.String"	""	"5"	""	""	""	"false"	"false"	""	""	""	""	"Currency"	""
"API_PURCHASEORDER_PROCESS"	"API_PURCHASEORDER_PROCESS_SRV"	"A_PurchaseOrderItemType"	"NetPriceAmount"	"Edm.Decimal"	""	""	"12"	"3"	""	""	""	""	""	""	"DocumentCurrency"	"Net Order Price"	""
"API_PURCHASEORDER_PROCESS"	"API_PURCHASEORDER_PROCESS_SRV"	"A_PurchaseOrderItemType"	"NetPriceQuantity"	"Edm.Decimal"	""	""	"5"	"0"	""	""	""	""	""	""	"OrderPriceUnit"	"Price Unit"	""
"API_PURCHASEORDER_PROCESS"	"API_PURCHASEORDER_PROCESS_SRV"	"A_PurchaseOrderItemType"	"TaxCode"	"Edm.String"	""	"2"	""	""	""	""	""	""	""	""	""	"Tax Code"	""
"API_PURCHASEORDER_PROCESS"	"API_PURCHASEORDER_PROCESS_SRV"	"A_PurchaseOrderItemType"	"ShippingInstruction"	"Edm.String"	""	"2"	""	""	""	""	""	""	""	""	""	"Shipping Instr."	""
"API_PURCHASEORDER_PROCESS"	"API_PURCHASEORDER_PROCESS_SRV"	"A_PurchaseOrderItemType"	"TaxDeterminationDate"	"Edm.DateTime"	""	""	"0"	""	""	""	""	""	""	""	""	"Tax Date"	""
"API_PURCHASEORDER_PROCESS"	"API_PURCHASEORDER_PROCESS_SRV"	"A_PurchaseOrderItemType"	"TaxCountry"	"Edm.String"	""	"3"	""	""	""	""	""	""	""	""	""	"Tax Ctry/Reg."	""
"API_PURCHASEORDER_PROCESS"	"API_PURCHASEORDER_PROCESS_SRV"	"A_PurchaseOrderItemType"	"PriceIsToBePrinted"	"Edm.Boolean"	""	""	""	""	""	""	""	""	""	""	""	"Print Price"	""
"API_PURCHASEORDER_PROCESS"	"API_PURCHASEORDER_PROCESS_SRV"	"A_PurchaseOrderItemType"	"OverdelivTolrtdLmtRatioInPct"	"Edm.Decimal"	""	""	"3"	"1"	""	""	""	""	""	""	""	"Overdeliv. Tolerance"	""
"API_PURCHASEORDER_PROCESS"	"API_PURCHASEORDER_PROCESS_SRV"	"A_PurchaseOrderItemType"	"UnlimitedOverdeliveryIsAllowed"	"Edm.Boolean"	""	""	""	""	""	""	""	""	""	""	""	"Unltd Overdelivery"	""
"API_PURCHASEORDER_PROCESS"	"API_PURCHASEORDER_PROCESS_SRV"	"A_PurchaseOrderItemType"	"UnderdelivTolrtdLmtRatioInPct"	"Edm.Decimal"	""	""	"3"	"1"	""	""	""	""	""	""	""	"Underdel. Tolerance"	""
"API_PURCHASEORDER_PROCESS"	"API_PURCHASEORDER_PROCESS_SRV"	"A_PurchaseOrderItemType"	"ValuationType"	"Edm.String"	""	"10"	""	""	""	""	""	""	""	""	""	"Valuation Type"	""
"API_PURCHASEORDER_PROCESS"	"API_PURCHASEORDER_PROCESS_SRV"	"A_PurchaseOrderItemType"	"IsCompletelyDelivered"	"Edm.Boolean"	""	""	""	""	""	""	""	""	""	""	""	"Delivery Completed"	""
"API_PURCHASEORDER_PROCESS"	"API_PURCHASEORDER_PROCESS_SRV"	"A_PurchaseOrderItemType"	"IsFinallyInvoiced"	"Edm.Boolean"	""	""	""	""	""	""	""	""	""	""	""	"Final Invoice"	""
"API_PURCHASEORDER_PROCESS"	"API_PURCHASEORDER_PROCESS_SRV"	"A_PurchaseOrderItemType"	"PurchaseOrderItemCategory"	"Edm.String"	""	"1"	""	""	""	""	""	""	""	""	""	"Item Category"	""
"API_PURCHASEORDER_PROCESS"	"API_PURCHASEORDER_PROCESS_SRV"	"A_PurchaseOrderItemType"	"AccountAssignmentCategory"	"Edm.String"	""	"1"	""	""	""	""	""	""	""	""	""	"Acct Assignment Cat."	""
"API_PURCHASEORDER_PROCESS"	"API_PURCHASEORDER_PROCESS_SRV"	"A_PurchaseOrderItemType"	"MultipleAcctAssgmtDistribution"	"Edm.String"	""	"1"	""	""	""	""	""	""	""	""	""	"Distrib. Indicator"	""
"API_PURCHASEORDER_PROCESS"	"API_PURCHASEORDER_PROCESS_SRV"	"A_PurchaseOrderItemType"	"PartialInvoiceDistribution"	"Edm.String"	""	"1"	""	""	""	""	""	""	""	""	""	"Partial invoice"	""
"API_PURCHASEORDER_PROCESS"	"API_PURCHASEORDER_PROCESS_SRV"	"A_PurchaseOrderItemType"	"GoodsReceiptIsExpected"	"Edm.Boolean"	""	""	""	""	""	""	""	""	""	""	""	"Goods Receipt"	""
"API_PURCHASEORDER_PROCESS"	"API_PURCHASEORDER_PROCESS_SRV"	"A_PurchaseOrderItemType"	"GoodsReceiptIsNonValuated"	"Edm.Boolean"	""	""	""	""	""	""	""	""	""	""	""	"GR non-valuated"	""
"API_PURCHASEORDER_PROCESS"	"API_PURCHASEORDER_PROCESS_SRV"	"A_PurchaseOrderItemType"	"InvoiceIsExpected"	"Edm.Boolean"	""	""	""	""	""	""	""	""	""	""	""	"Invoice Receipt"	""
"API_PURCHASEORDER_PROCESS"	"API_PURCHASEORDER_PROCESS_SRV"	"A_PurchaseOrderItemType"	"InvoiceIsGoodsReceiptBased"	"Edm.Boolean"	""	""	""	""	""	""	""	""	""	""	""	"GR-Based Inv. Verif."	""
"API_PURCHASEORDER_PROCESS"	"API_PURCHASEORDER_PROCESS_SRV"	"A_PurchaseOrderItemType"	"PurchaseContract"	"Edm.String"	""	"10"	""	""	""	""	""	""	""	""	""	"Outline agreement"	""
"API_PURCHASEORDER_PROCESS"	"API_PURCHASEORDER_PROCESS_SRV"	"A_PurchaseOrderItemType"	"PurchaseContractItem"	"Edm.String"	""	"5"	""	""	""	""	""	""	""	""	""	"Agreement Item"	""
"API_PURCHASEORDER_PROCESS"	"API_PURCHASEORDER_PROCESS_SRV"	"A_PurchaseOrderItemType"	"Customer"	"Edm.String"	""	"10"	""	""	""	""	""	""	""	""	""	"Customer"	""
"API_PURCHASEORDER_PROCESS"	"API_PURCHASEORDER_PROCESS_SRV"	"A_PurchaseOrderItemType"	"Subcontractor"	"Edm.String"	""	"10"	""	""	""	""	""	""	""	""	""	"Supplier"	""
"API_PURCHASEORDER_PROCESS"	"API_PURCHASEORDER_PROCESS_SRV"	"A_PurchaseOrderItemType"	"SupplierIsSubcontractor"	"Edm.Boolean"	""	""	""	""	""	""	""	""	""	""	""	"SC Supplier"	""
"API_PURCHASEORDER_PROCESS"	"API_PURCHASEORDER_PROCESS_SRV"	"A_PurchaseOrderItemType"	"ItemNetWeight"	"Edm.Decimal"	""	""	"13"	"3"	""	""	""	""	""	""	"ItemWeightUnit"	"Net Weight"	""
"API_PURCHASEORDER_PROCESS"	"API_PURCHASEORDER_PROCESS_SRV"	"A_PurchaseOrderItemType"	"ItemWeightUnit"	"Edm.String"	""	"3"	""	""	""	""	""	""	""	""	""	"Unit of Weight"	""
"API_PURCHASEORDER_PROCESS"	"API_PURCHASEORDER_PROCESS_SRV"	"A_PurchaseOrderItemType"	"TaxJurisdiction"	"Edm.String"	""	"15"	""	""	""	""	""	""	""	""	""	"Tax Jurisdiction"	""
"API_PURCHASEORDER_PROCESS"	"API_PURCHASEORDER_PROCESS_SRV"	"A_PurchaseOrderItemType"	"PricingDateControl"	"Edm.String"	""	"1"	""	""	""	""	""	""	""	""	""	"Pricing Date Control"	""
"API_PURCHASEORDER_PROCESS"	"API_PURCHASEORDER_PROCESS_SRV"	"A_PurchaseOrderItemType"	"ItemVolume"	"Edm.Decimal"	""	""	"13"	"3"	""	""	""	""	""	""	"ItemVolumeUnit"	"Volume"	""
"API_PURCHASEORDER_PROCESS"	"API_PURCHASEORDER_PROCESS_SRV"	"A_PurchaseOrderItemType"	"ItemVolumeUnit"	"Edm.String"	""	"3"	""	""	""	""	""	""	""	""	""	"Volume Unit"	""
"API_PURCHASEORDER_PROCESS"	"API_PURCHASEORDER_PROCESS_SRV"	"A_PurchaseOrderItemType"	"SupplierConfirmationControlKey"	"Edm.String"	""	"4"	""	""	""	""	""	""	""	""	""	"Confirmation Control"	""
"API_PURCHASEORDER_PROCESS"	"API_PURCHASEORDER_PROCESS_SRV"	"A_PurchaseOrderItemType"	"IncotermsClassification"	"Edm.String"	""	"3"	""	""	""	""	""	""	""	""	""	"Incoterms"	""
"API_PURCHASEORDER_PROCESS"	"API_PURCHASEORDER_PROCESS_SRV"	"A_PurchaseOrderItemType"	"IncotermsTransferLocation"	"Edm.String"	""	"28"	""	""	""	""	""	""	""	""	""	"Incoterms (Part 2)"	""
"API_PURCHASEORDER_PROCESS"	"API_PURCHASEORDER_PROCESS_SRV"	"A_PurchaseOrderItemType"	"EvaldRcptSettlmtIsAllowed"	"Edm.Boolean"	""	""	""	""	""	""	""	""	""	""	""	"Eval. Receipt Sett."	""
"API_PURCHASEORDER_PROCESS"	"API_PURCHASEORDER_PROCESS_SRV"	"A_PurchaseOrderItemType"	"PurchaseRequisition"	"Edm.String"	""	"10"	""	""	""	""	""	""	""	""	""	"Purchase Requisition"	""
"API_PURCHASEORDER_PROCESS"	"API_PURCHASEORDER_PROCESS_SRV"	"A_PurchaseOrderItemType"	"PurchaseRequisitionItem"	"Edm.String"	""	"5"	""	""	""	""	""	""	""	""	""	"Item of requisition"	""
"API_PURCHASEORDER_PROCESS"	"API_PURCHASEORDER_PROCESS_SRV"	"A_PurchaseOrderItemType"	"IsReturnsItem"	"Edm.Boolean"	""	""	""	""	""	""	""	""	""	""	""	"Returns Item"	""
"API_PURCHASEORDER_PROCESS"	"API_PURCHASEORDER_PROCESS_SRV"	"A_PurchaseOrderItemType"	"RequisitionerName"	"Edm.String"	""	"12"	""	""	""	""	""	""	""	""	""	"Requisitioner"	""
"API_PURCHASEORDER_PROCESS"	"API_PURCHASEORDER_PROCESS_SRV"	"A_PurchaseOrderItemType"	"ServicePackage"	"Edm.String"	""	"10"	""	""	""	""	""	""	""	""	""	"Package number"	""
"API_PURCHASEORDER_PROCESS"	"API_PURCHASEORDER_PROCESS_SRV"	"A_PurchaseOrderItemType"	"EarmarkedFunds"	"Edm.String"	""	"10"	""	""	""	""	""	""	""	""	""	"Earmarked Funds"	""
"API_PURCHASEORDER_PROCESS"	"API_PURCHASEORDER_PROCESS_SRV"	"A_PurchaseOrderItemType"	"EarmarkedFundsDocument"	"Edm.String"	""	"10"	""	""	""	""	""	""	""	""	""	"Earmarked Funds"	""
"API_PURCHASEORDER_PROCESS"	"API_PURCHASEORDER_PROCESS_SRV"	"A_PurchaseOrderItemType"	"EarmarkedFundsItem"	"Edm.String"	""	"3"	""	""	""	""	""	""	""	""	""	"Document Item"	""
"API_PURCHASEORDER_PROCESS"	"API_PURCHASEORDER_PROCESS_SRV"	"A_PurchaseOrderItemType"	"EarmarkedFundsDocumentItem"	"Edm.String"	""	"3"	""	""	""	""	""	""	""	""	""	"Document Item"	""
"API_PURCHASEORDER_PROCESS"	"API_PURCHASEORDER_PROCESS_SRV"	"A_PurchaseOrderItemType"	"IncotermsLocation1"	"Edm.String"	""	"70"	""	""	""	""	""	""	""	""	""	"Incoterms Location 1"	""
"API_PURCHASEORDER_PROCESS"	"API_PURCHASEORDER_PROCESS_SRV"	"A_PurchaseOrderItemType"	"IncotermsLocation2"	"Edm.String"	""	"70"	""	""	""	""	""	""	""	""	""	"Incoterms Location 2"	""
"API_PURCHASEORDER_PROCESS"	"API_PURCHASEORDER_PROCESS_SRV"	"A_PurchaseOrderItemType"	"Material"	"Edm.String"	""	"40"	""	""	""	""	""	""	""	""	""	"Material"	""
"API_PURCHASEORDER_PROCESS"	"API_PURCHASEORDER_PROCESS_SRV"	"A_PurchaseOrderItemType"	"InternationalArticleNumber"	"Edm.String"	""	"18"	""	""	""	""	""	""	""	""	""	"EAN/UPC"	""
"API_PURCHASEORDER_PROCESS"	"API_PURCHASEORDER_PROCESS_SRV"	"A_PurchaseOrderItemType"	"ManufacturerMaterial"	"Edm.String"	""	"40"	""	""	""	""	""	""	""	""	""	"Material"	""
"API_PURCHASEORDER_PROCESS"	"API_PURCHASEORDER_PROCESS_SRV"	"A_PurchaseOrderItemType"	"ServicePerformer"	"Edm.String"	""	"10"	""	""	""	""	""	""	""	""	""	"Service Performer"	""
"API_PURCHASEORDER_PROCESS"	"API_PURCHASEORDER_PROCESS_SRV"	"A_PurchaseOrderItemType"	"ProductType"	"Edm.String"	""	"2"	""	""	""	""	""	""	""	""	""	"Product Type Group"	""
"API_PURCHASEORDER_PROCESS"	"API_PURCHASEORDER_PROCESS_SRV"	"A_PurchaseOrderItemType"	"ExpectedOverallLimitAmount"	"Edm.Decimal"	""	""	"14"	"3"	""	""	""	""	""	""	"DocumentCurrency"	"Expected Value"	""
"API_PURCHASEORDER_PROCESS"	"API_PURCHASEORDER_PROCESS_SRV"	"A_PurchaseOrderItemType"	"OverallLimitAmount"	"Edm.Decimal"	""	""	"14"	"3"	""	""	""	""	""	""	"DocumentCurrency"	"Overall Limit"	""
"API_PURCHASEORDER_PROCESS"	"API_PURCHASEORDER_PROCESS_SRV"	"A_PurchaseOrderItemType"	"PurContractForOverallLimit"	"Edm.String"	""	"10"	""	""	""	""	""	""	""	""	""	"Contract for Limit"	""
"API_PURCHASEORDER_PROCESS"	"API_PURCHASEORDER_PROCESS_SRV"	"A_PurchaseOrderItemType"	"PurchasingParentItem"	"Edm.String"	""	"5"	""	""	""	""	""	""	""	""	""	"Higher-Level Item"	""
"API_PURCHASEORDER_PROCESS"	"API_PURCHASEORDER_PROCESS_SRV"	"A_PurchaseOrderItemType"	"ReferenceDeliveryAddressID"	"Edm.String"	""	"10"	""	""	""	""	""	""	""	""	""	"Address"	""
"API_PURCHASEORDER_PROCESS"	"API_PURCHASEORDER_PROCESS_SRV"	"A_PurchaseOrderItemType"	"DeliveryAddressID"	"Edm.String"	""	"10"	""	""	""	"false"	"false"	""	""	""	""	"Address"	""
"API_PURCHASEORDER_PROCESS"	"API_PURCHASEORDER_PROCESS_SRV"	"A_PurchaseOrderItemType"	"DeliveryAddressName"	"Edm.String"	""	"40"	""	""	""	""	""	""	""	""	""	"Name"	""
"API_PURCHASEORDER_PROCESS"	"API_PURCHASEORDER_PROCESS_SRV"	"A_PurchaseOrderItemType"	"DeliveryAddressName2"	"Edm.String"	""	"40"	""	""	""	""	""	""	""	""	""	"Name 2"	""
"API_PURCHASEORDER_PROCESS"	"API_PURCHASEORDER_PROCESS_SRV"	"A_PurchaseOrderItemType"	"DeliveryAddressFullName"	"Edm.String"	""	"80"	""	""	""	"false"	"false"	""	""	""	""	"Full Name"	""
"API_PURCHASEORDER_PROCESS"	"API_PURCHASEORDER_PROCESS_SRV"	"A_PurchaseOrderItemType"	"DeliveryAddressStreetName"	"Edm.String"	""	"60"	""	""	""	""	""	""	""	""	""	"Street"	""
"API_PURCHASEORDER_PROCESS"	"API_PURCHASEORDER_PROCESS_SRV"	"A_PurchaseOrderItemType"	"DeliveryAddressHouseNumber"	"Edm.String"	""	"10"	""	""	""	""	""	""	""	""	""	"House Number"	""
"API_PURCHASEORDER_PROCESS"	"API_PURCHASEORDER_PROCESS_SRV"	"A_PurchaseOrderItemType"	"DeliveryAddressCityName"	"Edm.String"	""	"40"	""	""	""	""	""	""	""	""	""	"City"	""
"API_PURCHASEORDER_PROCESS"	"API_PURCHASEORDER_PROCESS_SRV"	"A_PurchaseOrderItemType"	"DeliveryAddressPostalCode"	"Edm.String"	""	"10"	""	""	""	""	""	""	""	""	""	"Postal Code"	""
"API_PURCHASEORDER_PROCESS"	"API_PURCHASEORDER_PROCESS_SRV"	"A_PurchaseOrderItemType"	"DeliveryAddressRegion"	"Edm.String"	""	"3"	""	""	""	""	""	""	""	""	""	"Region"	""
"API_PURCHASEORDER_PROCESS"	"API_PURCHASEORDER_PROCESS_SRV"	"A_PurchaseOrderItemType"	"DeliveryAddressCountry"	"Edm.String"	""	"3"	""	""	""	""	""	""	""	""	""	"Country/Region Key"	""
"API_PURCHASEORDER_PROCESS"	"API_PURCHASEORDER_PROCESS_SRV"	"A_PurchaseOrderItemType"	"DeliveryAddressDistrictName"	"Edm.String"	""	"40"	""	""	""	""	""	""	""	""	""	"District"	""
"API_PURCHASEORDER_PROCESS"	"API_PURCHASEORDER_PROCESS_SRV"	"A_PurchaseOrderItemType"	"DownPaymentType"	"Edm.String"	""	"4"	""	""	""	""	""	""	""	""	""	"Down Payment"	""
"API_PURCHASEORDER_PROCESS"	"API_PURCHASEORDER_PROCESS_SRV"	"A_PurchaseOrderItemType"	"DownPaymentPercentageOfTotAmt"	"Edm.Decimal"	""	""	"5"	"2"	""	""	""	""	""	""	""	"Down Payment %"	""
"API_PURCHASEORDER_PROCESS"	"API_PURCHASEORDER_PROCESS_SRV"	"A_PurchaseOrderItemType"	"DownPaymentAmount"	"Edm.Decimal"	""	""	"12"	"3"	""	""	""	""	""	""	"DocumentCurrency"	"Down Payment Amount"	""
"API_PURCHASEORDER_PROCESS"	"API_PURCHASEORDER_PROCESS_SRV"	"A_PurchaseOrderItemType"	"DownPaymentDueDate"	"Edm.DateTime"	""	""	"0"	""	""	""	""	""	""	""	""	"Due Date for DP"	""
"API_PURCHASEORDER_PROCESS"	"API_PURCHASEORDER_PROCESS_SRV"	"A_PurchaseOrderItemType"	"BR_MaterialUsage"	"Edm.String"	""	"1"	""	""	""	""	""	""	""	""	""	"Material Usage"	""
"API_PURCHASEORDER_PROCESS"	"API_PURCHASEORDER_PROCESS_SRV"	"A_PurchaseOrderItemType"	"BR_MaterialOrigin"	"Edm.String"	""	"1"	""	""	""	""	""	""	""	""	""	"Material Origin"	""
"API_PURCHASEORDER_PROCESS"	"API_PURCHASEORDER_PROCESS_SRV"	"A_PurchaseOrderItemType"	"BR_CFOPCategory"	"Edm.String"	""	"2"	""	""	""	""	""	""	""	""	""	"Mat. CFOP category"	""
"API_PURCHASEORDER_PROCESS"	"API_PURCHASEORDER_PROCESS_SRV"	"A_PurchaseOrderItemType"	"BR_IsProducedInHouse"	"Edm.Boolean"	""	""	""	""	""	""	""	""	""	""	""	"Produced in-house"	""
"API_PURCHASEORDER_PROCESS"	"API_PURCHASEORDER_PROCESS_SRV"	"A_PurchaseOrderItemType"	"ConsumptionTaxCtrlCode"	"Edm.String"	""	"16"	""	""	""	""	""	""	""	""	""	"NCM Code"	""
"API_PURCHASEORDER_PROCESS"	"API_PURCHASEORDER_PROCESS_SRV"	"A_PurchaseOrderItemType"	"PurgProdCmplncSupplierStatus"	"Edm.String"	""	"1"	""	""	""	"false"	"false"	""	""	""	""	"Supplier Check Sts"	""
"API_PURCHASEORDER_PROCESS"	"API_PURCHASEORDER_PROCESS_SRV"	"A_PurchaseOrderItemType"	"PurgProductMarketabilityStatus"	"Edm.String"	""	"1"	""	""	""	"false"	"false"	""	""	""	""	"Prod. Marktablty Sts"	""
"API_PURCHASEORDER_PROCESS"	"API_PURCHASEORDER_PROCESS_SRV"	"A_PurchaseOrderItemType"	"PurgSafetyDataSheetStatus"	"Edm.String"	""	"1"	""	""	""	"false"	"false"	""	""	""	""	"Sfty Data Sheet Sts"	""
"API_PURCHASEORDER_PROCESS"	"API_PURCHASEORDER_PROCESS_SRV"	"A_PurchaseOrderItemType"	"PurgProdCmplncDngrsGoodsStatus"	"Edm.String"	""	"1"	""	""	""	"false"	"false"	""	""	""	""	"Dangerous Goods Sts"	""
"API_PURCHASEORDER_PROCESS"	"API_PURCHASEORDER_PROCESS_SRV"	"A_PurchaseOrderItemType"	"StockSegment"	"Edm.String"	""	"40"	""	""	""	""	""	""	""	""	""	"Stock Segment"	""
"API_PURCHASEORDER_PROCESS"	"API_PURCHASEORDER_PROCESS_SRV"	"A_PurchaseOrderItemType"	"RequirementSegment"	"Edm.String"	""	"40"	""	""	""	""	""	""	""	""	""	"Requirement Segment"	""
"API_PURCHASEORDER_PROCESS"	"API_PURCHASEORDER_PROCESS_SRV"	"A_PurchaseOrderItemNoteType"	"PurchaseOrder"	"Edm.String"	"false"	"10"	""	""	"X"	""	""	""	""	""	""	"Purchasing Document"	""
"API_PURCHASEORDER_PROCESS"	"API_PURCHASEORDER_PROCESS_SRV"	"A_PurchaseOrderItemNoteType"	"PurchaseOrderItem"	"Edm.String"	"false"	"5"	""	""	"X"	""	""	""	""	""	""	"Item"	""
"API_PURCHASEORDER_PROCESS"	"API_PURCHASEORDER_PROCESS_SRV"	"A_PurchaseOrderItemNoteType"	"TextObjectType"	"Edm.String"	"false"	"4"	""	""	"X"	""	""	""	""	""	""	"Text ID"	""
"API_PURCHASEORDER_PROCESS"	"API_PURCHASEORDER_PROCESS_SRV"	"A_PurchaseOrderItemNoteType"	"Language"	"Edm.String"	"false"	"2"	""	""	"X"	""	""	""	""	""	""	"Language Key"	""
"API_PURCHASEORDER_PROCESS"	"API_PURCHASEORDER_PROCESS_SRV"	"A_PurchaseOrderItemNoteType"	"PlainLongText"	"Edm.String"	""	""	""	""	""	""	""	""	"false"	""	""	"Long Text"	""
"API_PURCHASEORDER_PROCESS"	"API_PURCHASEORDER_PROCESS_SRV"	"A_PurchaseOrderNoteType"	"PurchaseOrder"	"Edm.String"	"false"	"10"	""	""	"X"	""	""	""	""	""	""	"Purchasing Document"	""
"API_PURCHASEORDER_PROCESS"	"API_PURCHASEORDER_PROCESS_SRV"	"A_PurchaseOrderNoteType"	"TextObjectType"	"Edm.String"	"false"	"4"	""	""	"X"	""	""	""	""	""	""	"Text ID"	""
"API_PURCHASEORDER_PROCESS"	"API_PURCHASEORDER_PROCESS_SRV"	"A_PurchaseOrderNoteType"	"Language"	"Edm.String"	"false"	"2"	""	""	"X"	""	""	""	""	""	""	"Language Key"	""
"API_PURCHASEORDER_PROCESS"	"API_PURCHASEORDER_PROCESS_SRV"	"A_PurchaseOrderNoteType"	"PlainLongText"	"Edm.String"	""	""	""	""	""	""	""	""	"false"	""	""	"Long Text"	""
"API_PURCHASEORDER_PROCESS"	"API_PURCHASEORDER_PROCESS_SRV"	"A_PurchaseOrderScheduleLineType"	"PurchasingDocument"	"Edm.String"	"false"	"10"	""	""	"X"	""	""	""	""	""	""	"Purchasing Document"	""
"API_PURCHASEORDER_PROCESS"	"API_PURCHASEORDER_PROCESS_SRV"	"A_PurchaseOrderScheduleLineType"	"PurchasingDocumentItem"	"Edm.String"	"false"	"5"	""	""	"X"	""	""	""	""	""	""	"Item"	""
"API_PURCHASEORDER_PROCESS"	"API_PURCHASEORDER_PROCESS_SRV"	"A_PurchaseOrderScheduleLineType"	"ScheduleLine"	"Edm.String"	"false"	"4"	""	""	"X"	""	""	""	""	""	""	"Schedule Line"	""
"API_PURCHASEORDER_PROCESS"	"API_PURCHASEORDER_PROCESS_SRV"	"A_PurchaseOrderScheduleLineType"	"DelivDateCategory"	"Edm.String"	""	"1"	""	""	""	""	""	""	""	""	""	"Deliv. date category"	""
"API_PURCHASEORDER_PROCESS"	"API_PURCHASEORDER_PROCESS_SRV"	"A_PurchaseOrderScheduleLineType"	"ScheduleLineDeliveryDate"	"Edm.DateTime"	""	""	"0"	""	""	""	""	""	""	""	""	"Delivery Date"	""
"API_PURCHASEORDER_PROCESS"	"API_PURCHASEORDER_PROCESS_SRV"	"A_PurchaseOrderScheduleLineType"	"PurchaseOrderQuantityUnit"	"Edm.String"	""	"3"	""	""	""	"false"	"false"	""	""	""	""	"Order Unit"	""
"API_PURCHASEORDER_PROCESS"	"API_PURCHASEORDER_PROCESS_SRV"	"A_PurchaseOrderScheduleLineType"	"ScheduleLineOrderQuantity"	"Edm.Decimal"	""	""	"13"	"3"	""	""	""	""	""	""	"PurchaseOrderQuantityUnit"	"Scheduled Quantity"	""
"API_PURCHASEORDER_PROCESS"	"API_PURCHASEORDER_PROCESS_SRV"	"A_PurchaseOrderScheduleLineType"	"ScheduleLineDeliveryTime"	"Edm.Time"	""	""	"0"	""	""	""	""	""	""	""	""	"Time"	""
"API_PURCHASEORDER_PROCESS"	"API_PURCHASEORDER_PROCESS_SRV"	"A_PurchaseOrderScheduleLineType"	"SchedLineStscDeliveryDate"	"Edm.DateTime"	""	""	"0"	""	""	""	""	""	""	""	""	"Stat.-Rel. Del. Date"	""
"API_PURCHASEORDER_PROCESS"	"API_PURCHASEORDER_PROCESS_SRV"	"A_PurchaseOrderScheduleLineType"	"PurchaseRequisition"	"Edm.String"	""	"10"	""	""	""	""	""	""	""	""	""	"Purchase Requisition"	""
"API_PURCHASEORDER_PROCESS"	"API_PURCHASEORDER_PROCESS_SRV"	"A_PurchaseOrderScheduleLineType"	"PurchaseRequisitionItem"	"Edm.String"	""	"5"	""	""	""	""	""	""	""	""	""	"Item of requisition"	""
"API_PURCHASEORDER_PROCESS"	"API_PURCHASEORDER_PROCESS_SRV"	"A_PurchaseOrderScheduleLineType"	"ScheduleLineCommittedQuantity"	"Edm.Decimal"	""	""	"13"	"3"	""	""	""	""	""	""	"PurchaseOrderQuantityUnit"	"Committed Quantity"	""
"API_PURCHASEORDER_PROCESS"	"API_PURCHASEORDER_PROCESS_SRV"	"A_PurchaseOrderScheduleLineType"	"PerformancePeriodStartDate"	"Edm.DateTime"	""	""	"0"	""	""	""	""	""	""	""	""	"Start Date"	""
"API_PURCHASEORDER_PROCESS"	"API_PURCHASEORDER_PROCESS_SRV"	"A_PurchaseOrderScheduleLineType"	"PerformancePeriodEndDate"	"Edm.DateTime"	""	""	"0"	""	""	""	""	""	""	""	""	"End Date"	""
"API_PURCHASEORDER_PROCESS"	"API_PURCHASEORDER_PROCESS_SRV"	"A_PurOrdAccountAssignmentType"	"PurchaseOrder"	"Edm.String"	"false"	"10"	""	""	"X"	""	""	""	""	""	""	"Purchasing Document"	""
"API_PURCHASEORDER_PROCESS"	"API_PURCHASEORDER_PROCESS_SRV"	"A_PurOrdAccountAssignmentType"	"PurchaseOrderItem"	"Edm.String"	"false"	"5"	""	""	"X"	""	""	""	""	""	""	"Item"	""
"API_PURCHASEORDER_PROCESS"	"API_PURCHASEORDER_PROCESS_SRV"	"A_PurOrdAccountAssignmentType"	"AccountAssignmentNumber"	"Edm.String"	"false"	"2"	""	""	"X"	""	""	""	""	""	""	"Account Assgmt No."	""
"API_PURCHASEORDER_PROCESS"	"API_PURCHASEORDER_PROCESS_SRV"	"A_PurOrdAccountAssignmentType"	"IsDeleted"	"Edm.Boolean"	""	""	""	""	""	"false"	"false"	""	""	""	""	"Deletion Indicator"	""
"API_PURCHASEORDER_PROCESS"	"API_PURCHASEORDER_PROCESS_SRV"	"A_PurOrdAccountAssignmentType"	"PurchaseOrderQuantityUnit"	"Edm.String"	""	"3"	""	""	""	"false"	"false"	""	""	""	""	"Order Unit"	""
"API_PURCHASEORDER_PROCESS"	"API_PURCHASEORDER_PROCESS_SRV"	"A_PurOrdAccountAssignmentType"	"Quantity"	"Edm.Decimal"	""	""	"13"	"3"	""	""	""	""	""	""	"PurchaseOrderQuantityUnit"	"Quantity"	""
"API_PURCHASEORDER_PROCESS"	"API_PURCHASEORDER_PROCESS_SRV"	"A_PurOrdAccountAssignmentType"	"MultipleAcctAssgmtDistrPercent"	"Edm.Decimal"	""	""	"3"	"1"	""	""	""	""	""	""	""	"Distribution (%)"	""
"API_PURCHASEORDER_PROCESS"	"API_PURCHASEORDER_PROCESS_SRV"	"A_PurOrdAccountAssignmentType"	"DocumentCurrency"	"Edm.String"	""	"5"	""	""	""	"false"	"false"	""	""	""	""	"Currency"	""
"API_PURCHASEORDER_PROCESS"	"API_PURCHASEORDER_PROCESS_SRV"	"A_PurOrdAccountAssignmentType"	"PurgDocNetAmount"	"Edm.Decimal"	""	""	"14"	"3"	""	""	""	""	""	""	"DocumentCurrency"	"Net Order Value"	""
"API_PURCHASEORDER_PROCESS"	"API_PURCHASEORDER_PROCESS_SRV"	"A_PurOrdAccountAssignmentType"	"GLAccount"	"Edm.String"	""	"10"	""	""	""	""	""	""	""	""	""	"G/L Account"	""
"API_PURCHASEORDER_PROCESS"	"API_PURCHASEORDER_PROCESS_SRV"	"A_PurOrdAccountAssignmentType"	"BusinessArea"	"Edm.String"	""	"4"	""	""	""	""	""	""	""	""	""	"Business Area"	""
"API_PURCHASEORDER_PROCESS"	"API_PURCHASEORDER_PROCESS_SRV"	"A_PurOrdAccountAssignmentType"	"CostCenter"	"Edm.String"	""	"10"	""	""	""	""	""	""	""	""	""	"Cost Center"	""
"API_PURCHASEORDER_PROCESS"	"API_PURCHASEORDER_PROCESS_SRV"	"A_PurOrdAccountAssignmentType"	"SalesOrder"	"Edm.String"	""	"10"	""	""	""	""	""	""	""	""	""	"SD Document"	""
"API_PURCHASEORDER_PROCESS"	"API_PURCHASEORDER_PROCESS_SRV"	"A_PurOrdAccountAssignmentType"	"SalesOrderItem"	"Edm.String"	""	"6"	""	""	""	""	""	""	""	""	""	"Item"	""
"API_PURCHASEORDER_PROCESS"	"API_PURCHASEORDER_PROCESS_SRV"	"A_PurOrdAccountAssignmentType"	"SalesOrderScheduleLine"	"Edm.String"	""	"4"	""	""	""	""	""	""	""	""	""	"Schedule Line Number"	""
"API_PURCHASEORDER_PROCESS"	"API_PURCHASEORDER_PROCESS_SRV"	"A_PurOrdAccountAssignmentType"	"MasterFixedAsset"	"Edm.String"	""	"12"	""	""	""	""	""	""	""	""	""	"Asset"	""
"API_PURCHASEORDER_PROCESS"	"API_PURCHASEORDER_PROCESS_SRV"	"A_PurOrdAccountAssignmentType"	"FixedAsset"	"Edm.String"	""	"4"	""	""	""	""	""	""	""	""	""	"Sub-number"	""
"API_PURCHASEORDER_PROCESS"	"API_PURCHASEORDER_PROCESS_SRV"	"A_PurOrdAccountAssignmentType"	"GoodsRecipientName"	"Edm.String"	""	"12"	""	""	""	""	""	""	""	""	""	"Goods Recipient"	""
"API_PURCHASEORDER_PROCESS"	"API_PURCHASEORDER_PROCESS_SRV"	"A_PurOrdAccountAssignmentType"	"UnloadingPointName"	"Edm.String"	""	"25"	""	""	""	""	""	""	""	""	""	"Unloading Point"	""
"API_PURCHASEORDER_PROCESS"	"API_PURCHASEORDER_PROCESS_SRV"	"A_PurOrdAccountAssignmentType"	"ControllingArea"	"Edm.String"	""	"4"	""	""	""	""	""	""	""	""	""	"Controlling Area"	""
"API_PURCHASEORDER_PROCESS"	"API_PURCHASEORDER_PROCESS_SRV"	"A_PurOrdAccountAssignmentType"	"CostObject"	"Edm.String"	""	"12"	""	""	""	""	""	""	""	""	""	"Cost Object"	""
"API_PURCHASEORDER_PROCESS"	"API_PURCHASEORDER_PROCESS_SRV"	"A_PurOrdAccountAssignmentType"	"OrderID"	"Edm.String"	""	"12"	""	""	""	""	""	""	""	""	""	"Order"	""
"API_PURCHASEORDER_PROCESS"	"API_PURCHASEORDER_PROCESS_SRV"	"A_PurOrdAccountAssignmentType"	"ProfitCenter"	"Edm.String"	""	"10"	""	""	""	""	""	""	""	""	""	"Profit Center"	""
"API_PURCHASEORDER_PROCESS"	"API_PURCHASEORDER_PROCESS_SRV"	"A_PurOrdAccountAssignmentType"	"WBSElementInternalID"	"Edm.String"	""	"24"	""	""	""	""	""	""	""	""	""	"WBS Element"	""
"API_PURCHASEORDER_PROCESS"	"API_PURCHASEORDER_PROCESS_SRV"	"A_PurOrdAccountAssignmentType"	"WBSElement"	"Edm.String"	""	"24"	""	""	""	""	""	""	""	""	""	"WBS Element"	""
"API_PURCHASEORDER_PROCESS"	"API_PURCHASEORDER_PROCESS_SRV"	"A_PurOrdAccountAssignmentType"	"WBSElementExternalID"	"Edm.String"	""	"24"	""	""	""	""	""	""	""	""	""	"WBS Element"	""
"API_PURCHASEORDER_PROCESS"	"API_PURCHASEORDER_PROCESS_SRV"	"A_PurOrdAccountAssignmentType"	"ProjectNetwork"	"Edm.String"	""	"12"	""	""	""	""	""	""	""	""	""	"Network"	""
"API_PURCHASEORDER_PROCESS"	"API_PURCHASEORDER_PROCESS_SRV"	"A_PurOrdAccountAssignmentType"	"NetworkActivity"	"Edm.String"	""	"4"	""	""	""	""	""	""	""	""	""	"Oper./Act."	""
"API_PURCHASEORDER_PROCESS"	"API_PURCHASEORDER_PROCESS_SRV"	"A_PurOrdAccountAssignmentType"	"RealEstateObject"	"Edm.String"	""	"40"	""	""	""	""	""	""	""	""	""	"Real Estate Key"	""
"API_PURCHASEORDER_PROCESS"	"API_PURCHASEORDER_PROCESS_SRV"	"A_PurOrdAccountAssignmentType"	"PartnerAccountNumber"	"Edm.String"	""	"10"	""	""	""	""	""	""	""	""	""	"Partner"	""
"API_PURCHASEORDER_PROCESS"	"API_PURCHASEORDER_PROCESS_SRV"	"A_PurOrdAccountAssignmentType"	"CommitmentItem"	"Edm.String"	""	"24"	""	""	""	""	""	""	""	""	""	"Commitment item"	""
"API_PURCHASEORDER_PROCESS"	"API_PURCHASEORDER_PROCESS_SRV"	"A_PurOrdAccountAssignmentType"	"JointVentureRecoveryCode"	"Edm.String"	""	"2"	""	""	""	""	""	""	""	""	""	"Recovery Indicator"	""
"API_PURCHASEORDER_PROCESS"	"API_PURCHASEORDER_PROCESS_SRV"	"A_PurOrdAccountAssignmentType"	"FundsCenter"	"Edm.String"	""	"16"	""	""	""	""	""	""	""	""	""	"Funds Center"	""
"API_PURCHASEORDER_PROCESS"	"API_PURCHASEORDER_PROCESS_SRV"	"A_PurOrdAccountAssignmentType"	"Fund"	"Edm.String"	""	"10"	""	""	""	""	""	""	""	""	""	"Fund"	""
"API_PURCHASEORDER_PROCESS"	"API_PURCHASEORDER_PROCESS_SRV"	"A_PurOrdAccountAssignmentType"	"FunctionalArea"	"Edm.String"	""	"16"	""	""	""	""	""	""	""	""	""	"Functional Area"	""
"API_PURCHASEORDER_PROCESS"	"API_PURCHASEORDER_PROCESS_SRV"	"A_PurOrdAccountAssignmentType"	"SettlementReferenceDate"	"Edm.DateTime"	""	""	"0"	""	""	""	""	""	""	""	""	"Reference date"	""
"API_PURCHASEORDER_PROCESS"	"API_PURCHASEORDER_PROCESS_SRV"	"A_PurOrdAccountAssignmentType"	"TaxCode"	"Edm.String"	""	"2"	""	""	""	""	""	""	""	""	""	"Tax Code"	""
"API_PURCHASEORDER_PROCESS"	"API_PURCHASEORDER_PROCESS_SRV"	"A_PurOrdAccountAssignmentType"	"TaxJurisdiction"	"Edm.String"	""	"15"	""	""	""	""	""	""	""	""	""	"Tax Jurisdiction"	""
"API_PURCHASEORDER_PROCESS"	"API_PURCHASEORDER_PROCESS_SRV"	"A_PurOrdAccountAssignmentType"	"CostCtrActivityType"	"Edm.String"	""	"6"	""	""	""	""	""	""	""	""	""	"Activity Type"	""
"API_PURCHASEORDER_PROCESS"	"API_PURCHASEORDER_PROCESS_SRV"	"A_PurOrdAccountAssignmentType"	"BusinessProcess"	"Edm.String"	""	"12"	""	""	""	""	""	""	""	""	""	"Business Process"	""
"API_PURCHASEORDER_PROCESS"	"API_PURCHASEORDER_PROCESS_SRV"	"A_PurOrdAccountAssignmentType"	"EarmarkedFundsDocument"	"Edm.String"	""	"10"	""	""	""	""	""	""	""	""	""	"Earmarked Funds"	""
"API_PURCHASEORDER_PROCESS"	"API_PURCHASEORDER_PROCESS_SRV"	"A_PurOrdAccountAssignmentType"	"GrantID"	"Edm.String"	""	"20"	""	""	""	""	""	""	""	""	""	"Grant"	""
"API_PURCHASEORDER_PROCESS"	"API_PURCHASEORDER_PROCESS_SRV"	"A_PurOrdAccountAssignmentType"	"BudgetPeriod"	"Edm.String"	""	"10"	""	""	""	""	""	""	""	""	""	"Budget Period"	""
"API_PURCHASEORDER_PROCESS"	"API_PURCHASEORDER_PROCESS_SRV"	"A_PurOrdPricingElementType"	"PurchaseOrder"	"Edm.String"	"false"	"10"	""	""	"X"	""	""	""	""	""	""	"Purchasing Document"	""
"API_PURCHASEORDER_PROCESS"	"API_PURCHASEORDER_PROCESS_SRV"	"A_PurOrdPricingElementType"	"PurchaseOrderItem"	"Edm.String"	"false"	"5"	""	""	"X"	""	""	""	""	""	""	"Item"	""
"API_PURCHASEORDER_PROCESS"	"API_PURCHASEORDER_PROCESS_SRV"	"A_PurOrdPricingElementType"	"PricingDocument"	"Edm.String"	"false"	"10"	""	""	"X"	""	""	""	""	""	""	"Doc. Condition No."	""
"API_PURCHASEORDER_PROCESS"	"API_PURCHASEORDER_PROCESS_SRV"	"A_PurOrdPricingElementType"	"PricingDocumentItem"	"Edm.String"	"false"	"6"	""	""	"X"	""	""	""	""	""	""	"Item"	""
"API_PURCHASEORDER_PROCESS"	"API_PURCHASEORDER_PROCESS_SRV"	"A_PurOrdPricingElementType"	"PricingProcedureStep"	"Edm.String"	"false"	"3"	""	""	"X"	""	""	""	""	""	""	"Step Number"	""
"API_PURCHASEORDER_PROCESS"	"API_PURCHASEORDER_PROCESS_SRV"	"A_PurOrdPricingElementType"	"PricingProcedureCounter"	"Edm.String"	"false"	"3"	""	""	"X"	""	""	""	""	""	""	"Counter"	""
"API_PURCHASEORDER_PROCESS"	"API_PURCHASEORDER_PROCESS_SRV"	"A_PurOrdPricingElementType"	"ConditionType"	"Edm.String"	""	"4"	""	""	""	""	""	""	""	""	""	"Condition Type"	""
"API_PURCHASEORDER_PROCESS"	"API_PURCHASEORDER_PROCESS_SRV"	"A_PurOrdPricingElementType"	"ConditionRateValue"	"Edm.Decimal"	""	""	"24"	"9"	""	""	""	""	""	""	""	"Amount"	""
"API_PURCHASEORDER_PROCESS"	"API_PURCHASEORDER_PROCESS_SRV"	"A_PurOrdPricingElementType"	"ConditionCurrency"	"Edm.String"	""	"5"	""	""	""	""	""	""	""	""	""	"Currency"	""
"API_PURCHASEORDER_PROCESS"	"API_PURCHASEORDER_PROCESS_SRV"	"A_PurOrdPricingElementType"	"PriceDetnExchangeRate"	"Edm.String"	""	"12"	""	""	""	"false"	"false"	""	""	""	""	""	""
"API_PURCHASEORDER_PROCESS"	"API_PURCHASEORDER_PROCESS_SRV"	"A_PurOrdPricingElementType"	"TransactionCurrency"	"Edm.String"	""	"5"	""	""	""	"false"	"false"	""	""	""	""	"Document Currency"	""
"API_PURCHASEORDER_PROCESS"	"API_PURCHASEORDER_PROCESS_SRV"	"A_PurOrdPricingElementType"	"ConditionAmount"	"Edm.Decimal"	""	""	"16"	"3"	""	"false"	"false"	""	""	""	"TransactionCurrency"	"Value"	""
"API_PURCHASEORDER_PROCESS"	"API_PURCHASEORDER_PROCESS_SRV"	"A_PurOrdPricingElementType"	"ConditionQuantityUnit"	"Edm.String"	""	"3"	""	""	""	""	""	""	""	""	""	"Condition Unit"	""
"API_PURCHASEORDER_PROCESS"	"API_PURCHASEORDER_PROCESS_SRV"	"A_PurOrdPricingElementType"	"ConditionQuantity"	"Edm.Decimal"	""	""	"5"	"0"	""	""	""	""	""	""	"ConditionQuantityUnit"	"Pricing Unit"	""
"API_PURCHASEORDER_PROCESS"	"API_PURCHASEORDER_PROCESS_SRV"	"A_PurOrdPricingElementType"	"ConditionApplication"	"Edm.String"	""	"2"	""	""	""	"false"	"false"	""	""	""	""	"Application"	""
"API_PURCHASEORDER_PROCESS"	"API_PURCHASEORDER_PROCESS_SRV"	"A_PurOrdPricingElementType"	"PricingDateTime"	"Edm.String"	""	"14"	""	""	""	"false"	"false"	""	""	""	""	"Valid From"	""
"API_PURCHASEORDER_PROCESS"	"API_PURCHASEORDER_PROCESS_SRV"	"A_PurOrdPricingElementType"	"ConditionCalculationType"	"Edm.String"	""	"3"	""	""	""	"false"	"false"	""	""	""	""	"Calculation Type"	""
"API_PURCHASEORDER_PROCESS"	"API_PURCHASEORDER_PROCESS_SRV"	"A_PurOrdPricingElementType"	"ConditionBaseValue"	"Edm.Decimal"	""	""	"24"	"9"	""	"false"	"false"	""	""	""	""	"Condition Basis"	""
"API_PURCHASEORDER_PROCESS"	"API_PURCHASEORDER_PROCESS_SRV"	"A_PurOrdPricingElementType"	"ConditionToBaseQtyNmrtr"	"Edm.Decimal"	""	""	"10"	"0"	""	""	""	""	""	""	""	"Numerator"	""
"API_PURCHASEORDER_PROCESS"	"API_PURCHASEORDER_PROCESS_SRV"	"A_PurOrdPricingElementType"	"ConditionToBaseQtyDnmntr"	"Edm.Decimal"	""	""	"10"	"0"	""	""	""	""	""	""	""	"Denominator"	""
"API_PURCHASEORDER_PROCESS"	"API_PURCHASEORDER_PROCESS_SRV"	"A_PurOrdPricingElementType"	"ConditionCategory"	"Edm.String"	""	"1"	""	""	""	"false"	"false"	""	""	""	""	"Condition Category"	""
"API_PURCHASEORDER_PROCESS"	"API_PURCHASEORDER_PROCESS_SRV"	"A_PurOrdPricingElementType"	"ConditionIsForStatistics"	"Edm.Boolean"	""	""	""	""	""	"false"	"false"	""	""	""	""	"Statistical"	""
"API_PURCHASEORDER_PROCESS"	"API_PURCHASEORDER_PROCESS_SRV"	"A_PurOrdPricingElementType"	"PricingScaleType"	"Edm.String"	""	"1"	""	""	""	"false"	"false"	""	""	""	""	"Scale Type"	""
"API_PURCHASEORDER_PROCESS"	"API_PURCHASEORDER_PROCESS_SRV"	"A_PurOrdPricingElementType"	"IsRelevantForAccrual"	"Edm.Boolean"	""	""	""	""	""	"false"	"false"	""	""	""	""	"Accruals"	""
"API_PURCHASEORDER_PROCESS"	"API_PURCHASEORDER_PROCESS_SRV"	"A_PurOrdPricingElementType"	"CndnIsRelevantForInvoiceList"	"Edm.String"	""	"1"	""	""	""	"false"	"false"	""	""	""	""	"Invoice List Cond."	""
"API_PURCHASEORDER_PROCESS"	"API_PURCHASEORDER_PROCESS_SRV"	"A_PurOrdPricingElementType"	"ConditionOrigin"	"Edm.String"	""	"1"	""	""	""	"false"	"false"	""	""	""	""	"Condition Origin"	""
"API_PURCHASEORDER_PROCESS"	"API_PURCHASEORDER_PROCESS_SRV"	"A_PurOrdPricingElementType"	"IsGroupCondition"	"Edm.String"	""	"1"	""	""	""	"false"	"false"	""	""	""	""	"Group Condition"	""
"API_PURCHASEORDER_PROCESS"	"API_PURCHASEORDER_PROCESS_SRV"	"A_PurOrdPricingElementType"	"CndnIsRelevantForLimitValue"	"Edm.Boolean"	""	""	""	""	""	"false"	"false"	""	""	""	""	"Condition Update"	""
"API_PURCHASEORDER_PROCESS"	"API_PURCHASEORDER_PROCESS_SRV"	"A_PurOrdPricingElementType"	"ConditionSequentialNumber"	"Edm.String"	""	"3"	""	""	""	"false"	"false"	""	""	""	""	"Sequent.No. of Cond."	""
"API_PURCHASEORDER_PROCESS"	"API_PURCHASEORDER_PROCESS_SRV"	"A_PurOrdPricingElementType"	"ConditionControl"	"Edm.String"	""	"1"	""	""	""	"false"	"false"	""	""	""	""	"Condition Control"	""
"API_PURCHASEORDER_PROCESS"	"API_PURCHASEORDER_PROCESS_SRV"	"A_PurOrdPricingElementType"	"ConditionInactiveReason"	"Edm.String"	""	"1"	""	""	""	"false"	"false"	""	""	""	""	"Inactive Condition"	""
"API_PURCHASEORDER_PROCESS"	"API_PURCHASEORDER_PROCESS_SRV"	"A_PurOrdPricingElementType"	"ConditionClass"	"Edm.String"	""	"1"	""	""	""	"false"	"false"	""	""	""	""	"Condition Class"	""
"API_PURCHASEORDER_PROCESS"	"API_PURCHASEORDER_PROCESS_SRV"	"A_PurOrdPricingElementType"	"FactorForConditionBasisValue"	"Edm.Double"	""	""	""	""	""	"false"	"false"	""	""	""	""	"Condition Factor"	""
"API_PURCHASEORDER_PROCESS"	"API_PURCHASEORDER_PROCESS_SRV"	"A_PurOrdPricingElementType"	"PricingScaleBasis"	"Edm.String"	""	"3"	""	""	""	"false"	"false"	""	""	""	""	"Scale Basis"	""
"API_PURCHASEORDER_PROCESS"	"API_PURCHASEORDER_PROCESS_SRV"	"A_PurOrdPricingElementType"	"ConditionScaleBasisValue"	"Edm.Decimal"	""	""	"24"	"9"	""	"false"	"false"	""	""	""	""	"Scale Base Val."	""
"API_PURCHASEORDER_PROCESS"	"API_PURCHASEORDER_PROCESS_SRV"	"A_PurOrdPricingElementType"	"ConditionScaleBasisCurrency"	"Edm.String"	""	"5"	""	""	""	"false"	"false"	""	""	""	""	"Scale Currency"	""
"API_PURCHASEORDER_PROCESS"	"API_PURCHASEORDER_PROCESS_SRV"	"A_PurOrdPricingElementType"	"ConditionScaleBasisUnit"	"Edm.String"	""	"3"	""	""	""	"false"	"false"	""	""	""	""	"Scale Unit of Meas."	""
"API_PURCHASEORDER_PROCESS"	"API_PURCHASEORDER_PROCESS_SRV"	"A_PurOrdPricingElementType"	"CndnIsRelevantForIntcoBilling"	"Edm.Boolean"	""	""	""	""	""	"false"	"false"	""	""	""	""	"Intercomp.Billing"	""
"API_PURCHASEORDER_PROCESS"	"API_PURCHASEORDER_PROCESS_SRV"	"A_PurOrdPricingElementType"	"ConditionIsForConfiguration"	"Edm.Boolean"	""	""	""	""	""	"false"	"false"	""	""	""	""	"UsedforVariantConfig"	""
"API_PURCHASEORDER_PROCESS"	"API_PURCHASEORDER_PROCESS_SRV"	"A_PurOrdPricingElementType"	"ConditionIsManuallyChanged"	"Edm.Boolean"	""	""	""	""	""	"false"	"false"	""	""	""	""	"Changed Manually"	""
"API_PURCHASEORDER_PROCESS"	"API_PURCHASEORDER_PROCESS_SRV"	"A_PurOrdPricingElementType"	"ConditionRecord"	"Edm.String"	""	"10"	""	""	""	"false"	"false"	""	""	""	""	"Condition Record No."	""
"API_PURCHASEORDER_PROCESS"	"API_PURCHASEORDER_PROCESS_SRV"	"A_PurOrdPricingElementType"	"AccessNumberOfAccessSequence"	"Edm.String"	""	"3"	""	""	""	"false"	"false"	""	""	""	""	"Access"	""
"MMIM_MATDOC"	"MMIM_MATDOC_SRV"	"MatDocItem"	"MaterialDocument"	"Edm.String"	"false"	"10"	""	""	"X"	"false"	"false"	"false"	"false"	""	""	"Material Doc."	""
"MMIM_MATDOC"	"MMIM_MATDOC_SRV"	"MatDocItem"	"MaterialDocumentYear"	"Edm.String"	"false"	"4"	""	""	"X"	"false"	"false"	"false"	"false"	""	""	"Mat. Doc. Year"	""
"MMIM_MATDOC"	"MMIM_MATDOC_SRV"	"MatDocItem"	"MaterialDocumentItem"	"Edm.String"	"false"	"4"	""	""	"X"	"false"	"false"	"false"	"false"	""	""	"Mat. Doc.Item"	""
"MMIM_MATDOC"	"MMIM_MATDOC_SRV"	"MatDocItem"	"AssignmentReference"	"Edm.String"	"false"	"4"	""	""	""	"false"	"false"	"false"	"false"	""	""	"Mat. Doc.Item"	""
"MMIM_MATDOC"	"MMIM_MATDOC_SRV"	"MatDocItem"	"MovementType"	"Edm.String"	"false"	"1"	""	""	""	"false"	"false"	"false"	"false"	""	""	"Managed Stock Type"	""
"MMIM_MATDOC"	"MMIM_MATDOC_SRV"	"MatDocItem"	"Plant"	"Edm.String"	"false"	"4"	""	""	""	"false"	"false"	"false"	"false"	""	""	"Plant"	""
"MMIM_MATDOC"	"MMIM_MATDOC_SRV"	"MatDocItem"	"StorageLocation"	"Edm.String"	"false"	"4"	""	""	""	"false"	"false"	"false"	"false"	""	""	"Stor. Location"	""
"MMIM_MATDOC"	"MMIM_MATDOC_SRV"	"MatDocItem"	"Batch"	"Edm.String"	"false"	"10"	""	""	""	"false"	"false"	"false"	"false"	""	""	"Batch"	""
"MMIM_MATDOC"	"MMIM_MATDOC_SRV"	"MatDocItem"	"InventorySpecialStockType"	"Edm.String"	"false"	"1"	""	""	""	"false"	"false"	"false"	"false"	""	""	"Inventory Special Stock Type"	""
"MMIM_MATDOC"	"MMIM_MATDOC_SRV"	"MatDocItem"	"Supplier"	"Edm.String"	"false"	"10"	""	""	""	"false"	"false"	"false"	"false"	""	""	"Supplier"	""
"MMIM_MATDOC"	"MMIM_MATDOC_SRV"	"MatDocItem"	"SalesOrder"	"Edm.String"	"false"	"10"	""	""	""	"false"	"false"	"false"	"false"	""	""	"SalesOrder"	""
"MMIM_MATDOC"	"MMIM_MATDOC_SRV"	"MatDocItem"	"SalesOrderItem"	"Edm.String"	"false"	"6"	""	""	""	"false"	"false"	"false"	"false"	""	""	"SalesOrderItem"	""
"MMIM_MATDOC"	"MMIM_MATDOC_SRV"	"MatDocItem"	"WBSElement"	"Edm.String"	"false"	"24"	""	""	""	"false"	"false"	"false"	"false"	""	""	"WBS Element Name"	""
"MMIM_MATDOC"	"MMIM_MATDOC_SRV"	"MatDocItem"	"StockType"	"Edm.String"	"false"	"2"	""	""	""	"false"	"false"	"false"	"false"	""	""	"Stock Type"	""
"MMIM_MATDOC"	"MMIM_MATDOC_SRV"	"MatDocItem"	"StockTypeAssignmentReference"	"Edm.String"	"false"	"30"	""	""	""	"false"	"false"	"false"	"false"	""	""	"Stock Type Reference"	""
"MMIM_MATDOC"	"MMIM_MATDOC_SRV"	"MatDocItem"	"Material"	"Edm.String"	"false"	"40"	""	""	""	"false"	"false"	"false"	"false"	""	""	"Material"	""
"MMIM_MATDOC"	"MMIM_MATDOC_SRV"	"MatDocItem"	"QuantityInEntryUnit"	"Edm.Decimal"	"false"	""	"13"	"3"	""	"false"	"false"	"false"	"false"	""	"EntryUnit"	"Quantity in UnE"	""
"MMIM_MATDOC"	"MMIM_MATDOC_SRV"	"MatDocItem"	"EntryUnit"	"Edm.String"	"false"	"3"	""	""	""	"false"	"false"	"false"	"false"	""	""	"Unit of Entry"	""
"MMIM_MATDOC"	"MMIM_MATDOC_SRV"	"MatDocItem"	"GLAccount"	"Edm.String"	"false"	"10"	""	""	""	"false"	"false"	"false"	"false"	""	""	"G/L Account"	""
"MMIM_MATDOC"	"MMIM_MATDOC_SRV"	"MatDocItem"	"CostCenter"	"Edm.String"	"false"	"10"	""	""	""	"false"	"false"	"false"	"false"	""	""	"Cost center"	""
"MMIM_MATDOC"	"MMIM_MATDOC_SRV"	"MatDocItem"	"CurrentStock"	"Edm.Decimal"	"false"	""	"13"	"3"	""	"false"	"false"	"false"	"false"	""	""	"Unrestricted"	""
"MMIM_MATDOC"	"MMIM_MATDOC_SRV"	"MatDocItem"	"BlockedStockQuantity"	"Edm.Decimal"	"false"	""	"13"	"3"	""	"false"	"false"	"false"	"false"	""	""	"Blocked"	""
"MMIM_MATDOC"	"MMIM_MATDOC_SRV"	"MatDocItem"	"DocumentItemText"	"Edm.String"	"false"	"50"	""	""	""	"false"	"false"	"false"	"false"	""	""	"Document Item Text"	""
"MMIM_MATDOC"	"MMIM_MATDOC_SRV"	"MatDocItem"	"GoodsMovementReasonCode"	"Edm.String"	"false"	"4"	""	""	""	"false"	"false"	"false"	"false"	""	""	"Goods Movement Reason Code"	""
"MMIM_MATDOC"	"MMIM_MATDOC_SRV"	"MatDocItem"	"ManufactureDate"	"Edm.DateTime"	""	""	"7"	""	""	"false"	"false"	"false"	"false"	""	""	"Date of Manufacture"	""
"MMIM_MATDOC"	"MMIM_MATDOC_SRV"	"MatDocItem"	"ShelfLifeExpirationDate"	"Edm.DateTime"	""	""	"7"	""	""	"false"	"false"	"false"	"false"	""	""	"Shelf Life Expiration Date"	""
"MMIM_MATDOC"	"MMIM_MATDOC_SRV"	"MatDocItem"	"CreateSerialNoAutomatic"	"Edm.Boolean"	"false"	""	""	""	""	"false"	"false"	"false"	"false"	""	""	"SerialNo. auto."	""
"MMIM_MATDOC"	"MMIM_MATDOC_SRV"	"CostCenterHelp"	"Plant"	"Edm.String"	"false"	"4"	""	""	"X"	"false"	"false"	"false"	"false"	""	""	"Plant"	""
"MMIM_MATDOC"	"MMIM_MATDOC_SRV"	"CostCenterHelp"	"CostCenter"	"Edm.String"	"false"	"10"	""	""	"X"	"false"	"false"	"false"	"false"	""	""	"Cost Center"	""
"MMIM_MATDOC"	"MMIM_MATDOC_SRV"	"CostCenterHelp"	"CostCenterName"	"Edm.String"	"false"	"20"	""	""	""	"false"	"false"	"false"	"false"	""	""	"Name"	""
"MMIM_MATDOC"	"MMIM_MATDOC_SRV"	"MatDocHeader"	"MaterialDocument"	"Edm.String"	"false"	"10"	""	""	"X"	"false"	"false"	"false"	"false"	""	""	"Material Doc."	""
"MMIM_MATDOC"	"MMIM_MATDOC_SRV"	"MatDocHeader"	"MaterialDocumentYear"	"Edm.String"	"false"	"4"	""	""	"X"	"false"	"false"	"false"	"false"	""	""	"Mat. Doc. Year"	""
"MMIM_MATDOC"	"MMIM_MATDOC_SRV"	"MatDocHeader"	"PostingDate"	"Edm.DateTime"	""	""	"7"	""	""	"false"	"false"	"false"	"false"	""	""	"Posting Date"	""
"MMIM_MATDOC"	"MMIM_MATDOC_SRV"	"MatDocHeader"	"DocumentDate"	"Edm.DateTime"	""	""	"7"	""	""	"false"	"false"	"false"	"false"	""	""	"Document Date"	""
"MMIM_MATDOC"	"MMIM_MATDOC_SRV"	"MatDocHeader"	"Temp_key"	"Edm.String"	"false"	"90"	""	""	""	"false"	"false"	"false"	"false"	""	""	"Document Management object key"	""
"MMIM_MATDOC"	"MMIM_MATDOC_SRV"	"MatDocHeader"	"ControlSignificance"	"Edm.String"	"false"	"1000"	""	""	""	"false"	"false"	"false"	"false"	""	""	"Control string"	""
"MMIM_MATDOC"	"MMIM_MATDOC_SRV"	"MatDocHeader"	"VersionForPrintingSlip"	"Edm.String"	"false"	"1"	""	""	""	"false"	"false"	"false"	"false"	""	""	"Version for Printing Slip"	""
"MMIM_MATDOC"	"MMIM_MATDOC_SRV"	"MatDocHeader"	"MaterialDocumentHeaderText"	"Edm.String"	"false"	"25"	""	""	""	"false"	"false"	"false"	"false"	""	""	"Document Header Text"	""
"MMIM_MATDOC"	"MMIM_MATDOC_SRV"	"ManagedStockType"	"Code"	"Edm.String"	"false"	"1"	""	""	"X"	"false"	"false"	"false"	"false"	""	""	"ManagedStockType"	""
"MMIM_MATDOC"	"MMIM_MATDOC_SRV"	"ManagedStockType"	"Text"	"Edm.String"	"false"	"60"	""	""	""	"false"	"false"	"false"	"false"	""	""	"Short Description"	""
"MMIM_MATDOC"	"MMIM_MATDOC_SRV"	"ManagedStockType"	"MovementType"	"Edm.String"	"false"	"4"	""	""	""	"false"	"false"	"false"	"false"	""	""	"Movement Type"	""
"MMIM_MATDOC"	"MMIM_MATDOC_SRV"	"ManagedStockType"	"StockTypeAssignmentReference"	"Edm.String"	"false"	"30"	""	""	""	"false"	"false"	"false"	"false"	""	""	"Stock Type Assignment Reference"	""
"MMIM_MATDOC"	"MMIM_MATDOC_SRV"	"SalesOrderTransVHelp"	"SalesOrder"	"Edm.String"	"false"	"10"	""	""	"X"	"false"	"false"	"false"	"false"	""	""	"Sales Order"	""
"MMIM_MATDOC"	"MMIM_MATDOC_SRV"	"SalesOrderTransVHelp"	"SalesOrderItem"	"Edm.String"	"false"	"6"	""	""	"X"	"false"	"false"	"false"	"false"	""	""	"Sales Order Item"	""
"MMIM_MATDOC"	"MMIM_MATDOC_SRV"	"SalesOrderTransVHelp"	"CreatedByUser"	"Edm.String"	"false"	"12"	""	""	""	"false"	"false"	"false"	"false"	""	""	"Created By"	""
"MMIM_MATDOC"	"MMIM_MATDOC_SRV"	"SalesOrderTransVHelp"	"Material"	"Edm.String"	"false"	"40"	""	""	""	"false"	"false"	"false"	"false"	""	""	"Material"	""
"MMIM_MATDOC"	"MMIM_MATDOC_SRV"	"SalesOrderTransVHelp"	"ProductionPlant"	"Edm.String"	"false"	"4"	""	""	""	"false"	"false"	"false"	"false"	""	""	"Production Plant"	""
"MMIM_MATDOC"	"MMIM_MATDOC_SRV"	"SalesOrderTransVHelp"	"SalesOrderItemText"	"Edm.String"	"false"	"40"	""	""	""	"false"	"false"	"false"	"false"	""	""	"Sales Order Item Text"	""
"MMIM_MATDOC"	"MMIM_MATDOC_SRV"	"SalesOrderTransVHelp"	"SoldToParty"	"Edm.String"	"false"	"10"	""	""	""	"false"	"false"	"false"	"false"	""	""	"Customer"	""
"MMIM_MATDOC"	"MMIM_MATDOC_SRV"	"SalesOrderTransVHelp"	"SalesOrganization"	"Edm.String"	"false"	"4"	""	""	""	"false"	"false"	"false"	"false"	""	""	"Sales Organization"	""
"MMIM_MATDOC"	"MMIM_MATDOC_SRV"	"SalesOrderTransVHelp"	"DistributionChannel"	"Edm.String"	"false"	"2"	""	""	""	"false"	"false"	"false"	"false"	""	""	"Distrbution Channel"	""
"MMIM_MATDOC"	"MMIM_MATDOC_SRV"	"SalesOrderTransVHelp"	"Division"	"Edm.String"	"false"	"2"	""	""	""	"false"	"false"	"false"	"false"	""	""	"Division"	""
"MMIM_MATDOC"	"MMIM_MATDOC_SRV"	"SalesOrderTransVHelp"	"SalesOrderType"	"Edm.String"	"false"	"4"	""	""	""	"false"	"false"	"false"	"false"	""	""	"Sales Document Type"	""
"MMIM_MATDOC"	"MMIM_MATDOC_SRV"	"SalesOrderTransVHelp"	"SalesGroup"	"Edm.String"	"false"	"3"	""	""	""	"false"	"false"	"false"	"false"	""	""	"Sales Group"	""
"MMIM_MATDOC"	"MMIM_MATDOC_SRV"	"SalesOrderTransVHelp"	"SalesOffice"	"Edm.String"	"false"	"4"	""	""	""	"false"	"false"	"false"	"false"	""	""	"Sales Office"	""
"MMIM_MATDOC"	"MMIM_MATDOC_SRV"	"GoodsMovementReason"	"MovementType"	"Edm.String"	"false"	"3"	""	""	"X"	"false"	"false"	"false"	"false"	""	""	"Movement Type"	""
"MMIM_MATDOC"	"MMIM_MATDOC_SRV"	"GoodsMovementReason"	"GoodsMovementReasonCode"	"Edm.String"	"false"	"4"	""	""	"X"	"false"	"false"	"false"	"false"	""	""	"Goods Movement Reason Code"	""
"MMIM_MATDOC"	"MMIM_MATDOC_SRV"	"GoodsMovementReason"	"GoodsMovementReasonName"	"Edm.String"	"false"	"20"	""	""	""	"false"	"false"	"false"	"false"	""	""	"Goods Movement Reason Name"	""
"MMIM_MATDOC"	"MMIM_MATDOC_SRV"	"WBSElementTransVHelp"	"WBSElement"	"Edm.String"	"false"	"24"	""	""	"X"	"false"	"false"	"false"	"false"	""	""	"WBS Element"	""
"MMIM_MATDOC"	"MMIM_MATDOC_SRV"	"WBSElementTransVHelp"	"WBSDescription"	"Edm.String"	"false"	"40"	""	""	""	"false"	"false"	"false"	"false"	""	""	"Description"	""
"MMIM_MATDOC"	"MMIM_MATDOC_SRV"	"WBSElementTransVHelp"	"Project"	"Edm.String"	"false"	"24"	""	""	""	"false"	"false"	"false"	"false"	""	""	"Project def."	""
"MMIM_MATDOC"	"MMIM_MATDOC_SRV"	"WBSElementTransVHelp"	"ProjectDescription"	"Edm.String"	"false"	"40"	""	""	""	"false"	"false"	"false"	"false"	""	""	"Description"	""
"MMIM_MATDOC"	"MMIM_MATDOC_SRV"	"MatDocItemSerialNum"	"MaterialDocument"	"Edm.String"	"false"	"10"	""	""	"X"	"false"	"false"	"false"	"false"	""	""	"Material Doc."	""
"MMIM_MATDOC"	"MMIM_MATDOC_SRV"	"MatDocItemSerialNum"	"MaterialDocumentYear"	"Edm.String"	"false"	"4"	""	""	"X"	"false"	"false"	"false"	"false"	""	""	"Mat. Doc. Year"	""
"MMIM_MATDOC"	"MMIM_MATDOC_SRV"	"MatDocItemSerialNum"	"MaterialDocumentItem"	"Edm.String"	"false"	"4"	""	""	"X"	"false"	"false"	"false"	"false"	""	""	"Mat. Doc.Item"	""
"MMIM_MATDOC"	"MMIM_MATDOC_SRV"	"MatDocItemSerialNum"	"SerialNumber"	"Edm.String"	"false"	"18"	""	""	"X"	"false"	"false"	"false"	"false"	""	""	"Serial Number"	""
"MMIM_MATDOC"	"MMIM_MATDOC_SRV"	"C_MM_SalesOrderItemValueHelpType"	"SalesOrder"	"Edm.String"	"false"	"10"	""	""	"X"	""	""	""	""	""	""	"Sales Order"	""
"MMIM_MATDOC"	"MMIM_MATDOC_SRV"	"C_MM_SalesOrderItemValueHelpType"	"SalesOrderItem"	"Edm.String"	"false"	"6"	""	""	"X"	""	""	""	""	""	""	"Item"	""
"MMIM_MATDOC"	"MMIM_MATDOC_SRV"	"C_MM_SalesOrderItemValueHelpType"	"CreatedByUser"	"Edm.String"	""	"12"	""	""	""	""	""	""	""	""	""	"Created By"	""
"MMIM_MATDOC"	"MMIM_MATDOC_SRV"	"C_MM_SalesOrderItemValueHelpType"	"Material"	"Edm.String"	""	"40"	""	""	""	""	""	""	""	""	""	"Material"	""
"MMIM_MATDOC"	"MMIM_MATDOC_SRV"	"C_MM_SalesOrderItemValueHelpType"	"ProductionPlant"	"Edm.String"	""	"4"	""	""	""	""	""	""	""	""	""	"Plant"	""
"MMIM_MATDOC"	"MMIM_MATDOC_SRV"	"C_MM_SalesOrderItemValueHelpType"	"SalesOrderItemText"	"Edm.String"	""	"40"	""	""	""	""	""	""	""	""	""	"Item Description"	""
"MMIM_MATDOC"	"MMIM_MATDOC_SRV"	"C_MM_SalesOrderItemValueHelpType"	"SoldToParty"	"Edm.String"	""	"10"	""	""	""	""	""	""	""	""	""	"Sold-to Party"	""
"MMIM_MATDOC"	"MMIM_MATDOC_SRV"	"C_MM_SalesOrderItemValueHelpType"	"SalesOrganization"	"Edm.String"	""	"4"	""	""	""	""	""	""	""	""	""	"Sales Organization"	""
"MMIM_MATDOC"	"MMIM_MATDOC_SRV"	"C_MM_SalesOrderItemValueHelpType"	"DistributionChannel"	"Edm.String"	""	"2"	""	""	""	""	""	""	""	""	""	"Distribution Channel"	""
"MMIM_MATDOC"	"MMIM_MATDOC_SRV"	"C_MM_SalesOrderItemValueHelpType"	"Division"	"Edm.String"	""	"2"	""	""	""	""	""	""	""	""	""	"Division"	""
"MMIM_MATDOC"	"MMIM_MATDOC_SRV"	"C_MM_SalesOrderItemValueHelpType"	"SalesOrderType"	"Edm.String"	""	"4"	""	""	""	""	""	""	""	""	""	"Sales Order Type"	""
"MMIM_MATDOC"	"MMIM_MATDOC_SRV"	"C_MM_SalesOrderItemValueHelpType"	"SalesGroup"	"Edm.String"	""	"3"	""	""	""	""	""	""	""	""	""	"Sales Group"	""
"MMIM_MATDOC"	"MMIM_MATDOC_SRV"	"C_MM_SalesOrderItemValueHelpType"	"SalesOffice"	"Edm.String"	""	"4"	""	""	""	""	""	""	""	""	""	"Sales Office"	""
"MMIM_MATDOC"	"MMIM_MATDOC_SRV"	"C_MM_SalesOrderItemValueHelpType"	"OrganizationDivision"	"Edm.String"	""	"2"	""	""	""	""	""	""	""	""	""	"Organization Division"	""
"MMIM_MATDOC"	"MMIM_MATDOC_SRV"	"C_MM_SalesOrderItemValueHelpType"	"AuthorizationGroup"	"Edm.String"	""	"4"	""	""	""	""	""	""	""	""	""	"Authorization"	""
"MMIM_MATDOC"	"MMIM_MATDOC_SRV"	"I_ChartOfAccountsStdVHType"	"ChartOfAccounts"	"Edm.String"	"false"	"4"	""	""	"X"	""	""	""	""	""	""	"Chart of Accounts"	""
"MMIM_MATDOC"	"MMIM_MATDOC_SRV"	"I_ChartOfAccountsStdVHType"	"ChartOfAccounts_Text"	"Edm.String"	""	"50"	""	""	""	"false"	"false"	""	""	""	""	"Chart Of Accounts Description"	""
"MMIM_MATDOC"	"MMIM_MATDOC_SRV"	"I_ControllingAreaType"	"ControllingArea"	"Edm.String"	"false"	"4"	""	""	"X"	""	""	""	""	""	""	"Controlling Area"	""
"MMIM_MATDOC"	"MMIM_MATDOC_SRV"	"I_ControllingAreaType"	"FiscalYearVariant"	"Edm.String"	""	"2"	""	""	""	""	""	""	""	""	""	"Fiscal Year Variant"	""
"MMIM_MATDOC"	"MMIM_MATDOC_SRV"	"I_ControllingAreaType"	"ControllingAreaName"	"Edm.String"	""	"25"	""	""	""	""	""	""	""	""	""	"Controlling Area Name"	""
"MMIM_MATDOC"	"MMIM_MATDOC_SRV"	"I_ControllingAreaType"	"ControllingAreaCurrency"	"Edm.String"	""	"5"	""	""	""	""	""	""	""	""	""	"Controlling Area Currency"	""
"MMIM_MATDOC"	"MMIM_MATDOC_SRV"	"I_ControllingAreaType"	"ChartOfAccounts"	"Edm.String"	""	"4"	""	""	""	""	""	""	""	""	""	"Chart of Accounts"	""
"MMIM_MATDOC"	"MMIM_MATDOC_SRV"	"I_ControllingAreaType"	"ChartOfAccounts_Text"	"Edm.String"	""	"50"	""	""	""	"false"	"false"	""	""	""	""	"Chart Of Accounts Description"	""
"MMIM_MATDOC"	"MMIM_MATDOC_SRV"	"I_ControllingAreaType"	"CostCenterStandardHierarchy"	"Edm.String"	""	"12"	""	""	""	""	""	""	""	""	""	"Cost Center Standard Hierarchy"	""
"MMIM_MATDOC"	"MMIM_MATDOC_SRV"	"I_ControllingAreaType"	"OperatingConcern"	"Edm.String"	""	"4"	""	""	""	""	""	""	""	""	""	"Operating concern"	""
"MMIM_MATDOC"	"MMIM_MATDOC_SRV"	"I_ControllingAreaType"	"ProfitCenterStandardHierarchy"	"Edm.String"	""	"12"	""	""	""	""	""	""	""	""	""	"Profit Center Standard Hierarchy"	""
"MMIM_MATDOC"	"MMIM_MATDOC_SRV"	"I_ControllingAreaType"	"BusinessProcessStandardHier"	"Edm.String"	""	"12"	""	""	""	""	""	""	""	""	""	"Business Process Standard Hierarchy Area"	""
"MMIM_MATDOC"	"MMIM_MATDOC_SRV"	"I_ControllingAreaType"	"CreditDownPaymentDefaultGLAcct"	"Edm.String"	""	"10"	""	""	""	""	""	""	""	""	""	"G/L Account for Supplier Down Payments"	""
"MMIM_MATDOC"	"MMIM_MATDOC_SRV"	"I_ControllingAreaType"	"DebitDownPaymentDefaultGLAcct"	"Edm.String"	""	"10"	""	""	""	""	""	""	""	""	""	"G/L Account for Customer Down Payments"	""
"MMIM_MATDOC"	"MMIM_MATDOC_SRV"	"I_ControllingAreaType"	"ControllingAreaCurrencyRole"	"Edm.String"	""	"2"	""	""	""	""	""	""	""	""	""	"Currency Type for Controlling Area"	""
"MMIM_MATDOC"	"MMIM_MATDOC_SRV"	"I_ControllingAreaType"	"FinancialManagementArea"	"Edm.String"	""	"4"	""	""	""	""	""	""	""	""	""	"FM Area"	""
"MMIM_MATDOC"	"MMIM_MATDOC_SRV"	"I_ControllingAreaType"	"ControllingAreaResponsibleUser"	"Edm.String"	""	"12"	""	""	""	""	""	""	""	""	""	"Responsible User of Controlling Area"	""
"MMIM_MATDOC"	"MMIM_MATDOC_SRV"	"I_ControllingAreaType"	"DefaultProfitCenter"	"Edm.String"	""	"10"	""	""	""	""	""	""	""	""	""	"Default Profit Center"	""
"MMIM_MATDOC"	"MMIM_MATDOC_SRV"	"I_ControllingAreaType"	"CtrlgStdFinStatementVersion"	"Edm.String"	""	"42"	""	""	""	""	""	""	""	""	""	"Leading Ctrlg Financial Stmnt Version"	""
"MMIM_MATDOC"	"MMIM_MATDOC_SRV"	"I_ControllingAreaType"	"CtrlgStdFinStatementVersion_Text"	"Edm.String"	""	"50"	""	""	""	"false"	"false"	""	""	""	""	"Financial Statement Description"	""
"MMIM_MATDOC"	"MMIM_MATDOC_SRV"	"I_ControllingAreaType"	"ProfitCenterAccountingCurrency"	"Edm.String"	""	"5"	""	""	""	""	""	""	""	""	""	"Profit Center Local Currency"	""
"MMIM_MATDOC"	"MMIM_MATDOC_SRV"	"I_Customer_VHType"	"Customer"	"Edm.String"	"false"	"10"	""	""	"X"	""	""	""	""	""	""	"Customer"	""
"MMIM_MATDOC"	"MMIM_MATDOC_SRV"	"I_Customer_VHType"	"OrganizationBPName1"	"Edm.String"	""	"35"	""	""	""	""	""	""	""	""	""	"Name 1"	""
"MMIM_MATDOC"	"MMIM_MATDOC_SRV"	"I_Customer_VHType"	"OrganizationBPName2"	"Edm.String"	""	"35"	""	""	""	""	""	""	""	""	""	"Name 2"	""
"MMIM_MATDOC"	"MMIM_MATDOC_SRV"	"I_Customer_VHType"	"Country"	"Edm.String"	""	"3"	""	""	""	""	""	""	""	""	""	"Country/Region"	""
"MMIM_MATDOC"	"MMIM_MATDOC_SRV"	"I_Customer_VHType"	"CityName"	"Edm.String"	""	"35"	""	""	""	""	""	""	""	""	""	"City"	""
"MMIM_MATDOC"	"MMIM_MATDOC_SRV"	"I_Customer_VHType"	"StreetName"	"Edm.String"	""	"35"	""	""	""	""	""	""	""	""	""	"Street"	""
"MMIM_MATDOC"	"MMIM_MATDOC_SRV"	"I_Customer_VHType"	"PostalCode"	"Edm.String"	""	"10"	""	""	""	""	""	""	""	""	""	"Postal Code"	""
"MMIM_MATDOC"	"MMIM_MATDOC_SRV"	"I_Customer_VHType"	"CustomerName"	"Edm.String"	""	"80"	""	""	""	""	""	""	""	""	""	"Customer Name"	""
"MMIM_MATDOC"	"MMIM_MATDOC_SRV"	"I_Customer_VHType"	"CustomerAccountGroup"	"Edm.String"	""	"4"	""	""	""	""	""	""	""	""	""	"Account group"	""
"MMIM_MATDOC"	"MMIM_MATDOC_SRV"	"I_Customer_VHType"	"AuthorizationGroup"	"Edm.String"	""	"4"	""	""	""	""	""	""	""	""	""	"Authorization"	""
"MMIM_MATDOC"	"MMIM_MATDOC_SRV"	"I_Customer_VHType"	"IsBusinessPurposeCompleted"	"Edm.String"	""	"1"	""	""	""	""	""	""	""	""	""	"Purpose Complete Flag"	""
"MMIM_MATDOC"	"MMIM_MATDOC_SRV"	"I_Customer_VHType"	"IsCompetitor"	"Edm.Boolean"	""	""	""	""	""	""	""	""	""	""	""	"Competitors"	""
"MMIM_MATDOC"	"MMIM_MATDOC_SRV"	"I_Customer_VHType"	"BusinessPartner"	"Edm.String"	""	"10"	""	""	""	""	""	""	""	""	""	"Business Partner"	""
"MMIM_MATDOC"	"MMIM_MATDOC_SRV"	"I_Customer_VHType"	"BusinessPartnerType"	"Edm.String"	""	"4"	""	""	""	""	""	""	""	""	""	"Business Partner Type"	""
"MMIM_MATDOC"	"MMIM_MATDOC_SRV"	"I_MaterialStdVHType"	"Material"	"Edm.String"	"false"	"40"	""	""	"X"	""	""	""	""	""	""	"Material"	""
"MMIM_MATDOC"	"MMIM_MATDOC_SRV"	"I_MaterialStdVHType"	"Material_Text"	"Edm.String"	""	"40"	""	""	""	"false"	"false"	""	""	""	""	"Material Description"	""
"MMIM_MATDOC"	"MMIM_MATDOC_SRV"	"I_ProfitCenterStdVHType"	"ControllingArea"	"Edm.String"	"false"	"4"	""	""	"X"	""	""	""	""	""	""	"Controlling Area"	""
"MMIM_MATDOC"	"MMIM_MATDOC_SRV"	"I_ProfitCenterStdVHType"	"ProfitCenter"	"Edm.String"	"false"	"10"	""	""	"X"	""	""	""	""	""	""	"Profit Center"	""
"MMIM_MATDOC"	"MMIM_MATDOC_SRV"	"I_ProfitCenterStdVHType"	"ProfitCenter_Text"	"Edm.String"	""	"20"	""	""	""	"false"	"false"	""	""	""	""	"Profit Center Name"	""
"MMIM_MATDOC"	"MMIM_MATDOC_SRV"	"I_ProfitCenterStdVHType"	"ValidityEndDate"	"Edm.DateTime"	"false"	""	"0"	""	"X"	""	""	""	""	""	""	"Valid To"	""
"MMIM_MATDOC"	"MMIM_MATDOC_SRV"	"I_ProfitCenterStdVHType"	"ValidityStartDate"	"Edm.DateTime"	""	""	"0"	""	""	""	""	""	""	""	""	"Valid From"	""
"MMIM_MATDOC"	"MMIM_MATDOC_SRV"	"MMIM_WBSELEMENTVALUEHELPType"	"WBSElement"	"Edm.String"	"false"	"24"	""	""	"X"	""	""	""	""	""	""	"WBS Element"	""
"MMIM_MATDOC"	"MMIM_MATDOC_SRV"	"MMIM_WBSELEMENTVALUEHELPType"	"WBSDescription"	"Edm.String"	""	"40"	""	""	""	""	""	""	""	""	""	"WBS Element Name"	""
"MMIM_MATDOC"	"MMIM_MATDOC_SRV"	"MMIM_WBSELEMENTVALUEHELPType"	"Project"	"Edm.String"	""	"24"	""	""	""	""	""	""	""	""	""	"Project definition"	""
"MMIM_MATDOC"	"MMIM_MATDOC_SRV"	"MMIM_WBSELEMENTVALUEHELPType"	"ProjectDescription"	"Edm.String"	""	"40"	""	""	""	""	""	""	""	""	""	"Project Name"	""
"MMIM_MATDOC"	"MMIM_MATDOC_SRV"	"MMIM_WBSELEMENTVALUEHELPType"	"WBSElementIsBillingElement"	"Edm.Boolean"	""	""	""	""	""	""	""	""	""	""	""	"Billing Element"	""
"MMIM_MATDOC"	"MMIM_MATDOC_SRV"	"MMIM_WBSELEMENTVALUEHELPType"	"WBSIsAccountAssignmentElement"	"Edm.Boolean"	""	""	""	""	""	""	""	""	""	""	""	"Account Assignment Element"	""
"MMIM_MATDOC"	"MMIM_MATDOC_SRV"	"SAP__Currency"	"CurrencyCode"	"Edm.String"	"false"	"5"	""	""	"X"	""	""	""	""	""	""	"Currency"	""
"MMIM_MATDOC"	"MMIM_MATDOC_SRV"	"SAP__Currency"	"ISOCode"	"Edm.String"	"false"	"3"	""	""	""	""	""	""	""	""	""	"ISO code"	""
"MMIM_MATDOC"	"MMIM_MATDOC_SRV"	"SAP__Currency"	"Text"	"Edm.String"	"false"	"15"	""	""	""	""	""	""	""	""	""	"Short text"	""
"MMIM_MATDOC"	"MMIM_MATDOC_SRV"	"SAP__Currency"	"DecimalPlaces"	"Edm.Byte"	"false"	""	""	""	""	""	""	""	""	""	""	"Decimals"	""
"MMIM_MATDOC"	"MMIM_MATDOC_SRV"	"SAP__UnitOfMeasure"	"UnitCode"	"Edm.String"	"false"	"3"	""	""	"X"	""	""	""	""	""	""	"Internal UoM"	""
"MMIM_MATDOC"	"MMIM_MATDOC_SRV"	"SAP__UnitOfMeasure"	"ISOCode"	"Edm.String"	"false"	"3"	""	""	""	""	""	""	""	""	""	"ISO Code"	""
"MMIM_MATDOC"	"MMIM_MATDOC_SRV"	"SAP__UnitOfMeasure"	"ExternalCode"	"Edm.String"	"false"	"3"	""	""	""	""	""	""	""	""	""	"Commercial"	""
"MMIM_MATDOC"	"MMIM_MATDOC_SRV"	"SAP__UnitOfMeasure"	"Text"	"Edm.String"	"false"	"30"	""	""	""	""	""	""	""	""	""	"Measurement Unit Txt"	""
"MMIM_MATDOC"	"MMIM_MATDOC_SRV"	"SAP__UnitOfMeasure"	"DecimalPlaces"	"Edm.Int16"	""	""	""	""	""	""	""	""	""	""	""	"Decimal Places"	""
"MMIM_MATDOC"	"MMIM_MATDOC_SRV"	"SAP__DocumentDescription"	"Id"	"Edm.Guid"	"false"	""	""	""	"X"	""	""	""	""	""	""	"UUID"	""
"MMIM_MATDOC"	"MMIM_MATDOC_SRV"	"SAP__DocumentDescription"	"CreatedBy"	"Edm.String"	"false"	"12"	""	""	""	""	""	""	""	""	""	""	""
"MMIM_MATDOC"	"MMIM_MATDOC_SRV"	"SAP__DocumentDescription"	"CreatedAt"	"Edm.DateTime"	"false"	""	"0"	""	""	""	""	""	""	""	""	"Time Stamp"	""
"MMIM_MATDOC"	"MMIM_MATDOC_SRV"	"SAP__DocumentDescription"	"FileName"	"Edm.String"	"false"	"256"	""	""	""	""	""	""	""	""	""	""	""
"MMIM_MATDOC"	"MMIM_MATDOC_SRV"	"SAP__DocumentDescription"	"Title"	"Edm.String"	"false"	"256"	""	""	""	""	""	""	""	""	""	""	""
"MMIM_MATDOC"	"MMIM_MATDOC_SRV"	"SAP__Format"	"FitToPage"	"MMIM_MATDOC_SRV.SAP__FitToPage"	"false"	""	""	""	""	""	""	""	""	""	""	""	""
"MMIM_MATDOC"	"MMIM_MATDOC_SRV"	"SAP__Format"	"Id"	"Edm.Guid"	"false"	""	""	""	"X"	"false"	"false"	"false"	"false"	""	""	"UUID"	""
"MMIM_MATDOC"	"MMIM_MATDOC_SRV"	"SAP__Format"	"FontSize"	"Edm.Int32"	"false"	""	""	""	""	"false"	"false"	"false"	"false"	""	""	""	""
"MMIM_MATDOC"	"MMIM_MATDOC_SRV"	"SAP__Format"	"Orientation"	"Edm.String"	"false"	"10"	""	""	""	"false"	"false"	"false"	"false"	""	""	""	""
"MMIM_MATDOC"	"MMIM_MATDOC_SRV"	"SAP__Format"	"PaperSize"	"Edm.String"	"false"	"10"	""	""	""	"false"	"false"	"false"	"false"	""	""	""	""
"MMIM_MATDOC"	"MMIM_MATDOC_SRV"	"SAP__Format"	"BorderSize"	"Edm.Int32"	"false"	""	""	""	""	"false"	"false"	"false"	"false"	""	""	""	""
"MMIM_MATDOC"	"MMIM_MATDOC_SRV"	"SAP__Format"	"MarginSize"	"Edm.Int32"	"false"	""	""	""	""	"false"	"false"	"false"	"false"	""	""	""	""
"MMIM_MATDOC"	"MMIM_MATDOC_SRV"	"SAP__Format"	"FontName"	"Edm.String"	"false"	"255"	""	""	""	"false"	"false"	"false"	"false"	""	""	"Font Name"	""
"MMIM_MATDOC"	"MMIM_MATDOC_SRV"	"SAP__PDFStandard"	"Id"	"Edm.Guid"	"false"	""	""	""	"X"	"false"	"false"	"false"	"false"	""	""	"UUID"	""
"MMIM_MATDOC"	"MMIM_MATDOC_SRV"	"SAP__PDFStandard"	"UsePDFAConformance"	"Edm.Boolean"	"false"	""	""	""	""	"false"	"false"	"false"	"false"	""	""	""	""
"MMIM_MATDOC"	"MMIM_MATDOC_SRV"	"SAP__PDFStandard"	"DoEnableAccessibility"	"Edm.Boolean"	"false"	""	""	""	""	"false"	"false"	"false"	"false"	""	""	"Indicator"	""
"MMIM_MATDOC"	"MMIM_MATDOC_SRV"	"SAP__TableColumns"	"Id"	"Edm.Guid"	"false"	""	""	""	"X"	"false"	"false"	"false"	"false"	""	""	"UUID"	""
"MMIM_MATDOC"	"MMIM_MATDOC_SRV"	"SAP__TableColumns"	"Name"	"Edm.String"	"false"	"256"	""	""	"X"	"false"	"false"	"false"	"false"	""	""	""	""
"MMIM_MATDOC"	"MMIM_MATDOC_SRV"	"SAP__TableColumns"	"Header"	"Edm.String"	"false"	"256"	""	""	"X"	"false"	"false"	"false"	"false"	""	""	""	""
"MMIM_MATDOC"	"MMIM_MATDOC_SRV"	"SAP__TableColumns"	"HorizontalAlignment"	"Edm.String"	"false"	"10"	""	""	""	"false"	"false"	"false"	"false"	""	""	""	""
"MMIM_MATDOC"	"MMIM_MATDOC_SRV"	"SAP__CoverPage"	"Title"	"Edm.String"	"false"	"256"	""	""	"X"	"false"	"false"	"false"	"false"	""	""	""	""
"MMIM_MATDOC"	"MMIM_MATDOC_SRV"	"SAP__CoverPage"	"Id"	"Edm.Guid"	"false"	""	""	""	"X"	"false"	"false"	"false"	"false"	""	""	"UUID"	""
"MMIM_MATDOC"	"MMIM_MATDOC_SRV"	"SAP__CoverPage"	"Name"	"Edm.String"	"false"	"256"	""	""	"X"	"false"	"false"	"false"	"false"	""	""	""	""
"MMIM_MATDOC"	"MMIM_MATDOC_SRV"	"SAP__CoverPage"	"Value"	"Edm.String"	"false"	"256"	""	""	""	"false"	"false"	"false"	"false"	""	""	""	""
"MMIM_MATDOC"	"MMIM_MATDOC_SRV"	"SAP__Signature"	"Id"	"Edm.Guid"	"false"	""	""	""	"X"	"false"	"false"	"false"	"false"	""	""	"UUID"	""
"MMIM_MATDOC"	"MMIM_MATDOC_SRV"	"SAP__Signature"	"DoSign"	"Edm.Boolean"	"false"	""	""	""	""	"false"	"false"	"false"	"false"	""	""	"Indicator"	""
"MMIM_MATDOC"	"MMIM_MATDOC_SRV"	"SAP__Signature"	"Reason"	"Edm.String"	"false"	"256"	""	""	""	"false"	"false"	"false"	"false"	""	""	""	""
"MMIM_MATDOC"	"MMIM_MATDOC_SRV"	"SAP__ValueHelp"	"VALUEHELP"	"Edm.String"	"false"	""	""	""	"X"	""	""	""	""	""	""	""	""
"MMIM_MATDOC"	"MMIM_MATDOC_SRV"	"SAP__ValueHelp"	"FIELD_VALUE"	"Edm.String"	"false"	"10"	""	""	""	""	""	""	""	""	""	""	""
"MMIM_MATDOC"	"MMIM_MATDOC_SRV"	"SAP__ValueHelp"	"DESCRIPTION"	"Edm.String"	""	""	""	""	""	""	""	""	""	""	""	""	""
"SD_CUSTOMER_INVOICES_CREATE"	"SD_CUSTOMER_INVOICES_CREATE"	"C_BillgDocDueListCreatedByVHType"	"UserID"	"Edm.String"	"false"	"12"	""	""	"X"	""	""	""	""	""	""	"User ID"	""
"SD_CUSTOMER_INVOICES_CREATE"	"SD_CUSTOMER_INVOICES_CREATE"	"C_BillgDocDueListCreatedByVHType"	"UserDescription"	"Edm.String"	""	"80"	""	""	""	""	""	""	""	""	""	"Name"	""
"SD_CUSTOMER_INVOICES_CREATE"	"SD_CUSTOMER_INVOICES_CREATE"	"C_BillingDocumentCategoryVHType"	"BillingDocumentCategory"	"Edm.String"	"false"	"1"	""	""	"X"	""	""	""	""	""	""	"Billing Category"	""
"SD_CUSTOMER_INVOICES_CREATE"	"SD_CUSTOMER_INVOICES_CREATE"	"C_BillingDocumentCategoryVHType"	"BillingDocumentCategory_Text"	"Edm.String"	""	"60"	""	""	""	"false"	"false"	""	""	""	""	"Billing Category Name"	""
"SD_CUSTOMER_INVOICES_CREATE"	"SD_CUSTOMER_INVOICES_CREATE"	"C_BillingDocumentTypeVHType"	"BillingDocumentType"	"Edm.String"	"false"	"4"	""	""	"X"	""	""	""	""	""	""	"Billing Type"	""
"SD_CUSTOMER_INVOICES_CREATE"	"SD_CUSTOMER_INVOICES_CREATE"	"C_BillingDocumentTypeVHType"	"BillingDocumentType_Text"	"Edm.String"	""	"40"	""	""	""	"false"	"false"	""	""	""	""	"Description"	""
"SD_CUSTOMER_INVOICES_CREATE"	"SD_CUSTOMER_INVOICES_CREATE"	"C_BillingDueListItem_F0798Type"	"BillingDocumentCategory"	"Edm.String"	"false"	"1"	""	""	"X"	""	""	""	""	""	""	"Billing Category"	""
"SD_CUSTOMER_INVOICES_CREATE"	"SD_CUSTOMER_INVOICES_CREATE"	"C_BillingDueListItem_F0798Type"	"BillingDocumentType"	"Edm.String"	"false"	"4"	""	""	"X"	""	""	""	""	""	""	"Billing Type"	""
"SD_CUSTOMER_INVOICES_CREATE"	"SD_CUSTOMER_INVOICES_CREATE"	"C_BillingDueListItem_F0798Type"	"BillingDocumentDate"	"Edm.DateTime"	"false"	""	"0"	""	"X"	""	""	""	""	""	""	"Billing Date"	""
"SD_CUSTOMER_INVOICES_CREATE"	"SD_CUSTOMER_INVOICES_CREATE"	"C_BillingDueListItem_F0798Type"	"SalesOrganization"	"Edm.String"	"false"	"4"	""	""	"X"	""	""	""	""	""	""	"Sales Organization"	""
"SD_CUSTOMER_INVOICES_CREATE"	"SD_CUSTOMER_INVOICES_CREATE"	"C_BillingDueListItem_F0798Type"	"SoldToParty"	"Edm.String"	"false"	"10"	""	""	"X"	""	""	""	""	""	""	"Sold-to Party"	""
"SD_CUSTOMER_INVOICES_CREATE"	"SD_CUSTOMER_INVOICES_CREATE"	"C_BillingDueListItem_F0798Type"	"DestinationCountry"	"Edm.String"	"false"	"3"	""	""	"X"	""	""	""	""	""	""	"Dest. Country/Region"	""
"SD_CUSTOMER_INVOICES_CREATE"	"SD_CUSTOMER_INVOICES_CREATE"	"C_BillingDueListItem_F0798Type"	"ReferenceSDDocument"	"Edm.String"	"false"	"10"	""	""	"X"	"false"	"false"	""	""	""	""	"SD Document"	""
"SD_CUSTOMER_INVOICES_CREATE"	"SD_CUSTOMER_INVOICES_CREATE"	"C_BillingDueListItem_F0798Type"	"ReferenceSDDocumentCategory"	"Edm.String"	""	"4"	""	""	""	""	""	""	""	""	""	"SD Document Category"	""
"SD_CUSTOMER_INVOICES_CREATE"	"SD_CUSTOMER_INVOICES_CREATE"	"C_BillingDueListItem_F0798Type"	"HeaderBillingBlockReason"	"Edm.String"	""	"2"	""	""	""	""	""	""	""	""	""	"Billing Block"	""
"SD_CUSTOMER_INVOICES_CREATE"	"SD_CUSTOMER_INVOICES_CREATE"	"C_BillingDueListItem_F0798Type"	"DistributionChannel"	"Edm.String"	""	"2"	""	""	""	""	""	""	""	""	""	"Distribution Channel"	""
"SD_CUSTOMER_INVOICES_CREATE"	"SD_CUSTOMER_INVOICES_CREATE"	"C_BillingDueListItem_F0798Type"	"Division"	"Edm.String"	""	"2"	""	""	""	""	""	""	""	""	""	"Division"	""
"SD_CUSTOMER_INVOICES_CREATE"	"SD_CUSTOMER_INVOICES_CREATE"	"C_BillingDueListItem_F0798Type"	"ShippingPoint"	"Edm.String"	""	"4"	""	""	""	""	""	""	""	""	""	"Shipping Point"	""
"SD_CUSTOMER_INVOICES_CREATE"	"SD_CUSTOMER_INVOICES_CREATE"	"C_BillingDueListItem_F0798Type"	"ShippingPoint_Text"	"Edm.String"	""	"30"	""	""	""	"false"	"false"	""	""	""	""	"Description"	""
"SD_CUSTOMER_INVOICES_CREATE"	"SD_CUSTOMER_INVOICES_CREATE"	"C_BillingDueListItem_F0798Type"	"OverallProofOfDeliveryStatus"	"Edm.String"	""	"1"	""	""	""	""	""	""	""	""	""	"POD Status"	""
"SD_CUSTOMER_INVOICES_CREATE"	"SD_CUSTOMER_INVOICES_CREATE"	"C_BillingDueListItem_F0798Type"	"NetAmount"	"Edm.Decimal"	""	""	"15"	"3"	""	""	""	""	""	""	"TransactionCurrency"	"Net Value"	""
"SD_CUSTOMER_INVOICES_CREATE"	"SD_CUSTOMER_INVOICES_CREATE"	"C_BillingDueListItem_F0798Type"	"TransactionCurrency"	"Edm.String"	""	"5"	""	""	""	""	""	""	""	""	""	"Document Currency"	""
"SD_CUSTOMER_INVOICES_CREATE"	"SD_CUSTOMER_INVOICES_CREATE"	"C_BillingDueListItem_F0798Type"	"SoldToPartyCityName"	"Edm.String"	""	"40"	""	""	""	""	""	""	""	""	""	"City"	""
"SD_CUSTOMER_INVOICES_CREATE"	"SD_CUSTOMER_INVOICES_CREATE"	"C_BillingDueListItem_F0798Type"	"SoldToPartyName"	"Edm.String"	""	"35"	""	""	""	""	""	""	"false"	""	""	"Name"	""
"SD_CUSTOMER_INVOICES_CREATE"	"SD_CUSTOMER_INVOICES_CREATE"	"C_BillingDueListItem_F0798Type"	"SoldToPartyAdditionalName"	"Edm.String"	""	"35"	""	""	""	""	""	""	"false"	""	""	"Name 2"	""
"SD_CUSTOMER_INVOICES_CREATE"	"SD_CUSTOMER_INVOICES_CREATE"	"C_BillingDueListItem_F0798Type"	"CustomerProject"	"Edm.String"	""	"40"	""	""	""	""	""	""	""	""	""	"Customer Project ID"	""
"SD_CUSTOMER_INVOICES_CREATE"	"SD_CUSTOMER_INVOICES_CREATE"	"C_BillingDueListItem_F0798Type"	"HasError"	"Edm.Boolean"	""	""	""	""	""	""	""	""	""	""	""	"Issue"	""
"SD_CUSTOMER_INVOICES_CREATE"	"SD_CUSTOMER_INVOICES_CREATE"	"C_BillingDueListItem_F0798Type"	"SystemMessageIdentification"	"Edm.String"	""	"20"	""	""	""	""	""	"false"	"false"	""	""	"Message class"	""
"SD_CUSTOMER_INVOICES_CREATE"	"SD_CUSTOMER_INVOICES_CREATE"	"C_BillingDueListItem_F0798Type"	"SystemMessageNumber"	"Edm.String"	""	"3"	""	""	""	""	""	"false"	"false"	""	""	"Message Number"	""
"SD_CUSTOMER_INVOICES_CREATE"	"SD_CUSTOMER_INVOICES_CREATE"	"C_BillingDueListItem_F0798Type"	"SystemMessageType"	"Edm.String"	""	"1"	""	""	""	""	""	"false"	"false"	""	""	"Message Type"	""
"SD_CUSTOMER_INVOICES_CREATE"	"SD_CUSTOMER_INVOICES_CREATE"	"C_BillingDueListItem_F0798Type"	"SystemMessageVariable1"	"Edm.String"	""	"50"	""	""	""	""	""	"false"	"false"	""	""	"Message variable"	""
"SD_CUSTOMER_INVOICES_CREATE"	"SD_CUSTOMER_INVOICES_CREATE"	"C_BillingDueListItem_F0798Type"	"SystemMessageVariable2"	"Edm.String"	""	"50"	""	""	""	""	""	"false"	"false"	""	""	"Message variable"	""
"SD_CUSTOMER_INVOICES_CREATE"	"SD_CUSTOMER_INVOICES_CREATE"	"C_BillingDueListItem_F0798Type"	"SystemMessageVariable3"	"Edm.String"	""	"50"	""	""	""	""	""	"false"	"false"	""	""	"Message variable"	""
"SD_CUSTOMER_INVOICES_CREATE"	"SD_CUSTOMER_INVOICES_CREATE"	"C_BillingDueListItem_F0798Type"	"SystemMessageVariable4"	"Edm.String"	""	"50"	""	""	""	""	""	"false"	"false"	""	""	"Message variable"	""
"SD_CUSTOMER_INVOICES_CREATE"	"SD_CUSTOMER_INVOICES_CREATE"	"C_BillingDueListItem_F0798Type"	"SystemMessageText"	"Edm.String"	""	"256"	""	""	""	""	""	"false"	"false"	""	""	"Issue Details"	""
"SD_CUSTOMER_INVOICES_CREATE"	"SD_CUSTOMER_INVOICES_CREATE"	"C_BillingDueListItem_F0798Type"	"BillgDocReqRefLgclSyst"	"Edm.String"	""	"10"	""	""	""	""	""	""	""	""	""	"BDR Source System"	""
"SD_CUSTOMER_INVOICES_CREATE"	"SD_CUSTOMER_INVOICES_CREATE"	"C_BillingDueListItem_F0798Type"	"BillingDocRequestReference"	"Edm.String"	""	"10"	""	""	""	""	""	""	""	""	""	"BDR Source Document"	""
"SD_CUSTOMER_INVOICES_CREATE"	"SD_CUSTOMER_INVOICES_CREATE"	"C_BillingDueListItem_F0798Type"	"ReferenceSDDocumentType"	"Edm.String"	""	"4"	""	""	""	""	""	""	""	""	""	"SD Document Type"	""
"SD_CUSTOMER_INVOICES_CREATE"	"SD_CUSTOMER_INVOICES_CREATE"	"C_BillingDueListItem_F0798Type"	"BusinessSolutionOrder"	"Edm.String"	""	"10"	""	""	""	""	""	""	""	""	""	"Solution Order"	""
"SD_CUSTOMER_INVOICES_CREATE"	"SD_CUSTOMER_INVOICES_CREATE"	"C_BillingDueListItem_F0798Type"	"CreatedByUser"	"Edm.String"	""	"12"	""	""	""	""	""	""	""	""	""	"Created By"	""
"SD_CUSTOMER_INVOICES_CREATE"	"SD_CUSTOMER_INVOICES_CREATE"	"C_BillingDueListItem_F0798Type"	"CreationDate"	"Edm.DateTime"	""	""	"0"	""	""	""	""	""	""	""	""	"Created On"	""
"SD_CUSTOMER_INVOICES_CREATE"	"SD_CUSTOMER_INVOICES_CREATE"	"C_BillingDueListItem_F0798Type"	"CreationDateTime"	"Edm.DateTimeOffset"	""	""	"7"	""	""	""	""	""	""	""	""	"Created At"	""
"SD_CUSTOMER_INVOICES_CREATE"	"SD_CUSTOMER_INVOICES_CREATE"	"C_CustomerProjectVHType"	"CustomerProject"	"Edm.String"	"false"	"40"	""	""	"X"	""	""	""	""	""	""	"Customer Project ID"	""
"SD_CUSTOMER_INVOICES_CREATE"	"SD_CUSTOMER_INVOICES_CREATE"	"C_CustomerProjectVHType"	"CustomerProjectName"	"Edm.String"	""	"40"	""	""	""	""	""	""	""	""	""	"Customer Proj Name"	""
"SD_CUSTOMER_INVOICES_CREATE"	"SD_CUSTOMER_INVOICES_CREATE"	"C_CustomerProjectVHType"	"EmploymentInternalID"	"Edm.String"	""	"8"	""	""	""	""	""	""	""	""	""	""	""
"SD_CUSTOMER_INVOICES_CREATE"	"SD_CUSTOMER_INVOICES_CREATE"	"C_CustomerProjectVHType"	"CustomerProjectManagerName"	"Edm.String"	""	"80"	""	""	""	""	""	""	""	""	""	"Project Manager Name"	""
"SD_CUSTOMER_INVOICES_CREATE"	"SD_CUSTOMER_INVOICES_CREATE"	"C_DeliveryDocItemToBeBilledType"	"OutboundDelivery"	"Edm.String"	"false"	"10"	""	""	"X"	""	""	""	""	""	""	"Delivery"	""
"SD_CUSTOMER_INVOICES_CREATE"	"SD_CUSTOMER_INVOICES_CREATE"	"C_DeliveryDocItemToBeBilledType"	"OutboundDeliveryItem"	"Edm.String"	"false"	"6"	""	""	"X"	""	""	""	""	""	""	"Item"	""
"SD_CUSTOMER_INVOICES_CREATE"	"SD_CUSTOMER_INVOICES_CREATE"	"C_DeliveryDocItemToBeBilledType"	"DeliveryDocumentItemText"	"Edm.String"	""	"40"	""	""	""	""	""	""	""	""	""	"Item Description"	""
"SD_CUSTOMER_INVOICES_CREATE"	"SD_CUSTOMER_INVOICES_CREATE"	"C_DeliveryDocItemToBeBilledType"	"ToBeBilledQuantity"	"Edm.Decimal"	""	""	"13"	"3"	""	""	""	""	""	""	""	"Quantity to Be Billed"	""
"SD_CUSTOMER_INVOICES_CREATE"	"SD_CUSTOMER_INVOICES_CREATE"	"C_DeliveryDocItemToBeBilledType"	"BilledQuantity"	"Edm.Decimal"	""	""	"13"	"3"	""	""	""	""	""	""	"DeliveryQuantityUnit"	"Billed Quantity"	""
"SD_CUSTOMER_INVOICES_CREATE"	"SD_CUSTOMER_INVOICES_CREATE"	"C_DeliveryDocItemToBeBilledType"	"TotalQuantity"	"Edm.Decimal"	""	""	"13"	"3"	""	""	""	""	""	""	"DeliveryQuantityUnit"	"Total Quantity"	""
"SD_CUSTOMER_INVOICES_CREATE"	"SD_CUSTOMER_INVOICES_CREATE"	"C_DeliveryDocItemToBeBilledType"	"DeliveryQuantityUnit"	"Edm.String"	""	"3"	""	""	""	""	""	""	""	""	""	"Sales Unit"	""
"SD_CUSTOMER_INVOICES_CREATE"	"SD_CUSTOMER_INVOICES_CREATE"	"C_DeliveryDocItemToBeBilledType"	"DeliveryDocumentItemCategory"	"Edm.String"	""	"4"	""	""	""	""	""	""	""	""	""	"Item Category"	""
"SD_CUSTOMER_INVOICES_CREATE"	"SD_CUSTOMER_INVOICES_CREATE"	"C_DeliveryDocItemToBeBilledType"	"Product"	"Edm.String"	""	"40"	""	""	""	""	""	""	""	""	""	"Product"	""
"SD_CUSTOMER_INVOICES_CREATE"	"SD_CUSTOMER_INVOICES_CREATE"	"C_DeliveryDocItemToBeBilledType"	"ReferenceSDDocumentCategory"	"Edm.String"	""	"4"	""	""	""	""	""	""	""	""	""	"SD Document Category"	""
"SD_CUSTOMER_INVOICES_CREATE"	"SD_CUSTOMER_INVOICES_CREATE"	"C_DeliveryDocItemToBeBilledType"	"BillingDocumentDate"	"Edm.DateTime"	""	""	"0"	""	""	""	""	""	""	""	""	"Billing Date"	""
"SD_CUSTOMER_INVOICES_CREATE"	"SD_CUSTOMER_INVOICES_CREATE"	"C_DischannelvaluehelpType"	"SalesOrganization"	"Edm.String"	"false"	"4"	""	""	"X"	""	""	""	""	""	""	"Sales Organization"	""
"SD_CUSTOMER_INVOICES_CREATE"	"SD_CUSTOMER_INVOICES_CREATE"	"C_DischannelvaluehelpType"	"DistributionChannel"	"Edm.String"	"false"	"2"	""	""	"X"	""	""	""	""	""	""	"Distribution Channel"	""
"SD_CUSTOMER_INVOICES_CREATE"	"SD_CUSTOMER_INVOICES_CREATE"	"C_DischannelvaluehelpType"	"DistributionChannelName"	"Edm.String"	""	"20"	""	""	""	""	""	""	""	""	""	"Distribution Channel Description"	""
"SD_CUSTOMER_INVOICES_CREATE"	"SD_CUSTOMER_INVOICES_CREATE"	"C_OrgDivisionValueHelpType"	"SalesOrganization"	"Edm.String"	"false"	"4"	""	""	"X"	""	""	""	""	""	""	"Sales Organization"	""
"SD_CUSTOMER_INVOICES_CREATE"	"SD_CUSTOMER_INVOICES_CREATE"	"C_OrgDivisionValueHelpType"	"DistributionChannel"	"Edm.String"	"false"	"2"	""	""	"X"	""	""	""	""	""	""	"Distribution Channel"	""
"SD_CUSTOMER_INVOICES_CREATE"	"SD_CUSTOMER_INVOICES_CREATE"	"C_OrgDivisionValueHelpType"	"Division"	"Edm.String"	"false"	"2"	""	""	"X"	""	""	""	""	""	""	"Division"	""
"SD_CUSTOMER_INVOICES_CREATE"	"SD_CUSTOMER_INVOICES_CREATE"	"C_OrgDivisionValueHelpType"	"DivisionName"	"Edm.String"	""	"20"	""	""	""	""	""	""	""	""	""	"Division Description"	""
"SD_CUSTOMER_INVOICES_CREATE"	"SD_CUSTOMER_INVOICES_CREATE"	"C_SalesDocSalesOrganizationVHType"	"SalesOrganization"	"Edm.String"	"false"	"4"	""	""	"X"	""	""	""	""	""	""	"Sales Organization"	""
"SD_CUSTOMER_INVOICES_CREATE"	"SD_CUSTOMER_INVOICES_CREATE"	"C_SalesDocSalesOrganizationVHType"	"SalesOrganization_Text"	"Edm.String"	""	"20"	""	""	""	"false"	"false"	""	""	""	""	"Sales Organization Description"	""
"SD_CUSTOMER_INVOICES_CREATE"	"SD_CUSTOMER_INVOICES_CREATE"	"C_SDCustomerAddressVHType"	"Customer"	"Edm.String"	"false"	"10"	""	""	"X"	""	""	""	""	""	""	"Customer"	""
"SD_CUSTOMER_INVOICES_CREATE"	"SD_CUSTOMER_INVOICES_CREATE"	"C_SDCustomerAddressVHType"	"AddressID"	"Edm.String"	"false"	"10"	""	""	"X"	""	""	""	""	""	""	"Address Number"	""
"SD_CUSTOMER_INVOICES_CREATE"	"SD_CUSTOMER_INVOICES_CREATE"	"C_SDCustomerAddressVHType"	"PartnerFunction"	"Edm.String"	""	"2"	""	""	""	""	""	""	""	""	""	"Partner Function"	""
"SD_CUSTOMER_INVOICES_CREATE"	"SD_CUSTOMER_INVOICES_CREATE"	"C_SDCustomerAddressVHType"	"PartnerDeterminationProcedure"	"Edm.String"	""	"4"	""	""	""	""	""	""	""	""	""	"PartnerDetermProced."	""
"SD_CUSTOMER_INVOICES_CREATE"	"SD_CUSTOMER_INVOICES_CREATE"	"C_SDCustomerAddressVHType"	"FormattedPostalAddressDesc"	"Edm.String"	""	"80"	""	""	""	""	""	"false"	""	""	""	"One-line short form of formatted address"	""
"SD_CUSTOMER_INVOICES_CREATE"	"SD_CUSTOMER_INVOICES_CREATE"	"C_SDCustomerAddressVHType"	"SDPartnerDeterminationDate"	"Edm.DateTime"	""	""	"0"	""	""	""	""	""	""	""	""	"Date for AddrDten"	""
"SD_CUSTOMER_INVOICES_CREATE"	"SD_CUSTOMER_INVOICES_CREATE"	"C_SoldToValueHelpType"	"Customer"	"Edm.String"	"false"	"10"	""	""	"X"	""	""	""	""	""	""	"Customer"	""
"SD_CUSTOMER_INVOICES_CREATE"	"SD_CUSTOMER_INVOICES_CREATE"	"C_SoldToValueHelpType"	"CustomerName"	"Edm.String"	""	"80"	""	""	""	""	""	""	""	""	""	"Name"	""
"SD_CUSTOMER_INVOICES_CREATE"	"SD_CUSTOMER_INVOICES_CREATE"	"C_SoldToValueHelpType"	"OrganizationBPName1"	"Edm.String"	""	"35"	""	""	""	""	""	""	""	""	""	"Name"	""
"SD_CUSTOMER_INVOICES_CREATE"	"SD_CUSTOMER_INVOICES_CREATE"	"C_SoldToValueHelpType"	"OrganizationBPName2"	"Edm.String"	""	"35"	""	""	""	""	""	""	""	""	""	"Name 2"	""
"SD_CUSTOMER_INVOICES_CREATE"	"SD_CUSTOMER_INVOICES_CREATE"	"C_SoldToValueHelpType"	"BusinessPartnerImageURL"	"Edm.String"	""	"255"	""	""	""	""	""	""	""	""	""	""	""
"SD_CUSTOMER_INVOICES_CREATE"	"SD_CUSTOMER_INVOICES_CREATE"	"C_SoldToValueHelpType"	"PostalCode"	"Edm.String"	""	"10"	""	""	""	""	""	""	""	""	""	"Postal Code"	""
"SD_CUSTOMER_INVOICES_CREATE"	"SD_CUSTOMER_INVOICES_CREATE"	"C_SoldToValueHelpType"	"CityName"	"Edm.String"	""	"40"	""	""	""	""	""	""	""	""	""	"City"	""
"SD_CUSTOMER_INVOICES_CREATE"	"SD_CUSTOMER_INVOICES_CREATE"	"C_SoldToValueHelpType"	"Country"	"Edm.String"	""	"3"	""	""	""	""	""	""	""	""	""	"Country/Region Key"	""
"SD_CUSTOMER_INVOICES_CREATE"	"SD_CUSTOMER_INVOICES_CREATE"	"C_SoldToValueHelpType"	"StreetName"	"Edm.String"	""	"60"	""	""	""	""	""	""	""	""	""	"Street"	""
"SD_CUSTOMER_INVOICES_CREATE"	"SD_CUSTOMER_INVOICES_CREATE"	"C_SoldToValueHelpType"	"HouseNumber"	"Edm.String"	""	"10"	""	""	""	""	""	""	""	""	""	"House Number"	""
"SD_CUSTOMER_INVOICES_CREATE"	"SD_CUSTOMER_INVOICES_CREATE"	"C_SoldToValueHelpType"	"InternationalPhoneNumber"	"Edm.String"	""	"30"	""	""	""	""	""	""	""	""	""	""	""
"SD_CUSTOMER_INVOICES_CREATE"	"SD_CUSTOMER_INVOICES_CREATE"	"C_SoldToValueHelpType"	"InternationalMobilePhoneNumber"	"Edm.String"	""	"30"	""	""	""	""	""	""	""	""	""	""	""
"SD_CUSTOMER_INVOICES_CREATE"	"SD_CUSTOMER_INVOICES_CREATE"	"C_SoldToValueHelpType"	"EmailAddress"	"Edm.String"	""	"241"	""	""	""	""	""	""	""	""	""	""	""
"SD_CUSTOMER_INVOICES_CREATE"	"SD_CUSTOMER_INVOICES_CREATE"	"I_AddressType"	"AddressID"	"Edm.String"	"false"	"10"	""	""	"X"	""	""	""	""	""	""	"Address Number"	""
"SD_CUSTOMER_INVOICES_CREATE"	"SD_CUSTOMER_INVOICES_CREATE"	"I_AddressType"	"AddressUUID"	"Edm.Guid"	""	""	""	""	""	""	""	""	""	""	""	"Address UUID"	""
"SD_CUSTOMER_INVOICES_CREATE"	"SD_CUSTOMER_INVOICES_CREATE"	"I_AddressType"	"CareOfName"	"Edm.String"	""	"40"	""	""	""	""	""	""	""	""	""	"c/o"	""
"SD_CUSTOMER_INVOICES_CREATE"	"SD_CUSTOMER_INVOICES_CREATE"	"I_AddressType"	"AdditionalStreetSuffixName"	"Edm.String"	""	"40"	""	""	""	""	""	""	""	""	""	"Street 5"	""
"SD_CUSTOMER_INVOICES_CREATE"	"SD_CUSTOMER_INVOICES_CREATE"	"I_AddressType"	"CorrespondenceLanguage"	"Edm.String"	""	"2"	""	""	""	""	""	""	""	""	""	"Language Key"	""
"SD_CUSTOMER_INVOICES_CREATE"	"SD_CUSTOMER_INVOICES_CREATE"	"I_AddressType"	"PrfrdCommMediumType"	"Edm.String"	""	"3"	""	""	""	""	""	""	""	""	""	"Comm. Method"	""
"SD_CUSTOMER_INVOICES_CREATE"	"SD_CUSTOMER_INVOICES_CREATE"	"I_AddressType"	"POBox"	"Edm.String"	""	"10"	""	""	""	""	""	""	""	""	""	"PO Box"	""
"SD_CUSTOMER_INVOICES_CREATE"	"SD_CUSTOMER_INVOICES_CREATE"	"I_AddressType"	"POBoxIsWithoutNumber"	"Edm.Boolean"	""	""	""	""	""	""	""	""	""	""	""	"PO Box w/o No."	""
"SD_CUSTOMER_INVOICES_CREATE"	"SD_CUSTOMER_INVOICES_CREATE"	"I_AddressType"	"POBoxPostalCode"	"Edm.String"	""	"10"	""	""	""	""	""	""	""	""	""	"PO Box Postal Code"	""
"SD_CUSTOMER_INVOICES_CREATE"	"SD_CUSTOMER_INVOICES_CREATE"	"I_AddressType"	"POBoxLobbyName"	"Edm.String"	""	"40"	""	""	""	""	""	""	""	""	""	"PO Box Lobby"	""
"SD_CUSTOMER_INVOICES_CREATE"	"SD_CUSTOMER_INVOICES_CREATE"	"I_AddressType"	"POBoxDeviatingCityName"	"Edm.String"	""	"40"	""	""	""	""	""	""	""	""	""	"PO Box City"	""
"SD_CUSTOMER_INVOICES_CREATE"	"SD_CUSTOMER_INVOICES_CREATE"	"I_AddressType"	"POBoxDeviatingRegion"	"Edm.String"	""	"3"	""	""	""	""	""	""	""	""	""	"PO Box Region"	""
"SD_CUSTOMER_INVOICES_CREATE"	"SD_CUSTOMER_INVOICES_CREATE"	"I_AddressType"	"POBoxDeviatingCountry"	"Edm.String"	""	"3"	""	""	""	""	""	""	""	""	""	"PO Box Ctry/Region"	""
"SD_CUSTOMER_INVOICES_CREATE"	"SD_CUSTOMER_INVOICES_CREATE"	"I_AddressType"	"DeliveryServiceTypeCode"	"Edm.String"	""	"4"	""	""	""	""	""	""	""	""	""	"Delvry Serv Type"	""
"SD_CUSTOMER_INVOICES_CREATE"	"SD_CUSTOMER_INVOICES_CREATE"	"I_AddressType"	"DeliveryServiceNumber"	"Edm.String"	""	"10"	""	""	""	""	""	""	""	""	""	"Delivery Service No."	""
"SD_CUSTOMER_INVOICES_CREATE"	"SD_CUSTOMER_INVOICES_CREATE"	"I_AddressType"	"AddressTimeZone"	"Edm.String"	""	"6"	""	""	""	""	""	""	""	""	""	"Time zone"	""
"SD_CUSTOMER_INVOICES_CREATE"	"SD_CUSTOMER_INVOICES_CREATE"	"I_AddressType"	"CityFileTestStatus"	"Edm.String"	""	"1"	""	""	""	""	""	""	""	""	""	"Test stat./City file"	""
"SD_CUSTOMER_INVOICES_CREATE"	"SD_CUSTOMER_INVOICES_CREATE"	"I_AddressType"	"AddressStreetUnusable"	"Edm.String"	""	"4"	""	""	""	""	""	""	""	""	""	"Undeliverable"	""
"SD_CUSTOMER_INVOICES_CREATE"	"SD_CUSTOMER_INVOICES_CREATE"	"I_AddressType"	"AddressPostBoxUnusable"	"Edm.String"	""	"4"	""	""	""	""	""	""	""	""	""	"Undeliverable"	""
"SD_CUSTOMER_INVOICES_CREATE"	"SD_CUSTOMER_INVOICES_CREATE"	"I_AddressType"	"FullName"	"Edm.String"	""	"80"	""	""	""	""	""	""	""	""	""	"Full Name"	""
"SD_CUSTOMER_INVOICES_CREATE"	"SD_CUSTOMER_INVOICES_CREATE"	"I_AddressType"	"CityName"	"Edm.String"	""	"40"	""	""	""	""	""	""	""	""	""	"City"	""
"SD_CUSTOMER_INVOICES_CREATE"	"SD_CUSTOMER_INVOICES_CREATE"	"I_AddressType"	"District"	"Edm.String"	""	"40"	""	""	""	""	""	""	""	""	""	"District"	""
"SD_CUSTOMER_INVOICES_CREATE"	"SD_CUSTOMER_INVOICES_CREATE"	"I_AddressType"	"CityCode"	"Edm.String"	""	"12"	""	""	""	""	""	""	""	""	""	"City Code"	""
"SD_CUSTOMER_INVOICES_CREATE"	"SD_CUSTOMER_INVOICES_CREATE"	"I_AddressType"	"HomeCityName"	"Edm.String"	""	"40"	""	""	""	""	""	""	""	""	""	"Different City"	""
"SD_CUSTOMER_INVOICES_CREATE"	"SD_CUSTOMER_INVOICES_CREATE"	"I_AddressType"	"PostalCode"	"Edm.String"	""	"10"	""	""	""	""	""	""	""	""	""	"Postal Code"	""
"SD_CUSTOMER_INVOICES_CREATE"	"SD_CUSTOMER_INVOICES_CREATE"	"I_AddressType"	"CompanyPostalCode"	"Edm.String"	""	"10"	""	""	""	""	""	""	""	""	""	"Company Postal Code"	""
"SD_CUSTOMER_INVOICES_CREATE"	"SD_CUSTOMER_INVOICES_CREATE"	"I_AddressType"	"StreetName"	"Edm.String"	""	"60"	""	""	""	""	""	""	""	""	""	"Street"	""
"SD_CUSTOMER_INVOICES_CREATE"	"SD_CUSTOMER_INVOICES_CREATE"	"I_AddressType"	"StreetPrefixName"	"Edm.String"	""	"40"	""	""	""	""	""	""	""	""	""	"Street 2"	""
"SD_CUSTOMER_INVOICES_CREATE"	"SD_CUSTOMER_INVOICES_CREATE"	"I_AddressType"	"AdditionalStreetPrefixName"	"Edm.String"	""	"40"	""	""	""	""	""	""	""	""	""	"Street 3"	""
"SD_CUSTOMER_INVOICES_CREATE"	"SD_CUSTOMER_INVOICES_CREATE"	"I_AddressType"	"StreetSuffixName"	"Edm.String"	""	"40"	""	""	""	""	""	""	""	""	""	"Street 4"	""
"SD_CUSTOMER_INVOICES_CREATE"	"SD_CUSTOMER_INVOICES_CREATE"	"I_AddressType"	"HouseNumber"	"Edm.String"	""	"10"	""	""	""	""	""	""	""	""	""	"House Number"	""
"SD_CUSTOMER_INVOICES_CREATE"	"SD_CUSTOMER_INVOICES_CREATE"	"I_AddressType"	"HouseNumberSupplementText"	"Edm.String"	""	"10"	""	""	""	""	""	""	""	""	""	"Supplement"	""
"SD_CUSTOMER_INVOICES_CREATE"	"SD_CUSTOMER_INVOICES_CREATE"	"I_AddressType"	"Building"	"Edm.String"	""	"20"	""	""	""	""	""	""	""	""	""	"Building Code"	""
"SD_CUSTOMER_INVOICES_CREATE"	"SD_CUSTOMER_INVOICES_CREATE"	"I_AddressType"	"Floor"	"Edm.String"	""	"10"	""	""	""	""	""	""	""	""	""	"Floor"	""
"SD_CUSTOMER_INVOICES_CREATE"	"SD_CUSTOMER_INVOICES_CREATE"	"I_AddressType"	"RoomNumber"	"Edm.String"	""	"10"	""	""	""	""	""	""	""	""	""	"Room Number"	""
"SD_CUSTOMER_INVOICES_CREATE"	"SD_CUSTOMER_INVOICES_CREATE"	"I_AddressType"	"Country"	"Edm.String"	""	"3"	""	""	""	""	""	""	""	""	""	"Country/Region Key"	""
"SD_CUSTOMER_INVOICES_CREATE"	"SD_CUSTOMER_INVOICES_CREATE"	"I_AddressType"	"Region"	"Edm.String"	""	"3"	""	""	""	""	""	""	""	""	""	"Region"	""
"SD_CUSTOMER_INVOICES_CREATE"	"SD_CUSTOMER_INVOICES_CREATE"	"I_AddressType"	"County"	"Edm.String"	""	"40"	""	""	""	""	""	""	""	""	""	"County"	""
"SD_CUSTOMER_INVOICES_CREATE"	"SD_CUSTOMER_INVOICES_CREATE"	"I_AddressType"	"CountyCode"	"Edm.String"	""	"8"	""	""	""	""	""	""	""	""	""	"County code"	""
"SD_CUSTOMER_INVOICES_CREATE"	"SD_CUSTOMER_INVOICES_CREATE"	"I_AddressType"	"TownshipCode"	"Edm.String"	""	"8"	""	""	""	""	""	""	""	""	""	"Township code"	""
"SD_CUSTOMER_INVOICES_CREATE"	"SD_CUSTOMER_INVOICES_CREATE"	"I_AddressType"	"TownshipName"	"Edm.String"	""	"40"	""	""	""	""	""	""	""	""	""	"Township"	""
"SD_CUSTOMER_INVOICES_CREATE"	"SD_CUSTOMER_INVOICES_CREATE"	"I_AddressType"	"FormOfAddress"	"Edm.String"	""	"4"	""	""	""	""	""	""	""	""	""	"Title"	""
"SD_CUSTOMER_INVOICES_CREATE"	"SD_CUSTOMER_INVOICES_CREATE"	"I_AddressType"	"BusinessPartnerName1"	"Edm.String"	""	"40"	""	""	""	""	""	""	""	""	""	"Name"	""
"SD_CUSTOMER_INVOICES_CREATE"	"SD_CUSTOMER_INVOICES_CREATE"	"I_AddressType"	"BusinessPartnerName2"	"Edm.String"	""	"40"	""	""	""	""	""	""	""	""	""	"Name 2"	""
"SD_CUSTOMER_INVOICES_CREATE"	"SD_CUSTOMER_INVOICES_CREATE"	"I_AddressType"	"Nation"	"Edm.String"	""	"1"	""	""	""	""	""	""	""	""	""	"Address Version"	""
"SD_CUSTOMER_INVOICES_CREATE"	"SD_CUSTOMER_INVOICES_CREATE"	"I_AddressType"	"PhoneNumber"	"Edm.String"	""	"30"	""	""	""	""	""	""	""	""	""	"Telephone"	""
"SD_CUSTOMER_INVOICES_CREATE"	"SD_CUSTOMER_INVOICES_CREATE"	"I_AddressType"	"FaxNumber"	"Edm.String"	""	"30"	""	""	""	""	""	""	""	""	""	"Fax"	""
"SD_CUSTOMER_INVOICES_CREATE"	"SD_CUSTOMER_INVOICES_CREATE"	"I_AddressType"	"SearchTerm1"	"Edm.String"	""	"20"	""	""	""	""	""	""	""	""	""	"Search Term 1"	""
"SD_CUSTOMER_INVOICES_CREATE"	"SD_CUSTOMER_INVOICES_CREATE"	"I_AddressType"	"SearchTerm2"	"Edm.String"	""	"20"	""	""	""	""	""	""	""	""	""	"Search Term 2"	""
"SD_CUSTOMER_INVOICES_CREATE"	"SD_CUSTOMER_INVOICES_CREATE"	"I_AddressType"	"StreetSearch"	"Edm.String"	""	"25"	""	""	""	""	""	""	""	""	""	"Street"	""
"SD_CUSTOMER_INVOICES_CREATE"	"SD_CUSTOMER_INVOICES_CREATE"	"I_AddressType"	"CitySearch"	"Edm.String"	""	"25"	""	""	""	""	""	""	""	""	""	"City"	""
"SD_CUSTOMER_INVOICES_CREATE"	"SD_CUSTOMER_INVOICES_CREATE"	"I_AddressType"	"BusinessPartnerName3"	"Edm.String"	""	"40"	""	""	""	""	""	""	""	""	""	"Name 3"	""
"SD_CUSTOMER_INVOICES_CREATE"	"SD_CUSTOMER_INVOICES_CREATE"	"I_AddressType"	"BusinessPartnerName4"	"Edm.String"	""	"40"	""	""	""	""	""	""	""	""	""	"Name 4"	""
"SD_CUSTOMER_INVOICES_CREATE"	"SD_CUSTOMER_INVOICES_CREATE"	"I_AddressType"	"TaxJurisdiction"	"Edm.String"	""	"15"	""	""	""	""	""	""	""	""	""	"Tax Jurisdiction"	""
"SD_CUSTOMER_INVOICES_CREATE"	"SD_CUSTOMER_INVOICES_CREATE"	"I_AddressType"	"TransportZone"	"Edm.String"	""	"10"	""	""	""	""	""	""	""	""	""	"Transportation Zone"	""
"SD_CUSTOMER_INVOICES_CREATE"	"SD_CUSTOMER_INVOICES_CREATE"	"I_AddressType"	"AddressCityPostBoxCode"	"Edm.String"	""	"12"	""	""	""	""	""	""	""	""	""	"City Code"	""
"SD_CUSTOMER_INVOICES_CREATE"	"SD_CUSTOMER_INVOICES_CREATE"	"I_AddressType"	"Person"	"Edm.String"	""	"10"	""	""	""	""	""	""	""	""	""	"Person Number"	""
"SD_CUSTOMER_INVOICES_CREATE"	"SD_CUSTOMER_INVOICES_CREATE"	"I_BillingBlockReasonType"	"BillingBlockReason"	"Edm.String"	"false"	"2"	""	""	"X"	""	""	""	""	""	""	"Billing Block"	""
"SD_CUSTOMER_INVOICES_CREATE"	"SD_CUSTOMER_INVOICES_CREATE"	"I_BillingBlockReasonType"	"BillingBlockReason_Text"	"Edm.String"	""	"20"	""	""	""	"false"	"false"	""	""	""	""	"Billing Block Desc."	""
"SD_CUSTOMER_INVOICES_CREATE"	"SD_CUSTOMER_INVOICES_CREATE"	"I_BillingBlockReasonTextType"	"BillingBlockReason"	"Edm.String"	"false"	"2"	""	""	"X"	""	""	""	""	""	""	"Billing Block"	""
"SD_CUSTOMER_INVOICES_CREATE"	"SD_CUSTOMER_INVOICES_CREATE"	"I_BillingBlockReasonTextType"	"Language"	"Edm.String"	"false"	"2"	""	""	"X"	""	""	""	""	""	""	"Language Key"	""
"SD_CUSTOMER_INVOICES_CREATE"	"SD_CUSTOMER_INVOICES_CREATE"	"I_BillingBlockReasonTextType"	"BillingBlockReasonDescription"	"Edm.String"	""	"20"	""	""	""	""	""	""	""	""	""	"Billing Block Desc."	""
"SD_CUSTOMER_INVOICES_CREATE"	"SD_CUSTOMER_INVOICES_CREATE"	"I_BillingDocumentCategoryType"	"BillingDocumentCategory"	"Edm.String"	"false"	"1"	""	""	"X"	""	""	""	""	""	""	"Billing Category"	""
"SD_CUSTOMER_INVOICES_CREATE"	"SD_CUSTOMER_INVOICES_CREATE"	"I_BillingDocumentCategoryType"	"BillingDocumentCategory_Text"	"Edm.String"	""	"60"	""	""	""	"false"	"false"	""	""	""	""	"Billing Category Name"	""
"SD_CUSTOMER_INVOICES_CREATE"	"SD_CUSTOMER_INVOICES_CREATE"	"I_BillingDocumentCategoryTextType"	"BillingDocumentCategory"	"Edm.String"	"false"	"1"	""	""	"X"	""	""	""	""	""	""	"Billing Category"	""
"SD_CUSTOMER_INVOICES_CREATE"	"SD_CUSTOMER_INVOICES_CREATE"	"I_BillingDocumentCategoryTextType"	"Language"	"Edm.String"	"false"	"2"	""	""	"X"	""	""	""	""	""	""	"Language Key"	""
"SD_CUSTOMER_INVOICES_CREATE"	"SD_CUSTOMER_INVOICES_CREATE"	"I_BillingDocumentCategoryTextType"	"BillingDocumentCategoryName"	"Edm.String"	""	"60"	""	""	""	""	""	""	""	""	""	"Billing Category Name"	""
"SD_CUSTOMER_INVOICES_CREATE"	"SD_CUSTOMER_INVOICES_CREATE"	"I_BillingDocumentTypeType"	"BillingDocumentType"	"Edm.String"	"false"	"4"	""	""	"X"	""	""	""	""	""	""	"Billing Type"	""
"SD_CUSTOMER_INVOICES_CREATE"	"SD_CUSTOMER_INVOICES_CREATE"	"I_BillingDocumentTypeType"	"BillingDocumentType_Text"	"Edm.String"	""	"40"	""	""	""	"false"	"false"	""	""	""	""	"Description"	""
"SD_CUSTOMER_INVOICES_CREATE"	"SD_CUSTOMER_INVOICES_CREATE"	"I_BillingDocumentTypeType"	"SDDocumentCategory"	"Edm.String"	""	"4"	""	""	""	""	""	""	""	""	""	"SD Document Category"	""
"SD_CUSTOMER_INVOICES_CREATE"	"SD_CUSTOMER_INVOICES_CREATE"	"I_BillingDocumentTypeType"	"IncrementItemNumber"	"Edm.String"	""	"6"	""	""	""	""	""	""	""	""	""	"Item No. Increment"	""
"SD_CUSTOMER_INVOICES_CREATE"	"SD_CUSTOMER_INVOICES_CREATE"	"I_BillingDocumentTypeType"	"BillingDocumentCategory"	"Edm.String"	""	"1"	""	""	""	""	""	""	""	""	""	"Billing Category"	""
"SD_CUSTOMER_INVOICES_CREATE"	"SD_CUSTOMER_INVOICES_CREATE"	"I_BillingDocumentTypeTextType"	"BillingDocumentType"	"Edm.String"	"false"	"4"	""	""	"X"	""	""	""	""	""	""	"Billing Type"	""
"SD_CUSTOMER_INVOICES_CREATE"	"SD_CUSTOMER_INVOICES_CREATE"	"I_BillingDocumentTypeTextType"	"Language"	"Edm.String"	"false"	"2"	""	""	"X"	""	""	""	""	""	""	"Language Key"	""
"SD_CUSTOMER_INVOICES_CREATE"	"SD_CUSTOMER_INVOICES_CREATE"	"I_BillingDocumentTypeTextType"	"BillingDocumentTypeName"	"Edm.String"	""	"40"	""	""	""	""	""	""	""	""	""	"Description"	""
"SD_CUSTOMER_INVOICES_CREATE"	"SD_CUSTOMER_INVOICES_CREATE"	"I_CompanyCodeStdVHType"	"CompanyCode"	"Edm.String"	"false"	"4"	""	""	"X"	""	""	""	""	""	""	"Company Code"	""
"SD_CUSTOMER_INVOICES_CREATE"	"SD_CUSTOMER_INVOICES_CREATE"	"I_CompanyCodeStdVHType"	"CompanyCodeName"	"Edm.String"	""	"25"	""	""	""	""	""	""	""	""	""	"Company Name"	""
"SD_CUSTOMER_INVOICES_CREATE"	"SD_CUSTOMER_INVOICES_CREATE"	"I_CostCenterStdVHType"	"ControllingArea"	"Edm.String"	"false"	"4"	""	""	"X"	""	""	""	""	""	""	"Controlling Area"	""
"SD_CUSTOMER_INVOICES_CREATE"	"SD_CUSTOMER_INVOICES_CREATE"	"I_CostCenterStdVHType"	"CostCenter"	"Edm.String"	"false"	"10"	""	""	"X"	""	""	""	""	""	""	"Cost Center"	""
"SD_CUSTOMER_INVOICES_CREATE"	"SD_CUSTOMER_INVOICES_CREATE"	"I_CostCenterStdVHType"	"CostCenter_Text"	"Edm.String"	""	"20"	""	""	""	"false"	"false"	""	""	""	""	"Cost Center Name"	""
"SD_CUSTOMER_INVOICES_CREATE"	"SD_CUSTOMER_INVOICES_CREATE"	"I_CostCenterStdVHType"	"ValidityEndDate"	"Edm.DateTime"	"false"	""	"0"	""	"X"	""	""	""	""	""	""	"Valid To"	""
"SD_CUSTOMER_INVOICES_CREATE"	"SD_CUSTOMER_INVOICES_CREATE"	"I_CostCenterStdVHType"	"ValidityStartDate"	"Edm.DateTime"	""	""	"0"	""	""	""	""	""	""	""	""	"Valid From"	""
"SD_CUSTOMER_INVOICES_CREATE"	"SD_CUSTOMER_INVOICES_CREATE"	"I_CountryType"	"Country"	"Edm.String"	"false"	"3"	""	""	"X"	""	""	""	""	""	""	"Country/Region Key"	""
"SD_CUSTOMER_INVOICES_CREATE"	"SD_CUSTOMER_INVOICES_CREATE"	"I_CountryType"	"Country_Text"	"Edm.String"	""	"50"	""	""	""	"false"	"false"	""	""	""	""	"Country/Region Name"	""
"SD_CUSTOMER_INVOICES_CREATE"	"SD_CUSTOMER_INVOICES_CREATE"	"I_CountryType"	"CountryThreeLetterISOCode"	"Edm.String"	""	"3"	""	""	""	""	""	""	""	""	""	"ISO Code 3 Char"	""
"SD_CUSTOMER_INVOICES_CREATE"	"SD_CUSTOMER_INVOICES_CREATE"	"I_CountryType"	"CountryThreeDigitISOCode"	"Edm.String"	""	"3"	""	""	""	""	""	""	""	""	""	"ISO Code Num. 3"	""
"SD_CUSTOMER_INVOICES_CREATE"	"SD_CUSTOMER_INVOICES_CREATE"	"I_CountryType"	"CountryISOCode"	"Edm.String"	""	"2"	""	""	""	""	""	""	""	""	""	"ISO Code"	""
"SD_CUSTOMER_INVOICES_CREATE"	"SD_CUSTOMER_INVOICES_CREATE"	"I_CountryType"	"IsEuropeanUnionMember"	"Edm.Boolean"	""	""	""	""	""	""	""	""	""	""	""	"EU Member"	""
"SD_CUSTOMER_INVOICES_CREATE"	"SD_CUSTOMER_INVOICES_CREATE"	"I_CountryType"	"CountryCurrency"	"Edm.String"	""	"5"	""	""	""	""	""	""	""	""	""	"Reporting Currency"	""
"SD_CUSTOMER_INVOICES_CREATE"	"SD_CUSTOMER_INVOICES_CREATE"	"I_CountryType"	"IndexBasedCurrency"	"Edm.String"	""	"5"	""	""	""	""	""	""	""	""	""	"Index-Based Currency"	""
"SD_CUSTOMER_INVOICES_CREATE"	"SD_CUSTOMER_INVOICES_CREATE"	"I_CountryType"	"HardCurrency"	"Edm.String"	""	"5"	""	""	""	""	""	""	""	""	""	"Hard Currency"	""
"SD_CUSTOMER_INVOICES_CREATE"	"SD_CUSTOMER_INVOICES_CREATE"	"I_CountryType"	"TaxCalculationProcedure"	"Edm.String"	""	"6"	""	""	""	""	""	""	""	""	""	"Procedure"	""
"SD_CUSTOMER_INVOICES_CREATE"	"SD_CUSTOMER_INVOICES_CREATE"	"I_CountryType"	"CountryAlternativeCode"	"Edm.String"	""	"3"	""	""	""	""	""	""	""	""	""	"Alternative Key"	""
"SD_CUSTOMER_INVOICES_CREATE"	"SD_CUSTOMER_INVOICES_CREATE"	"I_CountryTextType"	"Country"	"Edm.String"	"false"	"3"	""	""	"X"	""	""	""	""	""	""	"Country/Region Key"	""
"SD_CUSTOMER_INVOICES_CREATE"	"SD_CUSTOMER_INVOICES_CREATE"	"I_CountryTextType"	"Language"	"Edm.String"	"false"	"2"	""	""	"X"	""	""	""	""	""	""	"Language Key"	""
"SD_CUSTOMER_INVOICES_CREATE"	"SD_CUSTOMER_INVOICES_CREATE"	"I_CountryTextType"	"CountryName"	"Edm.String"	""	"50"	""	""	""	""	""	""	""	""	""	"Country/Region Name"	""
"SD_CUSTOMER_INVOICES_CREATE"	"SD_CUSTOMER_INVOICES_CREATE"	"I_CountryTextType"	"NationalityName"	"Edm.String"	""	"15"	""	""	""	""	""	""	""	""	""	"Nationality"	""
"SD_CUSTOMER_INVOICES_CREATE"	"SD_CUSTOMER_INVOICES_CREATE"	"I_CountryTextType"	"NationalityLongName"	"Edm.String"	""	"50"	""	""	""	""	""	""	""	""	""	"Nationality (Long)"	""
"SD_CUSTOMER_INVOICES_CREATE"	"SD_CUSTOMER_INVOICES_CREATE"	"I_CountryTextType"	"CountryShortName"	"Edm.String"	""	"15"	""	""	""	""	""	""	""	""	""	"Country/Region Name"	""
"SD_CUSTOMER_INVOICES_CREATE"	"SD_CUSTOMER_INVOICES_CREATE"	"I_CurrencyType"	"Currency"	"Edm.String"	"false"	"5"	""	""	"X"	""	""	""	""	""	""	"Currency"	""
"SD_CUSTOMER_INVOICES_CREATE"	"SD_CUSTOMER_INVOICES_CREATE"	"I_CurrencyType"	"Currency_Text"	"Edm.String"	""	"40"	""	""	""	"false"	"false"	""	""	""	""	"Description"	""
"SD_CUSTOMER_INVOICES_CREATE"	"SD_CUSTOMER_INVOICES_CREATE"	"I_CurrencyType"	"Decimals"	"Edm.Byte"	""	""	""	""	""	""	""	""	""	""	""	"Decimal Places"	""
"SD_CUSTOMER_INVOICES_CREATE"	"SD_CUSTOMER_INVOICES_CREATE"	"I_CurrencyType"	"CurrencyISOCode"	"Edm.String"	""	"3"	""	""	""	""	""	""	""	""	""	"ISO Code"	""
"SD_CUSTOMER_INVOICES_CREATE"	"SD_CUSTOMER_INVOICES_CREATE"	"I_CurrencyType"	"AlternativeCurrencyKey"	"Edm.String"	""	"3"	""	""	""	""	""	""	""	""	""	"Alternative Key"	""
"SD_CUSTOMER_INVOICES_CREATE"	"SD_CUSTOMER_INVOICES_CREATE"	"I_CurrencyType"	"IsPrimaryCurrencyForISOCrcy"	"Edm.Boolean"	""	""	""	""	""	""	""	""	""	""	""	"Primary"	""
"SD_CUSTOMER_INVOICES_CREATE"	"SD_CUSTOMER_INVOICES_CREATE"	"I_CurrencyStdVHType"	"Currency"	"Edm.String"	"false"	"5"	""	""	"X"	""	""	""	""	""	""	"Currency"	""
"SD_CUSTOMER_INVOICES_CREATE"	"SD_CUSTOMER_INVOICES_CREATE"	"I_CurrencyStdVHType"	"Currency_Text"	"Edm.String"	""	"40"	""	""	""	"false"	"false"	""	""	""	""	"Description"	""
"SD_CUSTOMER_INVOICES_CREATE"	"SD_CUSTOMER_INVOICES_CREATE"	"I_CurrencyTextType"	"Language"	"Edm.String"	"false"	"2"	""	""	"X"	""	""	""	""	""	""	"Language Key"	""
"SD_CUSTOMER_INVOICES_CREATE"	"SD_CUSTOMER_INVOICES_CREATE"	"I_CurrencyTextType"	"Currency"	"Edm.String"	"false"	"5"	""	""	"X"	""	""	""	""	""	""	"Currency"	""
"SD_CUSTOMER_INVOICES_CREATE"	"SD_CUSTOMER_INVOICES_CREATE"	"I_CurrencyTextType"	"CurrencyName"	"Edm.String"	""	"40"	""	""	""	""	""	""	""	""	""	"Description"	""
"SD_CUSTOMER_INVOICES_CREATE"	"SD_CUSTOMER_INVOICES_CREATE"	"I_CurrencyTextType"	"CurrencyShortName"	"Edm.String"	""	"15"	""	""	""	""	""	""	""	""	""	"Short text"	""
"SD_CUSTOMER_INVOICES_CREATE"	"SD_CUSTOMER_INVOICES_CREATE"	"I_CustomerProjectStdVHType"	"CustomerProject"	"Edm.String"	"false"	"40"	""	""	"X"	""	""	""	""	""	""	"Customer Project ID"	""
"SD_CUSTOMER_INVOICES_CREATE"	"SD_CUSTOMER_INVOICES_CREATE"	"I_CustomerProjectStdVHType"	"CustomerProjectName"	"Edm.String"	""	"40"	""	""	""	""	""	""	""	""	""	"Customer Proj Name"	""
"SD_CUSTOMER_INVOICES_CREATE"	"SD_CUSTOMER_INVOICES_CREATE"	"I_Customer_VHType"	"Customer"	"Edm.String"	"false"	"10"	""	""	"X"	""	""	""	""	""	""	"Customer"	""
"SD_CUSTOMER_INVOICES_CREATE"	"SD_CUSTOMER_INVOICES_CREATE"	"I_Customer_VHType"	"OrganizationBPName1"	"Edm.String"	""	"35"	""	""	""	""	""	""	""	""	""	"Name 1"	""
"SD_CUSTOMER_INVOICES_CREATE"	"SD_CUSTOMER_INVOICES_CREATE"	"I_Customer_VHType"	"OrganizationBPName2"	"Edm.String"	""	"35"	""	""	""	""	""	""	""	""	""	"Name 2"	""
"SD_CUSTOMER_INVOICES_CREATE"	"SD_CUSTOMER_INVOICES_CREATE"	"I_Customer_VHType"	"Country"	"Edm.String"	""	"3"	""	""	""	""	""	""	""	""	""	"Country/Region"	""
"SD_CUSTOMER_INVOICES_CREATE"	"SD_CUSTOMER_INVOICES_CREATE"	"I_Customer_VHType"	"CityName"	"Edm.String"	""	"35"	""	""	""	""	""	""	""	""	""	"City"	""
"SD_CUSTOMER_INVOICES_CREATE"	"SD_CUSTOMER_INVOICES_CREATE"	"I_Customer_VHType"	"StreetName"	"Edm.String"	""	"35"	""	""	""	""	""	""	""	""	""	"Street"	""
"SD_CUSTOMER_INVOICES_CREATE"	"SD_CUSTOMER_INVOICES_CREATE"	"I_Customer_VHType"	"PostalCode"	"Edm.String"	""	"10"	""	""	""	""	""	""	""	""	""	"Postal Code"	""
"SD_CUSTOMER_INVOICES_CREATE"	"SD_CUSTOMER_INVOICES_CREATE"	"I_Customer_VHType"	"CustomerName"	"Edm.String"	""	"80"	""	""	""	""	""	""	""	""	""	"Customer Name"	""
"SD_CUSTOMER_INVOICES_CREATE"	"SD_CUSTOMER_INVOICES_CREATE"	"I_Customer_VHType"	"CustomerAccountGroup"	"Edm.String"	""	"4"	""	""	""	""	""	""	""	""	""	"Account group"	""
"SD_CUSTOMER_INVOICES_CREATE"	"SD_CUSTOMER_INVOICES_CREATE"	"I_Customer_VHType"	"AuthorizationGroup"	"Edm.String"	""	"4"	""	""	""	""	""	""	""	""	""	"Authorization"	""
"SD_CUSTOMER_INVOICES_CREATE"	"SD_CUSTOMER_INVOICES_CREATE"	"I_Customer_VHType"	"IsBusinessPurposeCompleted"	"Edm.String"	""	"1"	""	""	""	""	""	""	""	""	""	"Purpose Complete Flag"	""
"SD_CUSTOMER_INVOICES_CREATE"	"SD_CUSTOMER_INVOICES_CREATE"	"I_Customer_VHType"	"IsCompetitor"	"Edm.Boolean"	""	""	""	""	""	""	""	""	""	""	""	"Competitors"	""
"SD_CUSTOMER_INVOICES_CREATE"	"SD_CUSTOMER_INVOICES_CREATE"	"I_Customer_VHType"	"BusinessPartner"	"Edm.String"	""	"10"	""	""	""	""	""	""	""	""	""	"Business Partner"	""
"SD_CUSTOMER_INVOICES_CREATE"	"SD_CUSTOMER_INVOICES_CREATE"	"I_Customer_VHType"	"BusinessPartnerType"	"Edm.String"	""	"4"	""	""	""	""	""	""	""	""	""	"Business Partner Type"	""
"SD_CUSTOMER_INVOICES_CREATE"	"SD_CUSTOMER_INVOICES_CREATE"	"I_EngmntProjSrvcOrgStdVHType"	"EngagementProjectServiceOrg"	"Edm.String"	"false"	"5"	""	""	"X"	""	""	""	""	""	""	"Service Organization"	""
"SD_CUSTOMER_INVOICES_CREATE"	"SD_CUSTOMER_INVOICES_CREATE"	"I_EngmntProjSrvcOrgStdVHType"	"EngagementProjectServiceOrg_Text"	"Edm.String"	""	"40"	""	""	""	"false"	"false"	""	""	""	""	"Organization Desc."	""
"SD_CUSTOMER_INVOICES_CREATE"	"SD_CUSTOMER_INVOICES_CREATE"	"I_OverallProofOfDelivStatusType"	"OverallProofOfDeliveryStatus"	"Edm.String"	"false"	"1"	""	""	"X"	""	""	""	""	""	""	""	""
"SD_CUSTOMER_INVOICES_CREATE"	"SD_CUSTOMER_INVOICES_CREATE"	"I_OverallProofOfDelivStatusType"	"OverallProofOfDeliveryStatus_Text"	"Edm.String"	""	"20"	""	""	""	"false"	"false"	""	""	""	""	"Description"	""
"SD_CUSTOMER_INVOICES_CREATE"	"SD_CUSTOMER_INVOICES_CREATE"	"I_OverallProofOfDelivStatusTType"	"OverallProofOfDeliveryStatus"	"Edm.String"	"false"	"1"	""	""	"X"	""	""	""	""	""	""	"Status"	""
"SD_CUSTOMER_INVOICES_CREATE"	"SD_CUSTOMER_INVOICES_CREATE"	"I_OverallProofOfDelivStatusTType"	"Language"	"Edm.String"	"false"	"2"	""	""	"X"	""	""	""	""	""	""	"Language Key"	""
"SD_CUSTOMER_INVOICES_CREATE"	"SD_CUSTOMER_INVOICES_CREATE"	"I_OverallProofOfDelivStatusTType"	"OverallProofOfDelivStatusDesc"	"Edm.String"	""	"20"	""	""	""	""	""	""	""	""	""	"Description"	""
"SD_CUSTOMER_INVOICES_CREATE"	"SD_CUSTOMER_INVOICES_CREATE"	"I_ProductType"	"Product"	"Edm.String"	"false"	"40"	""	""	"X"	""	""	""	""	""	""	"Product"	""
"SD_CUSTOMER_INVOICES_CREATE"	"SD_CUSTOMER_INVOICES_CREATE"	"I_ProductType"	"Product_Text"	"Edm.String"	""	"40"	""	""	""	"false"	"false"	""	""	""	""	"Product Description"	""
"SD_CUSTOMER_INVOICES_CREATE"	"SD_CUSTOMER_INVOICES_CREATE"	"I_ProductType"	"ProductExternalID"	"Edm.String"	""	"40"	""	""	""	""	""	""	""	""	""	"Material"	""
"SD_CUSTOMER_INVOICES_CREATE"	"SD_CUSTOMER_INVOICES_CREATE"	"I_ProductType"	"ProductOID"	"Edm.String"	""	"128"	""	""	""	""	""	""	""	""	""	"Product OID"	""
"SD_CUSTOMER_INVOICES_CREATE"	"SD_CUSTOMER_INVOICES_CREATE"	"I_ProductType"	"ProductType"	"Edm.String"	""	"4"	""	""	""	""	""	""	""	""	""	"Product Type"	""
"SD_CUSTOMER_INVOICES_CREATE"	"SD_CUSTOMER_INVOICES_CREATE"	"I_ProductType"	"ProductType_Text"	"Edm.String"	""	"25"	""	""	""	"false"	"false"	""	""	""	""	"Product Type Description"	""
"SD_CUSTOMER_INVOICES_CREATE"	"SD_CUSTOMER_INVOICES_CREATE"	"I_ProductType"	"CreationDate"	"Edm.DateTime"	""	""	"0"	""	""	""	""	""	""	""	""	"Created On"	""
"SD_CUSTOMER_INVOICES_CREATE"	"SD_CUSTOMER_INVOICES_CREATE"	"I_ProductType"	"CreationTime"	"Edm.Time"	""	""	"0"	""	""	""	""	""	""	""	""	"Created At Time"	""
"SD_CUSTOMER_INVOICES_CREATE"	"SD_CUSTOMER_INVOICES_CREATE"	"I_ProductType"	"CreationDateTime"	"Edm.DateTimeOffset"	""	""	"7"	""	""	""	""	""	""	""	""	"Created On"	""
"SD_CUSTOMER_INVOICES_CREATE"	"SD_CUSTOMER_INVOICES_CREATE"	"I_ProductType"	"CreatedByUser"	"Edm.String"	""	"12"	""	""	""	""	""	""	""	""	""	"Created By"	""
"SD_CUSTOMER_INVOICES_CREATE"	"SD_CUSTOMER_INVOICES_CREATE"	"I_ProductType"	"LastChangeDate"	"Edm.DateTime"	""	""	"0"	""	""	""	""	""	""	""	""	"Last Change"	""
"SD_CUSTOMER_INVOICES_CREATE"	"SD_CUSTOMER_INVOICES_CREATE"	"I_ProductType"	"LastChangedByUser"	"Edm.String"	""	"12"	""	""	""	""	""	""	""	""	""	"Changed By"	""
"SD_CUSTOMER_INVOICES_CREATE"	"SD_CUSTOMER_INVOICES_CREATE"	"I_ProductType"	"IsMarkedForDeletion"	"Edm.Boolean"	""	""	""	""	""	""	""	""	""	""	""	"Marked for Deletion"	""
"SD_CUSTOMER_INVOICES_CREATE"	"SD_CUSTOMER_INVOICES_CREATE"	"I_ProductType"	"CrossPlantStatus"	"Edm.String"	""	"2"	""	""	""	""	""	""	""	""	""	"CrossPlantProdStatus"	""
"SD_CUSTOMER_INVOICES_CREATE"	"SD_CUSTOMER_INVOICES_CREATE"	"I_ProductType"	"CrossPlantStatus_Text"	"Edm.String"	""	"25"	""	""	""	"false"	"false"	""	""	""	""	"Cross Plant Status Text"	""
"SD_CUSTOMER_INVOICES_CREATE"	"SD_CUSTOMER_INVOICES_CREATE"	"I_ProductType"	"CrossPlantStatusValidityDate"	"Edm.DateTime"	""	""	"0"	""	""	""	""	""	""	""	""	"Valid from"	""
"SD_CUSTOMER_INVOICES_CREATE"	"SD_CUSTOMER_INVOICES_CREATE"	"I_ProductType"	"ProductOldID"	"Edm.String"	""	"40"	""	""	""	""	""	""	""	""	""	"Old product number"	""
"SD_CUSTOMER_INVOICES_CREATE"	"SD_CUSTOMER_INVOICES_CREATE"	"I_ProductType"	"GrossWeight"	"Edm.Decimal"	""	""	"13"	"3"	""	""	""	""	""	""	"WeightUnit"	"Gross Weight"	""
"SD_CUSTOMER_INVOICES_CREATE"	"SD_CUSTOMER_INVOICES_CREATE"	"I_ProductType"	"PurchaseOrderQuantityUnit"	"Edm.String"	""	"3"	""	""	""	""	""	""	""	""	""	"Order Unit"	""
"SD_CUSTOMER_INVOICES_CREATE"	"SD_CUSTOMER_INVOICES_CREATE"	"I_ProductType"	"SourceOfSupply"	"Edm.String"	""	"1"	""	""	""	""	""	""	""	""	""	"Source of supply"	""
"SD_CUSTOMER_INVOICES_CREATE"	"SD_CUSTOMER_INVOICES_CREATE"	"I_ProductType"	"WeightUnit"	"Edm.String"	""	"3"	""	""	""	""	""	""	""	""	""	"Unit of Weight"	""
"SD_CUSTOMER_INVOICES_CREATE"	"SD_CUSTOMER_INVOICES_CREATE"	"I_ProductType"	"WeightUnit_Text"	"Edm.String"	""	"30"	""	""	""	"false"	"false"	""	""	""	""	"Measurement Unit Txt"	""
"SD_CUSTOMER_INVOICES_CREATE"	"SD_CUSTOMER_INVOICES_CREATE"	"I_ProductType"	"CountryOfOrigin"	"Edm.String"	""	"3"	""	""	""	""	""	""	""	""	""	"Cntry/Reg of Origin"	""
"SD_CUSTOMER_INVOICES_CREATE"	"SD_CUSTOMER_INVOICES_CREATE"	"I_ProductType"	"CompetitorID"	"Edm.String"	""	"10"	""	""	""	""	""	""	""	""	""	"Competitor"	""
"SD_CUSTOMER_INVOICES_CREATE"	"SD_CUSTOMER_INVOICES_CREATE"	"I_ProductType"	"ProductGroup"	"Edm.String"	""	"9"	""	""	""	""	""	""	""	""	""	"Product Group"	""
"SD_CUSTOMER_INVOICES_CREATE"	"SD_CUSTOMER_INVOICES_CREATE"	"I_ProductType"	"ProductGroup_Text"	"Edm.String"	""	"20"	""	""	""	"false"	"false"	""	""	""	""	"Product Group Description"	""
"SD_CUSTOMER_INVOICES_CREATE"	"SD_CUSTOMER_INVOICES_CREATE"	"I_ProductType"	"BaseUnit"	"Edm.String"	""	"3"	""	""	""	""	""	""	""	""	""	"Base Unit of Measure"	""
"SD_CUSTOMER_INVOICES_CREATE"	"SD_CUSTOMER_INVOICES_CREATE"	"I_ProductType"	"BaseUnit_Text"	"Edm.String"	""	"30"	""	""	""	"false"	"false"	""	""	""	""	"Measurement Unit Txt"	""
"SD_CUSTOMER_INVOICES_CREATE"	"SD_CUSTOMER_INVOICES_CREATE"	"I_ProductType"	"ItemCategoryGroup"	"Edm.String"	""	"4"	""	""	""	""	""	""	""	""	""	"Gen. item cat. grp"	""
"SD_CUSTOMER_INVOICES_CREATE"	"SD_CUSTOMER_INVOICES_CREATE"	"I_ProductType"	"ItemCategoryGroup_Text"	"Edm.String"	""	"20"	""	""	""	"false"	"false"	""	""	""	""	"Description"	""
"SD_CUSTOMER_INVOICES_CREATE"	"SD_CUSTOMER_INVOICES_CREATE"	"I_ProductType"	"NetWeight"	"Edm.Decimal"	""	""	"13"	"3"	""	""	""	""	""	""	"WeightUnit"	"Net Weight"	""
"SD_CUSTOMER_INVOICES_CREATE"	"SD_CUSTOMER_INVOICES_CREATE"	"I_ProductType"	"ProductHierarchy"	"Edm.String"	""	"18"	""	""	""	""	""	""	""	""	""	"Product Hierarchy"	""
"SD_CUSTOMER_INVOICES_CREATE"	"SD_CUSTOMER_INVOICES_CREATE"	"I_ProductType"	"ProductHierarchy_Text"	"Edm.String"	""	"40"	""	""	""	"false"	"false"	""	""	""	""	"Product Hierarchy Text"	""
"SD_CUSTOMER_INVOICES_CREATE"	"SD_CUSTOMER_INVOICES_CREATE"	"I_ProductType"	"Division"	"Edm.String"	""	"2"	""	""	""	""	""	""	""	""	""	"Division"	""
"SD_CUSTOMER_INVOICES_CREATE"	"SD_CUSTOMER_INVOICES_CREATE"	"I_ProductType"	"Division_Text"	"Edm.String"	""	"20"	""	""	""	"false"	"false"	""	""	""	""	"Division Description"	""
"SD_CUSTOMER_INVOICES_CREATE"	"SD_CUSTOMER_INVOICES_CREATE"	"I_ProductType"	"VarblPurOrdUnitIsActive"	"Edm.String"	""	"1"	""	""	""	""	""	""	""	""	""	"Var. Order Unit"	""
"SD_CUSTOMER_INVOICES_CREATE"	"SD_CUSTOMER_INVOICES_CREATE"	"I_ProductType"	"VolumeUnit"	"Edm.String"	""	"3"	""	""	""	""	""	""	""	""	""	"Volume Unit"	""
"SD_CUSTOMER_INVOICES_CREATE"	"SD_CUSTOMER_INVOICES_CREATE"	"I_ProductType"	"VolumeUnit_Text"	"Edm.String"	""	"30"	""	""	""	"false"	"false"	""	""	""	""	"Measurement Unit Txt"	""
"SD_CUSTOMER_INVOICES_CREATE"	"SD_CUSTOMER_INVOICES_CREATE"	"I_ProductType"	"MaterialVolume"	"Edm.Decimal"	""	""	"13"	"3"	""	""	""	""	""	""	"VolumeUnit"	"Volume"	""
"SD_CUSTOMER_INVOICES_CREATE"	"SD_CUSTOMER_INVOICES_CREATE"	"I_ProductType"	"SalesStatus"	"Edm.String"	""	"2"	""	""	""	""	""	""	""	""	""	"X-distr.chain status"	""
"SD_CUSTOMER_INVOICES_CREATE"	"SD_CUSTOMER_INVOICES_CREATE"	"I_ProductType"	"TransportationGroup"	"Edm.String"	""	"4"	""	""	""	""	""	""	""	""	""	"Transportation Group"	""
"SD_CUSTOMER_INVOICES_CREATE"	"SD_CUSTOMER_INVOICES_CREATE"	"I_ProductType"	"SalesStatusValidityDate"	"Edm.DateTime"	""	""	"0"	""	""	""	""	""	""	""	""	"Valid from"	""
"SD_CUSTOMER_INVOICES_CREATE"	"SD_CUSTOMER_INVOICES_CREATE"	"I_ProductType"	"AuthorizationGroup"	"Edm.String"	""	"4"	""	""	""	""	""	""	""	""	""	"Authorization Group"	""
"SD_CUSTOMER_INVOICES_CREATE"	"SD_CUSTOMER_INVOICES_CREATE"	"I_ProductType"	"ANPCode"	"Edm.String"	""	"9"	""	""	""	""	""	""	""	""	""	"ANP Code"	""
"SD_CUSTOMER_INVOICES_CREATE"	"SD_CUSTOMER_INVOICES_CREATE"	"I_ProductType"	"ANPCode_Text"	"Edm.String"	""	"95"	""	""	""	"false"	"false"	""	""	""	""	"ANP Code Description"	""
"SD_CUSTOMER_INVOICES_CREATE"	"SD_CUSTOMER_INVOICES_CREATE"	"I_ProductType"	"ProductCategory"	"Edm.String"	""	"2"	""	""	""	""	""	""	""	""	""	"Product Category"	""
"SD_CUSTOMER_INVOICES_CREATE"	"SD_CUSTOMER_INVOICES_CREATE"	"I_ProductType"	"ProductCategory_Text"	"Edm.String"	""	"60"	""	""	""	"false"	"false"	""	""	""	""	"Product Category Text"	""
"SD_CUSTOMER_INVOICES_CREATE"	"SD_CUSTOMER_INVOICES_CREATE"	"I_ProductType"	"Brand"	"Edm.String"	""	"4"	""	""	""	""	""	""	""	""	""	"Brand"	""
"SD_CUSTOMER_INVOICES_CREATE"	"SD_CUSTOMER_INVOICES_CREATE"	"I_ProductType"	"Brand_Text"	"Edm.String"	""	"30"	""	""	""	"false"	"false"	""	""	""	""	"Brand Name"	""
"SD_CUSTOMER_INVOICES_CREATE"	"SD_CUSTOMER_INVOICES_CREATE"	"I_ProductType"	"ProcurementRule"	"Edm.String"	""	"1"	""	""	""	""	""	""	""	""	""	"Procurement rule"	""
"SD_CUSTOMER_INVOICES_CREATE"	"SD_CUSTOMER_INVOICES_CREATE"	"I_ProductType"	"ValidityStartDate"	"Edm.DateTime"	""	""	"0"	""	""	""	""	""	""	""	""	"Valid From"	""
"SD_CUSTOMER_INVOICES_CREATE"	"SD_CUSTOMER_INVOICES_CREATE"	"I_ProductType"	"LowLevelCode"	"Edm.String"	""	"3"	""	""	""	""	""	""	""	""	""	"Low-Level Code"	""
"SD_CUSTOMER_INVOICES_CREATE"	"SD_CUSTOMER_INVOICES_CREATE"	"I_ProductType"	"ProdNoInGenProdInPrepackProd"	"Edm.String"	""	"40"	""	""	""	""	""	""	""	""	""	"Generic Material"	""
"SD_CUSTOMER_INVOICES_CREATE"	"SD_CUSTOMER_INVOICES_CREATE"	"I_ProductType"	"SerialIdentifierAssgmtProfile"	"Edm.String"	""	"4"	""	""	""	""	""	""	""	""	""	"Serial No. Profile"	""
"SD_CUSTOMER_INVOICES_CREATE"	"SD_CUSTOMER_INVOICES_CREATE"	"I_ProductType"	"SizeOrDimensionText"	"Edm.String"	""	"32"	""	""	""	""	""	""	""	""	""	"Size/dimensions"	""
"SD_CUSTOMER_INVOICES_CREATE"	"SD_CUSTOMER_INVOICES_CREATE"	"I_ProductType"	"IndustryStandardName"	"Edm.String"	""	"18"	""	""	""	""	""	""	""	""	""	"Industry Std Desc."	""
"SD_CUSTOMER_INVOICES_CREATE"	"SD_CUSTOMER_INVOICES_CREATE"	"I_ProductType"	"ProductStandardID"	"Edm.String"	""	"18"	""	""	""	""	""	""	""	""	""	"GTIN"	""
"SD_CUSTOMER_INVOICES_CREATE"	"SD_CUSTOMER_INVOICES_CREATE"	"I_ProductType"	"InternationalArticleNumberCat"	"Edm.String"	""	"2"	""	""	""	""	""	""	""	""	""	"EAN category"	""
"SD_CUSTOMER_INVOICES_CREATE"	"SD_CUSTOMER_INVOICES_CREATE"	"I_ProductType"	"InternationalArticleNumberCat_Text"	"Edm.String"	""	"40"	""	""	""	"false"	"false"	""	""	""	""	"Number category text"	""
"SD_CUSTOMER_INVOICES_CREATE"	"SD_CUSTOMER_INVOICES_CREATE"	"I_ProductType"	"ProductIsConfigurable"	"Edm.Boolean"	""	""	""	""	""	""	""	""	""	""	""	"Configurable"	""
"SD_CUSTOMER_INVOICES_CREATE"	"SD_CUSTOMER_INVOICES_CREATE"	"I_ProductType"	"IsBatchManagementRequired"	"Edm.Boolean"	""	""	""	""	""	""	""	""	""	""	""	"Batch Management"	""
"SD_CUSTOMER_INVOICES_CREATE"	"SD_CUSTOMER_INVOICES_CREATE"	"I_ProductType"	"HasEmptiesBOM"	"Edm.Boolean"	""	""	""	""	""	""	""	""	""	""	""	"With empties BOM"	""
"SD_CUSTOMER_INVOICES_CREATE"	"SD_CUSTOMER_INVOICES_CREATE"	"I_ProductType"	"ExternalProductGroup"	"Edm.String"	""	"18"	""	""	""	""	""	""	""	""	""	"Ext. Product Group"	""
"SD_CUSTOMER_INVOICES_CREATE"	"SD_CUSTOMER_INVOICES_CREATE"	"I_ProductType"	"ExternalProductGroup_Text"	"Edm.String"	""	"20"	""	""	""	"false"	"false"	""	""	""	""	"Ext. Prod Grp Descr"	""
"SD_CUSTOMER_INVOICES_CREATE"	"SD_CUSTOMER_INVOICES_CREATE"	"I_ProductType"	"CrossPlantConfigurableProduct"	"Edm.String"	""	"40"	""	""	""	""	""	""	""	""	""	"Cross-plant CP"	""
"SD_CUSTOMER_INVOICES_CREATE"	"SD_CUSTOMER_INVOICES_CREATE"	"I_ProductType"	"CrossPlantConfigurableProduct_Text"	"Edm.String"	""	"40"	""	""	""	"false"	"false"	""	""	""	""	"Product Description"	""
"SD_CUSTOMER_INVOICES_CREATE"	"SD_CUSTOMER_INVOICES_CREATE"	"I_ProductType"	"SerialNoExplicitnessLevel"	"Edm.String"	""	"1"	""	""	""	""	""	""	""	""	""	"Serialization level"	""
"SD_CUSTOMER_INVOICES_CREATE"	"SD_CUSTOMER_INVOICES_CREATE"	"I_ProductType"	"ProductManufacturerNumber"	"Edm.String"	""	"40"	""	""	""	""	""	""	""	""	""	"Mfr Part Number"	""
"SD_CUSTOMER_INVOICES_CREATE"	"SD_CUSTOMER_INVOICES_CREATE"	"I_ProductType"	"ManufacturerNumber"	"Edm.String"	""	"10"	""	""	""	""	""	""	""	""	""	"Manufacturer"	""
"SD_CUSTOMER_INVOICES_CREATE"	"SD_CUSTOMER_INVOICES_CREATE"	"I_ProductType"	"ManufacturerPartProfile"	"Edm.String"	""	"4"	""	""	""	""	""	""	""	""	""	"Mfr part profile"	""
"SD_CUSTOMER_INVOICES_CREATE"	"SD_CUSTOMER_INVOICES_CREATE"	"I_ProductType"	"QltyMgmtInProcmtIsActive"	"Edm.Boolean"	""	""	""	""	""	""	""	""	""	""	""	"QM in Procur. Active"	""
"SD_CUSTOMER_INVOICES_CREATE"	"SD_CUSTOMER_INVOICES_CREATE"	"I_ProductType"	"IsApprovedBatchRecordReqd"	"Edm.Boolean"	""	""	""	""	""	""	""	""	""	""	""	"Appr.Batch Recd Req."	""
"SD_CUSTOMER_INVOICES_CREATE"	"SD_CUSTOMER_INVOICES_CREATE"	"I_ProductType"	"HandlingIndicator"	"Edm.String"	""	"4"	""	""	""	""	""	""	""	""	""	"Handling Indicator"	""
"SD_CUSTOMER_INVOICES_CREATE"	"SD_CUSTOMER_INVOICES_CREATE"	"I_ProductType"	"HandlingIndicator_Text"	"Edm.String"	""	"40"	""	""	""	"false"	"false"	""	""	""	""	"Description"	""
"SD_CUSTOMER_INVOICES_CREATE"	"SD_CUSTOMER_INVOICES_CREATE"	"I_ProductType"	"WarehouseProductGroup"	"Edm.String"	""	"4"	""	""	""	""	""	""	""	""	""	"WH Material Group"	""
"SD_CUSTOMER_INVOICES_CREATE"	"SD_CUSTOMER_INVOICES_CREATE"	"I_ProductType"	"WarehouseProductGroup_Text"	"Edm.String"	""	"40"	""	""	""	"false"	"false"	""	""	""	""	"Description"	""
"SD_CUSTOMER_INVOICES_CREATE"	"SD_CUSTOMER_INVOICES_CREATE"	"I_ProductType"	"WarehouseStorageCondition"	"Edm.String"	""	"2"	""	""	""	""	""	""	""	""	""	"Whse Stor. Condition"	""
"SD_CUSTOMER_INVOICES_CREATE"	"SD_CUSTOMER_INVOICES_CREATE"	"I_ProductType"	"WarehouseStorageCondition_Text"	"Edm.String"	""	"40"	""	""	""	"false"	"false"	""	""	""	""	"Description"	""
"SD_CUSTOMER_INVOICES_CREATE"	"SD_CUSTOMER_INVOICES_CREATE"	"I_ProductType"	"StandardHandlingUnitType"	"Edm.String"	""	"4"	""	""	""	""	""	""	""	""	""	"Standard HU Type"	""
"SD_CUSTOMER_INVOICES_CREATE"	"SD_CUSTOMER_INVOICES_CREATE"	"I_ProductType"	"StandardHandlingUnitType_Text"	"Edm.String"	""	"40"	""	""	""	"false"	"false"	""	""	""	""	"Description"	""
"SD_CUSTOMER_INVOICES_CREATE"	"SD_CUSTOMER_INVOICES_CREATE"	"I_ProductType"	"SerialNumberProfile"	"Edm.String"	""	"4"	""	""	""	""	""	""	""	""	""	"Serial No. Profile"	""
"SD_CUSTOMER_INVOICES_CREATE"	"SD_CUSTOMER_INVOICES_CREATE"	"I_ProductType"	"SerialNumberProfile_Text"	"Edm.String"	""	"40"	""	""	""	"false"	"false"	""	""	""	""	"Description"	""
"SD_CUSTOMER_INVOICES_CREATE"	"SD_CUSTOMER_INVOICES_CREATE"	"I_ProductType"	"AdjustmentProfile"	"Edm.String"	""	"3"	""	""	""	""	""	""	""	""	""	"Adjust. Profile"	""
"SD_CUSTOMER_INVOICES_CREATE"	"SD_CUSTOMER_INVOICES_CREATE"	"I_ProductType"	"AdjustmentProfile_Text"	"Edm.String"	""	"40"	""	""	""	"false"	"false"	""	""	""	""	"Desc. Adjust.Profile"	""
"SD_CUSTOMER_INVOICES_CREATE"	"SD_CUSTOMER_INVOICES_CREATE"	"I_ProductType"	"PreferredUnitOfMeasure"	"Edm.String"	""	"3"	""	""	""	""	""	""	""	""	""	"Preferred UoM"	""
"SD_CUSTOMER_INVOICES_CREATE"	"SD_CUSTOMER_INVOICES_CREATE"	"I_ProductType"	"IsPilferable"	"Edm.Boolean"	""	""	""	""	""	""	""	""	""	""	""	"Pilferable"	""
"SD_CUSTOMER_INVOICES_CREATE"	"SD_CUSTOMER_INVOICES_CREATE"	"I_ProductType"	"IsRelevantForHzdsSubstances"	"Edm.Boolean"	""	""	""	""	""	""	""	""	""	""	""	"Relevant for HS"	""
"SD_CUSTOMER_INVOICES_CREATE"	"SD_CUSTOMER_INVOICES_CREATE"	"I_ProductType"	"QuarantinePeriod"	"Edm.Decimal"	""	""	"3"	"0"	""	""	""	""	""	""	"TimeUnitForQuarantinePeriod"	"Quarant. Per."	""
"SD_CUSTOMER_INVOICES_CREATE"	"SD_CUSTOMER_INVOICES_CREATE"	"I_ProductType"	"TimeUnitForQuarantinePeriod"	"Edm.String"	""	"3"	""	""	""	""	""	""	""	""	""	"Time Unit"	""
"SD_CUSTOMER_INVOICES_CREATE"	"SD_CUSTOMER_INVOICES_CREATE"	"I_ProductType"	"TimeUnitForQuarantinePeriod_Text"	"Edm.String"	""	"30"	""	""	""	"false"	"false"	""	""	""	""	"Measurement Unit Txt"	""
"SD_CUSTOMER_INVOICES_CREATE"	"SD_CUSTOMER_INVOICES_CREATE"	"I_ProductType"	"QualityInspectionGroup"	"Edm.String"	""	"4"	""	""	""	""	""	""	""	""	""	"Quality Inspec. Grp"	""
"SD_CUSTOMER_INVOICES_CREATE"	"SD_CUSTOMER_INVOICES_CREATE"	"I_ProductType"	"QualityInspectionGroup_Text"	"Edm.String"	""	"40"	""	""	""	"false"	"false"	""	""	""	""	"Description"	""
"SD_CUSTOMER_INVOICES_CREATE"	"SD_CUSTOMER_INVOICES_CREATE"	"I_ProductType"	"HandlingUnitType"	"Edm.String"	""	"4"	""	""	""	""	""	""	""	""	""	"Handling Unit Type"	""
"SD_CUSTOMER_INVOICES_CREATE"	"SD_CUSTOMER_INVOICES_CREATE"	"I_ProductType"	"HandlingUnitType_Text"	"Edm.String"	""	"40"	""	""	""	"false"	"false"	""	""	""	""	"Description"	""
"SD_CUSTOMER_INVOICES_CREATE"	"SD_CUSTOMER_INVOICES_CREATE"	"I_ProductType"	"HasVariableTareWeight"	"Edm.Boolean"	""	""	""	""	""	""	""	""	""	""	""	"Varb. Tare Weight"	""
"SD_CUSTOMER_INVOICES_CREATE"	"SD_CUSTOMER_INVOICES_CREATE"	"I_ProductType"	"MaximumPackagingLength"	"Edm.Decimal"	""	""	"15"	"3"	""	""	""	""	""	""	"UnitForMaxPackagingDimensions"	"Max. Pack. Length"	""
"SD_CUSTOMER_INVOICES_CREATE"	"SD_CUSTOMER_INVOICES_CREATE"	"I_ProductType"	"MaximumPackagingWidth"	"Edm.Decimal"	""	""	"15"	"3"	""	""	""	""	""	""	"UnitForMaxPackagingDimensions"	"Max. Pack. Width"	""
"SD_CUSTOMER_INVOICES_CREATE"	"SD_CUSTOMER_INVOICES_CREATE"	"I_ProductType"	"MaximumPackagingHeight"	"Edm.Decimal"	""	""	"15"	"3"	""	""	""	""	""	""	"UnitForMaxPackagingDimensions"	"Max. Pack. Height"	""
"SD_CUSTOMER_INVOICES_CREATE"	"SD_CUSTOMER_INVOICES_CREATE"	"I_ProductType"	"MaximumCapacity"	"Edm.Decimal"	""	""	"15"	"3"	""	""	""	""	""	""	""	"Maximum Capacity"	""
"SD_CUSTOMER_INVOICES_CREATE"	"SD_CUSTOMER_INVOICES_CREATE"	"I_ProductType"	"OvercapacityTolerance"	"Edm.Decimal"	""	""	"3"	"1"	""	""	""	""	""	""	""	"Overcapacity Toler."	""
"SD_CUSTOMER_INVOICES_CREATE"	"SD_CUSTOMER_INVOICES_CREATE"	"I_ProductType"	"UnitForMaxPackagingDimensions"	"Edm.String"	""	"3"	""	""	""	""	""	""	""	""	""	"Unit of Measurement"	""
"SD_CUSTOMER_INVOICES_CREATE"	"SD_CUSTOMER_INVOICES_CREATE"	"I_ProductType"	"UnitForMaxPackagingDimensions_Text"	"Edm.String"	""	"30"	""	""	""	"false"	"false"	""	""	""	""	"Measurement Unit Txt"	""
"SD_CUSTOMER_INVOICES_CREATE"	"SD_CUSTOMER_INVOICES_CREATE"	"I_ProductType"	"BaseUnitSpecificProductLength"	"Edm.Decimal"	""	""	"13"	"3"	""	""	""	""	""	""	"ProductMeasurementUnit"	"Length"	""
"SD_CUSTOMER_INVOICES_CREATE"	"SD_CUSTOMER_INVOICES_CREATE"	"I_ProductType"	"BaseUnitSpecificProductWidth"	"Edm.Decimal"	""	""	"13"	"3"	""	""	""	""	""	""	"ProductMeasurementUnit"	"Width"	""
"SD_CUSTOMER_INVOICES_CREATE"	"SD_CUSTOMER_INVOICES_CREATE"	"I_ProductType"	"BaseUnitSpecificProductHeight"	"Edm.Decimal"	""	""	"13"	"3"	""	""	""	""	""	""	"ProductMeasurementUnit"	"Height"	""
"SD_CUSTOMER_INVOICES_CREATE"	"SD_CUSTOMER_INVOICES_CREATE"	"I_ProductType"	"ProductMeasurementUnit"	"Edm.String"	""	"3"	""	""	""	""	""	""	""	""	""	"Unit of Dimension"	""
"SD_CUSTOMER_INVOICES_CREATE"	"SD_CUSTOMER_INVOICES_CREATE"	"I_ProductType"	"ProductMeasurementUnit_Text"	"Edm.String"	""	"30"	""	""	""	"false"	"false"	""	""	""	""	"Measurement Unit Txt"	""
"SD_CUSTOMER_INVOICES_CREATE"	"SD_CUSTOMER_INVOICES_CREATE"	"I_ProductType"	"ProductValidStartDate"	"Edm.DateTime"	""	""	"0"	""	""	""	""	""	""	""	""	"Valid From"	""
"SD_CUSTOMER_INVOICES_CREATE"	"SD_CUSTOMER_INVOICES_CREATE"	"I_ProductType"	"ArticleCategory"	"Edm.String"	""	"2"	""	""	""	""	""	""	""	""	""	"Product Category"	""
"SD_CUSTOMER_INVOICES_CREATE"	"SD_CUSTOMER_INVOICES_CREATE"	"I_ProductType"	"ContentUnit"	"Edm.String"	""	"3"	""	""	""	""	""	""	""	""	""	"Content unit"	""
"SD_CUSTOMER_INVOICES_CREATE"	"SD_CUSTOMER_INVOICES_CREATE"	"I_ProductType"	"ContentUnit_Text"	"Edm.String"	""	"30"	""	""	""	"false"	"false"	""	""	""	""	"Measurement Unit Txt"	""
"SD_CUSTOMER_INVOICES_CREATE"	"SD_CUSTOMER_INVOICES_CREATE"	"I_ProductType"	"NetContent"	"Edm.Decimal"	""	""	"13"	"3"	""	""	""	""	""	""	"ContentUnit"	"Net contents"	""
"SD_CUSTOMER_INVOICES_CREATE"	"SD_CUSTOMER_INVOICES_CREATE"	"I_ProductType"	"ComparisonPriceQuantity"	"Edm.Decimal"	""	""	"5"	"0"	""	""	""	""	""	""	"ContentUnit"	"Comparison Price Unit"	""
"SD_CUSTOMER_INVOICES_CREATE"	"SD_CUSTOMER_INVOICES_CREATE"	"I_ProductType"	"GrossContent"	"Edm.Decimal"	""	""	"13"	"3"	""	""	""	""	""	""	"ContentUnit"	"Gross contents"	""
"SD_CUSTOMER_INVOICES_CREATE"	"SD_CUSTOMER_INVOICES_CREATE"	"I_ProductType"	"ProductValidEndDate"	"Edm.DateTime"	""	""	"0"	""	""	""	""	""	""	""	""	"Valid to"	""
"SD_CUSTOMER_INVOICES_CREATE"	"SD_CUSTOMER_INVOICES_CREATE"	"I_ProductType"	"AssortmentListType"	"Edm.String"	""	"1"	""	""	""	""	""	""	""	""	""	"Assortment List Type"	""
"SD_CUSTOMER_INVOICES_CREATE"	"SD_CUSTOMER_INVOICES_CREATE"	"I_ProductType"	"AssortmentListType_Text"	"Edm.String"	""	"20"	""	""	""	"false"	"false"	""	""	""	""	"Description"	""
"SD_CUSTOMER_INVOICES_CREATE"	"SD_CUSTOMER_INVOICES_CREATE"	"I_ProductType"	"HasTextilePartsWthAnimalOrigin"	"Edm.Boolean"	""	""	""	""	""	""	""	""	""	""	""	"Animal Origin"	""
"SD_CUSTOMER_INVOICES_CREATE"	"SD_CUSTOMER_INVOICES_CREATE"	"I_ProductType"	"ProductSeasonUsageCategory"	"Edm.String"	""	"1"	""	""	""	""	""	""	""	""	""	"Season Usage"	""
"SD_CUSTOMER_INVOICES_CREATE"	"SD_CUSTOMER_INVOICES_CREATE"	"I_ProductType"	"IndustrySector"	"Edm.String"	""	"1"	""	""	""	""	""	""	""	""	""	"Industry Sector"	""
"SD_CUSTOMER_INVOICES_CREATE"	"SD_CUSTOMER_INVOICES_CREATE"	"I_ProductType"	"ChangeNumber"	"Edm.String"	""	"12"	""	""	""	""	""	""	""	""	""	"Change Number"	""
"SD_CUSTOMER_INVOICES_CREATE"	"SD_CUSTOMER_INVOICES_CREATE"	"I_ProductType"	"MaterialRevisionLevel"	"Edm.String"	""	"2"	""	""	""	""	""	""	""	""	""	"Revision Level"	""
"SD_CUSTOMER_INVOICES_CREATE"	"SD_CUSTOMER_INVOICES_CREATE"	"I_ProductType"	"IsActiveEntity"	"Edm.Boolean"	""	""	""	""	""	""	""	""	""	""	""	"Is active"	""
"SD_CUSTOMER_INVOICES_CREATE"	"SD_CUSTOMER_INVOICES_CREATE"	"I_ProductType"	"LastChangeDateTime"	"Edm.DateTimeOffset"	""	""	"7"	""	""	""	""	""	""	""	""	"Last Changed"	""
"SD_CUSTOMER_INVOICES_CREATE"	"SD_CUSTOMER_INVOICES_CREATE"	"I_ProductType"	"LastChangeTime"	"Edm.Time"	""	""	"0"	""	""	""	""	""	""	""	""	"Last Changed Time"	""
"SD_CUSTOMER_INVOICES_CREATE"	"SD_CUSTOMER_INVOICES_CREATE"	"I_ProductType"	"DangerousGoodsIndProfile"	"Edm.String"	""	"3"	""	""	""	""	""	""	""	""	""	"DG indicator profile"	""
"SD_CUSTOMER_INVOICES_CREATE"	"SD_CUSTOMER_INVOICES_CREATE"	"I_ProductType"	"ProductUUID"	"Edm.Guid"	""	""	""	""	""	""	""	""	""	""	""	"Product"	""
"SD_CUSTOMER_INVOICES_CREATE"	"SD_CUSTOMER_INVOICES_CREATE"	"I_ProductType"	"ProdSupChnMgmtUUID22"	"Edm.String"	""	"40"	""	""	""	""	""	""	""	""	""	"Product ID"	""
"SD_CUSTOMER_INVOICES_CREATE"	"SD_CUSTOMER_INVOICES_CREATE"	"I_ProductType"	"ProductDocumentChangeNumber"	"Edm.String"	""	"6"	""	""	""	""	""	""	""	""	""	"Document change no."	""
"SD_CUSTOMER_INVOICES_CREATE"	"SD_CUSTOMER_INVOICES_CREATE"	"I_ProductType"	"ProductDocumentPageCount"	"Edm.String"	""	"3"	""	""	""	""	""	""	""	""	""	"Number of sheets"	""
"SD_CUSTOMER_INVOICES_CREATE"	"SD_CUSTOMER_INVOICES_CREATE"	"I_ProductType"	"ProductDocumentPageNumber"	"Edm.String"	""	"3"	""	""	""	""	""	""	""	""	""	"Page number"	""
"SD_CUSTOMER_INVOICES_CREATE"	"SD_CUSTOMER_INVOICES_CREATE"	"I_ProductType"	"OwnInventoryManagedProduct"	"Edm.String"	""	"40"	""	""	""	""	""	""	""	""	""	"Int. material number"	""
"SD_CUSTOMER_INVOICES_CREATE"	"SD_CUSTOMER_INVOICES_CREATE"	"I_ProductType"	"DocumentIsCreatedByCAD"	"Edm.Boolean"	""	""	""	""	""	""	""	""	""	""	""	"CAD Indicator"	""
"SD_CUSTOMER_INVOICES_CREATE"	"SD_CUSTOMER_INVOICES_CREATE"	"I_ProductType"	"ProductionOrInspectionMemoTxt"	"Edm.String"	""	"18"	""	""	""	""	""	""	""	""	""	"Prod./insp. memo"	""
"SD_CUSTOMER_INVOICES_CREATE"	"SD_CUSTOMER_INVOICES_CREATE"	"I_ProductType"	"ProductionMemoPageFormat"	"Edm.String"	""	"4"	""	""	""	""	""	""	""	""	""	"Page format"	""
"SD_CUSTOMER_INVOICES_CREATE"	"SD_CUSTOMER_INVOICES_CREATE"	"I_ProductType"	"GlobalTradeItemNumberVariant"	"Edm.String"	""	"2"	""	""	""	""	""	""	""	""	""	"EAN Variant"	""
"SD_CUSTOMER_INVOICES_CREATE"	"SD_CUSTOMER_INVOICES_CREATE"	"I_ProductType"	"ProductIsHighlyViscous"	"Edm.Boolean"	""	""	""	""	""	""	""	""	""	""	""	"Highly viscous"	""
"SD_CUSTOMER_INVOICES_CREATE"	"SD_CUSTOMER_INVOICES_CREATE"	"I_ProductType"	"TransportIsInBulk"	"Edm.Boolean"	""	""	""	""	""	""	""	""	""	""	""	"In bulk/liquid"	""
"SD_CUSTOMER_INVOICES_CREATE"	"SD_CUSTOMER_INVOICES_CREATE"	"I_ProductType"	"ProdAllocDetnProcedure"	"Edm.String"	""	"18"	""	""	""	""	""	""	""	""	""	"Product allocation"	""
"SD_CUSTOMER_INVOICES_CREATE"	"SD_CUSTOMER_INVOICES_CREATE"	"I_ProductType"	"ProdEffctyParamValsAreAssigned"	"Edm.Boolean"	""	""	""	""	""	""	""	""	""	""	""	"Assign effect. vals"	""
"SD_CUSTOMER_INVOICES_CREATE"	"SD_CUSTOMER_INVOICES_CREATE"	"I_ProductType"	"ProdIsEnvironmentallyRelevant"	"Edm.Boolean"	""	""	""	""	""	""	""	""	""	""	""	"Environmentally rlvt"	""
"SD_CUSTOMER_INVOICES_CREATE"	"SD_CUSTOMER_INVOICES_CREATE"	"I_ProductType"	"LaboratoryOrDesignOffice"	"Edm.String"	""	"3"	""	""	""	""	""	""	""	""	""	"Lab/Office"	""
"SD_CUSTOMER_INVOICES_CREATE"	"SD_CUSTOMER_INVOICES_CREATE"	"I_ProductType"	"PackagingMaterialGroup"	"Edm.String"	""	"4"	""	""	""	""	""	""	""	""	""	"Matl Grp Pack.Matls"	""
"SD_CUSTOMER_INVOICES_CREATE"	"SD_CUSTOMER_INVOICES_CREATE"	"I_ProductType"	"ProductIsLocked"	"Edm.Boolean"	""	""	""	""	""	""	""	""	""	""	""	"Material locked"	""
"SD_CUSTOMER_INVOICES_CREATE"	"SD_CUSTOMER_INVOICES_CREATE"	"I_ProductType"	"DiscountInKindEligibility"	"Edm.String"	""	"1"	""	""	""	""	""	""	""	""	""	"Qual.f.FreeGoodsDis."	""
"SD_CUSTOMER_INVOICES_CREATE"	"SD_CUSTOMER_INVOICES_CREATE"	"I_ProductType"	"SmartFormName"	"Edm.String"	""	"30"	""	""	""	""	""	""	""	""	""	"Form Name"	""
"SD_CUSTOMER_INVOICES_CREATE"	"SD_CUSTOMER_INVOICES_CREATE"	"I_ProductType"	"PackingReferenceProduct"	"Edm.String"	""	"40"	""	""	""	""	""	""	""	""	""	"Ref. mat. for pckg"	""
"SD_CUSTOMER_INVOICES_CREATE"	"SD_CUSTOMER_INVOICES_CREATE"	"I_ProductType"	"BasicMaterial"	"Edm.String"	""	"48"	""	""	""	""	""	""	""	""	""	"Basic material"	""
"SD_CUSTOMER_INVOICES_CREATE"	"SD_CUSTOMER_INVOICES_CREATE"	"I_ProductType"	"ProductDocumentNumber"	"Edm.String"	""	"22"	""	""	""	""	""	""	""	""	""	"Document"	""
"SD_CUSTOMER_INVOICES_CREATE"	"SD_CUSTOMER_INVOICES_CREATE"	"I_ProductType"	"ProductDocumentVersion"	"Edm.String"	""	"2"	""	""	""	""	""	""	""	""	""	"Document Version"	""
"SD_CUSTOMER_INVOICES_CREATE"	"SD_CUSTOMER_INVOICES_CREATE"	"I_ProductType"	"ProductDocumentType"	"Edm.String"	""	"3"	""	""	""	""	""	""	""	""	""	"Document Type"	""
"SD_CUSTOMER_INVOICES_CREATE"	"SD_CUSTOMER_INVOICES_CREATE"	"I_ProductType"	"ProductDocumentPageFormat"	"Edm.String"	""	"4"	""	""	""	""	""	""	""	""	""	"Page format"	""
"SD_CUSTOMER_INVOICES_CREATE"	"SD_CUSTOMER_INVOICES_CREATE"	"I_ProductType"	"ProductConfiguration"	"Edm.String"	""	"18"	""	""	""	""	""	""	""	""	""	"Internal object no."	""
"SD_CUSTOMER_INVOICES_CREATE"	"SD_CUSTOMER_INVOICES_CREATE"	"I_ProductType"	"SegmentationStrategy"	"Edm.String"	""	"8"	""	""	""	""	""	""	""	""	""	"Seg. Strategy"	""
"SD_CUSTOMER_INVOICES_CREATE"	"SD_CUSTOMER_INVOICES_CREATE"	"I_ProductType"	"SegmentationIsRelevant"	"Edm.String"	""	"1"	""	""	""	""	""	""	""	""	""	"Seg. Relevant"	""
"SD_CUSTOMER_INVOICES_CREATE"	"SD_CUSTOMER_INVOICES_CREATE"	"I_ProductType"	"IsChemicalComplianceRelevant"	"Edm.String"	""	"1"	""	""	""	""	""	""	""	""	""	"Chemical Compliance Relevance Indicator"	""
"SD_CUSTOMER_INVOICES_CREATE"	"SD_CUSTOMER_INVOICES_CREATE"	"I_ProductType"	"IsChemicalComplianceRelevant_Text"	"Edm.String"	""	"60"	""	""	""	"false"	"false"	""	""	""	""	"Short Description"	""
"SD_CUSTOMER_INVOICES_CREATE"	"SD_CUSTOMER_INVOICES_CREATE"	"I_ProductType"	"ManufacturerBookPartNumber"	"Edm.String"	""	"40"	""	""	""	""	""	""	""	""	""	"MS Book Part No"	""
"SD_CUSTOMER_INVOICES_CREATE"	"SD_CUSTOMER_INVOICES_CREATE"	"I_ProductType"	"LogisticalProductCategory"	"Edm.String"	""	"1"	""	""	""	""	""	""	""	""	""	"Logl Material Cat."	""
"SD_CUSTOMER_INVOICES_CREATE"	"SD_CUSTOMER_INVOICES_CREATE"	"I_ProductType"	"SalesProduct"	"Edm.String"	""	"40"	""	""	""	""	""	""	""	""	""	"Sales Material No."	""
"SD_CUSTOMER_INVOICES_CREATE"	"SD_CUSTOMER_INVOICES_CREATE"	"I_ProductType"	"ProdCharc1InternalNumber"	"Edm.String"	""	"30"	""	""	""	""	""	""	""	""	""	"Int. Char. Number"	""
"SD_CUSTOMER_INVOICES_CREATE"	"SD_CUSTOMER_INVOICES_CREATE"	"I_ProductType"	"ProdCharc2InternalNumber"	"Edm.String"	""	"30"	""	""	""	""	""	""	""	""	""	"Int. Char. Number"	""
"SD_CUSTOMER_INVOICES_CREATE"	"SD_CUSTOMER_INVOICES_CREATE"	"I_ProductType"	"ProdCharc3InternalNumber"	"Edm.String"	""	"30"	""	""	""	""	""	""	""	""	""	"Int. Char. Number"	""
"SD_CUSTOMER_INVOICES_CREATE"	"SD_CUSTOMER_INVOICES_CREATE"	"I_ProductType"	"ProductCharacteristic1"	"Edm.String"	""	"18"	""	""	""	""	""	""	""	""	""	"Color"	""
"SD_CUSTOMER_INVOICES_CREATE"	"SD_CUSTOMER_INVOICES_CREATE"	"I_ProductType"	"ProductCharacteristic2"	"Edm.String"	""	"18"	""	""	""	""	""	""	""	""	""	"Main Size"	""
"SD_CUSTOMER_INVOICES_CREATE"	"SD_CUSTOMER_INVOICES_CREATE"	"I_ProductType"	"ProductCharacteristic3"	"Edm.String"	""	"18"	""	""	""	""	""	""	""	""	""	"Second Size"	""
"SD_CUSTOMER_INVOICES_CREATE"	"SD_CUSTOMER_INVOICES_CREATE"	"I_ProductType"	"DfsAmmunitionGroupCode"	"Edm.String"	""	"8"	""	""	""	""	""	""	""	""	""	"Ammunition Code"	""
"SD_CUSTOMER_INVOICES_CREATE"	"SD_CUSTOMER_INVOICES_CREATE"	"I_ProductType"	"DfsRICIdentifier"	"Edm.Int64"	""	""	""	""	""	""	""	""	""	""	""	"RIC ID"	""
"SD_CUSTOMER_INVOICES_CREATE"	"SD_CUSTOMER_INVOICES_CREATE"	"I_ProductType"	"DfsProductSensitivity"	"Edm.String"	""	"4"	""	""	""	""	""	""	""	""	""	"Sensitivity for Char"	""
"SD_CUSTOMER_INVOICES_CREATE"	"SD_CUSTOMER_INVOICES_CREATE"	"I_ProductType"	"DfsManufacturerPartLongNumber"	"Edm.String"	""	"60"	""	""	""	""	""	""	""	""	""	"Long Mfr Part No."	""
"SD_CUSTOMER_INVOICES_CREATE"	"SD_CUSTOMER_INVOICES_CREATE"	"I_ProductType"	"DfsMatlConditionMgmt"	"Edm.String"	""	"1"	""	""	""	""	""	""	""	""	""	"Condition Mgmt"	""
"SD_CUSTOMER_INVOICES_CREATE"	"SD_CUSTOMER_INVOICES_CREATE"	"I_ProductType"	"DfsReturnDelivery"	"Edm.String"	""	"1"	""	""	""	""	""	""	""	""	""	"Return Code"	""
"SD_CUSTOMER_INVOICES_CREATE"	"SD_CUSTOMER_INVOICES_CREATE"	"I_ProductType"	"DfsLogisticsLevel"	"Edm.String"	""	"1"	""	""	""	""	""	""	""	""	""	"Return to Log.Level"	""
"SD_CUSTOMER_INVOICES_CREATE"	"SD_CUSTOMER_INVOICES_CREATE"	"I_ProductType"	"DfsNationalItemIdnNumber"	"Edm.String"	""	"9"	""	""	""	""	""	""	""	""	""	"NATO Stock Number"	""
"SD_CUSTOMER_INVOICES_CREATE"	"SD_CUSTOMER_INVOICES_CREATE"	"I_ProductStdVHType"	"Product"	"Edm.String"	"false"	"40"	""	""	"X"	""	""	""	""	""	""	"Product"	""
"SD_CUSTOMER_INVOICES_CREATE"	"SD_CUSTOMER_INVOICES_CREATE"	"I_ProductStdVHType"	"Product_Text"	"Edm.String"	""	"40"	""	""	""	"false"	"false"	""	""	""	""	"Product Description"	""
"SD_CUSTOMER_INVOICES_CREATE"	"SD_CUSTOMER_INVOICES_CREATE"	"I_ProductStdVHType"	"ProductExternalID"	"Edm.String"	""	"40"	""	""	""	""	""	""	""	""	""	"External Product ID"	""
"SD_CUSTOMER_INVOICES_CREATE"	"SD_CUSTOMER_INVOICES_CREATE"	"I_ProductVHType"	"Product"	"Edm.String"	"false"	"40"	""	""	"X"	""	""	""	""	""	""	"Product"	""
"SD_CUSTOMER_INVOICES_CREATE"	"SD_CUSTOMER_INVOICES_CREATE"	"I_ProductVHType"	"Product_Text"	"Edm.String"	""	"40"	""	""	""	"false"	"false"	""	""	""	""	"Product Description"	""
"SD_CUSTOMER_INVOICES_CREATE"	"SD_CUSTOMER_INVOICES_CREATE"	"I_ProductVHType"	"ProductExternalID"	"Edm.String"	""	"40"	""	""	""	""	""	""	""	""	""	"External Product ID"	""
"SD_CUSTOMER_INVOICES_CREATE"	"SD_CUSTOMER_INVOICES_CREATE"	"I_ProductVHType"	"IndustrySector"	"Edm.String"	""	"1"	""	""	""	""	""	""	""	""	""	"Industry Sector"	""
"SD_CUSTOMER_INVOICES_CREATE"	"SD_CUSTOMER_INVOICES_CREATE"	"I_ProductVHType"	"ProductType"	"Edm.String"	""	"4"	""	""	""	""	""	""	""	""	""	"Product Type"	""
"SD_CUSTOMER_INVOICES_CREATE"	"SD_CUSTOMER_INVOICES_CREATE"	"I_ProductVHType"	"ProductGroup"	"Edm.String"	""	"9"	""	""	""	""	""	""	""	""	""	"Product Group"	""
"SD_CUSTOMER_INVOICES_CREATE"	"SD_CUSTOMER_INVOICES_CREATE"	"I_ProductVHType"	"BaseUnit"	"Edm.String"	""	"3"	""	""	""	""	""	""	""	""	""	"Base Unit of Measure"	""
"SD_CUSTOMER_INVOICES_CREATE"	"SD_CUSTOMER_INVOICES_CREATE"	"I_ProductVHType"	"GrossWeight"	"Edm.Decimal"	""	""	"13"	"3"	""	""	""	""	""	""	"WeightUnit"	"Gross Weight"	""
"SD_CUSTOMER_INVOICES_CREATE"	"SD_CUSTOMER_INVOICES_CREATE"	"I_ProductVHType"	"NetWeight"	"Edm.Decimal"	""	""	"13"	"3"	""	""	""	""	""	""	"WeightUnit"	"Net Weight"	""
"SD_CUSTOMER_INVOICES_CREATE"	"SD_CUSTOMER_INVOICES_CREATE"	"I_ProductVHType"	"WeightUnit"	"Edm.String"	""	"3"	""	""	""	""	""	""	""	""	""	"Unit of Weight"	""
"SD_CUSTOMER_INVOICES_CREATE"	"SD_CUSTOMER_INVOICES_CREATE"	"I_ProductVHType"	"ManufacturerNumber"	"Edm.String"	""	"10"	""	""	""	""	""	""	""	""	""	"Manufacturer"	""
"SD_CUSTOMER_INVOICES_CREATE"	"SD_CUSTOMER_INVOICES_CREATE"	"I_ProductVHType"	"IsBatchManagementRequired"	"Edm.Boolean"	""	""	""	""	""	""	""	""	""	""	""	"Batch Management"	""
"SD_CUSTOMER_INVOICES_CREATE"	"SD_CUSTOMER_INVOICES_CREATE"	"I_ProductVHType"	"ProductManufacturerNumber"	"Edm.String"	""	"40"	""	""	""	""	""	""	""	""	""	"Mfr Part Number"	""
"SD_CUSTOMER_INVOICES_CREATE"	"SD_CUSTOMER_INVOICES_CREATE"	"I_ProductVHType"	"ArticleCategory"	"Edm.String"	""	"2"	""	""	""	""	""	""	""	""	""	"Product Category"	""
"SD_CUSTOMER_INVOICES_CREATE"	"SD_CUSTOMER_INVOICES_CREATE"	"I_ProfitCenterStdVHType"	"ControllingArea"	"Edm.String"	"false"	"4"	""	""	"X"	""	""	""	""	""	""	"Controlling Area"	""
"SD_CUSTOMER_INVOICES_CREATE"	"SD_CUSTOMER_INVOICES_CREATE"	"I_ProfitCenterStdVHType"	"ProfitCenter"	"Edm.String"	"false"	"10"	""	""	"X"	""	""	""	""	""	""	"Profit Center"	""
"SD_CUSTOMER_INVOICES_CREATE"	"SD_CUSTOMER_INVOICES_CREATE"	"I_ProfitCenterStdVHType"	"ProfitCenter_Text"	"Edm.String"	""	"20"	""	""	""	"false"	"false"	""	""	""	""	"Profit Center Name"	""
"SD_CUSTOMER_INVOICES_CREATE"	"SD_CUSTOMER_INVOICES_CREATE"	"I_ProfitCenterStdVHType"	"ValidityEndDate"	"Edm.DateTime"	"false"	""	"0"	""	"X"	""	""	""	""	""	""	"Valid To"	""
"SD_CUSTOMER_INVOICES_CREATE"	"SD_CUSTOMER_INVOICES_CREATE"	"I_ProfitCenterStdVHType"	"ValidityStartDate"	"Edm.DateTime"	""	""	"0"	""	""	""	""	""	""	""	""	"Valid From"	""
"SD_CUSTOMER_INVOICES_CREATE"	"SD_CUSTOMER_INVOICES_CREATE"	"I_SalesDocumentItemCategoryType"	"SalesDocumentItemCategory"	"Edm.String"	"false"	"4"	""	""	"X"	""	""	""	""	""	""	"Item Category"	""
"SD_CUSTOMER_INVOICES_CREATE"	"SD_CUSTOMER_INVOICES_CREATE"	"I_SalesDocumentItemCategoryType"	"SalesDocumentItemCategory_Text"	"Edm.String"	""	"20"	""	""	""	"false"	"false"	""	""	""	""	"Description"	""
"SD_CUSTOMER_INVOICES_CREATE"	"SD_CUSTOMER_INVOICES_CREATE"	"I_SalesDocumentItemCategoryType"	"BillingRelevanceCode"	"Edm.String"	""	"1"	""	""	""	""	""	""	""	""	""	"Relevant for Billing"	""
"SD_CUSTOMER_INVOICES_CREATE"	"SD_CUSTOMER_INVOICES_CREATE"	"I_SalesDocumentItemCategoryType"	"ScheduleLineIsAllowed"	"Edm.Boolean"	""	""	""	""	""	""	""	""	""	""	""	"Sched.lines allowed"	""
"SD_CUSTOMER_INVOICES_CREATE"	"SD_CUSTOMER_INVOICES_CREATE"	"I_SalesDocumentItemCategoryType"	"PricingRelevance"	"Edm.String"	""	"1"	""	""	""	""	""	""	""	""	""	"Pricing Relevance"	""
"SD_CUSTOMER_INVOICES_CREATE"	"SD_CUSTOMER_INVOICES_CREATE"	"I_SalesDocumentItemCategoryType"	"TextDeterminationProcedure"	"Edm.String"	""	"2"	""	""	""	""	""	""	""	""	""	"Text Determ Proced"	""
"SD_CUSTOMER_INVOICES_CREATE"	"SD_CUSTOMER_INVOICES_CREATE"	"I_SalesDocumentItemCategoryType"	"PartnerDeterminationProcedure"	"Edm.String"	""	"4"	""	""	""	""	""	""	""	""	""	" Partner Detn Proced"	""
"SD_CUSTOMER_INVOICES_CREATE"	"SD_CUSTOMER_INVOICES_CREATE"	"I_SalesOrganizationType"	"SalesOrganization"	"Edm.String"	"false"	"4"	""	""	"X"	""	""	""	""	""	""	"Sales Organization"	""
"SD_CUSTOMER_INVOICES_CREATE"	"SD_CUSTOMER_INVOICES_CREATE"	"I_SalesOrganizationType"	"SalesOrganization_Text"	"Edm.String"	""	"20"	""	""	""	"false"	"false"	""	""	""	""	"Sales Organization Description"	""
"SD_CUSTOMER_INVOICES_CREATE"	"SD_CUSTOMER_INVOICES_CREATE"	"I_SalesOrganizationType"	"SalesOrganizationCurrency"	"Edm.String"	""	"5"	""	""	""	""	""	""	""	""	""	"Statistics Currency"	""
"SD_CUSTOMER_INVOICES_CREATE"	"SD_CUSTOMER_INVOICES_CREATE"	"I_SalesOrganizationType"	"CompanyCode"	"Edm.String"	""	"4"	""	""	""	""	""	""	""	""	""	"Company Code"	""
"SD_CUSTOMER_INVOICES_CREATE"	"SD_CUSTOMER_INVOICES_CREATE"	"I_SalesOrganizationType"	"IntercompanyBillingCustomer"	"Edm.String"	""	"10"	""	""	""	""	""	""	""	""	""	"Cust.Inter-Co.Bill."	""
"SD_CUSTOMER_INVOICES_CREATE"	"SD_CUSTOMER_INVOICES_CREATE"	"I_SalesOrganizationType"	"AddressID"	"Edm.String"	""	"10"	""	""	""	""	""	""	""	""	""	"Address"	""
"SD_CUSTOMER_INVOICES_CREATE"	"SD_CUSTOMER_INVOICES_CREATE"	"I_SalesOrganizationTextType"	"SalesOrganization"	"Edm.String"	"false"	"4"	""	""	"X"	""	""	""	""	""	""	"Sales Organization"	""
"SD_CUSTOMER_INVOICES_CREATE"	"SD_CUSTOMER_INVOICES_CREATE"	"I_SalesOrganizationTextType"	"Language"	"Edm.String"	"false"	"2"	""	""	"X"	""	""	""	""	""	""	"Language Key"	""
"SD_CUSTOMER_INVOICES_CREATE"	"SD_CUSTOMER_INVOICES_CREATE"	"I_SalesOrganizationTextType"	"SalesOrganizationName"	"Edm.String"	""	"20"	""	""	""	""	""	""	""	""	""	"Sales Organization Description"	""
"SD_CUSTOMER_INVOICES_CREATE"	"SD_CUSTOMER_INVOICES_CREATE"	"I_SDDocumentCategoryType"	"SDDocumentCategory"	"Edm.String"	"false"	"4"	""	""	"X"	""	""	""	""	""	""	"SD Document Category"	""
"SD_CUSTOMER_INVOICES_CREATE"	"SD_CUSTOMER_INVOICES_CREATE"	"I_SDDocumentCategoryType"	"SDDocumentCategory_Text"	"Edm.String"	""	"60"	""	""	""	"false"	"false"	""	""	""	""	"SD Document Category Description"	""
"SD_CUSTOMER_INVOICES_CREATE"	"SD_CUSTOMER_INVOICES_CREATE"	"I_SDDocumentCategoryTextType"	"SDDocumentCategory"	"Edm.String"	"false"	"4"	""	""	"X"	""	""	""	""	""	""	"SD Document Category"	""
"SD_CUSTOMER_INVOICES_CREATE"	"SD_CUSTOMER_INVOICES_CREATE"	"I_SDDocumentCategoryTextType"	"Language"	"Edm.String"	"false"	"2"	""	""	"X"	""	""	""	""	""	""	"Lang."	""
"SD_CUSTOMER_INVOICES_CREATE"	"SD_CUSTOMER_INVOICES_CREATE"	"I_SDDocumentCategoryTextType"	"SDDocumentCategoryName"	"Edm.String"	""	"60"	""	""	""	""	""	""	""	""	""	"SD Document Category Description"	""
"SD_CUSTOMER_INVOICES_CREATE"	"SD_CUSTOMER_INVOICES_CREATE"	"I_SDDocumentTypeType"	"SDDocumentType"	"Edm.String"	"false"	"4"	""	""	"X"	""	""	""	""	""	""	"SD Document Type"	""
"SD_CUSTOMER_INVOICES_CREATE"	"SD_CUSTOMER_INVOICES_CREATE"	"I_SDDocumentTypeType"	"SDDocumentType_Text"	"Edm.String"	""	"40"	""	""	""	"false"	"false"	""	""	""	""	"Description"	""
"SD_CUSTOMER_INVOICES_CREATE"	"SD_CUSTOMER_INVOICES_CREATE"	"I_SDDocumentTypeType"	"SDDocumentCategory"	"Edm.String"	"false"	"4"	""	""	"X"	""	""	""	""	""	""	"SD Document Category"	""
"SD_CUSTOMER_INVOICES_CREATE"	"SD_CUSTOMER_INVOICES_CREATE"	"I_ShippingPointType"	"ShippingPoint"	"Edm.String"	"false"	"4"	""	""	"X"	""	""	""	""	""	""	"Shipping Point"	""
"SD_CUSTOMER_INVOICES_CREATE"	"SD_CUSTOMER_INVOICES_CREATE"	"I_ShippingPointType"	"ShippingPoint_Text"	"Edm.String"	""	"30"	""	""	""	"false"	"false"	""	""	""	""	"Description"	""
"SD_CUSTOMER_INVOICES_CREATE"	"SD_CUSTOMER_INVOICES_CREATE"	"I_ShippingPointType"	"ActiveDepartureCountry"	"Edm.String"	""	"3"	""	""	""	""	""	""	""	""	""	"Departure Ctry/Reg."	""
"SD_CUSTOMER_INVOICES_CREATE"	"SD_CUSTOMER_INVOICES_CREATE"	"I_ShippingPointType"	"AddressID"	"Edm.String"	""	"10"	""	""	""	""	""	""	""	""	""	"Address"	""
"SD_CUSTOMER_INVOICES_CREATE"	"SD_CUSTOMER_INVOICES_CREATE"	"I_ShippingPointType"	"PickingConfirmation"	"Edm.String"	""	"1"	""	""	""	""	""	""	""	""	""	"Pick Confirmation"	""
"SD_CUSTOMER_INVOICES_CREATE"	"SD_CUSTOMER_INVOICES_CREATE"	"I_ShippingPointStdVHType"	"ShippingPoint"	"Edm.String"	"false"	"4"	""	""	"X"	""	""	""	""	""	""	"Shipping Point"	""
"SD_CUSTOMER_INVOICES_CREATE"	"SD_CUSTOMER_INVOICES_CREATE"	"I_ShippingPointStdVHType"	"ShippingPoint_Text"	"Edm.String"	""	"30"	""	""	""	"false"	"false"	""	""	""	""	"Description"	""
"SD_CUSTOMER_INVOICES_CREATE"	"SD_CUSTOMER_INVOICES_CREATE"	"I_ShippingPointStdVHType"	"ShippingPointName"	"Edm.String"	""	"30"	""	""	""	""	""	""	""	""	""	"Description"	""
"SD_CUSTOMER_INVOICES_CREATE"	"SD_CUSTOMER_INVOICES_CREATE"	"I_ShippingPointTextType"	"ShippingPoint"	"Edm.String"	"false"	"4"	""	""	"X"	""	""	""	""	""	""	"Shipping Point"	""
"SD_CUSTOMER_INVOICES_CREATE"	"SD_CUSTOMER_INVOICES_CREATE"	"I_ShippingPointTextType"	"Language"	"Edm.String"	"false"	"2"	""	""	"X"	""	""	""	""	""	""	"Language Key"	""
"SD_CUSTOMER_INVOICES_CREATE"	"SD_CUSTOMER_INVOICES_CREATE"	"I_ShippingPointTextType"	"ShippingPointName"	"Edm.String"	""	"30"	""	""	""	""	""	""	""	""	""	"Description"	""
"SD_CUSTOMER_INVOICES_CREATE"	"SD_CUSTOMER_INVOICES_CREATE"	"I_UnitOfMeasureType"	"UnitOfMeasure"	"Edm.String"	"false"	"3"	""	""	"X"	""	""	""	""	""	""	"Unit of Measure"	""
"SD_CUSTOMER_INVOICES_CREATE"	"SD_CUSTOMER_INVOICES_CREATE"	"I_UnitOfMeasureType"	"UnitOfMeasure_Text"	"Edm.String"	""	"30"	""	""	""	"false"	"false"	""	""	""	""	"Measurement Unit Txt"	""
"SD_CUSTOMER_INVOICES_CREATE"	"SD_CUSTOMER_INVOICES_CREATE"	"I_UnitOfMeasureType"	"UnitOfMeasureSAPCode"	"Edm.String"	""	"3"	""	""	""	""	""	""	""	""	""	"Internal SAP Code"	""
"SD_CUSTOMER_INVOICES_CREATE"	"SD_CUSTOMER_INVOICES_CREATE"	"I_UnitOfMeasureType"	"UnitOfMeasureISOCode"	"Edm.String"	""	"3"	""	""	""	""	""	""	""	""	""	"ISO Code"	""
"SD_CUSTOMER_INVOICES_CREATE"	"SD_CUSTOMER_INVOICES_CREATE"	"I_UnitOfMeasureType"	"IsPrimaryUnitForISOCode"	"Edm.Boolean"	""	""	""	""	""	""	""	""	""	""	""	"Primary code"	""
"SD_CUSTOMER_INVOICES_CREATE"	"SD_CUSTOMER_INVOICES_CREATE"	"I_UnitOfMeasureType"	"UnitOfMeasureNumberOfDecimals"	"Edm.Int16"	""	""	""	""	""	""	""	""	""	""	""	"Decimal Rounding"	""
"SD_CUSTOMER_INVOICES_CREATE"	"SD_CUSTOMER_INVOICES_CREATE"	"I_UnitOfMeasureType"	"UnitOfMeasureIsCommercial"	"Edm.Boolean"	""	""	""	""	""	""	""	""	""	""	""	"Commercial meas.unit"	""
"SD_CUSTOMER_INVOICES_CREATE"	"SD_CUSTOMER_INVOICES_CREATE"	"I_UnitOfMeasureType"	"UnitOfMeasureDimension"	"Edm.String"	""	"6"	""	""	""	""	""	""	""	""	""	"Dimension"	""
"SD_CUSTOMER_INVOICES_CREATE"	"SD_CUSTOMER_INVOICES_CREATE"	"I_UnitOfMeasureType"	"SIUnitCnvrsnRateNumerator"	"Edm.Int32"	""	""	""	""	""	""	""	""	""	""	""	"Numerator"	""
"SD_CUSTOMER_INVOICES_CREATE"	"SD_CUSTOMER_INVOICES_CREATE"	"I_UnitOfMeasureType"	"SIUnitCnvrsnRateDenominator"	"Edm.Int32"	""	""	""	""	""	""	""	""	""	""	""	"Denominator"	""
"SD_CUSTOMER_INVOICES_CREATE"	"SD_CUSTOMER_INVOICES_CREATE"	"I_UnitOfMeasureType"	"SIUnitCnvrsnRateExponent"	"Edm.Int16"	""	""	""	""	""	""	""	""	""	""	""	"Exponent"	""
"SD_CUSTOMER_INVOICES_CREATE"	"SD_CUSTOMER_INVOICES_CREATE"	"I_UnitOfMeasureType"	"SIUnitCnvrsnAdditiveValue"	"Edm.Decimal"	""	""	"9"	"6"	""	""	""	""	""	""	""	"Additive constant"	""
"SD_CUSTOMER_INVOICES_CREATE"	"SD_CUSTOMER_INVOICES_CREATE"	"I_UnitOfMeasureType"	"UnitOfMeasureDspExponent"	"Edm.Int16"	""	""	""	""	""	""	""	""	""	""	""	"Exp. 10 Floating Pt"	""
"SD_CUSTOMER_INVOICES_CREATE"	"SD_CUSTOMER_INVOICES_CREATE"	"I_UnitOfMeasureType"	"UnitOfMeasureDspNmbrOfDcmls"	"Edm.Int16"	""	""	""	""	""	""	""	""	""	""	""	"Decimal Places"	""
"SD_CUSTOMER_INVOICES_CREATE"	"SD_CUSTOMER_INVOICES_CREATE"	"I_UnitOfMeasureType"	"UnitOfMeasureTemperature"	"Edm.Double"	""	""	""	""	""	""	""	""	""	""	"UnitOfMeasureTemperatureUnit"	"Temperature"	""
"SD_CUSTOMER_INVOICES_CREATE"	"SD_CUSTOMER_INVOICES_CREATE"	"I_UnitOfMeasureType"	"UnitOfMeasureTemperatureUnit"	"Edm.String"	""	"3"	""	""	""	""	""	""	""	""	""	"Temperature unit"	""
"SD_CUSTOMER_INVOICES_CREATE"	"SD_CUSTOMER_INVOICES_CREATE"	"I_UnitOfMeasureType"	"UnitOfMeasurePressure"	"Edm.Double"	""	""	""	""	""	""	""	""	""	""	"UnitOfMeasurePressureUnit"	"Pressure Value"	""
"SD_CUSTOMER_INVOICES_CREATE"	"SD_CUSTOMER_INVOICES_CREATE"	"I_UnitOfMeasureType"	"UnitOfMeasurePressureUnit"	"Edm.String"	""	"3"	""	""	""	""	""	""	""	""	""	"Unit of Pressure"	""
"SD_CUSTOMER_INVOICES_CREATE"	"SD_CUSTOMER_INVOICES_CREATE"	"SAP__Currency"	"CurrencyCode"	"Edm.String"	"false"	"5"	""	""	"X"	""	""	""	""	""	""	"Currency"	""
"SD_CUSTOMER_INVOICES_CREATE"	"SD_CUSTOMER_INVOICES_CREATE"	"SAP__Currency"	"ISOCode"	"Edm.String"	"false"	"3"	""	""	""	""	""	""	""	""	""	"ISO code"	""
"SD_CUSTOMER_INVOICES_CREATE"	"SD_CUSTOMER_INVOICES_CREATE"	"SAP__Currency"	"Text"	"Edm.String"	"false"	"15"	""	""	""	""	""	""	""	""	""	"Short text"	""
"SD_CUSTOMER_INVOICES_CREATE"	"SD_CUSTOMER_INVOICES_CREATE"	"SAP__Currency"	"DecimalPlaces"	"Edm.Byte"	"false"	""	""	""	""	""	""	""	""	""	""	"Decimals"	""
"SD_CUSTOMER_INVOICES_CREATE"	"SD_CUSTOMER_INVOICES_CREATE"	"SAP__UnitOfMeasure"	"UnitCode"	"Edm.String"	"false"	"3"	""	""	"X"	""	""	""	""	""	""	"Internal UoM"	""
"SD_CUSTOMER_INVOICES_CREATE"	"SD_CUSTOMER_INVOICES_CREATE"	"SAP__UnitOfMeasure"	"ISOCode"	"Edm.String"	"false"	"3"	""	""	""	""	""	""	""	""	""	"ISO Code"	""
"SD_CUSTOMER_INVOICES_CREATE"	"SD_CUSTOMER_INVOICES_CREATE"	"SAP__UnitOfMeasure"	"ExternalCode"	"Edm.String"	"false"	"3"	""	""	""	""	""	""	""	""	""	"Commercial"	""
"SD_CUSTOMER_INVOICES_CREATE"	"SD_CUSTOMER_INVOICES_CREATE"	"SAP__UnitOfMeasure"	"Text"	"Edm.String"	"false"	"30"	""	""	""	""	""	""	""	""	""	"Measurement Unit Txt"	""
"SD_CUSTOMER_INVOICES_CREATE"	"SD_CUSTOMER_INVOICES_CREATE"	"SAP__UnitOfMeasure"	"DecimalPlaces"	"Edm.Int16"	""	""	""	""	""	""	""	""	""	""	""	"Decimal Places"	""
"SD_CUSTOMER_INVOICES_CREATE"	"SD_CUSTOMER_INVOICES_CREATE"	"SAP__DocumentDescription"	"Id"	"Edm.Guid"	"false"	""	""	""	"X"	""	""	""	""	""	""	"UUID"	""
"SD_CUSTOMER_INVOICES_CREATE"	"SD_CUSTOMER_INVOICES_CREATE"	"SAP__DocumentDescription"	"CreatedBy"	"Edm.String"	"false"	"12"	""	""	""	""	""	""	""	""	""	""	""
"SD_CUSTOMER_INVOICES_CREATE"	"SD_CUSTOMER_INVOICES_CREATE"	"SAP__DocumentDescription"	"CreatedAt"	"Edm.DateTime"	"false"	""	"0"	""	""	""	""	""	""	""	""	"Time Stamp"	""
"SD_CUSTOMER_INVOICES_CREATE"	"SD_CUSTOMER_INVOICES_CREATE"	"SAP__DocumentDescription"	"FileName"	"Edm.String"	"false"	"256"	""	""	""	""	""	""	""	""	""	""	""
"SD_CUSTOMER_INVOICES_CREATE"	"SD_CUSTOMER_INVOICES_CREATE"	"SAP__DocumentDescription"	"Title"	"Edm.String"	"false"	"256"	""	""	""	""	""	""	""	""	""	""	""
"SD_CUSTOMER_INVOICES_CREATE"	"SD_CUSTOMER_INVOICES_CREATE"	"SAP__Format"	"FitToPage"	"SD_CUSTOMER_INVOICES_CREATE.SAP__FitToPage"	"false"	""	""	""	""	""	""	""	""	""	""	""	""
"SD_CUSTOMER_INVOICES_CREATE"	"SD_CUSTOMER_INVOICES_CREATE"	"SAP__Format"	"Id"	"Edm.Guid"	"false"	""	""	""	"X"	"false"	"false"	"false"	"false"	""	""	"UUID"	""
"SD_CUSTOMER_INVOICES_CREATE"	"SD_CUSTOMER_INVOICES_CREATE"	"SAP__Format"	"FontSize"	"Edm.Int32"	"false"	""	""	""	""	"false"	"false"	"false"	"false"	""	""	""	""
"SD_CUSTOMER_INVOICES_CREATE"	"SD_CUSTOMER_INVOICES_CREATE"	"SAP__Format"	"Orientation"	"Edm.String"	"false"	"10"	""	""	""	"false"	"false"	"false"	"false"	""	""	""	""
"SD_CUSTOMER_INVOICES_CREATE"	"SD_CUSTOMER_INVOICES_CREATE"	"SAP__Format"	"PaperSize"	"Edm.String"	"false"	"10"	""	""	""	"false"	"false"	"false"	"false"	""	""	""	""
"SD_CUSTOMER_INVOICES_CREATE"	"SD_CUSTOMER_INVOICES_CREATE"	"SAP__Format"	"BorderSize"	"Edm.Int32"	"false"	""	""	""	""	"false"	"false"	"false"	"false"	""	""	""	""
"SD_CUSTOMER_INVOICES_CREATE"	"SD_CUSTOMER_INVOICES_CREATE"	"SAP__Format"	"MarginSize"	"Edm.Int32"	"false"	""	""	""	""	"false"	"false"	"false"	"false"	""	""	""	""
"SD_CUSTOMER_INVOICES_CREATE"	"SD_CUSTOMER_INVOICES_CREATE"	"SAP__Format"	"FontName"	"Edm.String"	"false"	"255"	""	""	""	"false"	"false"	"false"	"false"	""	""	"Font Name"	""
"SD_CUSTOMER_INVOICES_CREATE"	"SD_CUSTOMER_INVOICES_CREATE"	"SAP__PDFStandard"	"Id"	"Edm.Guid"	"false"	""	""	""	"X"	"false"	"false"	"false"	"false"	""	""	"UUID"	""
"SD_CUSTOMER_INVOICES_CREATE"	"SD_CUSTOMER_INVOICES_CREATE"	"SAP__PDFStandard"	"UsePDFAConformance"	"Edm.Boolean"	"false"	""	""	""	""	"false"	"false"	"false"	"false"	""	""	""	""
"SD_CUSTOMER_INVOICES_CREATE"	"SD_CUSTOMER_INVOICES_CREATE"	"SAP__PDFStandard"	"DoEnableAccessibility"	"Edm.Boolean"	"false"	""	""	""	""	"false"	"false"	"false"	"false"	""	""	"Indicator"	""
"SD_CUSTOMER_INVOICES_CREATE"	"SD_CUSTOMER_INVOICES_CREATE"	"SAP__TableColumns"	"Id"	"Edm.Guid"	"false"	""	""	""	"X"	"false"	"false"	"false"	"false"	""	""	"UUID"	""
"SD_CUSTOMER_INVOICES_CREATE"	"SD_CUSTOMER_INVOICES_CREATE"	"SAP__TableColumns"	"Name"	"Edm.String"	"false"	"256"	""	""	"X"	"false"	"false"	"false"	"false"	""	""	""	""
"SD_CUSTOMER_INVOICES_CREATE"	"SD_CUSTOMER_INVOICES_CREATE"	"SAP__TableColumns"	"Header"	"Edm.String"	"false"	"256"	""	""	"X"	"false"	"false"	"false"	"false"	""	""	""	""
"SD_CUSTOMER_INVOICES_CREATE"	"SD_CUSTOMER_INVOICES_CREATE"	"SAP__TableColumns"	"HorizontalAlignment"	"Edm.String"	"false"	"10"	""	""	""	"false"	"false"	"false"	"false"	""	""	""	""
"SD_CUSTOMER_INVOICES_CREATE"	"SD_CUSTOMER_INVOICES_CREATE"	"SAP__CoverPage"	"Title"	"Edm.String"	"false"	"256"	""	""	"X"	"false"	"false"	"false"	"false"	""	""	""	""
"SD_CUSTOMER_INVOICES_CREATE"	"SD_CUSTOMER_INVOICES_CREATE"	"SAP__CoverPage"	"Id"	"Edm.Guid"	"false"	""	""	""	"X"	"false"	"false"	"false"	"false"	""	""	"UUID"	""
"SD_CUSTOMER_INVOICES_CREATE"	"SD_CUSTOMER_INVOICES_CREATE"	"SAP__CoverPage"	"Name"	"Edm.String"	"false"	"256"	""	""	"X"	"false"	"false"	"false"	"false"	""	""	""	""
"SD_CUSTOMER_INVOICES_CREATE"	"SD_CUSTOMER_INVOICES_CREATE"	"SAP__CoverPage"	"Value"	"Edm.String"	"false"	"256"	""	""	""	"false"	"false"	"false"	"false"	""	""	""	""
"SD_CUSTOMER_INVOICES_CREATE"	"SD_CUSTOMER_INVOICES_CREATE"	"SAP__Signature"	"Id"	"Edm.Guid"	"false"	""	""	""	"X"	"false"	"false"	"false"	"false"	""	""	"UUID"	""
"SD_CUSTOMER_INVOICES_CREATE"	"SD_CUSTOMER_INVOICES_CREATE"	"SAP__Signature"	"DoSign"	"Edm.Boolean"	"false"	""	""	""	""	"false"	"false"	"false"	"false"	""	""	"Indicator"	""
"SD_CUSTOMER_INVOICES_CREATE"	"SD_CUSTOMER_INVOICES_CREATE"	"SAP__Signature"	"Reason"	"Edm.String"	"false"	"256"	""	""	""	"false"	"false"	"false"	"false"	""	""	""	""
"SD_CUSTOMER_INVOICES_CREATE"	"SD_CUSTOMER_INVOICES_CREATE"	"SAP__ValueHelp"	"VALUEHELP"	"Edm.String"	"false"	""	""	""	"X"	""	""	""	""	""	""	""	""
"SD_CUSTOMER_INVOICES_CREATE"	"SD_CUSTOMER_INVOICES_CREATE"	"SAP__ValueHelp"	"FIELD_VALUE"	"Edm.String"	"false"	"10"	""	""	""	""	""	""	""	""	""	""	""
"SD_CUSTOMER_INVOICES_CREATE"	"SD_CUSTOMER_INVOICES_CREATE"	"SAP__ValueHelp"	"DESCRIPTION"	"Edm.String"	""	""	""	""	""	""	""	""	""	""	""	""	""
