MANDT	EBELN	EBELP	ZEKKN	VGABE	GJAHR	BELNR	BUZEI	BEWTP	BWART	BUDAT	MENGE	BPMNG	DMBTR	WRBTR	WAERS	AREWR	WESBS	BPWES	SHKZG	BWTAR	ELIKZ	XBLNR	LFGJA	LFBNR	LFPOS	GRUND	CPUDT	CPUTM	REEWR	EVERE	REFWR	MATNR	WERKS	XWSBR	ETENS	KNUMV	MWSKZ	TAX_COUNTRY	LSMNG	LSMEH	EMATN	AREWW	HSWAE	BAMNG	CHARG	BLDAT	XWOFF	XUNPL	ERNAM	SRVPOS	PACKNO	INTROW	BEKKN	LEMIN	AREWB	REWRB	SAPRL	MENGE_POP	BPMNG_POP	DMBTR_POP	WRBTR_POP	WESBB	BPWEB	WEORA	AREWR_POP	KUDIF	RETAMT_FC	RETAMT_LC	RETAMTP_FC	RETAMTP_LC	XMACC	WKURS	INV_ITEM_ORIGIN	VBELN_ST	VBELP_ST	SGT_SCAT	_DATAAGING	SESUOM	LOGSY	ET_UPD	/CWM/BAMNG	/CWM/WESBS	/CWM/TY2TQ	/CWM/WESBB	J_SC_DIE_COMP_F	FSH_SEASON_YEAR	FSH_SEASON	FSH_COLLECTION	FSH_THEME	QTY_DIFF	WRF_CHARSTC1	WRF_CHARSTC2	WRF_CHARSTC3
700	5600000339	00010	00	1	2024	5000018851	0001	E	101	06.02.2024	41.710	41.710	0.00	0.00	INR	0.00	0.000	0.000	S				0000		0000	0000	06.02.2024	03:15:54	0.00		0.00	000000000014000035	1010		0000							0.00	INR	41.710		06.02.2024			SCLADMIN		0000000000	0000000000	00		0.00	0.00	757	0.000	0.000	0.00	0.00	0.000	0.000		0.00	0.00	0.00	0.00	0.00	0.00		0.00000		0080024605	000010						0.000	0.000		0.000						0.000			
700	5600000339	00010	00	1	2024	5000018851	0002	E	101	06.02.2024	0.140	0.140	0.00	0.00	INR	0.00	0.000	0.000	S				0000		0000	0000	06.02.2024	03:15:54	0.00		0.00	000000000014000035	1010		0000							0.00	INR	0.140		06.02.2024			SCLADMIN		0000000000	0000000000	00		0.00	0.00	757	0.000	0.000	0.00	0.00	0.000	0.000		0.00	0.00	0.00	0.00	0.00	0.00		0.00000		0080024605	000010						0.000	0.000		0.000						0.000			
700	5600000339	00010	00	1	2024	5000018854	0001	E	101	06.02.2024	41.920	41.920	0.00	0.00	INR	0.00	0.000	0.000	S				0000		0000	0000	06.02.2024	03:17:40	0.00		0.00	000000000014000035	1010		0000							0.00	INR	41.920		06.02.2024			SCLADMIN		0000000000	0000000000	00		0.00	0.00	757	0.000	0.000	0.00	0.00	0.000	0.000		0.00	0.00	0.00	0.00	0.00	0.00		0.00000		0080026356	000010						0.000	0.000		0.000						0.000			
700	5600000339	00010	00	1	2024	5000018896	0001	E	101	06.02.2024	42.110	42.110	0.00	0.00	INR	0.00	0.000	0.000	S				0000		0000	0000	06.02.2024	03:30:19	0.00		0.00	000000000014000035	1010		0000							0.00	INR	42.110		06.02.2024			SCLADMIN		0000000000	0000000000	00		0.00	0.00	757	0.000	0.000	0.00	0.00	0.000	0.000		0.00	0.00	0.00	0.00	0.00	0.00		0.00000		0080026357	000010						0.000	0.000		0.000						0.000			
700	5600000339	00010	00	1	2024	5000018912	0001	E	101	06.02.2024	41.660	41.660	0.00	0.00	INR	0.00	0.000	0.000	S				0000		0000	0000	06.02.2024	03:35:48	0.00		0.00	000000000014000035	1010		0000							0.00	INR	41.660		06.02.2024			SCLADMIN		0000000000	0000000000	00		0.00	0.00	757	0.000	0.000	0.00	0.00	0.000	0.000		0.00	0.00	0.00	0.00	0.00	0.00		0.00000		0080000272	000010						0.000	0.000		0.000						0.000			
700	5600000339	00010	00	1	2024	5000018912	0002	E	101	06.02.2024	0.030	0.030	0.00	0.00	INR	0.00	0.000	0.000	S				0000		0000	0000	06.02.2024	03:35:48	0.00		0.00	000000000014000035	1010		0000							0.00	INR	0.030		06.02.2024			SCLADMIN		0000000000	0000000000	00		0.00	0.00	757	0.000	0.000	0.00	0.00	0.000	0.000		0.00	0.00	0.00	0.00	0.00	0.00		0.00000		0080000272	000010						0.000	0.000		0.000						0.000			
700	5600000339	00010	00	1	2024	5000018955	0001	E	101	06.02.2024	41.770	41.770	0.00	0.00	INR	0.00	0.000	0.000	S				0000		0000	0000	06.02.2024	03:56:28	0.00		0.00	000000000014000035	1010		0000							0.00	INR	41.770		06.02.2024			SCLADMIN		0000000000	0000000000	00		0.00	0.00	757	0.000	0.000	0.00	0.00	0.000	0.000		0.00	0.00	0.00	0.00	0.00	0.00		0.00000		0080021737	000010						0.000	0.000		0.000						0.000			
700	5600000339	00010	00	1	2024	5000018973	0001	E	101	06.02.2024	41.580	41.580	0.00	0.00	INR	0.00	0.000	0.000	S				0000		0000	0000	06.02.2024	04:04:40	0.00		0.00	000000000014000035	1010		0000							0.00	INR	41.580		06.02.2024			SCLADMIN		0000000000	0000000000	00		0.00	0.00	757	0.000	0.000	0.00	0.00	0.000	0.000		0.00	0.00	0.00	0.00	0.00	0.00		0.00000		0080021743	000010						0.000	0.000		0.000						0.000			
700	5600000339	00010	00	1	2024	5000018973	0002	E	101	06.02.2024	0.040	0.040	0.00	0.00	INR	0.00	0.000	0.000	S				0000		0000	0000	06.02.2024	04:04:40	0.00		0.00	000000000014000035	1010		0000							0.00	INR	0.040		06.02.2024			SCLADMIN		0000000000	0000000000	00		0.00	0.00	757	0.000	0.000	0.00	0.00	0.000	0.000		0.00	0.00	0.00	0.00	0.00	0.00		0.00000		0080021743	000010						0.000	0.000		0.000						0.000			
700	5600000339	00010	00	1	2024	5000019022	0001	E	101	06.02.2024	41.800	41.800	0.00	0.00	INR	0.00	0.000	0.000	S				0000		0000	0000	06.02.2024	04:31:10	0.00		0.00	000000000014000035	1010		0000							0.00	INR	41.800		06.02.2024			SCLADMIN		0000000000	0000000000	00		0.00	0.00	757	0.000	0.000	0.00	0.00	0.000	0.000		0.00	0.00	0.00	0.00	0.00	0.00		0.00000		0080025775	000010						0.000	0.000		0.000						0.000			
700	5600000339	00010	00	1	2024	5000019031	0001	E	101	06.02.2024	41.830	41.830	0.00	0.00	INR	0.00	0.000	0.000	S				0000		0000	0000	06.02.2024	04:35:17	0.00		0.00	000000000014000035	1010		0000							0.00	INR	41.830		06.02.2024			SCLADMIN		0000000000	0000000000	00		0.00	0.00	757	0.000	0.000	0.00	0.00	0.000	0.000		0.00	0.00	0.00	0.00	0.00	0.00		0.00000		0080025780	000010						0.000	0.000		0.000						0.000			
700	5600000339	00010	00	1	2024	5000019061	0001	E	101	06.02.2024	42.020	42.020	0.00	0.00	INR	0.00	0.000	0.000	S				0000		0000	0000	06.02.2024	04:57:55	0.00		0.00	000000000014000035	1010		0000							0.00	INR	42.020		06.02.2024			SCLADMIN		0000000000	0000000000	00		0.00	0.00	757	0.000	0.000	0.00	0.00	0.000	0.000		0.00	0.00	0.00	0.00	0.00	0.00		0.00000		0080025231	000010						0.000	0.000		0.000						0.000			
700	5600000339	00010	00	1	2024	5000019065	0001	E	101	06.02.2024	41.900	41.900	0.00	0.00	INR	0.00	0.000	0.000	S				0000		0000	0000	06.02.2024	04:59:15	0.00		0.00	000000000014000035	1010		0000							0.00	INR	41.900		06.02.2024			SCLADMIN		0000000000	0000000000	00		0.00	0.00	757	0.000	0.000	0.00	0.00	0.000	0.000		0.00	0.00	0.00	0.00	0.00	0.00		0.00000		0080025232	000010						0.000	0.000		0.000						0.000			
700	5600000339	00010	00	1	2024	5000019092	0001	E	101	06.02.2024	41.930	41.930	0.00	0.00	INR	0.00	0.000	0.000	S				0000		0000	0000	06.02.2024	05:17:50	0.00		0.00	000000000014000035	1010		0000							0.00	INR	41.930		06.02.2024			SCLADMIN		0000000000	0000000000	00		0.00	0.00	757	0.000	0.000	0.00	0.00	0.000	0.000		0.00	0.00	0.00	0.00	0.00	0.00		0.00000		0080026355	000010						0.000	0.000		0.000						0.000			
700	5600000339	00010	00	1	2024	5000019107	0001	E	101	06.02.2024	41.860	41.860	0.00	0.00	INR	0.00	0.000	0.000	S				0000		0000	0000	06.02.2024	05:26:49	0.00		0.00	000000000014000035	1010		0000							0.00	INR	41.860		06.02.2024			SCLADMIN		0000000000	0000000000	00		0.00	0.00	757	0.000	0.000	0.00	0.00	0.000	0.000		0.00	0.00	0.00	0.00	0.00	0.00		0.00000		0080025791	000010						0.000	0.000		0.000						0.000			
700	5600000339	00010	00	1	2024	5000019123	0001	E	101	06.02.2024	42.030	42.030	0.00	0.00	INR	0.00	0.000	0.000	S				0000		0000	0000	06.02.2024	05:34:12	0.00		0.00	000000000014000035	1010		0000							0.00	INR	42.030		06.02.2024			SCLADMIN		0000000000	0000000000	00		0.00	0.00	757	0.000	0.000	0.00	0.00	0.000	0.000		0.00	0.00	0.00	0.00	0.00	0.00		0.00000		0080026363	000010						0.000	0.000		0.000						0.000			
700	5600000339	00010	00	1	2024	5000019148	0001	E	101	06.02.2024	42.350	42.350	0.00	0.00	INR	0.00	0.000	0.000	S				0000		0000	0000	06.02.2024	05:55:45	0.00		0.00	000000000014000035	1010		0000							0.00	INR	42.350		06.02.2024			SCLADMIN		0000000000	0000000000	00		0.00	0.00	757	0.000	0.000	0.00	0.00	0.000	0.000		0.00	0.00	0.00	0.00	0.00	0.00		0.00000		0080026554	000010						0.000	0.000		0.000						0.000			
700	5600000339	00010	00	1	2024	5000019148	0002	E	101	06.02.2024	0.130	0.130	0.00	0.00	INR	0.00	0.000	0.000	S				0000		0000	0000	06.02.2024	05:55:45	0.00		0.00	000000000014000035	1010		0000							0.00	INR	0.130		06.02.2024			SCLADMIN		0000000000	0000000000	00		0.00	0.00	757	0.000	0.000	0.00	0.00	0.000	0.000		0.00	0.00	0.00	0.00	0.00	0.00		0.00000		0080026554	000010						0.000	0.000		0.000						0.000			
700	5600000339	00010	00	1	2024	5000019184	0001	E	101	06.02.2024	40.970	40.970	0.00	0.00	INR	0.00	0.000	0.000	S				0000		0000	0000	06.02.2024	06:18:07	0.00		0.00	000000000014000035	1010		0000							0.00	INR	40.970		06.02.2024			SCLADMIN		0000000000	0000000000	00		0.00	0.00	757	0.000	0.000	0.00	0.00	0.000	0.000		0.00	0.00	0.00	0.00	0.00	0.00		0.00000		0080026369	000010						0.000	0.000		0.000						0.000			
700	5600000339	00010	00	1	2024	5000019184	0002	E	101	06.02.2024	0.170	0.170	0.00	0.00	INR	0.00	0.000	0.000	S				0000		0000	0000	06.02.2024	06:18:07	0.00		0.00	000000000014000035	1010		0000							0.00	INR	0.170		06.02.2024			SCLADMIN		0000000000	0000000000	00		0.00	0.00	757	0.000	0.000	0.00	0.00	0.000	0.000		0.00	0.00	0.00	0.00	0.00	0.00		0.00000		0080026369	000010						0.000	0.000		0.000						0.000			
700	5600000339	00010	00	1	2024	5000019189	0001	E	101	06.02.2024	42.290	42.290	0.00	0.00	INR	0.00	0.000	0.000	S				0000		0000	0000	06.02.2024	06:23:08	0.00		0.00	000000000014000035	1010		0000							0.00	INR	42.290		06.02.2024			SCLADMIN		0000000000	0000000000	00		0.00	0.00	757	0.000	0.000	0.00	0.00	0.000	0.000		0.00	0.00	0.00	0.00	0.00	0.00		0.00000		0080026365	000010						0.000	0.000		0.000						0.000			
700	5600000339	00010	00	1	2024	5000019189	0002	E	101	06.02.2024	0.090	0.090	0.00	0.00	INR	0.00	0.000	0.000	S				0000		0000	0000	06.02.2024	06:23:08	0.00		0.00	000000000014000035	1010		0000							0.00	INR	0.090		06.02.2024			SCLADMIN		0000000000	0000000000	00		0.00	0.00	757	0.000	0.000	0.00	0.00	0.000	0.000		0.00	0.00	0.00	0.00	0.00	0.00		0.00000		0080026365	000010						0.000	0.000		0.000						0.000			
700	5600000339	00010	00	1	2024	5000019195	0001	E	101	06.02.2024	42.820	42.820	0.00	0.00	INR	0.00	0.000	0.000	S				0000		0000	0000	06.02.2024	06:32:36	0.00		0.00	000000000014000035	1010		0000							0.00	INR	42.820		06.02.2024			SCLADMIN		0000000000	0000000000	00		0.00	0.00	757	0.000	0.000	0.00	0.00	0.000	0.000		0.00	0.00	0.00	0.00	0.00	0.00		0.00000		0080026367	000010						0.000	0.000		0.000						0.000			
700	5600000339	00010	00	1	2024	5000019195	0002	E	101	06.02.2024	0.130	0.130	0.00	0.00	INR	0.00	0.000	0.000	S				0000		0000	0000	06.02.2024	06:32:36	0.00		0.00	000000000014000035	1010		0000							0.00	INR	0.130		06.02.2024			SCLADMIN		0000000000	0000000000	00		0.00	0.00	757	0.000	0.000	0.00	0.00	0.000	0.000		0.00	0.00	0.00	0.00	0.00	0.00		0.00000		0080026367	000010						0.000	0.000		0.000						0.000			
700	5600000339	00010	00	1	2024	5000019215	0001	E	101	06.02.2024	42.100	42.100	0.00	0.00	INR	0.00	0.000	0.000	S				0000		0000	0000	06.02.2024	06:57:05	0.00		0.00	000000000014000035	1010		0000							0.00	INR	42.100		06.02.2024			SCLADMIN		0000000000	0000000000	00		0.00	0.00	757	0.000	0.000	0.00	0.00	0.000	0.000		0.00	0.00	0.00	0.00	0.00	0.00		0.00000		0080026556	000010						0.000	0.000		0.000						0.000			
700	5600000339	00010	00	1	2024	5000019215	0002	E	101	06.02.2024	0.120	0.120	0.00	0.00	INR	0.00	0.000	0.000	S				0000		0000	0000	06.02.2024	06:57:05	0.00		0.00	000000000014000035	1010		0000							0.00	INR	0.120		06.02.2024			SCLADMIN		0000000000	0000000000	00		0.00	0.00	757	0.000	0.000	0.00	0.00	0.000	0.000		0.00	0.00	0.00	0.00	0.00	0.00		0.00000		0080026556	000010						0.000	0.000		0.000						0.000			
700	5600000339	00010	00	1	2024	5000019231	0001	E	101	06.02.2024	41.610	41.610	0.00	0.00	INR	0.00	0.000	0.000	S				0000		0000	0000	06.02.2024	07:12:36	0.00		0.00	000000000014000035	1010		0000							0.00	INR	41.610		06.02.2024			SCLADMIN		0000000000	0000000000	00		0.00	0.00	757	0.000	0.000	0.00	0.00	0.000	0.000		0.00	0.00	0.00	0.00	0.00	0.00		0.00000		0080025777	000010						0.000	0.000		0.000						0.000			
700	5600000339	00010	00	1	2024	5000019231	0002	E	101	06.02.2024	0.180	0.180	0.00	0.00	INR	0.00	0.000	0.000	S				0000		0000	0000	06.02.2024	07:12:36	0.00		0.00	000000000014000035	1010		0000							0.00	INR	0.180		06.02.2024			SCLADMIN		0000000000	0000000000	00		0.00	0.00	757	0.000	0.000	0.00	0.00	0.000	0.000		0.00	0.00	0.00	0.00	0.00	0.00		0.00000		0080025777	000010						0.000	0.000		0.000						0.000			
700	5600000339	00010	00	1	2024	5000019237	0001	E	101	06.02.2024	42.870	42.870	0.00	0.00	INR	0.00	0.000	0.000	S				0000		0000	0000	06.02.2024	07:16:45	0.00		0.00	000000000014000035	1010		0000							0.00	INR	42.870		06.02.2024			SCLADMIN		0000000000	0000000000	00		0.00	0.00	757	0.000	0.000	0.00	0.00	0.000	0.000		0.00	0.00	0.00	0.00	0.00	0.00		0.00000		0080026560	000010						0.000	0.000		0.000						0.000			
700	5600000339	00010	00	1	2024	5000019237	0002	E	101	06.02.2024	0.120	0.120	0.00	0.00	INR	0.00	0.000	0.000	S				0000		0000	0000	06.02.2024	07:16:45	0.00		0.00	000000000014000035	1010		0000							0.00	INR	0.120		06.02.2024			SCLADMIN		0000000000	0000000000	00		0.00	0.00	757	0.000	0.000	0.00	0.00	0.000	0.000		0.00	0.00	0.00	0.00	0.00	0.00		0.00000		0080026560	000010						0.000	0.000		0.000						0.000			
700	5600000339	00010	00	1	2024	5000019263	0001	E	101	06.02.2024	42.170	42.170	0.00	0.00	INR	0.00	0.000	0.000	S				0000		0000	0000	06.02.2024	07:29:11	0.00		0.00	000000000014000035	1010		0000							0.00	INR	42.170		06.02.2024			SCLADMIN		0000000000	0000000000	00		0.00	0.00	757	0.000	0.000	0.00	0.00	0.000	0.000		0.00	0.00	0.00	0.00	0.00	0.00		0.00000		0080026935	000010						0.000	0.000		0.000						0.000			
700	5600000339	00010	00	1	2024	5000019263	0002	E	101	06.02.2024	0.120	0.120	0.00	0.00	INR	0.00	0.000	0.000	S				0000		0000	0000	06.02.2024	07:29:11	0.00		0.00	000000000014000035	1010		0000							0.00	INR	0.120		06.02.2024			SCLADMIN		0000000000	0000000000	00		0.00	0.00	757	0.000	0.000	0.00	0.00	0.000	0.000		0.00	0.00	0.00	0.00	0.00	0.00		0.00000		0080026935	000010						0.000	0.000		0.000						0.000			
700	5600000339	00010	00	1	2024	5000019341	0001	E	101	06.02.2024	42.090	42.090	0.00	0.00	INR	0.00	0.000	0.000	S				0000		0000	0000	06.02.2024	08:16:42	0.00		0.00	000000000014000035	1010		0000							0.00	INR	42.090		06.02.2024			SCLADMIN		0000000000	0000000000	00		0.00	0.00	757	0.000	0.000	0.00	0.00	0.000	0.000		0.00	0.00	0.00	0.00	0.00	0.00		0.00000		0080021754	000010						0.000	0.000		0.000						0.000			
700	5600000339	00010	00	1	2024	5000019341	0002	E	101	06.02.2024	0.230	0.230	0.00	0.00	INR	0.00	0.000	0.000	S				0000		0000	0000	06.02.2024	08:16:42	0.00		0.00	000000000014000035	1010		0000							0.00	INR	0.230		06.02.2024			SCLADMIN		0000000000	0000000000	00		0.00	0.00	757	0.000	0.000	0.00	0.00	0.000	0.000		0.00	0.00	0.00	0.00	0.00	0.00		0.00000		0080021754	000010						0.000	0.000		0.000						0.000			
700	5600000339	00010	00	1	2024	5000019542	0001	E	101	06.02.2024	42.050	42.050	0.00	0.00	INR	0.00	0.000	0.000	S				0000		0000	0000	06.02.2024	10:18:49	0.00		0.00	000000000014000035	1010		0000							0.00	INR	42.050		06.02.2024			SCLADMIN		0000000000	0000000000	00		0.00	0.00	757	0.000	0.000	0.00	0.00	0.000	0.000		0.00	0.00	0.00	0.00	0.00	0.00		0.00000		0080026559	000010						0.000	0.000		0.000						0.000			
700	5600000339	00010	00	1	2024	5000019542	0002	E	101	06.02.2024	0.220	0.220	0.00	0.00	INR	0.00	0.000	0.000	S				0000		0000	0000	06.02.2024	10:18:49	0.00		0.00	000000000014000035	1010		0000							0.00	INR	0.220		06.02.2024			SCLADMIN		0000000000	0000000000	00		0.00	0.00	757	0.000	0.000	0.00	0.00	0.000	0.000		0.00	0.00	0.00	0.00	0.00	0.00		0.00000		0080026559	000010						0.000	0.000		0.000						0.000			
700	5600000339	00010	00	1	2024	5000019719	0001	E	101	06.02.2024	42.470	42.470	0.00	0.00	INR	0.00	0.000	0.000	S				0000		0000	0000	06.02.2024	11:21:53	0.00		0.00	000000000014000035	1010		0000							0.00	INR	42.470		06.02.2024			SCLADMIN		0000000000	0000000000	00		0.00	0.00	757	0.000	0.000	0.00	0.00	0.000	0.000		0.00	0.00	0.00	0.00	0.00	0.00		0.00000		0080026551	000010						0.000	0.000		0.000						0.000			
700	5600000339	00010	00	1	2024	5000019719	0002	E	101	06.02.2024	0.250	0.250	0.00	0.00	INR	0.00	0.000	0.000	S				0000		0000	0000	06.02.2024	11:21:53	0.00		0.00	000000000014000035	1010		0000							0.00	INR	0.250		06.02.2024			SCLADMIN		0000000000	0000000000	00		0.00	0.00	757	0.000	0.000	0.00	0.00	0.000	0.000		0.00	0.00	0.00	0.00	0.00	0.00		0.00000		0080026551	000010						0.000	0.000		0.000						0.000			
700	5600000339	00010	00	1	2024	5000019874	0001	E	101	06.02.2024	42.640	42.640	0.00	0.00	INR	0.00	0.000	0.000	S				0000		0000	0000	06.02.2024	12:04:01	0.00		0.00	000000000014000035	1010		0000							0.00	INR	42.640		06.02.2024			SCLADMIN		0000000000	0000000000	00		0.00	0.00	757	0.000	0.000	0.00	0.00	0.000	0.000		0.00	0.00	0.00	0.00	0.00	0.00		0.00000		0080026562	000010						0.000	0.000		0.000						0.000			
700	5600000339	00010	00	1	2024	5000019874	0002	E	101	06.02.2024	0.110	0.110	0.00	0.00	INR	0.00	0.000	0.000	S				0000		0000	0000	06.02.2024	12:04:01	0.00		0.00	000000000014000035	1010		0000							0.00	INR	0.110		06.02.2024			SCLADMIN		0000000000	0000000000	00		0.00	0.00	757	0.000	0.000	0.00	0.00	0.000	0.000		0.00	0.00	0.00	0.00	0.00	0.00		0.00000		0080026562	000010						0.000	0.000		0.000						0.000			
700	5600000339	00010	00	1	2024	5000019934	0001	E	101	06.02.2024	42.220	42.220	0.00	0.00	INR	0.00	0.000	0.000	S				0000		0000	0000	06.02.2024	12:21:17	0.00		0.00	000000000014000035	1010		0000							0.00	INR	42.220		06.02.2024			SCLADMIN		0000000000	0000000000	00		0.00	0.00	757	0.000	0.000	0.00	0.00	0.000	0.000		0.00	0.00	0.00	0.00	0.00	0.00		0.00000		0080026561	000010						0.000	0.000		0.000						0.000			
700	5600000339	00010	00	1	2024	5000019934	0002	E	101	06.02.2024	0.100	0.100	0.00	0.00	INR	0.00	0.000	0.000	S				0000		0000	0000	06.02.2024	12:21:17	0.00		0.00	000000000014000035	1010		0000							0.00	INR	0.100		06.02.2024			SCLADMIN		0000000000	0000000000	00		0.00	0.00	757	0.000	0.000	0.00	0.00	0.000	0.000		0.00	0.00	0.00	0.00	0.00	0.00		0.00000		0080026561	000010						0.000	0.000		0.000						0.000			
700	5600000339	00010	00	1	2024	5000020079	0001	E	101	06.02.2024	43.390	43.390	0.00	0.00	INR	0.00	0.000	0.000	S				0000		0000	0000	06.02.2024	12:59:33	0.00		0.00	000000000014000035	1010		0000							0.00	INR	43.390		06.02.2024			SCLADMIN		0000000000	0000000000	00		0.00	0.00	757	0.000	0.000	0.00	0.00	0.000	0.000		0.00	0.00	0.00	0.00	0.00	0.00		0.00000		0080026563	000010						0.000	0.000		0.000						0.000			
700	5600000339	00010	00	1	2024	5000020079	0002	E	101	06.02.2024	0.230	0.230	0.00	0.00	INR	0.00	0.000	0.000	S				0000		0000	0000	06.02.2024	12:59:33	0.00		0.00	000000000014000035	1010		0000							0.00	INR	0.230		06.02.2024			SCLADMIN		0000000000	0000000000	00		0.00	0.00	757	0.000	0.000	0.00	0.00	0.000	0.000		0.00	0.00	0.00	0.00	0.00	0.00		0.00000		0080026563	000010						0.000	0.000		0.000						0.000			
700	5600000339	00010	00	1	2024	5000020186	0001	E	101	06.02.2024	41.910	41.910	0.00	0.00	INR	0.00	0.000	0.000	S				0000		0000	0000	06.02.2024	13:23:52	0.00		0.00	000000000014000035	1010		0000							0.00	INR	41.910		06.02.2024			SCLADMIN		0000000000	0000000000	00		0.00	0.00	757	0.000	0.000	0.00	0.00	0.000	0.000		0.00	0.00	0.00	0.00	0.00	0.00		0.00000		0080026362	000010						0.000	0.000		0.000						0.000			
700	5600000339	00010	00	1	2024	5000020186	0002	E	101	06.02.2024	0.150	0.150	0.00	0.00	INR	0.00	0.000	0.000	S				0000		0000	0000	06.02.2024	13:23:52	0.00		0.00	000000000014000035	1010		0000							0.00	INR	0.150		06.02.2024			SCLADMIN		0000000000	0000000000	00		0.00	0.00	757	0.000	0.000	0.00	0.00	0.000	0.000		0.00	0.00	0.00	0.00	0.00	0.00		0.00000		0080026362	000010						0.000	0.000		0.000						0.000			
700	5600000339	00010	00	1	2024	5000020297	0001	E	101	06.02.2024	42.620	42.620	0.00	0.00	INR	0.00	0.000	0.000	S				0000		0000	0000	06.02.2024	13:49:19	0.00		0.00	000000000014000035	1010		0000							0.00	INR	42.620		06.02.2024			SCLADMIN		0000000000	0000000000	00		0.00	0.00	757	0.000	0.000	0.00	0.00	0.000	0.000		0.00	0.00	0.00	0.00	0.00	0.00		0.00000		0080006757	000010						0.000	0.000		0.000						0.000			
700	5600000339	00010	00	1	2024	5000020350	0001	E	101	06.02.2024	42.660	42.660	0.00	0.00	INR	0.00	0.000	0.000	S				0000		0000	0000	06.02.2024	14:06:54	0.00		0.00	000000000014000035	1010		0000							0.00	INR	42.660		06.02.2024			SCLADMIN		0000000000	0000000000	00		0.00	0.00	757	0.000	0.000	0.00	0.00	0.000	0.000		0.00	0.00	0.00	0.00	0.00	0.00		0.00000		0080026557	000010						0.000	0.000		0.000						0.000			
700	5600000339	00010	00	1	2024	5000020405	0001	E	101	06.02.2024	42.100	42.100	0.00	0.00	INR	0.00	0.000	0.000	S				0000		0000	0000	06.02.2024	14:36:34	0.00		0.00	000000000014000035	1010		0000							0.00	INR	42.100		06.02.2024			SCLADMIN		0000000000	0000000000	00		0.00	0.00	757	0.000	0.000	0.00	0.00	0.000	0.000		0.00	0.00	0.00	0.00	0.00	0.00		0.00000		0080028466	000010						0.000	0.000		0.000						0.000			
700	5600000339	00010	00	1	2024	5000020405	0002	E	101	06.02.2024	0.160	0.160	0.00	0.00	INR	0.00	0.000	0.000	S				0000		0000	0000	06.02.2024	14:36:34	0.00		0.00	000000000014000035	1010		0000							0.00	INR	0.160		06.02.2024			SCLADMIN		0000000000	0000000000	00		0.00	0.00	757	0.000	0.000	0.00	0.00	0.000	0.000		0.00	0.00	0.00	0.00	0.00	0.00		0.00000		0080028466	000010						0.000	0.000		0.000						0.000			
700	5600000339	00010	00	1	2024	5000020460	0001	E	101	06.02.2024	41.650	41.650	0.00	0.00	INR	0.00	0.000	0.000	S				0000		0000	0000	06.02.2024	14:48:39	0.00		0.00	000000000014000035	1010		0000							0.00	INR	41.650		06.02.2024			SCLADMIN		0000000000	0000000000	00		0.00	0.00	757	0.000	0.000	0.00	0.00	0.000	0.000		0.00	0.00	0.00	0.00	0.00	0.00		0.00000		0080025787	000010						0.000	0.000		0.000						0.000			
700	5600000339	00010	00	1	2024	5000020497	0001	E	101	06.02.2024	41.280	41.280	0.00	0.00	INR	0.00	0.000	0.000	S				0000		0000	0000	06.02.2024	14:59:13	0.00		0.00	000000000014000035	1010		0000							0.00	INR	41.280		06.02.2024			SCLADMIN		0000000000	0000000000	00		0.00	0.00	757	0.000	0.000	0.00	0.00	0.000	0.000		0.00	0.00	0.00	0.00	0.00	0.00		0.00000		0080025789	000010						0.000	0.000		0.000						0.000			
700	5600000339	00010	00	1	2024	5000020497	0002	E	101	06.02.2024	0.160	0.160	0.00	0.00	INR	0.00	0.000	0.000	S				0000		0000	0000	06.02.2024	14:59:13	0.00		0.00	000000000014000035	1010		0000							0.00	INR	0.160		06.02.2024			SCLADMIN		0000000000	0000000000	00		0.00	0.00	757	0.000	0.000	0.00	0.00	0.000	0.000		0.00	0.00	0.00	0.00	0.00	0.00		0.00000		0080025789	000010						0.000	0.000		0.000						0.000			
700	5600000339	00010	00	1	2024	5000020552	0001	E	101	06.02.2024	42.070	42.070	0.00	0.00	INR	0.00	0.000	0.000	S				0000		0000	0000	06.02.2024	15:10:49	0.00		0.00	000000000014000035	1010		0000							0.00	INR	42.070		06.02.2024			SCLADMIN		0000000000	0000000000	00		0.00	0.00	757	0.000	0.000	0.00	0.00	0.000	0.000		0.00	0.00	0.00	0.00	0.00	0.00		0.00000		0080028469	000010						0.000	0.000		0.000						0.000			
700	5600000339	00010	00	1	2024	5000020643	0001	E	101	06.02.2024	42.660	42.660	0.00	0.00	INR	0.00	0.000	0.000	S				0000		0000	0000	06.02.2024	15:30:09	0.00		0.00	000000000014000035	1010		0000							0.00	INR	42.660		06.02.2024			SCLADMIN		0000000000	0000000000	00		0.00	0.00	757	0.000	0.000	0.00	0.00	0.000	0.000		0.00	0.00	0.00	0.00	0.00	0.00		0.00000		0080026552	000010						0.000	0.000		0.000						0.000			
700	5600000339	00010	00	1	2024	5000020643	0002	E	101	06.02.2024	0.100	0.100	0.00	0.00	INR	0.00	0.000	0.000	S				0000		0000	0000	06.02.2024	15:30:09	0.00		0.00	000000000014000035	1010		0000							0.00	INR	0.100		06.02.2024			SCLADMIN		0000000000	0000000000	00		0.00	0.00	757	0.000	0.000	0.00	0.00	0.000	0.000		0.00	0.00	0.00	0.00	0.00	0.00		0.00000		0080026552	000010						0.000	0.000		0.000						0.000			
700	5600000339	00010	00	1	2024	5000020800	0001	E	101	06.02.2024	41.480	41.480	0.00	0.00	INR	0.00	0.000	0.000	S				0000		0000	0000	06.02.2024	16:02:17	0.00		0.00	000000000014000035	1010		0000							0.00	INR	41.480		06.02.2024			SCLADMIN		0000000000	0000000000	00		0.00	0.00	757	0.000	0.000	0.00	0.00	0.000	0.000		0.00	0.00	0.00	0.00	0.00	0.00		0.00000		0080021740	000010						0.000	0.000		0.000						0.000			
700	5600000339	00010	00	1	2024	5000020842	0001	E	101	06.02.2024	42.690	42.690	0.00	0.00	INR	0.00	0.000	0.000	S				0000		0000	0000	06.02.2024	16:07:09	0.00		0.00	000000000014000035	1010		0000							0.00	INR	42.690		06.02.2024			SCLADMIN		0000000000	0000000000	00		0.00	0.00	757	0.000	0.000	0.00	0.00	0.000	0.000		0.00	0.00	0.00	0.00	0.00	0.00		0.00000		0080026553	000010						0.000	0.000		0.000						0.000			
700	5600000339	00010	00	1	2024	5000020910	0001	E	101	06.02.2024	41.950	41.950	0.00	0.00	INR	0.00	0.000	0.000	S				0000		0000	0000	06.02.2024	16:20:24	0.00		0.00	000000000014000035	1010		0000							0.00	INR	41.950		06.02.2024			SCLADMIN		0000000000	0000000000	00		0.00	0.00	757	0.000	0.000	0.00	0.00	0.000	0.000		0.00	0.00	0.00	0.00	0.00	0.00		0.00000		0080021739	000010						0.000	0.000		0.000						0.000			
700	5600000339	00010	00	1	2024	5000021015	0001	E	101	06.02.2024	41.310	41.310	0.00	0.00	INR	0.00	0.000	0.000	S				0000		0000	0000	06.02.2024	16:35:06	0.00		0.00	000000000014000035	1010		0000							0.00	INR	41.310		06.02.2024			SCLADMIN		0000000000	0000000000	00		0.00	0.00	757	0.000	0.000	0.00	0.00	0.000	0.000		0.00	0.00	0.00	0.00	0.00	0.00		0.00000		0080026942	000010						0.000	0.000		0.000						0.000			
700	5600000339	00010	00	1	2024	5000021156	0001	E	101	06.02.2024	40.410	40.410	0.00	0.00	INR	0.00	0.000	0.000	S				0000		0000	0000	06.02.2024	16:54:45	0.00		0.00	000000000014000035	1010		0000							0.00	INR	40.410		06.02.2024			SCLADMIN		0000000000	0000000000	00		0.00	0.00	757	0.000	0.000	0.00	0.00	0.000	0.000		0.00	0.00	0.00	0.00	0.00	0.00		0.00000		0080026564	000010						0.000	0.000		0.000						0.000			
700	5600000339	00010	00	1	2024	5000021156	0002	E	101	06.02.2024	0.390	0.390	0.00	0.00	INR	0.00	0.000	0.000	S				0000		0000	0000	06.02.2024	16:54:45	0.00		0.00	000000000014000035	1010		0000							0.00	INR	0.390		06.02.2024			SCLADMIN		0000000000	0000000000	00		0.00	0.00	757	0.000	0.000	0.00	0.00	0.000	0.000		0.00	0.00	0.00	0.00	0.00	0.00		0.00000		0080026564	000010						0.000	0.000		0.000						0.000			
700	5600000339	00010	00	1	2024	5000021164	0001	E	101	06.02.2024	43.300	43.300	0.00	0.00	INR	0.00	0.000	0.000	S				0000		0000	0000	06.02.2024	16:56:18	0.00		0.00	000000000014000035	1010		0000							0.00	INR	43.300		06.02.2024			SCLADMIN		0000000000	0000000000	00		0.00	0.00	757	0.000	0.000	0.00	0.00	0.000	0.000		0.00	0.00	0.00	0.00	0.00	0.00		0.00000		0080021753	000010						0.000	0.000		0.000						0.000			
700	5600000339	00010	00	1	2024	5000021191	0001	E	101	06.02.2024	42.030	42.030	0.00	0.00	INR	0.00	0.000	0.000	S				0000		0000	0000	06.02.2024	17:00:10	0.00		0.00	000000000014000035	1010		0000							0.00	INR	42.030		06.02.2024			SCLADMIN		0000000000	0000000000	00		0.00	0.00	757	0.000	0.000	0.00	0.00	0.000	0.000		0.00	0.00	0.00	0.00	0.00	0.00		0.00000		0080026565	000010						0.000	0.000		0.000						0.000			
700	5600000339	00010	00	1	2024	5000021283	0001	E	101	06.02.2024	41.980	41.980	0.00	0.00	INR	0.00	0.000	0.000	S				0000		0000	0000	06.02.2024	17:10:49	0.00		0.00	000000000014000035	1010		0000							0.00	INR	41.980		06.02.2024			SCLADMIN		0000000000	0000000000	00		0.00	0.00	757	0.000	0.000	0.00	0.00	0.000	0.000		0.00	0.00	0.00	0.00	0.00	0.00		0.00000		0080026358	000010						0.000	0.000		0.000						0.000			
700	5600000339	00010	00	1	2024	5000021283	0002	E	101	06.02.2024	0.050	0.050	0.00	0.00	INR	0.00	0.000	0.000	S				0000		0000	0000	06.02.2024	17:10:49	0.00		0.00	000000000014000035	1010		0000							0.00	INR	0.050		06.02.2024			SCLADMIN		0000000000	0000000000	00		0.00	0.00	757	0.000	0.000	0.00	0.00	0.000	0.000		0.00	0.00	0.00	0.00	0.00	0.00		0.00000		0080026358	000010						0.000	0.000		0.000						0.000			
700	5600000339	00010	00	1	2024	5000021294	0001	E	101	06.02.2024	39.770	39.770	0.00	0.00	INR	0.00	0.000	0.000	S				0000		0000	0000	06.02.2024	17:12:56	0.00		0.00	000000000014000035	1010		0000							0.00	INR	39.770		06.02.2024			SCLADMIN		0000000000	0000000000	00		0.00	0.00	757	0.000	0.000	0.00	0.00	0.000	0.000		0.00	0.00	0.00	0.00	0.00	0.00		0.00000		0080030520	000010						0.000	0.000		0.000						0.000			
700	5600000339	00010	00	1	2024	5000021294	0002	E	101	06.02.2024	0.160	0.160	0.00	0.00	INR	0.00	0.000	0.000	S				0000		0000	0000	06.02.2024	17:12:56	0.00		0.00	000000000014000035	1010		0000							0.00	INR	0.160		06.02.2024			SCLADMIN		0000000000	0000000000	00		0.00	0.00	757	0.000	0.000	0.00	0.00	0.000	0.000		0.00	0.00	0.00	0.00	0.00	0.00		0.00000		0080030520	000010						0.000	0.000		0.000						0.000			
700	5600000339	00010	00	1	2024	5000021348	0001	E	101	06.02.2024	42.210	42.210	0.00	0.00	INR	0.00	0.000	0.000	S				0000		0000	0000	06.02.2024	17:19:44	0.00		0.00	000000000014000035	1010		0000							0.00	INR	42.210		06.02.2024			SCLADMIN		0000000000	0000000000	00		0.00	0.00	757	0.000	0.000	0.00	0.00	0.000	0.000		0.00	0.00	0.00	0.00	0.00	0.00		0.00000		0080028475	000010						0.000	0.000		0.000						0.000			
700	5600000339	00010	00	1	2024	5000021348	0002	E	101	06.02.2024	0.080	0.080	0.00	0.00	INR	0.00	0.000	0.000	S				0000		0000	0000	06.02.2024	17:19:44	0.00		0.00	000000000014000035	1010		0000							0.00	INR	0.080		06.02.2024			SCLADMIN		0000000000	0000000000	00		0.00	0.00	757	0.000	0.000	0.00	0.00	0.000	0.000		0.00	0.00	0.00	0.00	0.00	0.00		0.00000		0080028475	000010						0.000	0.000		0.000						0.000			
700	5600000339	00010	00	1	2024	5000021394	0001	E	101	06.02.2024	40.850	40.850	0.00	0.00	INR	0.00	0.000	0.000	S				0000		0000	0000	06.02.2024	17:26:32	0.00		0.00	000000000014000035	1010		0000							0.00	INR	40.850		06.02.2024			SCLADMIN		0000000000	0000000000	00		0.00	0.00	757	0.000	0.000	0.00	0.00	0.000	0.000		0.00	0.00	0.00	0.00	0.00	0.00		0.00000		0080026939	000010						0.000	0.000		0.000						0.000			
700	5600000339	00010	00	1	2024	5000021394	0002	E	101	06.02.2024	0.070	0.070	0.00	0.00	INR	0.00	0.000	0.000	S				0000		0000	0000	06.02.2024	17:26:32	0.00		0.00	000000000014000035	1010		0000							0.00	INR	0.070		06.02.2024			SCLADMIN		0000000000	0000000000	00		0.00	0.00	757	0.000	0.000	0.00	0.00	0.000	0.000		0.00	0.00	0.00	0.00	0.00	0.00		0.00000		0080026939	000010						0.000	0.000		0.000						0.000			
700	5600000339	00010	00	1	2024	5000021617	0001	E	101	06.02.2024	43.780	43.780	0.00	0.00	INR	0.00	0.000	0.000	S				0000		0000	0000	06.02.2024	17:53:19	0.00		0.00	000000000014000035	1010		0000							0.00	INR	43.780		06.02.2024			SCLADMIN		0000000000	0000000000	00		0.00	0.00	757	0.000	0.000	0.00	0.00	0.000	0.000		0.00	0.00	0.00	0.00	0.00	0.00		0.00000		0080028467	000010						0.000	0.000		0.000						0.000			
700	5600000339	00010	00	1	2024	5000021617	0002	E	101	06.02.2024	0.090	0.090	0.00	0.00	INR	0.00	0.000	0.000	S				0000		0000	0000	06.02.2024	17:53:19	0.00		0.00	000000000014000035	1010		0000							0.00	INR	0.090		06.02.2024			SCLADMIN		0000000000	0000000000	00		0.00	0.00	757	0.000	0.000	0.00	0.00	0.000	0.000		0.00	0.00	0.00	0.00	0.00	0.00		0.00000		0080028467	000010						0.000	0.000		0.000						0.000			
700	5600000339	00010	00	1	2024	5000021637	0001	E	101	06.02.2024	42.640	42.640	0.00	0.00	INR	0.00	0.000	0.000	S				0000		0000	0000	06.02.2024	17:56:41	0.00		0.00	000000000014000035	1010		0000							0.00	INR	42.640		06.02.2024			SCLADMIN		0000000000	0000000000	00		0.00	0.00	757	0.000	0.000	0.00	0.00	0.000	0.000		0.00	0.00	0.00	0.00	0.00	0.00		0.00000		0080033132	000010						0.000	0.000		0.000						0.000			
700	5600000339	00010	00	1	2024	5000021782	0001	E	101	06.02.2024	41.850	41.850	0.00	0.00	INR	0.00	0.000	0.000	S				0000		0000	0000	06.02.2024	18:15:48	0.00		0.00	000000000014000035	1010		0000							0.00	INR	41.850		06.02.2024			SCLADMIN		0000000000	0000000000	00		0.00	0.00	757	0.000	0.000	0.00	0.00	0.000	0.000		0.00	0.00	0.00	0.00	0.00	0.00		0.00000		0080026555	000010						0.000	0.000		0.000						0.000			
700	5600000339	00010	00	1	2024	5000021782	0002	E	101	06.02.2024	0.030	0.030	0.00	0.00	INR	0.00	0.000	0.000	S				0000		0000	0000	06.02.2024	18:15:48	0.00		0.00	000000000014000035	1010		0000							0.00	INR	0.030		06.02.2024			SCLADMIN		0000000000	0000000000	00		0.00	0.00	757	0.000	0.000	0.00	0.00	0.000	0.000		0.00	0.00	0.00	0.00	0.00	0.00		0.00000		0080026555	000010						0.000	0.000		0.000						0.000			
700	5600000339	00010	00	1	2024	5000021820	0001	E	101	06.02.2024	42.140	42.140	0.00	0.00	INR	0.00	0.000	0.000	S				0000		0000	0000	06.02.2024	18:18:09	0.00		0.00	000000000014000035	1010		0000							0.00	INR	42.140		06.02.2024			SCLADMIN		0000000000	0000000000	00		0.00	0.00	757	0.000	0.000	0.00	0.00	0.000	0.000		0.00	0.00	0.00	0.00	0.00	0.00		0.00000		0080026940	000010						0.000	0.000		0.000						0.000			
700	5600000339	00010	00	1	2024	5000021820	0002	E	101	06.02.2024	0.170	0.170	0.00	0.00	INR	0.00	0.000	0.000	S				0000		0000	0000	06.02.2024	18:18:09	0.00		0.00	000000000014000035	1010		0000							0.00	INR	0.170		06.02.2024			SCLADMIN		0000000000	0000000000	00		0.00	0.00	757	0.000	0.000	0.00	0.00	0.000	0.000		0.00	0.00	0.00	0.00	0.00	0.00		0.00000		0080026940	000010						0.000	0.000		0.000						0.000			
700	5600000339	00010	00	1	2024	5000021834	0001	E	101	06.02.2024	41.730	41.730	0.00	0.00	INR	0.00	0.000	0.000	S				0000		0000	0000	06.02.2024	18:21:55	0.00		0.00	000000000014000035	1010		0000							0.00	INR	41.730		06.02.2024			SCLADMIN		0000000000	0000000000	00		0.00	0.00	757	0.000	0.000	0.00	0.00	0.000	0.000		0.00	0.00	0.00	0.00	0.00	0.00		0.00000		0080021749	000010						0.000	0.000		0.000						0.000			
700	5600000339	00010	00	1	2024	5000021914	0001	E	101	06.02.2024	41.240	41.240	0.00	0.00	INR	0.00	0.000	0.000	S				0000		0000	0000	06.02.2024	18:31:19	0.00		0.00	000000000014000035	1010		0000							0.00	INR	41.240		06.02.2024			SCLADMIN		0000000000	0000000000	00		0.00	0.00	757	0.000	0.000	0.00	0.00	0.000	0.000		0.00	0.00	0.00	0.00	0.00	0.00		0.00000		0080033284	000010						0.000	0.000		0.000						0.000			
700	5600000339	00010	00	1	2024	5000022066	0001	E	101	06.02.2024	41.450	41.450	0.00	0.00	INR	0.00	0.000	0.000	S				0000		0000	0000	06.02.2024	18:51:30	0.00		0.00	000000000014000035	1010		0000							0.00	INR	41.450		06.02.2024			SCLADMIN		0000000000	0000000000	00		0.00	0.00	757	0.000	0.000	0.00	0.00	0.000	0.000		0.00	0.00	0.00	0.00	0.00	0.00		0.00000		0080026941	000010						0.000	0.000		0.000						0.000			
700	5600000339	00010	00	1	2024	5000022066	0002	E	101	06.02.2024	0.070	0.070	0.00	0.00	INR	0.00	0.000	0.000	S				0000		0000	0000	06.02.2024	18:51:30	0.00		0.00	000000000014000035	1010		0000							0.00	INR	0.070		06.02.2024			SCLADMIN		0000000000	0000000000	00		0.00	0.00	757	0.000	0.000	0.00	0.00	0.000	0.000		0.00	0.00	0.00	0.00	0.00	0.00		0.00000		0080026941	000010						0.000	0.000		0.000						0.000			
700	5600000339	00010	00	1	2024	5000022352	0001	E	101	06.02.2024	42.030	42.030	0.00	0.00	INR	0.00	0.000	0.000	S				0000		0000	0000	06.02.2024	19:25:35	0.00		0.00	000000000014000035	1010		0000							0.00	INR	42.030		06.02.2024			SCLADMIN		0000000000	0000000000	00		0.00	0.00	757	0.000	0.000	0.00	0.00	0.000	0.000		0.00	0.00	0.00	0.00	0.00	0.00		0.00000		0080029528	000010						0.000	0.000		0.000						0.000			
700	5600000339	00010	00	1	2024	5000022362	0001	E	101	06.02.2024	42.800	42.800	0.00	0.00	INR	0.00	0.000	0.000	S				0000		0000	0000	06.02.2024	19:27:26	0.00		0.00	000000000014000035	1010		0000							0.00	INR	42.800		06.02.2024			SCLADMIN		0000000000	0000000000	00		0.00	0.00	757	0.000	0.000	0.00	0.00	0.000	0.000		0.00	0.00	0.00	0.00	0.00	0.00		0.00000		0080027614	000010						0.000	0.000		0.000						0.000			
700	5600000339	00010	00	1	2024	5000022400	0001	E	101	06.02.2024	42.100	42.100	0.00	0.00	INR	0.00	0.000	0.000	S				0000		0000	0000	06.02.2024	19:30:55	0.00		0.00	000000000014000035	1010		0000							0.00	INR	42.100		06.02.2024			SCLADMIN		0000000000	0000000000	00		0.00	0.00	757	0.000	0.000	0.00	0.00	0.000	0.000		0.00	0.00	0.00	0.00	0.00	0.00		0.00000		0080026366	000010						0.000	0.000		0.000						0.000			
700	5600000339	00010	00	1	2024	5000022400	0002	E	101	06.02.2024	0.100	0.100	0.00	0.00	INR	0.00	0.000	0.000	S				0000		0000	0000	06.02.2024	19:30:55	0.00		0.00	000000000014000035	1010		0000							0.00	INR	0.100		06.02.2024			SCLADMIN		0000000000	0000000000	00		0.00	0.00	757	0.000	0.000	0.00	0.00	0.000	0.000		0.00	0.00	0.00	0.00	0.00	0.00		0.00000		0080026366	000010						0.000	0.000		0.000						0.000			
700	5600000339	00010	00	1	2024	5000022624	0001	E	101	06.02.2024	42.260	42.260	0.00	0.00	INR	0.00	0.000	0.000	S				0000		0000	0000	06.02.2024	20:06:09	0.00		0.00	000000000014000035	1010		0000							0.00	INR	42.260		06.02.2024			SCLADMIN		0000000000	0000000000	00		0.00	0.00	757	0.000	0.000	0.00	0.00	0.000	0.000		0.00	0.00	0.00	0.00	0.00	0.00		0.00000		0080027611	000010						0.000	0.000		0.000						0.000			
700	5600000339	00010	00	1	2024	5000022624	0002	E	101	06.02.2024	0.020	0.020	0.00	0.00	INR	0.00	0.000	0.000	S				0000		0000	0000	06.02.2024	20:06:09	0.00		0.00	000000000014000035	1010		0000							0.00	INR	0.020		06.02.2024			SCLADMIN		0000000000	0000000000	00		0.00	0.00	757	0.000	0.000	0.00	0.00	0.000	0.000		0.00	0.00	0.00	0.00	0.00	0.00		0.00000		0080027611	000010						0.000	0.000		0.000						0.000			
700	5600000339	00010	00	1	2024	5000022634	0001	E	101	06.02.2024	42.590	42.590	0.00	0.00	INR	0.00	0.000	0.000	S				0000		0000	0000	06.02.2024	20:08:36	0.00		0.00	000000000014000035	1010		0000							0.00	INR	42.590		06.02.2024			SCLADMIN		0000000000	0000000000	00		0.00	0.00	757	0.000	0.000	0.00	0.00	0.000	0.000		0.00	0.00	0.00	0.00	0.00	0.00		0.00000		0080029518	000010						0.000	0.000		0.000						0.000			
700	5600000339	00010	00	1	2024	5000022713	0001	E	101	06.02.2024	41.490	41.490	0.00	0.00	INR	0.00	0.000	0.000	S				0000		0000	0000	06.02.2024	20:23:25	0.00		0.00	000000000014000035	1010		0000							0.00	INR	41.490		06.02.2024			SCLADMIN		0000000000	0000000000	00		0.00	0.00	757	0.000	0.000	0.00	0.00	0.000	0.000		0.00	0.00	0.00	0.00	0.00	0.00		0.00000		0080027610	000010						0.000	0.000		0.000						0.000			
700	5600000339	00010	00	1	2024	5000022713	0002	E	101	06.02.2024	0.010	0.010	0.00	0.00	INR	0.00	0.000	0.000	S				0000		0000	0000	06.02.2024	20:23:25	0.00		0.00	000000000014000035	1010		0000							0.00	INR	0.010		06.02.2024			SCLADMIN		0000000000	0000000000	00		0.00	0.00	757	0.000	0.000	0.00	0.00	0.000	0.000		0.00	0.00	0.00	0.00	0.00	0.00		0.00000		0080027610	000010						0.000	0.000		0.000						0.000			
700	5600000339	00010	00	1	2024	5000022735	0001	E	101	06.02.2024	40.870	40.870	0.00	0.00	INR	0.00	0.000	0.000	S				0000		0000	0000	06.02.2024	20:31:46	0.00		0.00	000000000014000035	1010		0000							0.00	INR	40.870		06.02.2024			SCLADMIN		0000000000	0000000000	00		0.00	0.00	757	0.000	0.000	0.00	0.00	0.000	0.000		0.00	0.00	0.00	0.00	0.00	0.00		0.00000		0080028468	000010						0.000	0.000		0.000						0.000			
700	5600000339	00010	00	1	2024	5000022735	0002	E	101	06.02.2024	0.010	0.010	0.00	0.00	INR	0.00	0.000	0.000	S				0000		0000	0000	06.02.2024	20:31:46	0.00		0.00	000000000014000035	1010		0000							0.00	INR	0.010		06.02.2024			SCLADMIN		0000000000	0000000000	00		0.00	0.00	757	0.000	0.000	0.00	0.00	0.000	0.000		0.00	0.00	0.00	0.00	0.00	0.00		0.00000		0080028468	000010						0.000	0.000		0.000						0.000			
700	5600000339	00010	00	1	2024	5000022825	0001	E	101	06.02.2024	41.550	41.550	0.00	0.00	INR	0.00	0.000	0.000	S				0000		0000	0000	06.02.2024	20:43:10	0.00		0.00	000000000014000035	1010		0000							0.00	INR	41.550		06.02.2024			SCLADMIN		0000000000	0000000000	00		0.00	0.00	757	0.000	0.000	0.00	0.00	0.000	0.000		0.00	0.00	0.00	0.00	0.00	0.00		0.00000		0080032578	000010						0.000	0.000		0.000						0.000			
700	5600000339	00010	00	1	2024	5000022839	0001	E	101	06.02.2024	42.020	42.020	0.00	0.00	INR	0.00	0.000	0.000	S				0000		0000	0000	06.02.2024	20:47:51	0.00		0.00	000000000014000035	1010		0000							0.00	INR	42.020		06.02.2024			SCLADMIN		0000000000	0000000000	00		0.00	0.00	757	0.000	0.000	0.00	0.00	0.000	0.000		0.00	0.00	0.00	0.00	0.00	0.00		0.00000		0080028470	000010						0.000	0.000		0.000						0.000			
700	5600000339	00010	00	1	2024	5000022849	0001	E	101	06.02.2024	40.440	40.440	0.00	0.00	INR	0.00	0.000	0.000	S				0000		0000	0000	06.02.2024	20:50:25	0.00		0.00	000000000014000035	1010		0000							0.00	INR	40.440		06.02.2024			SCLADMIN		0000000000	0000000000	00		0.00	0.00	757	0.000	0.000	0.00	0.00	0.000	0.000		0.00	0.00	0.00	0.00	0.00	0.00		0.00000		0080030518	000010						0.000	0.000		0.000						0.000			
700	5600000339	00010	00	1	2024	5000022849	0002	E	101	06.02.2024	0.270	0.270	0.00	0.00	INR	0.00	0.000	0.000	S				0000		0000	0000	06.02.2024	20:50:25	0.00		0.00	000000000014000035	1010		0000							0.00	INR	0.270		06.02.2024			SCLADMIN		0000000000	0000000000	00		0.00	0.00	757	0.000	0.000	0.00	0.00	0.000	0.000		0.00	0.00	0.00	0.00	0.00	0.00		0.00000		0080030518	000010						0.000	0.000		0.000						0.000			
700	5600000339	00010	00	1	2024	5000022853	0001	E	101	06.02.2024	42.100	42.100	0.00	0.00	INR	0.00	0.000	0.000	S				0000		0000	0000	06.02.2024	20:51:50	0.00		0.00	000000000014000035	1010		0000							0.00	INR	42.100		06.02.2024			SCLADMIN		0000000000	0000000000	00		0.00	0.00	757	0.000	0.000	0.00	0.00	0.000	0.000		0.00	0.00	0.00	0.00	0.00	0.00		0.00000		0080027615	000010						0.000	0.000		0.000						0.000			
700	5600000339	00010	00	1	2024	5000022860	0001	E	101	06.02.2024	40.640	40.640	0.00	0.00	INR	0.00	0.000	0.000	S				0000		0000	0000	06.02.2024	20:53:22	0.00		0.00	000000000014000035	1010		0000							0.00	INR	40.640		06.02.2024			SCLADMIN		0000000000	0000000000	00		0.00	0.00	757	0.000	0.000	0.00	0.00	0.000	0.000		0.00	0.00	0.00	0.00	0.00	0.00		0.00000		0080030521	000010						0.000	0.000		0.000						0.000			
700	5600000339	00010	00	1	2024	5000022860	0002	E	101	06.02.2024	0.210	0.210	0.00	0.00	INR	0.00	0.000	0.000	S				0000		0000	0000	06.02.2024	20:53:22	0.00		0.00	000000000014000035	1010		0000							0.00	INR	0.210		06.02.2024			SCLADMIN		0000000000	0000000000	00		0.00	0.00	757	0.000	0.000	0.00	0.00	0.000	0.000		0.00	0.00	0.00	0.00	0.00	0.00		0.00000		0080030521	000010						0.000	0.000		0.000						0.000			
700	5600000339	00010	00	1	2024	5000022871	0001	E	101	06.02.2024	41.490	41.490	0.00	0.00	INR	0.00	0.000	0.000	S				0000		0000	0000	06.02.2024	20:54:45	0.00		0.00	000000000014000035	1010		0000							0.00	INR	41.490		06.02.2024			SCLADMIN		0000000000	0000000000	00		0.00	0.00	757	0.000	0.000	0.00	0.00	0.000	0.000		0.00	0.00	0.00	0.00	0.00	0.00		0.00000		0080033288	000010						0.000	0.000		0.000						0.000			
700	5600000339	00010	00	1	2024	5000022871	0002	E	101	06.02.2024	0.110	0.110	0.00	0.00	INR	0.00	0.000	0.000	S				0000		0000	0000	06.02.2024	20:54:45	0.00		0.00	000000000014000035	1010		0000							0.00	INR	0.110		06.02.2024			SCLADMIN		0000000000	0000000000	00		0.00	0.00	757	0.000	0.000	0.00	0.00	0.000	0.000		0.00	0.00	0.00	0.00	0.00	0.00		0.00000		0080033288	000010						0.000	0.000		0.000						0.000			
700	5600000339	00010	00	1	2024	5000022990	0001	E	101	06.02.2024	42.150	42.150	0.00	0.00	INR	0.00	0.000	0.000	S				0000		0000	0000	06.02.2024	21:14:25	0.00		0.00	000000000014000035	1010		0000							0.00	INR	42.150		06.02.2024			SCLADMIN		0000000000	0000000000	00		0.00	0.00	757	0.000	0.000	0.00	0.00	0.000	0.000		0.00	0.00	0.00	0.00	0.00	0.00		0.00000		0080033860	000010						0.000	0.000		0.000						0.000			
700	5600000339	00010	00	1	2024	5000022990	0002	E	101	06.02.2024	0.070	0.070	0.00	0.00	INR	0.00	0.000	0.000	S				0000		0000	0000	06.02.2024	21:14:25	0.00		0.00	000000000014000035	1010		0000							0.00	INR	0.070		06.02.2024			SCLADMIN		0000000000	0000000000	00		0.00	0.00	757	0.000	0.000	0.00	0.00	0.000	0.000		0.00	0.00	0.00	0.00	0.00	0.00		0.00000		0080033860	000010						0.000	0.000		0.000						0.000			
700	5600000339	00010	00	1	2024	5000023200	0001	E	101	06.02.2024	41.680	41.680	0.00	0.00	INR	0.00	0.000	0.000	S				0000		0000	0000	06.02.2024	21:43:26	0.00		0.00	000000000014000035	1010		0000							0.00	INR	41.680		06.02.2024			SCLADMIN		0000000000	0000000000	00		0.00	0.00	757	0.000	0.000	0.00	0.00	0.000	0.000		0.00	0.00	0.00	0.00	0.00	0.00		0.00000		0080033704	000010						0.000	0.000		0.000						0.000			
700	5600000339	00010	00	1	2024	5000023297	0001	E	101	06.02.2024	42.450	42.450	0.00	0.00	INR	0.00	0.000	0.000	S				0000		0000	0000	06.02.2024	22:09:35	0.00		0.00	000000000014000035	1010		0000							0.00	INR	42.450		06.02.2024			SCLADMIN		0000000000	0000000000	00		0.00	0.00	757	0.000	0.000	0.00	0.00	0.000	0.000		0.00	0.00	0.00	0.00	0.00	0.00		0.00000		0080029523	000010						0.000	0.000		0.000						0.000			
700	5600000339	00010	00	1	2024	5000023349	0001	E	101	06.02.2024	42.160	42.160	0.00	0.00	INR	0.00	0.000	0.000	S				0000		0000	0000	06.02.2024	22:23:55	0.00		0.00	000000000014000035	1010		0000							0.00	INR	42.160		06.02.2024			SCLADMIN		0000000000	0000000000	00		0.00	0.00	757	0.000	0.000	0.00	0.00	0.000	0.000		0.00	0.00	0.00	0.00	0.00	0.00		0.00000		0080026558	000010						0.000	0.000		0.000						0.000			
700	5600000339	00010	00	1	2024	5000023349	0002	E	101	06.02.2024	0.110	0.110	0.00	0.00	INR	0.00	0.000	0.000	S				0000		0000	0000	06.02.2024	22:23:55	0.00		0.00	000000000014000035	1010		0000							0.00	INR	0.110		06.02.2024			SCLADMIN		0000000000	0000000000	00		0.00	0.00	757	0.000	0.000	0.00	0.00	0.000	0.000		0.00	0.00	0.00	0.00	0.00	0.00		0.00000		0080026558	000010						0.000	0.000		0.000						0.000			
700	5600000339	00010	00	1	2024	5000023363	0001	E	101	06.02.2024	42.780	42.780	0.00	0.00	INR	0.00	0.000	0.000	S				0000		0000	0000	06.02.2024	22:27:20	0.00		0.00	000000000014000035	1010		0000							0.00	INR	42.780		06.02.2024			SCLADMIN		0000000000	0000000000	00		0.00	0.00	757	0.000	0.000	0.00	0.00	0.000	0.000		0.00	0.00	0.00	0.00	0.00	0.00		0.00000		0080029520	000010						0.000	0.000		0.000						0.000			
700	5600000339	00010	00	1	2024	5000023447	0001	E	101	06.02.2024	42.080	42.080	0.00	0.00	INR	0.00	0.000	0.000	S				0000		0000	0000	06.02.2024	22:43:36	0.00		0.00	000000000014000035	1010		0000							0.00	INR	42.080		06.02.2024			SCLADMIN		0000000000	0000000000	00		0.00	0.00	757	0.000	0.000	0.00	0.00	0.000	0.000		0.00	0.00	0.00	0.00	0.00	0.00		0.00000		0080028472	000010						0.000	0.000		0.000						0.000			
700	5600000339	00010	00	1	2024	5000023455	0001	E	101	06.02.2024	42.100	42.100	0.00	0.00	INR	0.00	0.000	0.000	S				0000		0000	0000	06.02.2024	22:44:46	0.00		0.00	000000000014000035	1010		0000							0.00	INR	42.100		06.02.2024			SCLADMIN		0000000000	0000000000	00		0.00	0.00	757	0.000	0.000	0.00	0.00	0.000	0.000		0.00	0.00	0.00	0.00	0.00	0.00		0.00000		0080021738	000010						0.000	0.000		0.000						0.000			
700	5600000339	00010	00	1	2024	5000023455	0002	E	101	06.02.2024	0.240	0.240	0.00	0.00	INR	0.00	0.000	0.000	S				0000		0000	0000	06.02.2024	22:44:46	0.00		0.00	000000000014000035	1010		0000							0.00	INR	0.240		06.02.2024			SCLADMIN		0000000000	0000000000	00		0.00	0.00	757	0.000	0.000	0.00	0.00	0.000	0.000		0.00	0.00	0.00	0.00	0.00	0.00		0.00000		0080021738	000010						0.000	0.000		0.000						0.000			
700	5600000339	00010	00	1	2024	5000023481	0001	E	101	06.02.2024	41.650	41.650	0.00	0.00	INR	0.00	0.000	0.000	S				0000		0000	0000	06.02.2024	22:52:27	0.00		0.00	000000000014000035	1010		0000							0.00	INR	41.650		06.02.2024			SCLADMIN		0000000000	0000000000	00		0.00	0.00	757	0.000	0.000	0.00	0.00	0.000	0.000		0.00	0.00	0.00	0.00	0.00	0.00		0.00000		0080033032	000010						0.000	0.000		0.000						0.000			
700	5600000339	00010	00	1	2024	5000023607	0001	E	101	06.02.2024	41.500	41.500	0.00	0.00	INR	0.00	0.000	0.000	S				0000		0000	0000	06.02.2024	23:17:00	0.00		0.00	000000000014000035	1010		0000							0.00	INR	41.500		06.02.2024			SCLADMIN		0000000000	0000000000	00		0.00	0.00	757	0.000	0.000	0.00	0.00	0.000	0.000		0.00	0.00	0.00	0.00	0.00	0.00		0.00000		0080032579	000010						0.000	0.000		0.000						0.000			
700	5600000339	00010	00	1	2024	5000023684	0001	E	101	06.02.2024	41.940	41.940	0.00	0.00	INR	0.00	0.000	0.000	S				0000		0000	0000	06.02.2024	23:36:26	0.00		0.00	000000000014000035	1010		0000							0.00	INR	41.940		06.02.2024			SCLADMIN		0000000000	0000000000	00		0.00	0.00	757	0.000	0.000	0.00	0.00	0.000	0.000		0.00	0.00	0.00	0.00	0.00	0.00		0.00000		0080029521	000010						0.000	0.000		0.000						0.000			
700	5600000339	00010	00	1	2024	5000023740	0001	E	101	06.02.2024	41.970	41.970	0.00	0.00	INR	0.00	0.000	0.000	S				0000		0000	0000	06.02.2024	23:45:32	0.00		0.00	000000000014000035	1010		0000							0.00	INR	41.970		06.02.2024			SCLADMIN		0000000000	0000000000	00		0.00	0.00	757	0.000	0.000	0.00	0.00	0.000	0.000		0.00	0.00	0.00	0.00	0.00	0.00		0.00000		0080029522	000010						0.000	0.000		0.000						0.000			
700	5600000339	00010	00	1	2024	5000023771	0001	E	101	06.02.2024	41.710	41.710	0.00	0.00	INR	0.00	0.000	0.000	S				0000		0000	0000	06.02.2024	23:55:08	0.00		0.00	000000000014000035	1010		0000							0.00	INR	41.710		06.02.2024			SCLADMIN		0000000000	0000000000	00		0.00	0.00	757	0.000	0.000	0.00	0.00	0.000	0.000		0.00	0.00	0.00	0.00	0.00	0.00		0.00000		0080029519	000010						0.000	0.000		0.000						0.000			
700	5600000339	00010	00	1	2024	5000035931	0001	E	101	09.02.2024	43.050	43.050	0.00	0.00	INR	0.00	0.000	0.000	S				0000		0000	0000	09.02.2024	00:06:47	0.00		0.00	000000000014000035	1010		0000							0.00	INR	43.050		09.02.2024			SCLADMIN		0000000000	0000000000	00		0.00	0.00	757	0.000	0.000	0.00	0.00	0.000	0.000		0.00	0.00	0.00	0.00	0.00	0.00		0.00000		0080051244	000010						0.000	0.000		0.000						0.000			
700	5600000339	00010	00	1	2024	5000035931	0002	E	101	09.02.2024	0.130	0.130	0.00	0.00	INR	0.00	0.000	0.000	S				0000		0000	0000	09.02.2024	00:06:47	0.00		0.00	000000000014000035	1010		0000							0.00	INR	0.130		09.02.2024			SCLADMIN		0000000000	0000000000	00		0.00	0.00	757	0.000	0.000	0.00	0.00	0.000	0.000		0.00	0.00	0.00	0.00	0.00	0.00		0.00000		0080051244	000010						0.000	0.000		0.000						0.000			
700	5600000339	00010	00	1	2024	5000036005	0001	E	101	09.02.2024	42.190	42.190	0.00	0.00	INR	0.00	0.000	0.000	S				0000		0000	0000	09.02.2024	00:30:21	0.00		0.00	000000000014000035	1010		0000							0.00	INR	42.190		09.02.2024			SCLADMIN		0000000000	0000000000	00		0.00	0.00	757	0.000	0.000	0.00	0.00	0.000	0.000		0.00	0.00	0.00	0.00	0.00	0.00		0.00000		0080051095	000010						0.000	0.000		0.000						0.000			
700	5600000339	00010	00	1	2024	5000036005	0002	E	101	09.02.2024	0.070	0.070	0.00	0.00	INR	0.00	0.000	0.000	S				0000		0000	0000	09.02.2024	00:30:21	0.00		0.00	000000000014000035	1010		0000							0.00	INR	0.070		09.02.2024			SCLADMIN		0000000000	0000000000	00		0.00	0.00	757	0.000	0.000	0.00	0.00	0.000	0.000		0.00	0.00	0.00	0.00	0.00	0.00		0.00000		0080051095	000010						0.000	0.000		0.000						0.000			
700	5600000339	00010	00	1	2024	5000036028	0001	E	101	09.02.2024	41.540	41.540	0.00	0.00	INR	0.00	0.000	0.000	S				0000		0000	0000	09.02.2024	00:38:09	0.00		0.00	000000000014000035	1010		0000							0.00	INR	41.540		09.02.2024			SCLADMIN		0000000000	0000000000	00		0.00	0.00	757	0.000	0.000	0.00	0.00	0.000	0.000		0.00	0.00	0.00	0.00	0.00	0.00		0.00000		0080050939	000010						0.000	0.000		0.000						0.000			
700	5600000339	00010	00	1	2024	5000036028	0002	E	101	09.02.2024	0.140	0.140	0.00	0.00	INR	0.00	0.000	0.000	S				0000		0000	0000	09.02.2024	00:38:09	0.00		0.00	000000000014000035	1010		0000							0.00	INR	0.140		09.02.2024			SCLADMIN		0000000000	0000000000	00		0.00	0.00	757	0.000	0.000	0.00	0.00	0.000	0.000		0.00	0.00	0.00	0.00	0.00	0.00		0.00000		0080050939	000010						0.000	0.000		0.000						0.000			
700	5600000339	00010	00	1	2024	5000036032	0001	E	101	09.02.2024	41.860	41.860	0.00	0.00	INR	0.00	0.000	0.000	S				0000		0000	0000	09.02.2024	00:39:34	0.00		0.00	000000000014000035	1010		0000							0.00	INR	41.860		09.02.2024			SCLADMIN		0000000000	0000000000	00		0.00	0.00	757	0.000	0.000	0.00	0.00	0.000	0.000		0.00	0.00	0.00	0.00	0.00	0.00		0.00000		0080051035	000010						0.000	0.000		0.000						0.000			
700	5600000339	00010	00	1	2024	5000036032	0002	E	101	09.02.2024	0.050	0.050	0.00	0.00	INR	0.00	0.000	0.000	S				0000		0000	0000	09.02.2024	00:39:34	0.00		0.00	000000000014000035	1010		0000							0.00	INR	0.050		09.02.2024			SCLADMIN		0000000000	0000000000	00		0.00	0.00	757	0.000	0.000	0.00	0.00	0.000	0.000		0.00	0.00	0.00	0.00	0.00	0.00		0.00000		0080051035	000010						0.000	0.000		0.000						0.000			
700	5600000339	00010	00	1	2024	5000036087	0001	E	101	09.02.2024	41.530	41.530	0.00	0.00	INR	0.00	0.000	0.000	S				0000		0000	0000	09.02.2024	00:53:14	0.00		0.00	000000000014000035	1010		0000							0.00	INR	41.530		09.02.2024			SCLADMIN		0000000000	0000000000	00		0.00	0.00	757	0.000	0.000	0.00	0.00	0.000	0.000		0.00	0.00	0.00	0.00	0.00	0.00		0.00000		0080049572	000010						0.000	0.000		0.000						0.000			
700	5600000339	00010	00	1	2024	5000036087	0002	E	101	09.02.2024	0.010	0.010	0.00	0.00	INR	0.00	0.000	0.000	S				0000		0000	0000	09.02.2024	00:53:14	0.00		0.00	000000000014000035	1010		0000							0.00	INR	0.010		09.02.2024			SCLADMIN		0000000000	0000000000	00		0.00	0.00	757	0.000	0.000	0.00	0.00	0.000	0.000		0.00	0.00	0.00	0.00	0.00	0.00		0.00000		0080049572	000010						0.000	0.000		0.000						0.000			
700	5600000339	00010	00	1	2024	5000036129	0001	E	101	09.02.2024	42.970	42.970	0.00	0.00	INR	0.00	0.000	0.000	S				0000		0000	0000	09.02.2024	01:05:39	0.00		0.00	000000000014000035	1010		0000							0.00	INR	42.970		09.02.2024			SCLADMIN		0000000000	0000000000	00		0.00	0.00	757	0.000	0.000	0.00	0.00	0.000	0.000		0.00	0.00	0.00	0.00	0.00	0.00		0.00000		0080046656	000010						0.000	0.000		0.000						0.000			
700	5600000339	00010	00	1	2024	5000036168	0001	E	101	09.02.2024	42.250	42.250	0.00	0.00	INR	0.00	0.000	0.000	S				0000		0000	0000	09.02.2024	01:13:11	0.00		0.00	000000000014000035	1010		0000							0.00	INR	42.250		09.02.2024			SCLADMIN		0000000000	0000000000	00		0.00	0.00	757	0.000	0.000	0.00	0.00	0.000	0.000		0.00	0.00	0.00	0.00	0.00	0.00		0.00000		0080049058	000010						0.000	0.000		0.000						0.000			
700	5600000339	00010	00	1	2024	5000036190	0001	E	101	09.02.2024	43.260	43.260	0.00	0.00	INR	0.00	0.000	0.000	S				0000		0000	0000	09.02.2024	01:22:54	0.00		0.00	000000000014000035	1010		0000							0.00	INR	43.260		09.02.2024			SCLADMIN		0000000000	0000000000	00		0.00	0.00	757	0.000	0.000	0.00	0.00	0.000	0.000		0.00	0.00	0.00	0.00	0.00	0.00		0.00000		0080042977	000010						0.000	0.000		0.000						0.000			
700	5600000339	00010	00	1	2024	5000036213	0001	E	101	09.02.2024	41.960	41.960	0.00	0.00	INR	0.00	0.000	0.000	S				0000		0000	0000	09.02.2024	01:34:54	0.00		0.00	000000000014000035	1010		0000							0.00	INR	41.960		09.02.2024			SCLADMIN		0000000000	0000000000	00		0.00	0.00	757	0.000	0.000	0.00	0.00	0.000	0.000		0.00	0.00	0.00	0.00	0.00	0.00		0.00000		0080050945	000010						0.000	0.000		0.000						0.000			
700	5600000339	00010	00	1	2024	5000036213	0002	E	101	09.02.2024	0.050	0.050	0.00	0.00	INR	0.00	0.000	0.000	S				0000		0000	0000	09.02.2024	01:34:54	0.00		0.00	000000000014000035	1010		0000							0.00	INR	0.050		09.02.2024			SCLADMIN		0000000000	0000000000	00		0.00	0.00	757	0.000	0.000	0.00	0.00	0.000	0.000		0.00	0.00	0.00	0.00	0.00	0.00		0.00000		0080050945	000010						0.000	0.000		0.000						0.000			
700	5600000339	00010	00	1	2024	5000036249	0001	E	101	09.02.2024	41.090	41.090	0.00	0.00	INR	0.00	0.000	0.000	S				0000		0000	0000	09.02.2024	01:47:54	0.00		0.00	000000000014000035	1010		0000							0.00	INR	41.090		09.02.2024			SCLADMIN		0000000000	0000000000	00		0.00	0.00	757	0.000	0.000	0.00	0.00	0.000	0.000		0.00	0.00	0.00	0.00	0.00	0.00		0.00000		0080049559	000010						0.000	0.000		0.000						0.000			
700	5600000339	00010	00	1	2024	5000036249	0002	E	101	09.02.2024	0.020	0.020	0.00	0.00	INR	0.00	0.000	0.000	S				0000		0000	0000	09.02.2024	01:47:54	0.00		0.00	000000000014000035	1010		0000							0.00	INR	0.020		09.02.2024			SCLADMIN		0000000000	0000000000	00		0.00	0.00	757	0.000	0.000	0.00	0.00	0.000	0.000		0.00	0.00	0.00	0.00	0.00	0.00		0.00000		0080049559	000010						0.000	0.000		0.000						0.000			
700	5600000339	00010	00	1	2024	5000036288	0001	E	101	09.02.2024	41.920	41.920	0.00	0.00	INR	0.00	0.000	0.000	S				0000		0000	0000	09.02.2024	01:58:55	0.00		0.00	000000000014000035	1010		0000							0.00	INR	41.920		09.02.2024			SCLADMIN		0000000000	0000000000	00		0.00	0.00	757	0.000	0.000	0.00	0.00	0.000	0.000		0.00	0.00	0.00	0.00	0.00	0.00		0.00000		0080049182	000010						0.000	0.000		0.000						0.000			
700	5600000339	00010	00	1	2024	5000036288	0002	E	101	09.02.2024	0.090	0.090	0.00	0.00	INR	0.00	0.000	0.000	S				0000		0000	0000	09.02.2024	01:58:55	0.00		0.00	000000000014000035	1010		0000							0.00	INR	0.090		09.02.2024			SCLADMIN		0000000000	0000000000	00		0.00	0.00	757	0.000	0.000	0.00	0.00	0.000	0.000		0.00	0.00	0.00	0.00	0.00	0.00		0.00000		0080049182	000010						0.000	0.000		0.000						0.000			
700	5600000339	00010	00	1	2024	5000036314	0001	E	101	09.02.2024	41.710	41.710	0.00	0.00	INR	0.00	0.000	0.000	S				0000		0000	0000	09.02.2024	02:08:23	0.00		0.00	000000000014000035	1010		0000							0.00	INR	41.710		09.02.2024			SCLADMIN		0000000000	0000000000	00		0.00	0.00	757	0.000	0.000	0.00	0.00	0.000	0.000		0.00	0.00	0.00	0.00	0.00	0.00		0.00000		0080044651	000010						0.000	0.000		0.000						0.000			
700	5600000339	00010	00	1	2024	5000036333	0001	E	101	09.02.2024	43.070	43.070	0.00	0.00	INR	0.00	0.000	0.000	S				0000		0000	0000	09.02.2024	02:12:35	0.00		0.00	000000000014000035	1010		0000							0.00	INR	43.070		09.02.2024			SCLADMIN		0000000000	0000000000	00		0.00	0.00	757	0.000	0.000	0.00	0.00	0.000	0.000		0.00	0.00	0.00	0.00	0.00	0.00		0.00000		0080047721	000010						0.000	0.000		0.000						0.000			
700	5600000339	00010	00	1	2024	5000036333	0002	E	101	09.02.2024	0.020	0.020	0.00	0.00	INR	0.00	0.000	0.000	S				0000		0000	0000	09.02.2024	02:12:35	0.00		0.00	000000000014000035	1010		0000							0.00	INR	0.020		09.02.2024			SCLADMIN		0000000000	0000000000	00		0.00	0.00	757	0.000	0.000	0.00	0.00	0.000	0.000		0.00	0.00	0.00	0.00	0.00	0.00		0.00000		0080047721	000010						0.000	0.000		0.000						0.000			
700	5600000339	00010	00	1	2024	5000036352	0001	E	101	09.02.2024	42.340	42.340	0.00	0.00	INR	0.00	0.000	0.000	S				0000		0000	0000	09.02.2024	02:18:04	0.00		0.00	000000000014000035	1010		0000							0.00	INR	42.340		09.02.2024			SCLADMIN		0000000000	0000000000	00		0.00	0.00	757	0.000	0.000	0.00	0.00	0.000	0.000		0.00	0.00	0.00	0.00	0.00	0.00		0.00000		0080050936	000010						0.000	0.000		0.000						0.000			
700	5600000339	00010	00	1	2024	5000036378	0001	E	101	09.02.2024	41.000	41.000	0.00	0.00	INR	0.00	0.000	0.000	S				0000		0000	0000	09.02.2024	02:27:00	0.00		0.00	000000000014000035	1010		0000							0.00	INR	41.000		09.02.2024			SCLADMIN		0000000000	0000000000	00		0.00	0.00	757	0.000	0.000	0.00	0.00	0.000	0.000		0.00	0.00	0.00	0.00	0.00	0.00		0.00000		0080051289	000010						0.000	0.000		0.000						0.000			
700	5600000339	00010	00	1	2024	5000036378	0002	E	101	09.02.2024	0.140	0.140	0.00	0.00	INR	0.00	0.000	0.000	S				0000		0000	0000	09.02.2024	02:27:00	0.00		0.00	000000000014000035	1010		0000							0.00	INR	0.140		09.02.2024			SCLADMIN		0000000000	0000000000	00		0.00	0.00	757	0.000	0.000	0.00	0.00	0.000	0.000		0.00	0.00	0.00	0.00	0.00	0.00		0.00000		0080051289	000010						0.000	0.000		0.000						0.000			
700	5600000339	00010	00	1	2024	5000036390	0001	E	101	09.02.2024	41.690	41.690	0.00	0.00	INR	0.00	0.000	0.000	S				0000		0000	0000	09.02.2024	02:30:25	0.00		0.00	000000000014000035	1010		0000							0.00	INR	41.690		09.02.2024			SCLADMIN		0000000000	0000000000	00		0.00	0.00	757	0.000	0.000	0.00	0.00	0.000	0.000		0.00	0.00	0.00	0.00	0.00	0.00		0.00000		0080043004	000010						0.000	0.000		0.000						0.000			
700	5600000339	00010	00	1	2024	5000036390	0002	E	101	09.02.2024	0.280	0.280	0.00	0.00	INR	0.00	0.000	0.000	S				0000		0000	0000	09.02.2024	02:30:25	0.00		0.00	000000000014000035	1010		0000							0.00	INR	0.280		09.02.2024			SCLADMIN		0000000000	0000000000	00		0.00	0.00	757	0.000	0.000	0.00	0.00	0.000	0.000		0.00	0.00	0.00	0.00	0.00	0.00		0.00000		0080043004	000010						0.000	0.000		0.000						0.000			
700	5600000339	00010	00	1	2024	5000036394	0001	E	101	09.02.2024	41.760	41.760	0.00	0.00	INR	0.00	0.000	0.000	S				0000		0000	0000	09.02.2024	02:32:56	0.00		0.00	000000000014000035	1010		0000							0.00	INR	41.760		09.02.2024			SCLADMIN		0000000000	0000000000	00		0.00	0.00	757	0.000	0.000	0.00	0.00	0.000	0.000		0.00	0.00	0.00	0.00	0.00	0.00		0.00000		0080051318	000010						0.000	0.000		0.000						0.000			
700	5600000339	00010	00	1	2024	5000036394	0002	E	101	09.02.2024	0.060	0.060	0.00	0.00	INR	0.00	0.000	0.000	S				0000		0000	0000	09.02.2024	02:32:56	0.00		0.00	000000000014000035	1010		0000							0.00	INR	0.060		09.02.2024			SCLADMIN		0000000000	0000000000	00		0.00	0.00	757	0.000	0.000	0.00	0.00	0.000	0.000		0.00	0.00	0.00	0.00	0.00	0.00		0.00000		0080051318	000010						0.000	0.000		0.000						0.000			
700	5600000339	00010	00	1	2024	5000036440	0001	E	101	09.02.2024	41.240	41.240	0.00	0.00	INR	0.00	0.000	0.000	S				0000		0000	0000	09.02.2024	02:44:29	0.00		0.00	000000000014000035	1010		0000							0.00	INR	41.240		09.02.2024			SCLADMIN		0000000000	0000000000	00		0.00	0.00	757	0.000	0.000	0.00	0.00	0.000	0.000		0.00	0.00	0.00	0.00	0.00	0.00		0.00000		0080042394	000010						0.000	0.000		0.000						0.000			
700	5600000339	00010	00	1	2024	5000036440	0002	E	101	09.02.2024	0.090	0.090	0.00	0.00	INR	0.00	0.000	0.000	S				0000		0000	0000	09.02.2024	02:44:29	0.00		0.00	000000000014000035	1010		0000							0.00	INR	0.090		09.02.2024			SCLADMIN		0000000000	0000000000	00		0.00	0.00	757	0.000	0.000	0.00	0.00	0.000	0.000		0.00	0.00	0.00	0.00	0.00	0.00		0.00000		0080042394	000010						0.000	0.000		0.000						0.000			
700	5600000339	00010	00	1	2024	5000036464	0001	E	101	09.02.2024	41.070	41.070	0.00	0.00	INR	0.00	0.000	0.000	S				0000		0000	0000	09.02.2024	02:54:58	0.00		0.00	000000000014000035	1010		0000							0.00	INR	41.070		09.02.2024			SCLADMIN		0000000000	0000000000	00		0.00	0.00	757	0.000	0.000	0.00	0.00	0.000	0.000		0.00	0.00	0.00	0.00	0.00	0.00		0.00000		0080051319	000010						0.000	0.000		0.000						0.000			
700	5600000339	00010	00	1	2024	5000036464	0002	E	101	09.02.2024	0.490	0.490	0.00	0.00	INR	0.00	0.000	0.000	S				0000		0000	0000	09.02.2024	02:54:58	0.00		0.00	000000000014000035	1010		0000							0.00	INR	0.490		09.02.2024			SCLADMIN		0000000000	0000000000	00		0.00	0.00	757	0.000	0.000	0.00	0.00	0.000	0.000		0.00	0.00	0.00	0.00	0.00	0.00		0.00000		0080051319	000010						0.000	0.000		0.000						0.000			
700	5600000339	00010	00	1	2024	5000036498	0001	E	101	09.02.2024	43.230	43.230	0.00	0.00	INR	0.00	0.000	0.000	S				0000		0000	0000	09.02.2024	03:04:40	0.00		0.00	000000000014000035	1010		0000							0.00	INR	43.230		09.02.2024			SCLADMIN		0000000000	0000000000	00		0.00	0.00	757	0.000	0.000	0.00	0.00	0.000	0.000		0.00	0.00	0.00	0.00	0.00	0.00		0.00000		0080049633	000010						0.000	0.000		0.000						0.000			
700	5600000339	00010	00	1	2024	5000036498	0002	E	101	09.02.2024	0.120	0.120	0.00	0.00	INR	0.00	0.000	0.000	S				0000		0000	0000	09.02.2024	03:04:40	0.00		0.00	000000000014000035	1010		0000							0.00	INR	0.120		09.02.2024			SCLADMIN		0000000000	0000000000	00		0.00	0.00	757	0.000	0.000	0.00	0.00	0.000	0.000		0.00	0.00	0.00	0.00	0.00	0.00		0.00000		0080049633	000010						0.000	0.000		0.000						0.000			
700	5600000339	00010	00	1	2024	5000036541	0001	E	101	09.02.2024	41.910	41.910	0.00	0.00	INR	0.00	0.000	0.000	S				0000		0000	0000	09.02.2024	03:17:35	0.00		0.00	000000000014000035	1010		0000							0.00	INR	41.910		09.02.2024			SCLADMIN		0000000000	0000000000	00		0.00	0.00	757	0.000	0.000	0.00	0.00	0.000	0.000		0.00	0.00	0.00	0.00	0.00	0.00		0.00000		0080044539	000010						0.000	0.000		0.000						0.000			
700	5600000339	00010	00	1	2024	5000036568	0001	E	101	09.02.2024	42.250	42.250	0.00	0.00	INR	0.00	0.000	0.000	S				0000		0000	0000	09.02.2024	03:30:09	0.00		0.00	000000000014000035	1010		0000							0.00	INR	42.250		09.02.2024			SCLADMIN		0000000000	0000000000	00		0.00	0.00	757	0.000	0.000	0.00	0.00	0.000	0.000		0.00	0.00	0.00	0.00	0.00	0.00		0.00000		0080044540	000010						0.000	0.000		0.000						0.000			
700	5600000339	00010	00	1	2024	5000036568	0002	E	101	09.02.2024	0.130	0.130	0.00	0.00	INR	0.00	0.000	0.000	S				0000		0000	0000	09.02.2024	03:30:09	0.00		0.00	000000000014000035	1010		0000							0.00	INR	0.130		09.02.2024			SCLADMIN		0000000000	0000000000	00		0.00	0.00	757	0.000	0.000	0.00	0.00	0.000	0.000		0.00	0.00	0.00	0.00	0.00	0.00		0.00000		0080044540	000010						0.000	0.000		0.000						0.000			
700	5600000339	00010	00	1	2024	5000036591	0001	E	101	09.02.2024	42.110	42.110	0.00	0.00	INR	0.00	0.000	0.000	S				0000		0000	0000	09.02.2024	03:34:24	0.00		0.00	000000000014000035	1010		0000							0.00	INR	42.110		09.02.2024			SCLADMIN		0000000000	0000000000	00		0.00	0.00	757	0.000	0.000	0.00	0.00	0.000	0.000		0.00	0.00	0.00	0.00	0.00	0.00		0.00000		0080047694	000010						0.000	0.000		0.000						0.000			
700	5600000339	00010	00	1	2024	5000036591	0002	E	101	09.02.2024	0.060	0.060	0.00	0.00	INR	0.00	0.000	0.000	S				0000		0000	0000	09.02.2024	03:34:24	0.00		0.00	000000000014000035	1010		0000							0.00	INR	0.060		09.02.2024			SCLADMIN		0000000000	0000000000	00		0.00	0.00	757	0.000	0.000	0.00	0.00	0.000	0.000		0.00	0.00	0.00	0.00	0.00	0.00		0.00000		0080047694	000010						0.000	0.000		0.000						0.000			
700	5600000339	00010	00	1	2024	5000036662	0001	E	101	09.02.2024	42.410	42.410	0.00	0.00	INR	0.00	0.000	0.000	S				0000		0000	0000	09.02.2024	04:01:59	0.00		0.00	000000000014000035	1010		0000							0.00	INR	42.410		09.02.2024			SCLADMIN		0000000000	0000000000	00		0.00	0.00	757	0.000	0.000	0.00	0.00	0.000	0.000		0.00	0.00	0.00	0.00	0.00	0.00		0.00000		0080049090	000010						0.000	0.000		0.000						0.000			
700	5600000339	00010	00	1	2024	5000036662	0002	E	101	09.02.2024	0.160	0.160	0.00	0.00	INR	0.00	0.000	0.000	S				0000		0000	0000	09.02.2024	04:01:59	0.00		0.00	000000000014000035	1010		0000							0.00	INR	0.160		09.02.2024			SCLADMIN		0000000000	0000000000	00		0.00	0.00	757	0.000	0.000	0.00	0.00	0.000	0.000		0.00	0.00	0.00	0.00	0.00	0.00		0.00000		0080049090	000010						0.000	0.000		0.000						0.000			
700	5600000339	00010	00	1	2024	5000036686	0001	E	101	09.02.2024	41.980	41.980	0.00	0.00	INR	0.00	0.000	0.000	S				0000		0000	0000	09.02.2024	04:11:11	0.00		0.00	000000000014000035	1010		0000							0.00	INR	41.980		09.02.2024			SCLADMIN		0000000000	0000000000	00		0.00	0.00	757	0.000	0.000	0.00	0.00	0.000	0.000		0.00	0.00	0.00	0.00	0.00	0.00		0.00000		0080049842	000010						0.000	0.000		0.000						0.000			
700	5600000339	00010	00	1	2024	5000036686	0002	E	101	09.02.2024	0.040	0.040	0.00	0.00	INR	0.00	0.000	0.000	S				0000		0000	0000	09.02.2024	04:11:11	0.00		0.00	000000000014000035	1010		0000							0.00	INR	0.040		09.02.2024			SCLADMIN		0000000000	0000000000	00		0.00	0.00	757	0.000	0.000	0.00	0.00	0.000	0.000		0.00	0.00	0.00	0.00	0.00	0.00		0.00000		0080049842	000010						0.000	0.000		0.000						0.000			
700	5600000339	00010	00	1	2024	5000036740	0001	E	101	09.02.2024	41.920	41.920	0.00	0.00	INR	0.00	0.000	0.000	S				0000		0000	0000	09.02.2024	04:33:59	0.00		0.00	000000000014000035	1010		0000							0.00	INR	41.920		09.02.2024			SCLADMIN		0000000000	0000000000	00		0.00	0.00	757	0.000	0.000	0.00	0.00	0.000	0.000		0.00	0.00	0.00	0.00	0.00	0.00		0.00000		0080039382	000010						0.000	0.000		0.000						0.000			
700	5600000339	00010	00	1	2024	5000036740	0002	E	101	09.02.2024	0.010	0.010	0.00	0.00	INR	0.00	0.000	0.000	S				0000		0000	0000	09.02.2024	04:33:59	0.00		0.00	000000000014000035	1010		0000							0.00	INR	0.010		09.02.2024			SCLADMIN		0000000000	0000000000	00		0.00	0.00	757	0.000	0.000	0.00	0.00	0.000	0.000		0.00	0.00	0.00	0.00	0.00	0.00		0.00000		0080039382	000010						0.000	0.000		0.000						0.000			
700	5600000339	00010	00	1	2024	5000036792	0001	E	101	09.02.2024	42.290	42.290	0.00	0.00	INR	0.00	0.000	0.000	S				0000		0000	0000	09.02.2024	04:50:25	0.00		0.00	000000000014000035	1010		0000							0.00	INR	42.290		09.02.2024			SCLADMIN		0000000000	0000000000	00		0.00	0.00	757	0.000	0.000	0.00	0.00	0.000	0.000		0.00	0.00	0.00	0.00	0.00	0.00		0.00000		0080042697	000010						0.000	0.000		0.000						0.000			
700	5600000339	00010	00	1	2024	5000036792	0002	E	101	09.02.2024	0.150	0.150	0.00	0.00	INR	0.00	0.000	0.000	S				0000		0000	0000	09.02.2024	04:50:25	0.00		0.00	000000000014000035	1010		0000							0.00	INR	0.150		09.02.2024			SCLADMIN		0000000000	0000000000	00		0.00	0.00	757	0.000	0.000	0.00	0.00	0.000	0.000		0.00	0.00	0.00	0.00	0.00	0.00		0.00000		0080042697	000010						0.000	0.000		0.000						0.000			
700	5600000339	00010	00	1	2024	5000036821	0001	E	101	09.02.2024	42.500	42.500	0.00	0.00	INR	0.00	0.000	0.000	S				0000		0000	0000	09.02.2024	05:05:00	0.00		0.00	000000000014000035	1010		0000							0.00	INR	42.500		09.02.2024			SCLADMIN		0000000000	0000000000	00		0.00	0.00	757	0.000	0.000	0.00	0.00	0.000	0.000		0.00	0.00	0.00	0.00	0.00	0.00		0.00000		0080050683	000010						0.000	0.000		0.000						0.000			
700	5600000339	00010	00	1	2024	5000036821	0002	E	101	09.02.2024	0.140	0.140	0.00	0.00	INR	0.00	0.000	0.000	S				0000		0000	0000	09.02.2024	05:05:00	0.00		0.00	000000000014000035	1010		0000							0.00	INR	0.140		09.02.2024			SCLADMIN		0000000000	0000000000	00		0.00	0.00	757	0.000	0.000	0.00	0.00	0.000	0.000		0.00	0.00	0.00	0.00	0.00	0.00		0.00000		0080050683	000010						0.000	0.000		0.000						0.000			
700	5600000339	00010	00	1	2024	5000036841	0001	E	101	09.02.2024	41.950	41.950	0.00	0.00	INR	0.00	0.000	0.000	S				0000		0000	0000	09.02.2024	05:20:32	0.00		0.00	000000000014000035	1010		0000							0.00	INR	41.950		09.02.2024			SCLADMIN		0000000000	0000000000	00		0.00	0.00	757	0.000	0.000	0.00	0.00	0.000	0.000		0.00	0.00	0.00	0.00	0.00	0.00		0.00000		0080051260	000010						0.000	0.000		0.000						0.000			
700	5600000339	00010	00	1	2024	5000036841	0002	E	101	09.02.2024	0.090	0.090	0.00	0.00	INR	0.00	0.000	0.000	S				0000		0000	0000	09.02.2024	05:20:32	0.00		0.00	000000000014000035	1010		0000							0.00	INR	0.090		09.02.2024			SCLADMIN		0000000000	0000000000	00		0.00	0.00	757	0.000	0.000	0.00	0.00	0.000	0.000		0.00	0.00	0.00	0.00	0.00	0.00		0.00000		0080051260	000010						0.000	0.000		0.000						0.000			
700	5600000339	00010	00	1	2024	5000036853	0001	E	101	09.02.2024	41.940	41.940	0.00	0.00	INR	0.00	0.000	0.000	S				0000		0000	0000	09.02.2024	05:28:29	0.00		0.00	000000000014000035	1010		0000							0.00	INR	41.940		09.02.2024			SCLADMIN		0000000000	0000000000	00		0.00	0.00	757	0.000	0.000	0.00	0.00	0.000	0.000		0.00	0.00	0.00	0.00	0.00	0.00		0.00000		0080051326	000010						0.000	0.000		0.000						0.000			
700	5600000339	00010	00	1	2024	5000036859	0001	E	101	09.02.2024	42.440	42.440	0.00	0.00	INR	0.00	0.000	0.000	S				0000		0000	0000	09.02.2024	05:34:24	0.00		0.00	000000000014000035	1010		0000							0.00	INR	42.440		09.02.2024			SCLADMIN		0000000000	0000000000	00		0.00	0.00	757	0.000	0.000	0.00	0.00	0.000	0.000		0.00	0.00	0.00	0.00	0.00	0.00		0.00000		0080049183	000010						0.000	0.000		0.000						0.000			
700	5600000339	00010	00	1	2024	5000036859	0002	E	101	09.02.2024	0.070	0.070	0.00	0.00	INR	0.00	0.000	0.000	S				0000		0000	0000	09.02.2024	05:34:24	0.00		0.00	000000000014000035	1010		0000							0.00	INR	0.070		09.02.2024			SCLADMIN		0000000000	0000000000	00		0.00	0.00	757	0.000	0.000	0.00	0.00	0.000	0.000		0.00	0.00	0.00	0.00	0.00	0.00		0.00000		0080049183	000010						0.000	0.000		0.000						0.000			
700	5600000339	00010	00	1	2024	5000036875	0001	E	101	09.02.2024	43.300	43.300	0.00	0.00	INR	0.00	0.000	0.000	S				0000		0000	0000	09.02.2024	05:44:55	0.00		0.00	000000000014000035	1010		0000							0.00	INR	43.300		09.02.2024			SCLADMIN		0000000000	0000000000	00		0.00	0.00	757	0.000	0.000	0.00	0.00	0.000	0.000		0.00	0.00	0.00	0.00	0.00	0.00		0.00000		0080051407	000010						0.000	0.000		0.000						0.000			
700	5600000339	00010	00	1	2024	5000036875	0002	E	101	09.02.2024	0.070	0.070	0.00	0.00	INR	0.00	0.000	0.000	S				0000		0000	0000	09.02.2024	05:44:55	0.00		0.00	000000000014000035	1010		0000							0.00	INR	0.070		09.02.2024			SCLADMIN		0000000000	0000000000	00		0.00	0.00	757	0.000	0.000	0.00	0.00	0.000	0.000		0.00	0.00	0.00	0.00	0.00	0.00		0.00000		0080051407	000010						0.000	0.000		0.000						0.000			
700	5600000339	00010	00	1	2024	5000036904	0001	E	101	09.02.2024	41.910	41.910	0.00	0.00	INR	0.00	0.000	0.000	S				0000		0000	0000	09.02.2024	06:01:09	0.00		0.00	000000000014000035	1010		0000							0.00	INR	41.910		09.02.2024			SCLADMIN		0000000000	0000000000	00		0.00	0.00	757	0.000	0.000	0.00	0.00	0.000	0.000		0.00	0.00	0.00	0.00	0.00	0.00		0.00000		0080051429	000010						0.000	0.000		0.000						0.000			
700	5600000339	00010	00	1	2024	5000036904	0002	E	101	09.02.2024	0.110	0.110	0.00	0.00	INR	0.00	0.000	0.000	S				0000		0000	0000	09.02.2024	06:01:09	0.00		0.00	000000000014000035	1010		0000							0.00	INR	0.110		09.02.2024			SCLADMIN		0000000000	0000000000	00		0.00	0.00	757	0.000	0.000	0.00	0.00	0.000	0.000		0.00	0.00	0.00	0.00	0.00	0.00		0.00000		0080051429	000010						0.000	0.000		0.000						0.000			
700	5600000339	00010	00	1	2024	5000036909	0001	E	101	09.02.2024	40.730	40.730	0.00	0.00	INR	0.00	0.000	0.000	S				0000		0000	0000	09.02.2024	06:03:19	0.00		0.00	000000000014000035	1010		0000							0.00	INR	40.730		09.02.2024			SCLADMIN		0000000000	0000000000	00		0.00	0.00	757	0.000	0.000	0.00	0.00	0.000	0.000		0.00	0.00	0.00	0.00	0.00	0.00		0.00000		0080048536	000010						0.000	0.000		0.000						0.000			
700	5600000339	00010	00	1	2024	5000036909	0002	E	101	09.02.2024	0.070	0.070	0.00	0.00	INR	0.00	0.000	0.000	S				0000		0000	0000	09.02.2024	06:03:19	0.00		0.00	000000000014000035	1010		0000							0.00	INR	0.070		09.02.2024			SCLADMIN		0000000000	0000000000	00		0.00	0.00	757	0.000	0.000	0.00	0.00	0.000	0.000		0.00	0.00	0.00	0.00	0.00	0.00		0.00000		0080048536	000010						0.000	0.000		0.000						0.000			
700	5600000339	00010	00	1	2024	5000036931	0001	E	101	09.02.2024	42.010	42.010	0.00	0.00	INR	0.00	0.000	0.000	S				0000		0000	0000	09.02.2024	06:20:04	0.00		0.00	000000000014000035	1010		0000							0.00	INR	42.010		09.02.2024			SCLADMIN		0000000000	0000000000	00		0.00	0.00	757	0.000	0.000	0.00	0.00	0.000	0.000		0.00	0.00	0.00	0.00	0.00	0.00		0.00000		0080044435	000010						0.000	0.000		0.000						0.000			
700	5600000339	00010	00	1	2024	5000036965	0001	E	101	09.02.2024	42.030	42.030	0.00	0.00	INR	0.00	0.000	0.000	S				0000		0000	0000	09.02.2024	06:41:54	0.00		0.00	000000000014000035	1010		0000							0.00	INR	42.030		09.02.2024			SCLADMIN		0000000000	0000000000	00		0.00	0.00	757	0.000	0.000	0.00	0.00	0.000	0.000		0.00	0.00	0.00	0.00	0.00	0.00		0.00000		0080045536	000010						0.000	0.000		0.000						0.000			
700	5600000339	00010	00	1	2024	5000036965	0002	E	101	09.02.2024	0.060	0.060	0.00	0.00	INR	0.00	0.000	0.000	S				0000		0000	0000	09.02.2024	06:41:54	0.00		0.00	000000000014000035	1010		0000							0.00	INR	0.060		09.02.2024			SCLADMIN		0000000000	0000000000	00		0.00	0.00	757	0.000	0.000	0.00	0.00	0.000	0.000		0.00	0.00	0.00	0.00	0.00	0.00		0.00000		0080045536	000010						0.000	0.000		0.000						0.000			
700	5600000339	00010	00	1	2024	5000036983	0001	E	101	09.02.2024	41.700	41.700	0.00	0.00	INR	0.00	0.000	0.000	S				0000		0000	0000	09.02.2024	06:56:24	0.00		0.00	000000000014000035	1010		0000							0.00	INR	41.700		09.02.2024			SCLADMIN		0000000000	0000000000	00		0.00	0.00	757	0.000	0.000	0.00	0.00	0.000	0.000		0.00	0.00	0.00	0.00	0.00	0.00		0.00000		0080051432	000010						0.000	0.000		0.000						0.000			
700	5600000339	00010	00	1	2024	5000036983	0002	E	101	09.02.2024	0.140	0.140	0.00	0.00	INR	0.00	0.000	0.000	S				0000		0000	0000	09.02.2024	06:56:24	0.00		0.00	000000000014000035	1010		0000							0.00	INR	0.140		09.02.2024			SCLADMIN		0000000000	0000000000	00		0.00	0.00	757	0.000	0.000	0.00	0.00	0.000	0.000		0.00	0.00	0.00	0.00	0.00	0.00		0.00000		0080051432	000010						0.000	0.000		0.000						0.000			
700	5600000339	00010	00	1	2024	5000037007	0001	E	101	09.02.2024	41.930	41.930	0.00	0.00	INR	0.00	0.000	0.000	S				0000		0000	0000	09.02.2024	07:16:24	0.00		0.00	000000000014000035	1010		0000							0.00	INR	41.930		09.02.2024			SCLADMIN		0000000000	0000000000	00		0.00	0.00	757	0.000	0.000	0.00	0.00	0.000	0.000		0.00	0.00	0.00	0.00	0.00	0.00		0.00000		0080051461	000010						0.000	0.000		0.000						0.000			
700	5600000339	00010	00	1	2024	5000037007	0002	E	101	09.02.2024	0.140	0.140	0.00	0.00	INR	0.00	0.000	0.000	S				0000		0000	0000	09.02.2024	07:16:24	0.00		0.00	000000000014000035	1010		0000							0.00	INR	0.140		09.02.2024			SCLADMIN		0000000000	0000000000	00		0.00	0.00	757	0.000	0.000	0.00	0.00	0.000	0.000		0.00	0.00	0.00	0.00	0.00	0.00		0.00000		0080051461	000010						0.000	0.000		0.000						0.000			
700	5600000339	00010	00	1	2024	5000037015	0001	E	101	09.02.2024	41.890	41.890	0.00	0.00	INR	0.00	0.000	0.000	S				0000		0000	0000	09.02.2024	07:25:39	0.00		0.00	000000000014000035	1010		0000							0.00	INR	41.890		09.02.2024			SCLADMIN		0000000000	0000000000	00		0.00	0.00	757	0.000	0.000	0.00	0.00	0.000	0.000		0.00	0.00	0.00	0.00	0.00	0.00		0.00000		0080051256	000010						0.000	0.000		0.000						0.000			
700	5600000339	00010	00	1	2024	5000037015	0002	E	101	09.02.2024	0.130	0.130	0.00	0.00	INR	0.00	0.000	0.000	S				0000		0000	0000	09.02.2024	07:25:39	0.00		0.00	000000000014000035	1010		0000							0.00	INR	0.130		09.02.2024			SCLADMIN		0000000000	0000000000	00		0.00	0.00	757	0.000	0.000	0.00	0.00	0.000	0.000		0.00	0.00	0.00	0.00	0.00	0.00		0.00000		0080051256	000010						0.000	0.000		0.000						0.000			
700	5600000339	00010	00	1	2024	5000037043	0001	E	101	09.02.2024	41.990	41.990	0.00	0.00	INR	0.00	0.000	0.000	S				0000		0000	0000	09.02.2024	07:35:59	0.00		0.00	000000000014000035	1010		0000							0.00	INR	41.990		09.02.2024			SCLADMIN		0000000000	0000000000	00		0.00	0.00	757	0.000	0.000	0.00	0.00	0.000	0.000		0.00	0.00	0.00	0.00	0.00	0.00		0.00000		0080051424	000010						0.000	0.000		0.000						0.000			
700	5600000339	00010	00	1	2024	5000037043	0002	E	101	09.02.2024	0.050	0.050	0.00	0.00	INR	0.00	0.000	0.000	S				0000		0000	0000	09.02.2024	07:35:59	0.00		0.00	000000000014000035	1010		0000							0.00	INR	0.050		09.02.2024			SCLADMIN		0000000000	0000000000	00		0.00	0.00	757	0.000	0.000	0.00	0.00	0.000	0.000		0.00	0.00	0.00	0.00	0.00	0.00		0.00000		0080051424	000010						0.000	0.000		0.000						0.000			
700	5600000339	00010	00	1	2024	5000037066	0001	E	101	09.02.2024	41.260	41.260	0.00	0.00	INR	0.00	0.000	0.000	S				0000		0000	0000	09.02.2024	07:49:39	0.00		0.00	000000000014000035	1010		0000							0.00	INR	41.260		09.02.2024			SCLADMIN		0000000000	0000000000	00		0.00	0.00	757	0.000	0.000	0.00	0.00	0.000	0.000		0.00	0.00	0.00	0.00	0.00	0.00		0.00000		0080049604	000010						0.000	0.000		0.000						0.000			
700	5600000339	00010	00	1	2024	5000037066	0002	E	101	09.02.2024	0.110	0.110	0.00	0.00	INR	0.00	0.000	0.000	S				0000		0000	0000	09.02.2024	07:49:39	0.00		0.00	000000000014000035	1010		0000							0.00	INR	0.110		09.02.2024			SCLADMIN		0000000000	0000000000	00		0.00	0.00	757	0.000	0.000	0.00	0.00	0.000	0.000		0.00	0.00	0.00	0.00	0.00	0.00		0.00000		0080049604	000010						0.000	0.000		0.000						0.000			
700	5600000339	00010	00	1	2024	5000037114	0001	E	101	09.02.2024	43.470	43.470	0.00	0.00	INR	0.00	0.000	0.000	S				0000		0000	0000	09.02.2024	08:24:34	0.00		0.00	000000000014000035	1010		0000							0.00	INR	43.470		09.02.2024			SCLADMIN		0000000000	0000000000	00		0.00	0.00	757	0.000	0.000	0.00	0.00	0.000	0.000		0.00	0.00	0.00	0.00	0.00	0.00		0.00000		0080049884	000010						0.000	0.000		0.000						0.000			
700	5600000339	00010	00	1	2024	5000037119	0001	E	101	09.02.2024	42.320	42.320	0.00	0.00	INR	0.00	0.000	0.000	S				0000		0000	0000	09.02.2024	08:31:09	0.00		0.00	000000000014000035	1010		0000							0.00	INR	42.320		09.02.2024			SCLADMIN		0000000000	0000000000	00		0.00	0.00	757	0.000	0.000	0.00	0.00	0.000	0.000		0.00	0.00	0.00	0.00	0.00	0.00		0.00000		0080052770	000010						0.000	0.000		0.000						0.000			
700	5600000339	00010	00	1	2024	5000037119	0002	E	101	09.02.2024	0.050	0.050	0.00	0.00	INR	0.00	0.000	0.000	S				0000		0000	0000	09.02.2024	08:31:09	0.00		0.00	000000000014000035	1010		0000							0.00	INR	0.050		09.02.2024			SCLADMIN		0000000000	0000000000	00		0.00	0.00	757	0.000	0.000	0.00	0.00	0.000	0.000		0.00	0.00	0.00	0.00	0.00	0.00		0.00000		0080052770	000010						0.000	0.000		0.000						0.000			
700	5600000339	00010	00	1	2024	5000037521	0001	E	101	09.02.2024	41.760	41.760	0.00	0.00	INR	0.00	0.000	0.000	S				0000		0000	0000	09.02.2024	11:00:21	0.00		0.00	000000000014000035	1010		0000							0.00	INR	41.760		09.02.2024			SCLADMIN		0000000000	0000000000	00		0.00	0.00	757	0.000	0.000	0.00	0.00	0.000	0.000		0.00	0.00	0.00	0.00	0.00	0.00		0.00000		0080052551	000010						0.000	0.000		0.000						0.000			
700	5600000339	00010	00	1	2024	5000037521	0002	E	101	09.02.2024	0.210	0.210	0.00	0.00	INR	0.00	0.000	0.000	S				0000		0000	0000	09.02.2024	11:00:21	0.00		0.00	000000000014000035	1010		0000							0.00	INR	0.210		09.02.2024			SCLADMIN		0000000000	0000000000	00		0.00	0.00	757	0.000	0.000	0.00	0.00	0.000	0.000		0.00	0.00	0.00	0.00	0.00	0.00		0.00000		0080052551	000010						0.000	0.000		0.000						0.000			
700	5600000339	00010	00	1	2024	5000037671	0001	E	101	09.02.2024	42.430	42.430	0.00	0.00	INR	0.00	0.000	0.000	S				0000		0000	0000	09.02.2024	11:43:56	0.00		0.00	000000000014000035	1010		0000							0.00	INR	42.430		09.02.2024			SCLADMIN		0000000000	0000000000	00		0.00	0.00	757	0.000	0.000	0.00	0.00	0.000	0.000		0.00	0.00	0.00	0.00	0.00	0.00		0.00000		0080047056	000010						0.000	0.000		0.000						0.000			
700	5600000339	00010	00	1	2024	5000037671	0002	E	101	09.02.2024	0.150	0.150	0.00	0.00	INR	0.00	0.000	0.000	S				0000		0000	0000	09.02.2024	11:43:56	0.00		0.00	000000000014000035	1010		0000							0.00	INR	0.150		09.02.2024			SCLADMIN		0000000000	0000000000	00		0.00	0.00	757	0.000	0.000	0.00	0.00	0.000	0.000		0.00	0.00	0.00	0.00	0.00	0.00		0.00000		0080047056	000010						0.000	0.000		0.000						0.000			
700	5600000339	00010	00	1	2024	5000037714	0001	E	101	09.02.2024	41.640	41.640	0.00	0.00	INR	0.00	0.000	0.000	S				0000		0000	0000	09.02.2024	11:53:45	0.00		0.00	000000000014000035	1010		0000							0.00	INR	41.640		09.02.2024			SCLADMIN		0000000000	0000000000	00		0.00	0.00	757	0.000	0.000	0.00	0.00	0.000	0.000		0.00	0.00	0.00	0.00	0.00	0.00		0.00000		0080051100	000010						0.000	0.000		0.000						0.000			
700	5600000339	00010	00	1	2024	5000037714	0002	E	101	09.02.2024	0.160	0.160	0.00	0.00	INR	0.00	0.000	0.000	S				0000		0000	0000	09.02.2024	11:53:45	0.00		0.00	000000000014000035	1010		0000							0.00	INR	0.160		09.02.2024			SCLADMIN		0000000000	0000000000	00		0.00	0.00	757	0.000	0.000	0.00	0.00	0.000	0.000		0.00	0.00	0.00	0.00	0.00	0.00		0.00000		0080051100	000010						0.000	0.000		0.000						0.000			
700	5600000339	00010	00	1	2024	5000037786	0001	E	101	09.02.2024	42.040	42.040	0.00	0.00	INR	0.00	0.000	0.000	S				0000		0000	0000	09.02.2024	12:12:15	0.00		0.00	000000000014000035	1010		0000							0.00	INR	42.040		09.02.2024			SCLADMIN		0000000000	0000000000	00		0.00	0.00	757	0.000	0.000	0.00	0.00	0.000	0.000		0.00	0.00	0.00	0.00	0.00	0.00		0.00000		0080051375	000010						0.000	0.000		0.000						0.000			
700	5600000339	00010	00	1	2024	5000037786	0002	E	101	09.02.2024	0.130	0.130	0.00	0.00	INR	0.00	0.000	0.000	S				0000		0000	0000	09.02.2024	12:12:15	0.00		0.00	000000000014000035	1010		0000							0.00	INR	0.130		09.02.2024			SCLADMIN		0000000000	0000000000	00		0.00	0.00	757	0.000	0.000	0.00	0.00	0.000	0.000		0.00	0.00	0.00	0.00	0.00	0.00		0.00000		0080051375	000010						0.000	0.000		0.000						0.000			
700	5600000339	00010	00	6	2024	4900221853	0001	U	641	06.02.2024	41.600	0.000	98,439.33	98,439.33	INR	0.00	0.000	0.000	H			0080033288	0000		0000	0000	06.02.2024	02:56:35	0.00		0.00	000000000014000035	1002		0000							0.00	INR	41.600		05.02.2024			SCLADMIN		0000000000	0000000000	00		0.00	0.00	757	0.000	0.000	0.00	0.00	0.000	0.000		0.00	0.00	0.00	0.00	0.00	0.00		0.00000		0080033288	000010						0.000	0.000		0.000						0.000			
700	5600000339	00010	00	6	2024	4900221881	0001	U	641	06.02.2024	42.230	0.000	99,930.12	99,930.12	INR	0.00	0.000	0.000	H			0080033711	0000		0000	0000	06.02.2024	02:58:29	0.00		0.00	000000000014000035	1002		0000							0.00	INR	42.230		06.02.2024			SCLADMIN		0000000000	0000000000	00		0.00	0.00	757	0.000	0.000	0.00	0.00	0.000	0.000		0.00	0.00	0.00	0.00	0.00	0.00		0.00000		0080033711	000010						0.000	0.000		0.000						0.000			
700	5600000339	00010	00	6	2024	4900221931	0001	U	641	06.02.2024	41.380	0.000	97,918.74	97,918.74	INR	0.00	0.000	0.000	H			0080033031	0000		0000	0000	06.02.2024	03:06:36	0.00		0.00	000000000014000035	1002		0000							0.00	INR	41.380		05.02.2024			SCLADMIN		0000000000	0000000000	00		0.00	0.00	757	0.000	0.000	0.00	0.00	0.000	0.000		0.00	0.00	0.00	0.00	0.00	0.00		0.00000		0080033031	000010						0.000	0.000		0.000						0.000			
700	5600000339	00010	00	6	2024	4900222078	0001	U	641	06.02.2024	42.380	0.000	100,285.07	100,285.07	INR	0.00	0.000	0.000	H			0080033773	0000		0000	0000	06.02.2024	03:24:38	0.00		0.00	000000000014000035	1002		0000							0.00	INR	42.380		06.02.2024			SCLADMIN		0000000000	0000000000	00		0.00	0.00	757	0.000	0.000	0.00	0.00	0.000	0.000		0.00	0.00	0.00	0.00	0.00	0.00		0.00000		0080033773	000010						0.000	0.000		0.000						0.000			
700	5600000339	00010	00	6	2024	4900222144	0001	U	641	06.02.2024	41.680	0.000	98,628.63	98,628.63	INR	0.00	0.000	0.000	H			0080033704	0000		0000	0000	06.02.2024	03:31:13	0.00		0.00	000000000014000035	1002		0000							0.00	INR	41.680		06.02.2024			SCLADMIN		0000000000	0000000000	00		0.00	0.00	757	0.000	0.000	0.00	0.00	0.000	0.000		0.00	0.00	0.00	0.00	0.00	0.00		0.00000		0080033704	000010						0.000	0.000		0.000						0.000			
700	5600000339	00010	00	6	2024	4900222268	0001	U	641	06.02.2024	42.100	0.000	99,622.49	99,622.49	INR	0.00	0.000	0.000	H			0080033562	0000		0000	0000	06.02.2024	03:44:38	0.00		0.00	000000000014000035	1002		0000							0.00	INR	42.100		06.02.2024			SCLADMIN		0000000000	0000000000	00		0.00	0.00	757	0.000	0.000	0.00	0.00	0.000	0.000		0.00	0.00	0.00	0.00	0.00	0.00		0.00000		0080033562	000010						0.000	0.000		0.000						0.000			
700	5600000339	00010	00	6	2024	4900222307	0001	U	641	06.02.2024	42.220	0.000	99,906.45	99,906.45	INR	0.00	0.000	0.000	H			0080033860	0000		0000	0000	06.02.2024	03:47:38	0.00		0.00	000000000014000035	1002		0000							0.00	INR	42.220		06.02.2024			SCLADMIN		0000000000	0000000000	00		0.00	0.00	757	0.000	0.000	0.00	0.00	0.000	0.000		0.00	0.00	0.00	0.00	0.00	0.00		0.00000		0080033860	000010						0.000	0.000		0.000						0.000			
700	5600000339	00010	00	6	2024	4900222486	0001	U	641	06.02.2024	42.160	0.000	99,764.47	99,764.47	INR	0.00	0.000	0.000	H			0080033904	0000		0000	0000	06.02.2024	04:12:40	0.00		0.00	000000000014000035	1002		0000							0.00	INR	42.160		06.02.2024			SCLADMIN		0000000000	0000000000	00		0.00	0.00	757	0.000	0.000	0.00	0.00	0.000	0.000		0.00	0.00	0.00	0.00	0.00	0.00		0.00000		0080033904	000010						0.000	0.000		0.000						0.000			
700	5600000339	00010	00	6	2024	4900222638	0001	U	641	06.02.2024	41.740	0.000	98,770.61	98,770.61	INR	0.00	0.000	0.000	H			0080033909	0000		0000	0000	06.02.2024	04:34:47	0.00		0.00	000000000014000035	1002		0000							0.00	INR	41.740		06.02.2024			SCLADMIN		0000000000	0000000000	00		0.00	0.00	757	0.000	0.000	0.00	0.00	0.000	0.000		0.00	0.00	0.00	0.00	0.00	0.00		0.00000		0080033909	000010						0.000	0.000		0.000						0.000			
700	5600000339	00010	00	6	2024	4900223012	0001	U	641	06.02.2024	42.180	0.000	99,811.80	99,811.80	INR	0.00	0.000	0.000	H			0080033942	0000		0000	0000	06.02.2024	05:33:34	0.00		0.00	000000000014000035	1002		0000							0.00	INR	42.180		06.02.2024			SCLADMIN		0000000000	0000000000	00		0.00	0.00	757	0.000	0.000	0.00	0.00	0.000	0.000		0.00	0.00	0.00	0.00	0.00	0.00		0.00000		0080033942	000010						0.000	0.000		0.000						0.000			
700	5600000339	00010	00	6	2024	4900223032	0001	U	641	06.02.2024	42.360	0.000	100,237.74	100,237.74	INR	0.00	0.000	0.000	H			0080033941	0000		0000	0000	06.02.2024	05:37:51	0.00		0.00	000000000014000035	1002		0000							0.00	INR	42.360		06.02.2024			SCLADMIN		0000000000	0000000000	00		0.00	0.00	757	0.000	0.000	0.00	0.00	0.000	0.000		0.00	0.00	0.00	0.00	0.00	0.00		0.00000		0080033941	000010						0.000	0.000		0.000						0.000			
700	5600000339	00010	00	6	2024	4900225146	0001	U	641	06.02.2024	43.430	0.000	102,769.71	102,769.71	INR	0.00	0.000	0.000	H			0080034415	0000		0000	0000	06.02.2024	13:46:04	0.00		0.00	000000000014000035	1002		0000							0.00	INR	43.430		06.02.2024			SCLADMIN		0000000000	0000000000	00		0.00	0.00	757	0.000	0.000	0.00	0.00	0.000	0.000		0.00	0.00	0.00	0.00	0.00	0.00		0.00000		0080034415	000010						0.000	0.000		0.000						0.000			
700	5600000339	00010	00	6	2024	4900226620	0001	U	641	06.02.2024	44.200	0.000	104,591.79	104,591.79	INR	0.00	0.000	0.000	H			0080036105	0000		0000	0000	06.02.2024	16:08:01	0.00		0.00	000000000014000035	1002		0000							0.00	INR	44.200		06.02.2024			SCLADMIN		0000000000	0000000000	00		0.00	0.00	757	0.000	0.000	0.00	0.00	0.000	0.000		0.00	0.00	0.00	0.00	0.00	0.00		0.00000		0080036105	000010						0.000	0.000		0.000						0.000			
700	5600000339	00010	00	6	2024	4900229096	0001	U	641	06.02.2024	42.970	0.000	101,681.20	101,681.20	INR	0.00	0.000	0.000	H			0080035841	0000		0000	0000	06.02.2024	18:16:47	0.00		0.00	000000000014000035	1002		0000							0.00	INR	42.970		06.02.2024			SCLADMIN		0000000000	0000000000	00		0.00	0.00	757	0.000	0.000	0.00	0.00	0.000	0.000		0.00	0.00	0.00	0.00	0.00	0.00		0.00000		0080035841	000010						0.000	0.000		0.000						0.000			
700	5600000339	00010	00	6	2024	4900231054	0001	U	641	06.02.2024	45.590	0.000	107,880.98	107,880.98	INR	0.00	0.000	0.000	H			0080039356	0000		0000	0000	06.02.2024	19:53:29	0.00		0.00	000000000014000035	1002		0000							0.00	INR	45.590		06.02.2024			SCLADMIN		0000000000	0000000000	00		0.00	0.00	757	0.000	0.000	0.00	0.00	0.000	0.000		0.00	0.00	0.00	0.00	0.00	0.00		0.00000		0080039356	000010						0.000	0.000		0.000						0.000			
700	5600000339	00010	00	6	2024	4900231216	0001	U	641	06.02.2024	41.930	0.000	99,220.22	99,220.22	INR	0.00	0.000	0.000	H			0080039382	0000		0000	0000	06.02.2024	20:02:46	0.00		0.00	000000000014000035	1002		0000							0.00	INR	41.930		06.02.2024			SCLADMIN		0000000000	0000000000	00		0.00	0.00	757	0.000	0.000	0.00	0.00	0.000	0.000		0.00	0.00	0.00	0.00	0.00	0.00		0.00000		0080039382	000010						0.000	0.000		0.000						0.000			
700	5600000339	00010	00	6	2024	4900232157	0001	U	641	06.02.2024	41.900	0.000	99,149.23	99,149.23	INR	0.00	0.000	0.000	H			0080040132	0000		0000	0000	06.02.2024	20:56:22	0.00		0.00	000000000014000035	1002		0000							0.00	INR	41.900		06.02.2024			SCLADMIN		0000000000	0000000000	00		0.00	0.00	757	0.000	0.000	0.00	0.00	0.000	0.000		0.00	0.00	0.00	0.00	0.00	0.00		0.00000		0080040132	000010						0.000	0.000		0.000						0.000			
700	5600000339	00010	00	6	2024	4900234199	0001	U	641	06.02.2024	41.510	0.000	98,226.36	98,226.36	INR	0.00	0.000	0.000	H			0080040372	0000		0000	0000	06.02.2024	22:56:07	0.00		0.00	000000000014000035	1002		0000							0.00	INR	41.510		06.02.2024			SCLADMIN		0000000000	0000000000	00		0.00	0.00	757	0.000	0.000	0.00	0.00	0.000	0.000		0.00	0.00	0.00	0.00	0.00	0.00		0.00000		0080040372	000010						0.000	0.000		0.000						0.000			
700	5600000339	00010	00	6	2024	4900234940	0001	U	641	06.02.2024	43.510	0.000	102,959.02	102,959.02	INR	0.00	0.000	0.000	H			0080037902	0000		0000	0000	06.02.2024	23:36:40	0.00		0.00	000000000014000035	1002		0000							0.00	INR	43.510		06.02.2024			SCLADMIN		0000000000	0000000000	00		0.00	0.00	757	0.000	0.000	0.00	0.00	0.000	0.000		0.00	0.00	0.00	0.00	0.00	0.00		0.00000		0080037902	000010						0.000	0.000		0.000						0.000			
700	5600000339	00010	00	6	2024	4900235196	0001	U	641	06.02.2024	43.350	0.000	102,580.41	102,580.41	INR	0.00	0.000	0.000	H			0080038693	0000		0000	0000	06.02.2024	23:48:44	0.00		0.00	000000000014000035	1002		0000							0.00	INR	43.350		06.02.2024			SCLADMIN		0000000000	0000000000	00		0.00	0.00	757	0.000	0.000	0.00	0.00	0.000	0.000		0.00	0.00	0.00	0.00	0.00	0.00		0.00000		0080038693	000010						0.000	0.000		0.000						0.000			
700	5600000339	00010	00	6	2024	4900274211	0001	U	641	09.02.2024	42.780	0.000	101,231.60	101,231.60	INR	0.00	0.000	0.000	H			0080059108	0000		0000	0000	09.02.2024	00:19:05	0.00		0.00	000000000014000035	1002		0000							0.00	INR	42.780		08.02.2024			SCLADMIN		0000000000	0000000000	00		0.00	0.00	757	0.000	0.000	0.00	0.00	0.000	0.000		0.00	0.00	0.00	0.00	0.00	0.00		0.00000		0080059108	000010						0.000	0.000		0.000						0.000			
700	5600000339	00010	00	6	2024	4900274236	0001	U	641	09.02.2024	43.460	0.000	102,840.70	102,840.70	INR	0.00	0.000	0.000	H			0080059115	0000		0000	0000	09.02.2024	00:22:37	0.00		0.00	000000000014000035	1002		0000							0.00	INR	43.460		08.02.2024			SCLADMIN		0000000000	0000000000	00		0.00	0.00	757	0.000	0.000	0.00	0.00	0.000	0.000		0.00	0.00	0.00	0.00	0.00	0.00		0.00000		0080059115	000010						0.000	0.000		0.000						0.000			
700	5600000339	00010	00	6	2024	4900274366	0001	U	641	09.02.2024	44.300	0.000	104,828.42	104,828.42	INR	0.00	0.000	0.000	H			0080059152	0000		0000	0000	09.02.2024	00:31:56	0.00		0.00	000000000014000035	1002		0000							0.00	INR	44.300		08.02.2024			SCLADMIN		0000000000	0000000000	00		0.00	0.00	757	0.000	0.000	0.00	0.00	0.000	0.000		0.00	0.00	0.00	0.00	0.00	0.00		0.00000		0080059152	000010						0.000	0.000		0.000						0.000			
700	5600000339	00010	00	6	2024	4900274511	0001	U	641	09.02.2024	43.090	0.000	101,965.16	101,965.16	INR	0.00	0.000	0.000	H			0080059388	0000		0000	0000	09.02.2024	00:49:37	0.00		0.00	000000000014000035	1002		0000							0.00	INR	43.090		09.02.2024			SCLADMIN		0000000000	0000000000	00		0.00	0.00	757	0.000	0.000	0.00	0.00	0.000	0.000		0.00	0.00	0.00	0.00	0.00	0.00		0.00000		0080059388	000010						0.000	0.000		0.000						0.000			
700	5600000339	00010	00	6	2024	4900274725	0001	U	641	09.02.2024	43.840	0.000	103,739.91	103,739.91	INR	0.00	0.000	0.000	H			0080059409	0000		0000	0000	09.02.2024	01:07:03	0.00		0.00	000000000014000035	1002		0000							0.00	INR	43.840		09.02.2024			SCLADMIN		0000000000	0000000000	00		0.00	0.00	757	0.000	0.000	0.00	0.00	0.000	0.000		0.00	0.00	0.00	0.00	0.00	0.00		0.00000		0080059409	000010						0.000	0.000		0.000						0.000			
700	5600000339	00010	00	6	2024	4900275097	0001	U	641	09.02.2024	42.780	0.000	101,231.60	101,231.60	INR	0.00	0.000	0.000	H			0080059398	0000		0000	0000	09.02.2024	01:47:08	0.00		0.00	000000000014000035	1002		0000							0.00	INR	42.780		09.02.2024			SCLADMIN		0000000000	0000000000	00		0.00	0.00	757	0.000	0.000	0.00	0.00	0.000	0.000		0.00	0.00	0.00	0.00	0.00	0.00		0.00000		0080059398	000010						0.000	0.000		0.000						0.000			
700	5600000339	00010	00	6	2024	4900275193	0001	U	641	09.02.2024	42.320	0.000	100,143.09	100,143.09	INR	0.00	0.000	0.000	H			0080059468	0000		0000	0000	09.02.2024	01:53:12	0.00		0.00	000000000014000035	1002		0000							0.00	INR	42.320		09.02.2024			SCLADMIN		0000000000	0000000000	00		0.00	0.00	757	0.000	0.000	0.00	0.00	0.000	0.000		0.00	0.00	0.00	0.00	0.00	0.00		0.00000		0080059468	000010						0.000	0.000		0.000						0.000			
700	5600000339	00010	00	6	2024	4900275279	0001	U	641	09.02.2024	42.570	0.000	100,734.67	100,734.67	INR	0.00	0.000	0.000	H			0080059537	0000		0000	0000	09.02.2024	02:04:27	0.00		0.00	000000000014000035	1002		0000							0.00	INR	42.570		09.02.2024			SCLADMIN		0000000000	0000000000	00		0.00	0.00	757	0.000	0.000	0.00	0.00	0.000	0.000		0.00	0.00	0.00	0.00	0.00	0.00		0.00000		0080059537	000010						0.000	0.000		0.000						0.000			
700	5600000339	00010	00	6	2024	4900275625	0001	U	641	09.02.2024	43.090	0.000	101,965.16	101,965.16	INR	0.00	0.000	0.000	H			0080059573	0000		0000	0000	09.02.2024	02:34:41	0.00		0.00	000000000014000035	1002		0000							0.00	INR	43.090		09.02.2024			SCLADMIN		0000000000	0000000000	00		0.00	0.00	757	0.000	0.000	0.00	0.00	0.000	0.000		0.00	0.00	0.00	0.00	0.00	0.00		0.00000		0080059573	000010						0.000	0.000		0.000						0.000			
700	5600000339	00010	00	6	2024	4900275679	0001	U	641	09.02.2024	43.360	0.000	102,604.07	102,604.07	INR	0.00	0.000	0.000	H			0080059610	0000		0000	0000	09.02.2024	02:39:38	0.00		0.00	000000000014000035	1002		0000							0.00	INR	43.360		09.02.2024			SCLADMIN		0000000000	0000000000	00		0.00	0.00	757	0.000	0.000	0.00	0.00	0.000	0.000		0.00	0.00	0.00	0.00	0.00	0.00		0.00000		0080059610	000010						0.000	0.000		0.000						0.000			
700	5600000339	00010	00	6	2024	4900275784	0001	U	641	09.02.2024	44.050	0.000	104,236.84	104,236.84	INR	0.00	0.000	0.000	H			0080059523	0000		0000	0000	09.02.2024	02:49:22	0.00		0.00	000000000014000035	1002		0000							0.00	INR	44.050		09.02.2024			SCLADMIN		0000000000	0000000000	00		0.00	0.00	757	0.000	0.000	0.00	0.00	0.000	0.000		0.00	0.00	0.00	0.00	0.00	0.00		0.00000		0080059523	000010						0.000	0.000		0.000						0.000			
700	5600000339	00010	00	6	2024	4900275922	0001	U	641	09.02.2024	42.960	0.000	101,657.54	101,657.54	INR	0.00	0.000	0.000	H			0080059673	0000		0000	0000	09.02.2024	03:06:40	0.00		0.00	000000000014000035	1002		0000							0.00	INR	42.960		09.02.2024			SCLADMIN		0000000000	0000000000	00		0.00	0.00	757	0.000	0.000	0.00	0.00	0.000	0.000		0.00	0.00	0.00	0.00	0.00	0.00		0.00000		0080059673	000010						0.000	0.000		0.000						0.000			
700	5600000339	00010	00	6	2024	4900276281	0001	U	641	09.02.2024	43.280	0.000	102,414.76	102,414.76	INR	0.00	0.000	0.000	H			0080059689	0000		0000	0000	09.02.2024	03:48:03	0.00		0.00	000000000014000035	1002		0000							0.00	INR	43.280		09.02.2024			SCLADMIN		0000000000	0000000000	00		0.00	0.00	757	0.000	0.000	0.00	0.00	0.000	0.000		0.00	0.00	0.00	0.00	0.00	0.00		0.00000		0080059689	000010						0.000	0.000		0.000						0.000			
700	5600000339	00010	00	6	2024	4900276513	0001	U	641	09.02.2024	43.310	0.000	102,485.75	102,485.75	INR	0.00	0.000	0.000	H			0080059694	0000		0000	0000	09.02.2024	04:11:36	0.00		0.00	000000000014000035	1002		0000							0.00	INR	43.310		09.02.2024			SCLADMIN		0000000000	0000000000	00		0.00	0.00	757	0.000	0.000	0.00	0.00	0.000	0.000		0.00	0.00	0.00	0.00	0.00	0.00		0.00000		0080059694	000010						0.000	0.000		0.000						0.000			
700	5600000339	00010	00	6	2024	4900276608	0001	U	641	09.02.2024	42.780	0.000	101,231.60	101,231.60	INR	0.00	0.000	0.000	H			0080059691	0000		0000	0000	09.02.2024	04:18:39	0.00		0.00	000000000014000035	1002		0000							0.00	INR	42.780		09.02.2024			SCLADMIN		0000000000	0000000000	00		0.00	0.00	757	0.000	0.000	0.00	0.00	0.000	0.000		0.00	0.00	0.00	0.00	0.00	0.00		0.00000		0080059691	000010						0.000	0.000		0.000						0.000			
700	5600000339	00010	00	6	2024	4900276665	0001	U	641	09.02.2024	42.850	0.000	101,397.24	101,397.24	INR	0.00	0.000	0.000	H			0080059693	0000		0000	0000	09.02.2024	04:23:19	0.00		0.00	000000000014000035	1002		0000							0.00	INR	42.850		09.02.2024			SCLADMIN		0000000000	0000000000	00		0.00	0.00	757	0.000	0.000	0.00	0.00	0.000	0.000		0.00	0.00	0.00	0.00	0.00	0.00		0.00000		0080059693	000010						0.000	0.000		0.000						0.000			
700	5600000339	00010	00	6	2024	4900276821	0001	U	641	09.02.2024	41.570	0.000	98,368.34	98,368.34	INR	0.00	0.000	0.000	H			0080059825	0000		0000	0000	09.02.2024	04:40:55	0.00		0.00	000000000014000035	1002		0000							0.00	INR	41.570		09.02.2024			SCLADMIN		0000000000	0000000000	00		0.00	0.00	757	0.000	0.000	0.00	0.00	0.000	0.000		0.00	0.00	0.00	0.00	0.00	0.00		0.00000		0080059825	000010						0.000	0.000		0.000						0.000			
700	5600000339	00010	00	6	2024	4900276854	0001	U	641	09.02.2024	42.430	0.000	100,403.38	100,403.38	INR	0.00	0.000	0.000	H			0080059812	0000		0000	0000	09.02.2024	04:41:39	0.00		0.00	000000000014000035	1002		0000							0.00	INR	42.430		09.02.2024			SCLADMIN		0000000000	0000000000	00		0.00	0.00	757	0.000	0.000	0.00	0.00	0.000	0.000		0.00	0.00	0.00	0.00	0.00	0.00		0.00000		0080059812	000010						0.000	0.000		0.000						0.000			
700	5600000339	00010	00	6	2024	4900277150	0001	U	641	09.02.2024	41.700	0.000	98,675.96	98,675.96	INR	0.00	0.000	0.000	H			0080059847	0000		0000	0000	09.02.2024	05:23:53	0.00		0.00	000000000014000035	1002		0000							0.00	INR	41.700		09.02.2024			SCLADMIN		0000000000	0000000000	00		0.00	0.00	757	0.000	0.000	0.00	0.00	0.000	0.000		0.00	0.00	0.00	0.00	0.00	0.00		0.00000		0080059847	000010						0.000	0.000		0.000						0.000			
700	5600000339	00010	00	6	2024	4900277522	0001	U	641	09.02.2024	42.630	0.000	100,876.65	100,876.65	INR	0.00	0.000	0.000	H			0080059902	0000		0000	0000	09.02.2024	06:53:47	0.00		0.00	000000000014000035	1002		0000							0.00	INR	42.630		09.02.2024			SCLADMIN		0000000000	0000000000	00		0.00	0.00	757	0.000	0.000	0.00	0.00	0.000	0.000		0.00	0.00	0.00	0.00	0.00	0.00		0.00000		0080059902	000010						0.000	0.000		0.000						0.000			
700	5600000339	00010	00	6	2024	4900277626	0001	U	641	09.02.2024	42.100	0.000	99,622.49	99,622.49	INR	0.00	0.000	0.000	H			0080061269	0000		0000	0000	09.02.2024	07:15:44	0.00		0.00	000000000014000035	1002		0000							0.00	INR	42.100		09.02.2024			SCLADMIN		0000000000	0000000000	00		0.00	0.00	757	0.000	0.000	0.00	0.00	0.000	0.000		0.00	0.00	0.00	0.00	0.00	0.00		0.00000		0080061269	000010						0.000	0.000		0.000						0.000			
700	5600000339	00010	00	6	2024	4900277650	0001	U	641	09.02.2024	41.830	0.000	98,983.58	98,983.58	INR	0.00	0.000	0.000	H			0080061288	0000		0000	0000	09.02.2024	07:18:58	0.00		0.00	000000000014000035	1002		0000							0.00	INR	41.830		09.02.2024			SCLADMIN		0000000000	0000000000	00		0.00	0.00	757	0.000	0.000	0.00	0.00	0.000	0.000		0.00	0.00	0.00	0.00	0.00	0.00		0.00000		0080061288	000010						0.000	0.000		0.000						0.000			
700	5600000339	00010	00	6	2024	4900277657	0001	U	641	09.02.2024	42.040	0.000	99,480.51	99,480.51	INR	0.00	0.000	0.000	H			0080060897	0000		0000	0000	09.02.2024	07:25:33	0.00		0.00	000000000014000035	1002		0000							0.00	INR	42.040		09.02.2024			SCLADMIN		0000000000	0000000000	00		0.00	0.00	757	0.000	0.000	0.00	0.00	0.000	0.000		0.00	0.00	0.00	0.00	0.00	0.00		0.00000		0080060897	000010						0.000	0.000		0.000						0.000			
700	5600000339	00010	00	6	2024	4900277737	0001	U	641	09.02.2024	41.580	0.000	98,392.00	98,392.00	INR	0.00	0.000	0.000	H			0080061268	0000		0000	0000	09.02.2024	07:35:12	0.00		0.00	000000000014000035	1002		0000							0.00	INR	41.580		09.02.2024			SCLADMIN		0000000000	0000000000	00		0.00	0.00	757	0.000	0.000	0.00	0.00	0.000	0.000		0.00	0.00	0.00	0.00	0.00	0.00		0.00000		0080061268	000010						0.000	0.000		0.000						0.000			
700	5600000339	00010	00	6	2024	4900277784	0001	U	641	09.02.2024	41.750	0.000	98,794.28	98,794.28	INR	0.00	0.000	0.000	H			0080061272	0000		0000	0000	09.02.2024	07:46:06	0.00		0.00	000000000014000035	1002		0000							0.00	INR	41.750		09.02.2024			SCLADMIN		0000000000	0000000000	00		0.00	0.00	757	0.000	0.000	0.00	0.00	0.000	0.000		0.00	0.00	0.00	0.00	0.00	0.00		0.00000		0080061272	000010						0.000	0.000		0.000						0.000			
700	5600000339	00010	00	6	2024	4900277789	0001	U	641	09.02.2024	42.450	0.000	100,450.71	100,450.71	INR	0.00	0.000	0.000	H			0080059873	0000		0000	0000	09.02.2024	07:48:28	0.00		0.00	000000000014000035	1002		0000							0.00	INR	42.450		09.02.2024			SCLADMIN		0000000000	0000000000	00		0.00	0.00	757	0.000	0.000	0.00	0.00	0.000	0.000		0.00	0.00	0.00	0.00	0.00	0.00		0.00000		0080059873	000010						0.000	0.000		0.000						0.000			
700	5600000339	00010	00	6	2024	4900277890	0001	U	641	09.02.2024	42.270	0.000	100,024.77	100,024.77	INR	0.00	0.000	0.000	H			0080061300	0000		0000	0000	09.02.2024	07:56:06	0.00		0.00	000000000014000035	1002		0000							0.00	INR	42.270		09.02.2024			SCLADMIN		0000000000	0000000000	00		0.00	0.00	757	0.000	0.000	0.00	0.00	0.000	0.000		0.00	0.00	0.00	0.00	0.00	0.00		0.00000		0080061300	000010						0.000	0.000		0.000						0.000			
700	5600000339	00010	00	6	2024	4900278074	0001	U	641	09.02.2024	41.110	0.000	97,279.83	97,279.83	INR	0.00	0.000	0.000	H			0080061343	0000		0000	0000	09.02.2024	08:39:24	0.00		0.00	000000000014000035	1002		0000							0.00	INR	41.110		09.02.2024			SCLADMIN		0000000000	0000000000	00		0.00	0.00	757	0.000	0.000	0.00	0.00	0.000	0.000		0.00	0.00	0.00	0.00	0.00	0.00		0.00000		0080061343	000010						0.000	0.000		0.000						0.000			
700	5600000339	00010	00	6	2024	4900278124	0001	U	641	09.02.2024	42.070	0.000	99,551.50	99,551.50	INR	0.00	0.000	0.000	H			0080061379	0000		0000	0000	09.02.2024	08:59:34	0.00		0.00	000000000014000035	1002		0000							0.00	INR	42.070		09.02.2024			SCLADMIN		0000000000	0000000000	00		0.00	0.00	757	0.000	0.000	0.00	0.00	0.000	0.000		0.00	0.00	0.00	0.00	0.00	0.00		0.00000		0080061379	000010						0.000	0.000		0.000						0.000			
700	5600000339	00010	00	6	2024	4900278221	0001	U	641	09.02.2024	41.360	0.000	97,871.41	97,871.41	INR	0.00	0.000	0.000	H			0080061390	0000		0000	0000	09.02.2024	09:24:55	0.00		0.00	000000000014000035	1002		0000							0.00	INR	41.360		09.02.2024			SCLADMIN		0000000000	0000000000	00		0.00	0.00	757	0.000	0.000	0.00	0.00	0.000	0.000		0.00	0.00	0.00	0.00	0.00	0.00		0.00000		0080061390	000010						0.000	0.000		0.000						0.000			
700	5600000339	00010	00	6	2024	4900278512	0001	U	641	09.02.2024	41.940	0.000	99,243.88	99,243.88	INR	0.00	0.000	0.000	H			0080061487	0000		0000	0000	09.02.2024	10:13:49	0.00		0.00	000000000014000035	1002		0000							0.00	INR	41.940		09.02.2024			SCLADMIN		0000000000	0000000000	00		0.00	0.00	757	0.000	0.000	0.00	0.00	0.000	0.000		0.00	0.00	0.00	0.00	0.00	0.00		0.00000		0080061487	000010						0.000	0.000		0.000						0.000			
700	5600000339	00010	00	6	2024	4900278714	0001	U	641	09.02.2024	42.200	0.000	99,859.13	99,859.13	INR	0.00	0.000	0.000	H			0080061699	0000		0000	0000	09.02.2024	10:50:57	0.00		0.00	000000000014000035	1002		0000							0.00	INR	42.200		09.02.2024			SCLADMIN		0000000000	0000000000	00		0.00	0.00	757	0.000	0.000	0.00	0.00	0.000	0.000		0.00	0.00	0.00	0.00	0.00	0.00		0.00000		0080061699	000010						0.000	0.000		0.000						0.000			
700	5600000339	00010	00	6	2024	4900278743	0001	U	641	09.02.2024	42.730	0.000	101,113.28	101,113.28	INR	0.00	0.000	0.000	H			0080061601	0000		0000	0000	09.02.2024	10:53:25	0.00		0.00	000000000014000035	1002		0000							0.00	INR	42.730		09.02.2024			SCLADMIN		0000000000	0000000000	00		0.00	0.00	757	0.000	0.000	0.00	0.00	0.000	0.000		0.00	0.00	0.00	0.00	0.00	0.00		0.00000		0080061601	000010						0.000	0.000		0.000						0.000			
700	5600000339	00010	00	6	2024	4900278747	0001	U	641	09.02.2024	42.360	0.000	100,237.74	100,237.74	INR	0.00	0.000	0.000	H			0080061662	0000		0000	0000	09.02.2024	10:55:28	0.00		0.00	000000000014000035	1002		0000							0.00	INR	42.360		09.02.2024			SCLADMIN		0000000000	0000000000	00		0.00	0.00	757	0.000	0.000	0.00	0.00	0.000	0.000		0.00	0.00	0.00	0.00	0.00	0.00		0.00000		0080061662	000010						0.000	0.000		0.000						0.000			
700	5600000339	00010	00	6	2024	4900278754	0001	U	641	09.02.2024	42.240	0.000	99,953.78	99,953.78	INR	0.00	0.000	0.000	H			0080061656	0000		0000	0000	09.02.2024	10:58:53	0.00		0.00	000000000014000035	1002		0000							0.00	INR	42.240		09.02.2024			SCLADMIN		0000000000	0000000000	00		0.00	0.00	757	0.000	0.000	0.00	0.00	0.000	0.000		0.00	0.00	0.00	0.00	0.00	0.00		0.00000		0080061656	000010						0.000	0.000		0.000						0.000			
700	5600000339	00010	00	6	2024	4900278797	0001	U	641	09.02.2024	41.880	0.000	99,101.90	99,101.90	INR	0.00	0.000	0.000	H			0080061747	0000		0000	0000	09.02.2024	11:01:06	0.00		0.00	000000000014000035	1002		0000							0.00	INR	41.880		09.02.2024			SCLADMIN		0000000000	0000000000	00		0.00	0.00	757	0.000	0.000	0.00	0.00	0.000	0.000		0.00	0.00	0.00	0.00	0.00	0.00		0.00000		0080061747	000010						0.000	0.000		0.000						0.000			
700	5600000339	00010	00	6	2024	4900278813	0001	U	641	09.02.2024	42.160	0.000	99,764.47	99,764.47	INR	0.00	0.000	0.000	H			0080061821	0000		0000	0000	09.02.2024	11:03:11	0.00		0.00	000000000014000035	1002		0000							0.00	INR	42.160		09.02.2024			SCLADMIN		0000000000	0000000000	00		0.00	0.00	757	0.000	0.000	0.00	0.00	0.000	0.000		0.00	0.00	0.00	0.00	0.00	0.00		0.00000		0080061821	000010						0.000	0.000		0.000						0.000			
700	5600000339	00010	00	6	2024	4900278833	0001	U	641	09.02.2024	42.160	0.000	99,764.47	99,764.47	INR	0.00	0.000	0.000	H			0080061762	0000		0000	0000	09.02.2024	11:05:30	0.00		0.00	000000000014000035	1002		0000							0.00	INR	42.160		09.02.2024			SCLADMIN		0000000000	0000000000	00		0.00	0.00	757	0.000	0.000	0.00	0.00	0.000	0.000		0.00	0.00	0.00	0.00	0.00	0.00		0.00000		0080061762	000010						0.000	0.000		0.000						0.000			
700	5600000339	00010	00	6	2024	4900279023	0001	U	641	09.02.2024	43.640	0.000	103,266.64	103,266.64	INR	0.00	0.000	0.000	H			0080061852	0000		0000	0000	09.02.2024	11:33:58	0.00		0.00	000000000014000035	1002		0000							0.00	INR	43.640		09.02.2024			SCLADMIN		0000000000	0000000000	00		0.00	0.00	757	0.000	0.000	0.00	0.00	0.000	0.000		0.00	0.00	0.00	0.00	0.00	0.00		0.00000		0080061852	000010						0.000	0.000		0.000						0.000			
700	5600000339	00010	00	6	2024	4900279042	0001	U	641	09.02.2024	43.880	0.000	103,834.56	103,834.56	INR	0.00	0.000	0.000	H			0080061934	0000		0000	0000	09.02.2024	11:39:33	0.00		0.00	000000000014000035	1002		0000							0.00	INR	43.880		09.02.2024			SCLADMIN		0000000000	0000000000	00		0.00	0.00	757	0.000	0.000	0.00	0.00	0.000	0.000		0.00	0.00	0.00	0.00	0.00	0.00		0.00000		0080061934	000010						0.000	0.000		0.000						0.000			
700	5600000339	00010	00	6	2024	4900279283	0001	U	641	09.02.2024	42.170	0.000	99,788.14	99,788.14	INR	0.00	0.000	0.000	H			0080062009	0000		0000	0000	09.02.2024	12:11:11	0.00		0.00	000000000014000035	1002		0000							0.00	INR	42.170		09.02.2024			SCLADMIN		0000000000	0000000000	00		0.00	0.00	757	0.000	0.000	0.00	0.00	0.000	0.000		0.00	0.00	0.00	0.00	0.00	0.00		0.00000		0080062009	000010						0.000	0.000		0.000						0.000			
700	5600000339	00010	00	8	0000	0080000191	0010	L		01.02.2024	42.140	0.000	0.00			0.00	0.000	0.000					0000		0000	0000	01.02.2024	05:43:45	0.00						0000									0.000							0000000000	0000000000	00		0.00	0.00		0.000	0.000	0.00		0.000	0.000		0.00			0.00		0.00		0.00000			000000						0.000	0.000		0.000						0.000			
700	5600000339	00010	00	8	0000	0080000272	0010	L		01.02.2024	41.690	0.000	0.00			0.00	0.000	0.000					0000		0000	0000	01.02.2024	06:58:57	0.00						0000									0.000							0000000000	0000000000	00		0.00	0.00		0.000	0.000	0.00		0.000	0.000		0.00			0.00		0.00		0.00000			000000						0.000	0.000		0.000						0.000			
700	5600000339	00010	00	8	0000	0080000273	0010	L		01.02.2024	41.040	0.000	0.00			0.00	0.000	0.000					0000		0000	0000	01.02.2024	06:58:58	0.00						0000									0.000							0000000000	0000000000	00		0.00	0.00		0.000	0.000	0.00		0.000	0.000		0.00			0.00		0.00		0.00000			000000						0.000	0.000		0.000						0.000			
700	5600000339	00010	00	8	0000	0080000274	0010	L		01.02.2024	41.930	0.000	0.00			0.00	0.000	0.000					0000		0000	0000	01.02.2024	06:58:58	0.00						0000									0.000							0000000000	0000000000	00		0.00	0.00		0.000	0.000	0.00		0.000	0.000		0.00			0.00		0.00		0.00000			000000						0.000	0.000		0.000						0.000			
700	5600000339	00010	00	8	0000	0080000275	0010	L		01.02.2024	42.160	0.000	0.00			0.00	0.000	0.000					0000		0000	0000	01.02.2024	06:58:58	0.00						0000									0.000							0000000000	0000000000	00		0.00	0.00		0.000	0.000	0.00		0.000	0.000		0.00			0.00		0.00		0.00000			000000						0.000	0.000		0.000						0.000			
700	5600000339	00010	00	8	0000	0080000332	0010	L		01.02.2024	41.730	0.000	0.00			0.00	0.000	0.000					0000		0000	0000	01.02.2024	07:05:29	0.00						0000									0.000							0000000000	0000000000	00		0.00	0.00		0.000	0.000	0.00		0.000	0.000		0.00			0.00		0.00		0.00000			000000						0.000	0.000		0.000						0.000			
700	5600000339	00010	00	8	0000	0080000333	0010	L		01.02.2024	42.210	0.000	0.00			0.00	0.000	0.000					0000		0000	0000	01.02.2024	07:05:30	0.00						0000									0.000							0000000000	0000000000	00		0.00	0.00		0.000	0.000	0.00		0.000	0.000		0.00			0.00		0.00		0.00000			000000						0.000	0.000		0.000						0.000			
700	5600000339	00010	00	8	0000	0080000334	0010	L		01.02.2024	41.790	0.000	0.00			0.00	0.000	0.000					0000		0000	0000	01.02.2024	07:05:30	0.00						0000									0.000							0000000000	0000000000	00		0.00	0.00		0.000	0.000	0.00		0.000	0.000		0.00			0.00		0.00		0.00000			000000						0.000	0.000		0.000						0.000			
700	5600000339	00010	00	8	0000	0080000335	0010	L		01.02.2024	42.000	0.000	0.00			0.00	0.000	0.000					0000		0000	0000	01.02.2024	07:05:30	0.00						0000									0.000							0000000000	0000000000	00		0.00	0.00		0.000	0.000	0.00		0.000	0.000		0.00			0.00		0.00		0.00000			000000						0.000	0.000		0.000						0.000			
700	5600000339	00010	00	8	0000	0080000336	0010	L		01.02.2024	41.530	0.000	0.00			0.00	0.000	0.000					0000		0000	0000	01.02.2024	07:05:30	0.00						0000									0.000							0000000000	0000000000	00		0.00	0.00		0.000	0.000	0.00		0.000	0.000		0.00			0.00		0.00		0.00000			000000						0.000	0.000		0.000						0.000			
700	5600000339	00010	00	8	0000	0080000337	0010	L		01.02.2024	42.290	0.000	0.00			0.00	0.000	0.000					0000		0000	0000	01.02.2024	07:05:30	0.00						0000									0.000							0000000000	0000000000	00		0.00	0.00		0.000	0.000	0.00		0.000	0.000		0.00			0.00		0.00		0.00000			000000						0.000	0.000		0.000						0.000			
700	5600000339	00010	00	8	0000	0080000338	0010	L		01.02.2024	41.510	0.000	0.00			0.00	0.000	0.000					0000		0000	0000	01.02.2024	07:05:31	0.00						0000									0.000							0000000000	0000000000	00		0.00	0.00		0.000	0.000	0.00		0.000	0.000		0.00			0.00		0.00		0.00000			000000						0.000	0.000		0.000						0.000			
700	5600000339	00010	00	8	0000	0080000339	0010	L		01.02.2024	41.980	0.000	0.00			0.00	0.000	0.000					0000		0000	0000	01.02.2024	07:05:31	0.00						0000									0.000							0000000000	0000000000	00		0.00	0.00		0.000	0.000	0.00		0.000	0.000		0.00			0.00		0.00		0.00000			000000						0.000	0.000		0.000						0.000			
700	5600000339	00010	00	8	0000	0080000340	0010	L		01.02.2024	42.170	0.000	0.00			0.00	0.000	0.000					0000		0000	0000	01.02.2024	07:05:31	0.00						0000									0.000							0000000000	0000000000	00		0.00	0.00		0.000	0.000	0.00		0.000	0.000		0.00			0.00		0.00		0.00000			000000						0.000	0.000		0.000						0.000			
700	5600000339	00010	00	8	0000	0080000341	0010	L		01.02.2024	41.580	0.000	0.00			0.00	0.000	0.000					0000		0000	0000	01.02.2024	07:05:31	0.00						0000									0.000							0000000000	0000000000	00		0.00	0.00		0.000	0.000	0.00		0.000	0.000		0.00			0.00		0.00		0.00000			000000						0.000	0.000		0.000						0.000			
700	5600000339	00010	00	8	0000	0080000342	0010	L		01.02.2024	42.030	0.000	0.00			0.00	0.000	0.000					0000		0000	0000	01.02.2024	07:05:31	0.00						0000									0.000							0000000000	0000000000	00		0.00	0.00		0.000	0.000	0.00		0.000	0.000		0.00			0.00		0.00		0.00000			000000						0.000	0.000		0.000						0.000			
700	5600000339	00010	00	8	0000	0080000343	0010	L		01.02.2024	41.970	0.000	0.00			0.00	0.000	0.000					0000		0000	0000	01.02.2024	07:05:32	0.00						0000									0.000							0000000000	0000000000	00		0.00	0.00		0.000	0.000	0.00		0.000	0.000		0.00			0.00		0.00		0.00000			000000						0.000	0.000		0.000						0.000			
700	5600000339	00010	00	8	0000	0080000344	0010	L		01.02.2024	42.140	0.000	0.00			0.00	0.000	0.000					0000		0000	0000	01.02.2024	07:05:32	0.00						0000									0.000							0000000000	0000000000	00		0.00	0.00		0.000	0.000	0.00		0.000	0.000		0.00			0.00		0.00		0.00000			000000						0.000	0.000		0.000						0.000			
700	5600000339	00010	00	8	0000	0080000345	0010	L		01.02.2024	40.980	0.000	0.00			0.00	0.000	0.000					0000		0000	0000	01.02.2024	07:05:32	0.00						0000									0.000							0000000000	0000000000	00		0.00	0.00		0.000	0.000	0.00		0.000	0.000		0.00			0.00		0.00		0.00000			000000						0.000	0.000		0.000						0.000			
700	5600000339	00010	00	8	0000	0080000545	0010	L		01.02.2024	42.370	0.000	0.00			0.00	0.000	0.000					0000		0000	0000	01.02.2024	10:04:58	0.00						0000									0.000							0000000000	0000000000	00		0.00	0.00		0.000	0.000	0.00		0.000	0.000		0.00			0.00		0.00		0.00000			000000						0.000	0.000		0.000						0.000			
700	5600000339	00010	00	8	0000	0080000546	0010	L		01.02.2024	42.580	0.000	0.00			0.00	0.000	0.000					0000		0000	0000	01.02.2024	10:04:58	0.00						0000									0.000							0000000000	0000000000	00		0.00	0.00		0.000	0.000	0.00		0.000	0.000		0.00			0.00		0.00		0.00000			000000						0.000	0.000		0.000						0.000			
700	5600000339	00010	00	8	0000	0080000547	0010	L		01.02.2024	43.390	0.000	0.00			0.00	0.000	0.000					0000		0000	0000	01.02.2024	10:04:59	0.00						0000									0.000							0000000000	0000000000	00		0.00	0.00		0.000	0.000	0.00		0.000	0.000		0.00			0.00		0.00		0.00000			000000						0.000	0.000		0.000						0.000			
700	5600000339	00010	00	8	0000	0080000548	0010	L		01.02.2024	42.430	0.000	0.00			0.00	0.000	0.000					0000		0000	0000	01.02.2024	10:04:59	0.00						0000									0.000							0000000000	0000000000	00		0.00	0.00		0.000	0.000	0.00		0.000	0.000		0.00			0.00		0.00		0.00000			000000						0.000	0.000		0.000						0.000			
700	5600000339	00010	00	8	0000	0080000549	0010	L		01.02.2024	42.210	0.000	0.00			0.00	0.000	0.000					0000		0000	0000	01.02.2024	10:04:59	0.00						0000									0.000							0000000000	0000000000	00		0.00	0.00		0.000	0.000	0.00		0.000	0.000		0.00			0.00		0.00		0.00000			000000						0.000	0.000		0.000						0.000			
700	5600000339	00010	00	8	0000	0080000550	0010	L		01.02.2024	41.900	0.000	0.00			0.00	0.000	0.000					0000		0000	0000	01.02.2024	10:04:59	0.00						0000									0.000							0000000000	0000000000	00		0.00	0.00		0.000	0.000	0.00		0.000	0.000		0.00			0.00		0.00		0.00000			000000						0.000	0.000		0.000						0.000			
700	5600000339	00010	00	8	0000	0080000553	0010	L		01.02.2024	42.520	0.000	0.00			0.00	0.000	0.000					0000		0000	0000	01.02.2024	10:05:00	0.00						0000									0.000							0000000000	0000000000	00		0.00	0.00		0.000	0.000	0.00		0.000	0.000		0.00			0.00		0.00		0.00000			000000						0.000	0.000		0.000						0.000			
700	5600000339	00010	00	8	0000	0080000554	0010	L		01.02.2024	43.240	0.000	0.00			0.00	0.000	0.000					0000		0000	0000	01.02.2024	10:05:00	0.00						0000									0.000							0000000000	0000000000	00		0.00	0.00		0.000	0.000	0.00		0.000	0.000		0.00			0.00		0.00		0.00000			000000						0.000	0.000		0.000						0.000			
700	5600000339	00010	00	8	0000	0080000556	0010	L		01.02.2024	42.030	0.000	0.00			0.00	0.000	0.000					0000		0000	0000	01.02.2024	10:05:00	0.00						0000									0.000							0000000000	0000000000	00		0.00	0.00		0.000	0.000	0.00		0.000	0.000		0.00			0.00		0.00		0.00000			000000						0.000	0.000		0.000						0.000			
700	5600000339	00010	00	8	0000	0080000557	0010	L		01.02.2024	41.910	0.000	0.00			0.00	0.000	0.000					0000		0000	0000	01.02.2024	10:05:01	0.00						0000									0.000							0000000000	0000000000	00		0.00	0.00		0.000	0.000	0.00		0.000	0.000		0.00			0.00		0.00		0.00000			000000						0.000	0.000		0.000						0.000			
700	5600000339	00010	00	8	0000	0080000558	0010	L		01.02.2024	42.080	0.000	0.00			0.00	0.000	0.000					0000		0000	0000	01.02.2024	10:05:01	0.00						0000									0.000							0000000000	0000000000	00		0.00	0.00		0.000	0.000	0.00		0.000	0.000		0.00			0.00		0.00		0.00000			000000						0.000	0.000		0.000						0.000			
700	5600000339	00010	00	8	0000	0080000559	0010	L		01.02.2024	42.260	0.000	0.00			0.00	0.000	0.000					0000		0000	0000	01.02.2024	10:05:01	0.00						0000									0.000							0000000000	0000000000	00		0.00	0.00		0.000	0.000	0.00		0.000	0.000		0.00			0.00		0.00		0.00000			000000						0.000	0.000		0.000						0.000			
700	5600000339	00010	00	8	0000	0080001302	0010	L		01.02.2024	42.220	0.000	0.00			0.00	0.000	0.000					0000		0000	0000	01.02.2024	13:53:41	0.00						0000									0.000							0000000000	0000000000	00		0.00	0.00		0.000	0.000	0.00		0.000	0.000		0.00			0.00		0.00		0.00000			000000						0.000	0.000		0.000						0.000			
700	5600000339	00010	00	8	0000	0080001303	0010	L		01.02.2024	42.050	0.000	0.00			0.00	0.000	0.000					0000		0000	0000	01.02.2024	13:53:41	0.00						0000									0.000							0000000000	0000000000	00		0.00	0.00		0.000	0.000	0.00		0.000	0.000		0.00			0.00		0.00		0.00000			000000						0.000	0.000		0.000						0.000			
700	5600000339	00010	00	8	0000	0080001311	0010	L		01.02.2024	43.070	0.000	0.00			0.00	0.000	0.000					0000		0000	0000	01.02.2024	13:53:42	0.00						0000									0.000							0000000000	0000000000	00		0.00	0.00		0.000	0.000	0.00		0.000	0.000		0.00			0.00		0.00		0.00000			000000						0.000	0.000		0.000						0.000			
700	5600000339	00010	00	8	0000	0080001443	0010	L		01.02.2024	41.680	0.000	0.00			0.00	0.000	0.000					0000		0000	0000	01.02.2024	14:47:31	0.00						0000									0.000							0000000000	0000000000	00		0.00	0.00		0.000	0.000	0.00		0.000	0.000		0.00			0.00		0.00		0.00000			000000						0.000	0.000		0.000						0.000			
700	5600000339	00010	00	8	0000	0080001444	0010	L		01.02.2024	42.260	0.000	0.00			0.00	0.000	0.000					0000		0000	0000	01.02.2024	14:47:31	0.00						0000									0.000							0000000000	0000000000	00		0.00	0.00		0.000	0.000	0.00		0.000	0.000		0.00			0.00		0.00		0.00000			000000						0.000	0.000		0.000						0.000			
700	5600000339	00010	00	8	0000	0080001445	0010	L		01.02.2024	42.810	0.000	0.00			0.00	0.000	0.000					0000		0000	0000	01.02.2024	14:47:31	0.00						0000									0.000							0000000000	0000000000	00		0.00	0.00		0.000	0.000	0.00		0.000	0.000		0.00			0.00		0.00		0.00000			000000						0.000	0.000		0.000						0.000			
700	5600000339	00010	00	8	0000	0080001446	0010	L		01.02.2024	42.160	0.000	0.00			0.00	0.000	0.000					0000		0000	0000	01.02.2024	14:47:31	0.00						0000									0.000							0000000000	0000000000	00		0.00	0.00		0.000	0.000	0.00		0.000	0.000		0.00			0.00		0.00		0.00000			000000						0.000	0.000		0.000						0.000			
700	5600000339	00010	00	8	0000	0080001447	0010	L		01.02.2024	41.600	0.000	0.00			0.00	0.000	0.000					0000		0000	0000	01.02.2024	14:47:32	0.00						0000									0.000							0000000000	0000000000	00		0.00	0.00		0.000	0.000	0.00		0.000	0.000		0.00			0.00		0.00		0.00000			000000						0.000	0.000		0.000						0.000			
700	5600000339	00010	00	8	0000	0080001448	0010	L		01.02.2024	42.270	0.000	0.00			0.00	0.000	0.000					0000		0000	0000	01.02.2024	14:47:32	0.00						0000									0.000							0000000000	0000000000	00		0.00	0.00		0.000	0.000	0.00		0.000	0.000		0.00			0.00		0.00		0.00000			000000						0.000	0.000		0.000						0.000			
700	5600000339	00010	00	8	0000	0080001449	0010	L		01.02.2024	41.940	0.000	0.00			0.00	0.000	0.000					0000		0000	0000	01.02.2024	14:47:32	0.00						0000									0.000							0000000000	0000000000	00		0.00	0.00		0.000	0.000	0.00		0.000	0.000		0.00			0.00		0.00		0.00000			000000						0.000	0.000		0.000						0.000			
700	5600000339	00010	00	8	0000	0080001450	0010	L		01.02.2024	42.480	0.000	0.00			0.00	0.000	0.000					0000		0000	0000	01.02.2024	14:47:32	0.00						0000									0.000							0000000000	0000000000	00		0.00	0.00		0.000	0.000	0.00		0.000	0.000		0.00			0.00		0.00		0.00000			000000						0.000	0.000		0.000						0.000			
700	5600000339	00010	00	8	0000	0080001451	0010	L		01.02.2024	42.040	0.000	0.00			0.00	0.000	0.000					0000		0000	0000	01.02.2024	14:47:33	0.00						0000									0.000							0000000000	0000000000	00		0.00	0.00		0.000	0.000	0.00		0.000	0.000		0.00			0.00		0.00		0.00000			000000						0.000	0.000		0.000						0.000			
700	5600000339	00010	00	8	0000	0080001452	0010	L		01.02.2024	42.190	0.000	0.00			0.00	0.000	0.000					0000		0000	0000	01.02.2024	14:47:33	0.00						0000									0.000							0000000000	0000000000	00		0.00	0.00		0.000	0.000	0.00		0.000	0.000		0.00			0.00		0.00		0.00000			000000						0.000	0.000		0.000						0.000			
700	5600000339	00010	00	8	0000	0080002079	0010	L		01.02.2024	42.350	0.000	0.00			0.00	0.000	0.000					0000		0000	0000	01.02.2024	16:34:29	0.00						0000									0.000							0000000000	0000000000	00		0.00	0.00		0.000	0.000	0.00		0.000	0.000		0.00			0.00		0.00		0.00000			000000						0.000	0.000		0.000						0.000			
700	5600000339	00010	00	8	0000	0080002080	0010	L		01.02.2024	42.610	0.000	0.00			0.00	0.000	0.000					0000		0000	0000	01.02.2024	16:34:30	0.00						0000									0.000							0000000000	0000000000	00		0.00	0.00		0.000	0.000	0.00		0.000	0.000		0.00			0.00		0.00		0.00000			000000						0.000	0.000		0.000						0.000			
700	5600000339	00010	00	8	0000	0080002081	0010	L		01.02.2024	41.720	0.000	0.00			0.00	0.000	0.000					0000		0000	0000	01.02.2024	16:34:30	0.00						0000									0.000							0000000000	0000000000	00		0.00	0.00		0.000	0.000	0.00		0.000	0.000		0.00			0.00		0.00		0.00000			000000						0.000	0.000		0.000						0.000			
700	5600000339	00010	00	8	0000	0080002082	0010	L		01.02.2024	43.140	0.000	0.00			0.00	0.000	0.000					0000		0000	0000	01.02.2024	16:34:30	0.00						0000									0.000							0000000000	0000000000	00		0.00	0.00		0.000	0.000	0.00		0.000	0.000		0.00			0.00		0.00		0.00000			000000						0.000	0.000		0.000						0.000			
700	5600000339	00010	00	8	0000	0080002084	0010	L		01.02.2024	42.150	0.000	0.00			0.00	0.000	0.000					0000		0000	0000	01.02.2024	16:34:31	0.00						0000									0.000							0000000000	0000000000	00		0.00	0.00		0.000	0.000	0.00		0.000	0.000		0.00			0.00		0.00		0.00000			000000						0.000	0.000		0.000						0.000			
700	5600000339	00010	00	8	0000	0080002085	0010	L		01.02.2024	41.800	0.000	0.00			0.00	0.000	0.000					0000		0000	0000	01.02.2024	16:34:31	0.00						0000									0.000							0000000000	0000000000	00		0.00	0.00		0.000	0.000	0.00		0.000	0.000		0.00			0.00		0.00		0.00000			000000						0.000	0.000		0.000						0.000			
700	5600000339	00010	00	8	0000	0080002086	0010	L		01.02.2024	41.800	0.000	0.00			0.00	0.000	0.000					0000		0000	0000	01.02.2024	16:34:31	0.00						0000									0.000							0000000000	0000000000	00		0.00	0.00		0.000	0.000	0.00		0.000	0.000		0.00			0.00		0.00		0.00000			000000						0.000	0.000		0.000						0.000			
700	5600000339	00010	00	8	0000	0080002087	0010	L		01.02.2024	42.400	0.000	0.00			0.00	0.000	0.000					0000		0000	0000	01.02.2024	16:34:31	0.00						0000									0.000							0000000000	0000000000	00		0.00	0.00		0.000	0.000	0.00		0.000	0.000		0.00			0.00		0.00		0.00000			000000						0.000	0.000		0.000						0.000			
700	5600000339	00010	00	8	0000	0080002088	0010	L		01.02.2024	43.420	0.000	0.00			0.00	0.000	0.000					0000		0000	0000	01.02.2024	16:34:31	0.00						0000									0.000							0000000000	0000000000	00		0.00	0.00		0.000	0.000	0.00		0.000	0.000		0.00			0.00		0.00		0.00000			000000						0.000	0.000		0.000						0.000			
700	5600000339	00010	00	8	0000	0080002109	0010	L		01.02.2024	42.160	0.000	0.00			0.00	0.000	0.000					0000		0000	0000	01.02.2024	16:36:37	0.00						0000									0.000							0000000000	0000000000	00		0.00	0.00		0.000	0.000	0.00		0.000	0.000		0.00			0.00		0.00		0.00000			000000						0.000	0.000		0.000						0.000			
700	5600000339	00010	00	8	0000	0080002110	0010	L		01.02.2024	42.010	0.000	0.00			0.00	0.000	0.000					0000		0000	0000	01.02.2024	16:36:38	0.00						0000									0.000							0000000000	0000000000	00		0.00	0.00		0.000	0.000	0.00		0.000	0.000		0.00			0.00		0.00		0.00000			000000						0.000	0.000		0.000						0.000			
700	5600000339	00010	00	8	0000	0080002111	0010	L		01.02.2024	42.370	0.000	0.00			0.00	0.000	0.000					0000		0000	0000	01.02.2024	16:36:38	0.00						0000									0.000							0000000000	0000000000	00		0.00	0.00		0.000	0.000	0.00		0.000	0.000		0.00			0.00		0.00		0.00000			000000						0.000	0.000		0.000						0.000			
700	5600000339	00010	00	8	0000	0080002112	0010	L		01.02.2024	42.210	0.000	0.00			0.00	0.000	0.000					0000		0000	0000	01.02.2024	16:36:38	0.00						0000									0.000							0000000000	0000000000	00		0.00	0.00		0.000	0.000	0.00		0.000	0.000		0.00			0.00		0.00		0.00000			000000						0.000	0.000		0.000						0.000			
700	5600000339	00010	00	8	0000	0080002113	0010	L		01.02.2024	42.220	0.000	0.00			0.00	0.000	0.000					0000		0000	0000	01.02.2024	16:36:38	0.00						0000									0.000							0000000000	0000000000	00		0.00	0.00		0.000	0.000	0.00		0.000	0.000		0.00			0.00		0.00		0.00000			000000						0.000	0.000		0.000						0.000			
700	5600000339	00010	00	8	0000	0080002114	0010	L		01.02.2024	43.180	0.000	0.00			0.00	0.000	0.000					0000		0000	0000	01.02.2024	16:36:38	0.00						0000									0.000							0000000000	0000000000	00		0.00	0.00		0.000	0.000	0.00		0.000	0.000		0.00			0.00		0.00		0.00000			000000						0.000	0.000		0.000						0.000			
700	5600000339	00010	00	8	0000	0080002115	0010	L		01.02.2024	42.740	0.000	0.00			0.00	0.000	0.000					0000		0000	0000	01.02.2024	16:36:39	0.00						0000									0.000							0000000000	0000000000	00		0.00	0.00		0.000	0.000	0.00		0.000	0.000		0.00			0.00		0.00		0.00000			000000						0.000	0.000		0.000						0.000			
700	5600000339	00010	00	8	0000	0080002116	0010	L		01.02.2024	42.710	0.000	0.00			0.00	0.000	0.000					0000		0000	0000	01.02.2024	16:36:39	0.00						0000									0.000							0000000000	0000000000	00		0.00	0.00		0.000	0.000	0.00		0.000	0.000		0.00			0.00		0.00		0.00000			000000						0.000	0.000		0.000						0.000			
700	5600000339	00010	00	8	0000	0080004349	0010	L		01.02.2024	42.600	0.000	0.00			0.00	0.000	0.000					0000		0000	0000	01.02.2024	21:57:14	0.00						0000									0.000							0000000000	0000000000	00		0.00	0.00		0.000	0.000	0.00		0.000	0.000		0.00			0.00		0.00		0.00000			000000						0.000	0.000		0.000						0.000			
700	5600000339	00010	00	8	0000	0080004350	0010	L		01.02.2024	42.040	0.000	0.00			0.00	0.000	0.000					0000		0000	0000	01.02.2024	21:57:14	0.00						0000									0.000							0000000000	0000000000	00		0.00	0.00		0.000	0.000	0.00		0.000	0.000		0.00			0.00		0.00		0.00000			000000						0.000	0.000		0.000						0.000			
700	5600000339	00010	00	8	0000	0080004351	0010	L		01.02.2024	41.520	0.000	0.00			0.00	0.000	0.000					0000		0000	0000	01.02.2024	21:57:15	0.00						0000									0.000							0000000000	0000000000	00		0.00	0.00		0.000	0.000	0.00		0.000	0.000		0.00			0.00		0.00		0.00000			000000						0.000	0.000		0.000						0.000			
700	5600000339	00010	00	8	0000	0080004354	0010	L		01.02.2024	42.060	0.000	0.00			0.00	0.000	0.000					0000		0000	0000	01.02.2024	21:57:15	0.00						0000									0.000							0000000000	0000000000	00		0.00	0.00		0.000	0.000	0.00		0.000	0.000		0.00			0.00		0.00		0.00000			000000						0.000	0.000		0.000						0.000			
700	5600000339	00010	00	8	0000	0080004355	0010	L		01.02.2024	41.080	0.000	0.00			0.00	0.000	0.000					0000		0000	0000	01.02.2024	21:57:15	0.00						0000									0.000							0000000000	0000000000	00		0.00	0.00		0.000	0.000	0.00		0.000	0.000		0.00			0.00		0.00		0.00000			000000						0.000	0.000		0.000						0.000			
700	5600000339	00010	00	8	0000	0080004356	0010	L		01.02.2024	41.380	0.000	0.00			0.00	0.000	0.000					0000		0000	0000	01.02.2024	21:57:16	0.00						0000									0.000							0000000000	0000000000	00		0.00	0.00		0.000	0.000	0.00		0.000	0.000		0.00			0.00		0.00		0.00000			000000						0.000	0.000		0.000						0.000			
700	5600000339	00010	00	8	0000	0080004360	0010	L		01.02.2024	42.150	0.000	0.00			0.00	0.000	0.000					0000		0000	0000	01.02.2024	21:57:16	0.00						0000									0.000							0000000000	0000000000	00		0.00	0.00		0.000	0.000	0.00		0.000	0.000		0.00			0.00		0.00		0.00000			000000						0.000	0.000		0.000						0.000			
700	5600000339	00010	00	8	0000	0080004361	0010	L		01.02.2024	41.540	0.000	0.00			0.00	0.000	0.000					0000		0000	0000	01.02.2024	21:57:17	0.00						0000									0.000							0000000000	0000000000	00		0.00	0.00		0.000	0.000	0.00		0.000	0.000		0.00			0.00		0.00		0.00000			000000						0.000	0.000		0.000						0.000			
700	5600000339	00010	00	8	0000	0080004362	0010	L		01.02.2024	42.200	0.000	0.00			0.00	0.000	0.000					0000		0000	0000	01.02.2024	21:57:17	0.00						0000									0.000							0000000000	0000000000	00		0.00	0.00		0.000	0.000	0.00		0.000	0.000		0.00			0.00		0.00		0.00000			000000						0.000	0.000		0.000						0.000			
700	5600000339	00010	00	8	0000	0080004363	0010	L		01.02.2024	43.470	0.000	0.00			0.00	0.000	0.000					0000		0000	0000	01.02.2024	21:57:17	0.00						0000									0.000							0000000000	0000000000	00		0.00	0.00		0.000	0.000	0.00		0.000	0.000		0.00			0.00		0.00		0.00000			000000						0.000	0.000		0.000						0.000			
700	5600000339	00010	00	8	0000	0080005051	0010	L		02.02.2024	41.850	0.000	0.00			0.00	0.000	0.000					0000		0000	0000	02.02.2024	01:15:11	0.00						0000									0.000							0000000000	0000000000	00		0.00	0.00		0.000	0.000	0.00		0.000	0.000		0.00			0.00		0.00		0.00000			000000						0.000	0.000		0.000						0.000			
700	5600000339	00010	00	8	0000	0080005826	0010	L		02.02.2024	43.050	0.000	0.00			0.00	0.000	0.000					0000		0000	0000	02.02.2024	11:15:13	0.00						0000									0.000							0000000000	0000000000	00		0.00	0.00		0.000	0.000	0.00		0.000	0.000		0.00			0.00		0.00		0.00000			000000						0.000	0.000		0.000						0.000			
700	5600000339	00010	00	8	0000	0080006749	0010	L		02.02.2024	42.060	0.000	0.00			0.00	0.000	0.000					0000		0000	0000	02.02.2024	13:44:58	0.00						0000									0.000							0000000000	0000000000	00		0.00	0.00		0.000	0.000	0.00		0.000	0.000		0.00			0.00		0.00		0.00000			000000						0.000	0.000		0.000						0.000			
700	5600000339	00010	00	8	0000	0080006750	0010	L		02.02.2024	42.940	0.000	0.00			0.00	0.000	0.000					0000		0000	0000	02.02.2024	13:44:58	0.00						0000									0.000							0000000000	0000000000	00		0.00	0.00		0.000	0.000	0.00		0.000	0.000		0.00			0.00		0.00		0.00000			000000						0.000	0.000		0.000						0.000			
700	5600000339	00010	00	8	0000	0080006751	0010	L		02.02.2024	42.860	0.000	0.00			0.00	0.000	0.000					0000		0000	0000	02.02.2024	13:44:58	0.00						0000									0.000							0000000000	0000000000	00		0.00	0.00		0.000	0.000	0.00		0.000	0.000		0.00			0.00		0.00		0.00000			000000						0.000	0.000		0.000						0.000			
700	5600000339	00010	00	8	0000	0080006752	0010	L		02.02.2024	43.080	0.000	0.00			0.00	0.000	0.000					0000		0000	0000	02.02.2024	13:44:58	0.00						0000									0.000							0000000000	0000000000	00		0.00	0.00		0.000	0.000	0.00		0.000	0.000		0.00			0.00		0.00		0.00000			000000						0.000	0.000		0.000						0.000			
700	5600000339	00010	00	8	0000	0080006753	0010	L		02.02.2024	42.180	0.000	0.00			0.00	0.000	0.000					0000		0000	0000	02.02.2024	13:44:59	0.00						0000									0.000							0000000000	0000000000	00		0.00	0.00		0.000	0.000	0.00		0.000	0.000		0.00			0.00		0.00		0.00000			000000						0.000	0.000		0.000						0.000			
700	5600000339	00010	00	8	0000	0080006754	0010	L		02.02.2024	42.720	0.000	0.00			0.00	0.000	0.000					0000		0000	0000	02.02.2024	13:44:59	0.00						0000									0.000							0000000000	0000000000	00		0.00	0.00		0.000	0.000	0.00		0.000	0.000		0.00			0.00		0.00		0.00000			000000						0.000	0.000		0.000						0.000			
700	5600000339	00010	00	8	0000	0080006755	0010	L		02.02.2024	43.670	0.000	0.00			0.00	0.000	0.000					0000		0000	0000	02.02.2024	13:44:59	0.00						0000									0.000							0000000000	0000000000	00		0.00	0.00		0.000	0.000	0.00		0.000	0.000		0.00			0.00		0.00		0.00000			000000						0.000	0.000		0.000						0.000			
700	5600000339	00010	00	8	0000	0080006756	0010	L		02.02.2024	44.430	0.000	0.00			0.00	0.000	0.000					0000		0000	0000	02.02.2024	13:44:59	0.00						0000									0.000							0000000000	0000000000	00		0.00	0.00		0.000	0.000	0.00		0.000	0.000		0.00			0.00		0.00		0.00000			000000						0.000	0.000		0.000						0.000			
700	5600000339	00010	00	8	0000	0080006757	0010	L		02.02.2024	42.620	0.000	0.00			0.00	0.000	0.000					0000		0000	0000	02.02.2024	13:44:59	0.00						0000									0.000							0000000000	0000000000	00		0.00	0.00		0.000	0.000	0.00		0.000	0.000		0.00			0.00		0.00		0.00000			000000						0.000	0.000		0.000						0.000			
700	5600000339	00010	00	8	0000	0080006759	0010	L		02.02.2024	42.660	0.000	0.00			0.00	0.000	0.000					0000		0000	0000	02.02.2024	13:45:00	0.00						0000									0.000							0000000000	0000000000	00		0.00	0.00		0.000	0.000	0.00		0.000	0.000		0.00			0.00		0.00		0.00000			000000						0.000	0.000		0.000						0.000			
700	5600000339	00010	00	8	0000	0080006760	0010	L		02.02.2024	42.730	0.000	0.00			0.00	0.000	0.000					0000		0000	0000	02.02.2024	13:45:00	0.00						0000									0.000							0000000000	0000000000	00		0.00	0.00		0.000	0.000	0.00		0.000	0.000		0.00			0.00		0.00		0.00000			000000						0.000	0.000		0.000						0.000			
700	5600000339	00010	00	8	0000	0080006761	0010	L		02.02.2024	42.260	0.000	0.00			0.00	0.000	0.000					0000		0000	0000	02.02.2024	13:45:00	0.00						0000									0.000							0000000000	0000000000	00		0.00	0.00		0.000	0.000	0.00		0.000	0.000		0.00			0.00		0.00		0.00000			000000						0.000	0.000		0.000						0.000			
700	5600000339	00010	00	8	0000	0080006762	0010	L		02.02.2024	41.690	0.000	0.00			0.00	0.000	0.000					0000		0000	0000	02.02.2024	13:45:00	0.00						0000									0.000							0000000000	0000000000	00		0.00	0.00		0.000	0.000	0.00		0.000	0.000		0.00			0.00		0.00		0.00000			000000						0.000	0.000		0.000						0.000			
700	5600000339	00010	00	8	0000	0080006763	0010	L		02.02.2024	41.950	0.000	0.00			0.00	0.000	0.000					0000		0000	0000	02.02.2024	13:45:01	0.00						0000									0.000							0000000000	0000000000	00		0.00	0.00		0.000	0.000	0.00		0.000	0.000		0.00			0.00		0.00		0.00000			000000						0.000	0.000		0.000						0.000			
700	5600000339	00010	00	8	0000	0080006764	0010	L		02.02.2024	42.180	0.000	0.00			0.00	0.000	0.000					0000		0000	0000	02.02.2024	13:45:01	0.00						0000									0.000							0000000000	0000000000	00		0.00	0.00		0.000	0.000	0.00		0.000	0.000		0.00			0.00		0.00		0.00000			000000						0.000	0.000		0.000						0.000			
700	5600000339	00010	00	8	0000	0080006765	0010	L		02.02.2024	42.740	0.000	0.00			0.00	0.000	0.000					0000		0000	0000	02.02.2024	13:45:01	0.00						0000									0.000							0000000000	0000000000	00		0.00	0.00		0.000	0.000	0.00		0.000	0.000		0.00			0.00		0.00		0.00000			000000						0.000	0.000		0.000						0.000			
700	5600000339	00010	00	8	0000	0080006766	0010	L		02.02.2024	43.330	0.000	0.00			0.00	0.000	0.000					0000		0000	0000	02.02.2024	13:45:01	0.00						0000									0.000							0000000000	0000000000	00		0.00	0.00		0.000	0.000	0.00		0.000	0.000		0.00			0.00		0.00		0.00000			000000						0.000	0.000		0.000						0.000			
700	5600000339	00010	00	8	0000	0080006767	0010	L		02.02.2024	42.310	0.000	0.00			0.00	0.000	0.000					0000		0000	0000	02.02.2024	13:45:01	0.00						0000									0.000							0000000000	0000000000	00		0.00	0.00		0.000	0.000	0.00		0.000	0.000		0.00			0.00		0.00		0.00000			000000						0.000	0.000		0.000						0.000			
700	5600000339	00010	00	8	0000	0080006768	0010	L		02.02.2024	42.310	0.000	0.00			0.00	0.000	0.000					0000		0000	0000	02.02.2024	13:45:02	0.00						0000									0.000							0000000000	0000000000	00		0.00	0.00		0.000	0.000	0.00		0.000	0.000		0.00			0.00		0.00		0.00000			000000						0.000	0.000		0.000						0.000			
700	5600000339	00010	00	8	0000	0080008662	0010	L		02.02.2024	42.510	0.000	0.00			0.00	0.000	0.000					0000		0000	0000	02.02.2024	18:25:55	0.00						0000									0.000							0000000000	0000000000	00		0.00	0.00		0.000	0.000	0.00		0.000	0.000		0.00			0.00		0.00		0.00000			000000						0.000	0.000		0.000						0.000			
700	5600000339	00010	00	8	0000	0080008663	0010	L		02.02.2024	41.320	0.000	0.00			0.00	0.000	0.000					0000		0000	0000	02.02.2024	18:25:56	0.00						0000									0.000							0000000000	0000000000	00		0.00	0.00		0.000	0.000	0.00		0.000	0.000		0.00			0.00		0.00		0.00000			000000						0.000	0.000		0.000						0.000			
700	5600000339	00010	00	8	0000	0080008664	0010	L		02.02.2024	42.460	0.000	0.00			0.00	0.000	0.000					0000		0000	0000	02.02.2024	18:25:56	0.00						0000									0.000							0000000000	0000000000	00		0.00	0.00		0.000	0.000	0.00		0.000	0.000		0.00			0.00		0.00		0.00000			000000						0.000	0.000		0.000						0.000			
700	5600000339	00010	00	8	0000	0080008665	0010	L		02.02.2024	42.100	0.000	0.00			0.00	0.000	0.000					0000		0000	0000	02.02.2024	18:25:56	0.00						0000									0.000							0000000000	0000000000	00		0.00	0.00		0.000	0.000	0.00		0.000	0.000		0.00			0.00		0.00		0.00000			000000						0.000	0.000		0.000						0.000			
700	5600000339	00010	00	8	0000	0080011298	0010	L		02.02.2024	41.740	0.000	0.00			0.00	0.000	0.000					0000		0000	0000	02.02.2024	23:45:45	0.00						0000									0.000							0000000000	0000000000	00		0.00	0.00		0.000	0.000	0.00		0.000	0.000		0.00			0.00		0.00		0.00000			000000						0.000	0.000		0.000						0.000			
700	5600000339	00010	00	8	0000	0080011299	0010	L		02.02.2024	41.970	0.000	0.00			0.00	0.000	0.000					0000		0000	0000	02.02.2024	23:45:46	0.00						0000									0.000							0000000000	0000000000	00		0.00	0.00		0.000	0.000	0.00		0.000	0.000		0.00			0.00		0.00		0.00000			000000						0.000	0.000		0.000						0.000			
700	5600000339	00010	00	8	0000	0080011300	0010	L		02.02.2024	41.500	0.000	0.00			0.00	0.000	0.000					0000		0000	0000	02.02.2024	23:45:46	0.00						0000									0.000							0000000000	0000000000	00		0.00	0.00		0.000	0.000	0.00		0.000	0.000		0.00			0.00		0.00		0.00000			000000						0.000	0.000		0.000						0.000			
700	5600000339	00010	00	8	0000	0080011301	0010	L		02.02.2024	41.790	0.000	0.00			0.00	0.000	0.000					0000		0000	0000	02.02.2024	23:45:46	0.00						0000									0.000							0000000000	0000000000	00		0.00	0.00		0.000	0.000	0.00		0.000	0.000		0.00			0.00		0.00		0.00000			000000						0.000	0.000		0.000						0.000			
700	5600000339	00010	00	8	0000	0080011302	0010	L		02.02.2024	42.670	0.000	0.00			0.00	0.000	0.000					0000		0000	0000	02.02.2024	23:45:46	0.00						0000									0.000							0000000000	0000000000	00		0.00	0.00		0.000	0.000	0.00		0.000	0.000		0.00			0.00		0.00		0.00000			000000						0.000	0.000		0.000						0.000			
700	5600000339	00010	00	8	0000	0080011303	0010	L		02.02.2024	43.160	0.000	0.00			0.00	0.000	0.000					0000		0000	0000	02.02.2024	23:45:46	0.00						0000									0.000							0000000000	0000000000	00		0.00	0.00		0.000	0.000	0.00		0.000	0.000		0.00			0.00		0.00		0.00000			000000						0.000	0.000		0.000						0.000			
700	5600000339	00010	00	8	0000	0080011304	0010	L		02.02.2024	41.990	0.000	0.00			0.00	0.000	0.000					0000		0000	0000	02.02.2024	23:45:47	0.00						0000									0.000							0000000000	0000000000	00		0.00	0.00		0.000	0.000	0.00		0.000	0.000		0.00			0.00		0.00		0.00000			000000						0.000	0.000		0.000						0.000			
700	5600000339	00010	00	8	0000	0080011305	0010	L		02.02.2024	42.010	0.000	0.00			0.00	0.000	0.000					0000		0000	0000	02.02.2024	23:45:47	0.00						0000									0.000							0000000000	0000000000	00		0.00	0.00		0.000	0.000	0.00		0.000	0.000		0.00			0.00		0.00		0.00000			000000						0.000	0.000		0.000						0.000			
700	5600000339	00010	00	8	0000	0080011306	0010	L		02.02.2024	41.710	0.000	0.00			0.00	0.000	0.000					0000		0000	0000	02.02.2024	23:45:47	0.00						0000									0.000							0000000000	0000000000	00		0.00	0.00		0.000	0.000	0.00		0.000	0.000		0.00			0.00		0.00		0.00000			000000						0.000	0.000		0.000						0.000			
700	5600000339	00010	00	8	0000	0080011307	0010	L		02.02.2024	41.710	0.000	0.00			0.00	0.000	0.000					0000		0000	0000	02.02.2024	23:45:47	0.00						0000									0.000							0000000000	0000000000	00		0.00	0.00		0.000	0.000	0.00		0.000	0.000		0.00			0.00		0.00		0.00000			000000						0.000	0.000		0.000						0.000			
700	5600000339	00010	00	8	0000	0080011316	0010	L		02.02.2024	41.950	0.000	0.00			0.00	0.000	0.000					0000		0000	0000	02.02.2024	23:46:49	0.00						0000									0.000							0000000000	0000000000	00		0.00	0.00		0.000	0.000	0.00		0.000	0.000		0.00			0.00		0.00		0.00000			000000						0.000	0.000		0.000						0.000			
700	5600000339	00010	00	8	0000	0080013454	0010	L		03.02.2024	41.920	0.000	0.00			0.00	0.000	0.000					0000		0000	0000	03.02.2024	13:30:07	0.00						0000									0.000							0000000000	0000000000	00		0.00	0.00		0.000	0.000	0.00		0.000	0.000		0.00			0.00		0.00		0.00000			000000						0.000	0.000		0.000						0.000			
700	5600000339	00010	00	8	0000	0080013455	0010	L		03.02.2024	42.170	0.000	0.00			0.00	0.000	0.000					0000		0000	0000	03.02.2024	13:30:08	0.00						0000									0.000							0000000000	0000000000	00		0.00	0.00		0.000	0.000	0.00		0.000	0.000		0.00			0.00		0.00		0.00000			000000						0.000	0.000		0.000						0.000			
700	5600000339	00010	00	8	0000	0080013456	0010	L		03.02.2024	43.010	0.000	0.00			0.00	0.000	0.000					0000		0000	0000	03.02.2024	13:30:08	0.00						0000									0.000							0000000000	0000000000	00		0.00	0.00		0.000	0.000	0.00		0.000	0.000		0.00			0.00		0.00		0.00000			000000						0.000	0.000		0.000						0.000			
700	5600000339	00010	00	8	0000	0080013458	0010	L		03.02.2024	41.070	0.000	0.00			0.00	0.000	0.000					0000		0000	0000	03.02.2024	13:30:08	0.00						0000									0.000							0000000000	0000000000	00		0.00	0.00		0.000	0.000	0.00		0.000	0.000		0.00			0.00		0.00		0.00000			000000						0.000	0.000		0.000						0.000			
700	5600000339	00010	00	8	0000	0080013459	0010	L		03.02.2024	42.330	0.000	0.00			0.00	0.000	0.000					0000		0000	0000	03.02.2024	13:30:08	0.00						0000									0.000							0000000000	0000000000	00		0.00	0.00		0.000	0.000	0.00		0.000	0.000		0.00			0.00		0.00		0.00000			000000						0.000	0.000		0.000						0.000			
700	5600000339	00010	00	8	0000	0080013462	0010	L		03.02.2024	42.180	0.000	0.00			0.00	0.000	0.000					0000		0000	0000	03.02.2024	13:30:09	0.00						0000									0.000							0000000000	0000000000	00		0.00	0.00		0.000	0.000	0.00		0.000	0.000		0.00			0.00		0.00		0.00000			000000						0.000	0.000		0.000						0.000			
700	5600000339	00010	00	8	0000	0080013463	0010	L		03.02.2024	42.050	0.000	0.00			0.00	0.000	0.000					0000		0000	0000	03.02.2024	13:30:09	0.00						0000									0.000							0000000000	0000000000	00		0.00	0.00		0.000	0.000	0.00		0.000	0.000		0.00			0.00		0.00		0.00000			000000						0.000	0.000		0.000						0.000			
700	5600000339	00010	00	8	0000	0080013964	0010	L		03.02.2024	41.710	0.000	0.00			0.00	0.000	0.000					0000		0000	0000	03.02.2024	14:38:11	0.00						0000									0.000							0000000000	0000000000	00		0.00	0.00		0.000	0.000	0.00		0.000	0.000		0.00			0.00		0.00		0.00000			000000						0.000	0.000		0.000						0.000			
700	5600000339	00010	00	8	0000	0080013965	0010	L		03.02.2024	41.320	0.000	0.00			0.00	0.000	0.000					0000		0000	0000	03.02.2024	14:38:12	0.00						0000									0.000							0000000000	0000000000	00		0.00	0.00		0.000	0.000	0.00		0.000	0.000		0.00			0.00		0.00		0.00000			000000						0.000	0.000		0.000						0.000			
700	5600000339	00010	00	8	0000	0080013966	0010	L		03.02.2024	41.930	0.000	0.00			0.00	0.000	0.000					0000		0000	0000	03.02.2024	14:38:12	0.00						0000									0.000							0000000000	0000000000	00		0.00	0.00		0.000	0.000	0.00		0.000	0.000		0.00			0.00		0.00		0.00000			000000						0.000	0.000		0.000						0.000			
700	5600000339	00010	00	8	0000	0080013967	0010	L		03.02.2024	42.520	0.000	0.00			0.00	0.000	0.000					0000		0000	0000	03.02.2024	14:38:12	0.00						0000									0.000							0000000000	0000000000	00		0.00	0.00		0.000	0.000	0.00		0.000	0.000		0.00			0.00		0.00		0.00000			000000						0.000	0.000		0.000						0.000			
700	5600000339	00010	00	8	0000	0080013968	0010	L		03.02.2024	42.360	0.000	0.00			0.00	0.000	0.000					0000		0000	0000	03.02.2024	14:38:12	0.00						0000									0.000							0000000000	0000000000	00		0.00	0.00		0.000	0.000	0.00		0.000	0.000		0.00			0.00		0.00		0.00000			000000						0.000	0.000		0.000						0.000			
700	5600000339	00010	00	8	0000	0080013969	0010	L		03.02.2024	42.620	0.000	0.00			0.00	0.000	0.000					0000		0000	0000	03.02.2024	14:38:12	0.00						0000									0.000							0000000000	0000000000	00		0.00	0.00		0.000	0.000	0.00		0.000	0.000		0.00			0.00		0.00		0.00000			000000						0.000	0.000		0.000						0.000			
700	5600000339	00010	00	8	0000	0080013970	0010	L		03.02.2024	41.560	0.000	0.00			0.00	0.000	0.000					0000		0000	0000	03.02.2024	14:38:13	0.00						0000									0.000							0000000000	0000000000	00		0.00	0.00		0.000	0.000	0.00		0.000	0.000		0.00			0.00		0.00		0.00000			000000						0.000	0.000		0.000						0.000			
700	5600000339	00010	00	8	0000	0080013971	0010	L		03.02.2024	43.060	0.000	0.00			0.00	0.000	0.000					0000		0000	0000	03.02.2024	14:38:13	0.00						0000									0.000							0000000000	0000000000	00		0.00	0.00		0.000	0.000	0.00		0.000	0.000		0.00			0.00		0.00		0.00000			000000						0.000	0.000		0.000						0.000			
700	5600000339	00010	00	8	0000	0080013972	0010	L		03.02.2024	42.200	0.000	0.00			0.00	0.000	0.000					0000		0000	0000	03.02.2024	14:38:13	0.00						0000									0.000							0000000000	0000000000	00		0.00	0.00		0.000	0.000	0.00		0.000	0.000		0.00			0.00		0.00		0.00000			000000						0.000	0.000		0.000						0.000			
700	5600000339	00010	00	8	0000	0080013973	0010	L		03.02.2024	42.640	0.000	0.00			0.00	0.000	0.000					0000		0000	0000	03.02.2024	14:38:13	0.00						0000									0.000							0000000000	0000000000	00		0.00	0.00		0.000	0.000	0.00		0.000	0.000		0.00			0.00		0.00		0.00000			000000						0.000	0.000		0.000						0.000			
700	5600000339	00010	00	8	0000	0080013974	0010	L		03.02.2024	42.170	0.000	0.00			0.00	0.000	0.000					0000		0000	0000	03.02.2024	14:38:14	0.00						0000									0.000							0000000000	0000000000	00		0.00	0.00		0.000	0.000	0.00		0.000	0.000		0.00			0.00		0.00		0.00000			000000						0.000	0.000		0.000						0.000			
700	5600000339	00010	00	8	0000	0080013975	0010	L		03.02.2024	42.040	0.000	0.00			0.00	0.000	0.000					0000		0000	0000	03.02.2024	14:38:14	0.00						0000									0.000							0000000000	0000000000	00		0.00	0.00		0.000	0.000	0.00		0.000	0.000		0.00			0.00		0.00		0.00000			000000						0.000	0.000		0.000						0.000			
700	5600000339	00010	00	8	0000	0080013976	0010	L		03.02.2024	42.060	0.000	0.00			0.00	0.000	0.000					0000		0000	0000	03.02.2024	14:38:14	0.00						0000									0.000							0000000000	0000000000	00		0.00	0.00		0.000	0.000	0.00		0.000	0.000		0.00			0.00		0.00		0.00000			000000						0.000	0.000		0.000						0.000			
700	5600000339	00010	00	8	0000	0080013978	0010	L		03.02.2024	42.300	0.000	0.00			0.00	0.000	0.000					0000		0000	0000	03.02.2024	14:38:14	0.00						0000									0.000							0000000000	0000000000	00		0.00	0.00		0.000	0.000	0.00		0.000	0.000		0.00			0.00		0.00		0.00000			000000						0.000	0.000		0.000						0.000			
700	5600000339	00010	00	8	0000	0080013979	0010	L		03.02.2024	42.590	0.000	0.00			0.00	0.000	0.000					0000		0000	0000	03.02.2024	14:38:14	0.00						0000									0.000							0000000000	0000000000	00		0.00	0.00		0.000	0.000	0.00		0.000	0.000		0.00			0.00		0.00		0.00000			000000						0.000	0.000		0.000						0.000			
700	5600000339	00010	00	8	0000	0080013980	0010	L		03.02.2024	42.330	0.000	0.00			0.00	0.000	0.000					0000		0000	0000	03.02.2024	14:38:15	0.00						0000									0.000							0000000000	0000000000	00		0.00	0.00		0.000	0.000	0.00		0.000	0.000		0.00			0.00		0.00		0.00000			000000						0.000	0.000		0.000						0.000			
700	5600000339	00010	00	8	0000	0080013981	0010	L		03.02.2024	42.120	0.000	0.00			0.00	0.000	0.000					0000		0000	0000	03.02.2024	14:38:15	0.00						0000									0.000							0000000000	0000000000	00		0.00	0.00		0.000	0.000	0.00		0.000	0.000		0.00			0.00		0.00		0.00000			000000						0.000	0.000		0.000						0.000			
700	5600000339	00010	00	8	0000	0080013982	0010	L		03.02.2024	42.120	0.000	0.00			0.00	0.000	0.000					0000		0000	0000	03.02.2024	14:38:15	0.00						0000									0.000							0000000000	0000000000	00		0.00	0.00		0.000	0.000	0.00		0.000	0.000		0.00			0.00		0.00		0.00000			000000						0.000	0.000		0.000						0.000			
700	5600000339	00010	00	8	0000	0080013983	0010	L		03.02.2024	43.950	0.000	0.00			0.00	0.000	0.000					0000		0000	0000	03.02.2024	14:38:15	0.00						0000									0.000							0000000000	0000000000	00		0.00	0.00		0.000	0.000	0.00		0.000	0.000		0.00			0.00		0.00		0.00000			000000						0.000	0.000		0.000						0.000			
700	5600000339	00010	00	8	0000	0080013984	0010	L		03.02.2024	42.220	0.000	0.00			0.00	0.000	0.000					0000		0000	0000	03.02.2024	14:38:16	0.00						0000									0.000							0000000000	0000000000	00		0.00	0.00		0.000	0.000	0.00		0.000	0.000		0.00			0.00		0.00		0.00000			000000						0.000	0.000		0.000						0.000			
700	5600000339	00010	00	8	0000	0080019087	0010	L		04.02.2024	42.250	0.000	0.00			0.00	0.000	0.000					0000		0000	0000	04.02.2024	03:24:39	0.00						0000									0.000							0000000000	0000000000	00		0.00	0.00		0.000	0.000	0.00		0.000	0.000		0.00			0.00		0.00		0.00000			000000						0.000	0.000		0.000						0.000			
700	5600000339	00010	00	8	0000	0080019088	0010	L		04.02.2024	46.420	0.000	0.00			0.00	0.000	0.000					0000		0000	0000	04.02.2024	03:24:39	0.00						0000									0.000							0000000000	0000000000	00		0.00	0.00		0.000	0.000	0.00		0.000	0.000		0.00			0.00		0.00		0.00000			000000						0.000	0.000		0.000						0.000			
700	5600000339	00010	00	8	0000	0080019089	0010	L		04.02.2024	44.910	0.000	0.00			0.00	0.000	0.000					0000		0000	0000	04.02.2024	03:24:40	0.00						0000									0.000							0000000000	0000000000	00		0.00	0.00		0.000	0.000	0.00		0.000	0.000		0.00			0.00		0.00		0.00000			000000						0.000	0.000		0.000						0.000			
700	5600000339	00010	00	8	0000	0080019090	0010	L		04.02.2024	44.030	0.000	0.00			0.00	0.000	0.000					0000		0000	0000	04.02.2024	03:24:40	0.00						0000									0.000							0000000000	0000000000	00		0.00	0.00		0.000	0.000	0.00		0.000	0.000		0.00			0.00		0.00		0.00000			000000						0.000	0.000		0.000						0.000			
700	5600000339	00010	00	8	0000	0080019091	0010	L		04.02.2024	44.470	0.000	0.00			0.00	0.000	0.000					0000		0000	0000	04.02.2024	03:24:40	0.00						0000									0.000							0000000000	0000000000	00		0.00	0.00		0.000	0.000	0.00		0.000	0.000		0.00			0.00		0.00		0.00000			000000						0.000	0.000		0.000						0.000			
700	5600000339	00010	00	8	0000	0080019092	0010	L		04.02.2024	41.960	0.000	0.00			0.00	0.000	0.000					0000		0000	0000	04.02.2024	03:24:40	0.00						0000									0.000							0000000000	0000000000	00		0.00	0.00		0.000	0.000	0.00		0.000	0.000		0.00			0.00		0.00		0.00000			000000						0.000	0.000		0.000						0.000			
700	5600000339	00010	00	8	0000	0080019093	0010	L		04.02.2024	42.070	0.000	0.00			0.00	0.000	0.000					0000		0000	0000	04.02.2024	03:24:40	0.00						0000									0.000							0000000000	0000000000	00		0.00	0.00		0.000	0.000	0.00		0.000	0.000		0.00			0.00		0.00		0.00000			000000						0.000	0.000		0.000						0.000			
700	5600000339	00010	00	8	0000	0080019094	0010	L		04.02.2024	42.200	0.000	0.00			0.00	0.000	0.000					0000		0000	0000	04.02.2024	03:24:41	0.00						0000									0.000							0000000000	0000000000	00		0.00	0.00		0.000	0.000	0.00		0.000	0.000		0.00			0.00		0.00		0.00000			000000						0.000	0.000		0.000						0.000			
700	5600000339	00010	00	8	0000	0080019095	0010	L		04.02.2024	42.030	0.000	0.00			0.00	0.000	0.000					0000		0000	0000	04.02.2024	03:24:41	0.00						0000									0.000							0000000000	0000000000	00		0.00	0.00		0.000	0.000	0.00		0.000	0.000		0.00			0.00		0.00		0.00000			000000						0.000	0.000		0.000						0.000			
700	5600000339	00010	00	8	0000	0080019096	0010	L		04.02.2024	44.270	0.000	0.00			0.00	0.000	0.000					0000		0000	0000	04.02.2024	03:24:41	0.00						0000									0.000							0000000000	0000000000	00		0.00	0.00		0.000	0.000	0.00		0.000	0.000		0.00			0.00		0.00		0.00000			000000						0.000	0.000		0.000						0.000			
700	5600000339	00010	00	8	0000	0080019097	0010	L		04.02.2024	41.360	0.000	0.00			0.00	0.000	0.000					0000		0000	0000	04.02.2024	03:24:41	0.00						0000									0.000							0000000000	0000000000	00		0.00	0.00		0.000	0.000	0.00		0.000	0.000		0.00			0.00		0.00		0.00000			000000						0.000	0.000		0.000						0.000			
700	5600000339	00010	00	8	0000	0080019098	0010	L		04.02.2024	42.150	0.000	0.00			0.00	0.000	0.000					0000		0000	0000	04.02.2024	03:24:42	0.00						0000									0.000							0000000000	0000000000	00		0.00	0.00		0.000	0.000	0.00		0.000	0.000		0.00			0.00		0.00		0.00000			000000						0.000	0.000		0.000						0.000			
700	5600000339	00010	00	8	0000	0080019099	0010	L		04.02.2024	42.310	0.000	0.00			0.00	0.000	0.000					0000		0000	0000	04.02.2024	03:24:42	0.00						0000									0.000							0000000000	0000000000	00		0.00	0.00		0.000	0.000	0.00		0.000	0.000		0.00			0.00		0.00		0.00000			000000						0.000	0.000		0.000						0.000			
700	5600000339	00010	00	8	0000	0080019100	0010	L		04.02.2024	43.810	0.000	0.00			0.00	0.000	0.000					0000		0000	0000	04.02.2024	03:24:42	0.00						0000									0.000							0000000000	0000000000	00		0.00	0.00		0.000	0.000	0.00		0.000	0.000		0.00			0.00		0.00		0.00000			000000						0.000	0.000		0.000						0.000			
700	5600000339	00010	00	8	0000	0080019875	0010	L		04.02.2024	43.840	0.000	0.00			0.00	0.000	0.000					0000		0000	0000	04.02.2024	06:56:12	0.00						0000									0.000							0000000000	0000000000	00		0.00	0.00		0.000	0.000	0.00		0.000	0.000		0.00			0.00		0.00		0.00000			000000						0.000	0.000		0.000						0.000			
700	5600000339	00010	00	8	0000	0080019876	0010	L		04.02.2024	42.070	0.000	0.00			0.00	0.000	0.000					0000		0000	0000	04.02.2024	06:56:13	0.00						0000									0.000							0000000000	0000000000	00		0.00	0.00		0.000	0.000	0.00		0.000	0.000		0.00			0.00		0.00		0.00000			000000						0.000	0.000		0.000						0.000			
700	5600000339	00010	00	8	0000	0080019877	0010	L		04.02.2024	43.890	0.000	0.00			0.00	0.000	0.000					0000		0000	0000	04.02.2024	06:56:13	0.00						0000									0.000							0000000000	0000000000	00		0.00	0.00		0.000	0.000	0.00		0.000	0.000		0.00			0.00		0.00		0.00000			000000						0.000	0.000		0.000						0.000			
700	5600000339	00010	00	8	0000	0080019878	0010	L		04.02.2024	44.250	0.000	0.00			0.00	0.000	0.000					0000		0000	0000	04.02.2024	06:56:13	0.00						0000									0.000							0000000000	0000000000	00		0.00	0.00		0.000	0.000	0.00		0.000	0.000		0.00			0.00		0.00		0.00000			000000						0.000	0.000		0.000						0.000			
700	5600000339	00010	00	8	0000	0080019880	0010	L		04.02.2024	42.150	0.000	0.00			0.00	0.000	0.000					0000		0000	0000	04.02.2024	06:56:14	0.00						0000									0.000							0000000000	0000000000	00		0.00	0.00		0.000	0.000	0.00		0.000	0.000		0.00			0.00		0.00		0.00000			000000						0.000	0.000		0.000						0.000			
700	5600000339	00010	00	8	0000	0080019881	0010	L		04.02.2024	41.930	0.000	0.00			0.00	0.000	0.000					0000		0000	0000	04.02.2024	06:56:14	0.00						0000									0.000							0000000000	0000000000	00		0.00	0.00		0.000	0.000	0.00		0.000	0.000		0.00			0.00		0.00		0.00000			000000						0.000	0.000		0.000						0.000			
700	5600000339	00010	00	8	0000	0080019882	0010	L		04.02.2024	42.670	0.000	0.00			0.00	0.000	0.000					0000		0000	0000	04.02.2024	06:56:14	0.00						0000									0.000							0000000000	0000000000	00		0.00	0.00		0.000	0.000	0.00		0.000	0.000		0.00			0.00		0.00		0.00000			000000						0.000	0.000		0.000						0.000			
700	5600000339	00010	00	8	0000	0080019883	0010	L		04.02.2024	41.800	0.000	0.00			0.00	0.000	0.000					0000		0000	0000	04.02.2024	06:56:14	0.00						0000									0.000							0000000000	0000000000	00		0.00	0.00		0.000	0.000	0.00		0.000	0.000		0.00			0.00		0.00		0.00000			000000						0.000	0.000		0.000						0.000			
700	5600000339	00010	00	8	0000	0080019884	0010	L		04.02.2024	41.610	0.000	0.00			0.00	0.000	0.000					0000		0000	0000	04.02.2024	06:56:15	0.00						0000									0.000							0000000000	0000000000	00		0.00	0.00		0.000	0.000	0.00		0.000	0.000		0.00			0.00		0.00		0.00000			000000						0.000	0.000		0.000						0.000			
700	5600000339	00010	00	8	0000	0080019885	0010	L		04.02.2024	43.060	0.000	0.00			0.00	0.000	0.000					0000		0000	0000	04.02.2024	06:56:15	0.00						0000									0.000							0000000000	0000000000	00		0.00	0.00		0.000	0.000	0.00		0.000	0.000		0.00			0.00		0.00		0.00000			000000						0.000	0.000		0.000						0.000			
700	5600000339	00010	00	8	0000	0080019886	0010	L		04.02.2024	42.540	0.000	0.00			0.00	0.000	0.000					0000		0000	0000	04.02.2024	06:56:15	0.00						0000									0.000							0000000000	0000000000	00		0.00	0.00		0.000	0.000	0.00		0.000	0.000		0.00			0.00		0.00		0.00000			000000						0.000	0.000		0.000						0.000			
700	5600000339	00010	00	8	0000	0080019887	0010	L		04.02.2024	46.090	0.000	0.00			0.00	0.000	0.000					0000		0000	0000	04.02.2024	06:56:15	0.00						0000									0.000							0000000000	0000000000	00		0.00	0.00		0.000	0.000	0.00		0.000	0.000		0.00			0.00		0.00		0.00000			000000						0.000	0.000		0.000						0.000			
700	5600000339	00010	00	8	0000	0080021737	0010	L		04.02.2024	41.770	0.000	0.00			0.00	0.000	0.000					0000		0000	0000	04.02.2024	14:35:50	0.00						0000									0.000							0000000000	0000000000	00		0.00	0.00		0.000	0.000	0.00		0.000	0.000		0.00			0.00		0.00		0.00000			000000						0.000	0.000		0.000						0.000			
700	5600000339	00010	00	8	0000	0080021738	0010	L		04.02.2024	42.340	0.000	0.00			0.00	0.000	0.000					0000		0000	0000	04.02.2024	14:35:50	0.00						0000									0.000							0000000000	0000000000	00		0.00	0.00		0.000	0.000	0.00		0.000	0.000		0.00			0.00		0.00		0.00000			000000						0.000	0.000		0.000						0.000			
700	5600000339	00010	00	8	0000	0080021739	0010	L		04.02.2024	41.950	0.000	0.00			0.00	0.000	0.000					0000		0000	0000	04.02.2024	14:35:50	0.00						0000									0.000							0000000000	0000000000	00		0.00	0.00		0.000	0.000	0.00		0.000	0.000		0.00			0.00		0.00		0.00000			000000						0.000	0.000		0.000						0.000			
700	5600000339	00010	00	8	0000	0080021740	0010	L		04.02.2024	41.480	0.000	0.00			0.00	0.000	0.000					0000		0000	0000	04.02.2024	14:35:51	0.00						0000									0.000							0000000000	0000000000	00		0.00	0.00		0.000	0.000	0.00		0.000	0.000		0.00			0.00		0.00		0.00000			000000						0.000	0.000		0.000						0.000			
700	5600000339	00010	00	8	0000	0080021742	0010	L		04.02.2024	41.910	0.000	0.00			0.00	0.000	0.000					0000		0000	0000	04.02.2024	14:35:51	0.00						0000									0.000							0000000000	0000000000	00		0.00	0.00		0.000	0.000	0.00		0.000	0.000		0.00			0.00		0.00		0.00000			000000						0.000	0.000		0.000						0.000			
700	5600000339	00010	00	8	0000	0080021743	0010	L		04.02.2024	41.620	0.000	0.00			0.00	0.000	0.000					0000		0000	0000	04.02.2024	14:35:51	0.00						0000									0.000							0000000000	0000000000	00		0.00	0.00		0.000	0.000	0.00		0.000	0.000		0.00			0.00		0.00		0.00000			000000						0.000	0.000		0.000						0.000			
700	5600000339	00010	00	8	0000	0080021745	0010	L		04.02.2024	42.600	0.000	0.00			0.00	0.000	0.000					0000		0000	0000	04.02.2024	14:35:52	0.00						0000									0.000							0000000000	0000000000	00		0.00	0.00		0.000	0.000	0.00		0.000	0.000		0.00			0.00		0.00		0.00000			000000						0.000	0.000		0.000						0.000			
700	5600000339	00010	00	8	0000	0080021746	0010	L		04.02.2024	41.830	0.000	0.00			0.00	0.000	0.000					0000		0000	0000	04.02.2024	14:35:52	0.00						0000									0.000							0000000000	0000000000	00		0.00	0.00		0.000	0.000	0.00		0.000	0.000		0.00			0.00		0.00		0.00000			000000						0.000	0.000		0.000						0.000			
700	5600000339	00010	00	8	0000	0080021749	0010	L		04.02.2024	41.730	0.000	0.00			0.00	0.000	0.000					0000		0000	0000	04.02.2024	14:35:53	0.00						0000									0.000							0000000000	0000000000	00		0.00	0.00		0.000	0.000	0.00		0.000	0.000		0.00			0.00		0.00		0.00000			000000						0.000	0.000		0.000						0.000			
700	5600000339	00010	00	8	0000	0080021750	0010	L		04.02.2024	41.810	0.000	0.00			0.00	0.000	0.000					0000		0000	0000	04.02.2024	14:35:53	0.00						0000									0.000							0000000000	0000000000	00		0.00	0.00		0.000	0.000	0.00		0.000	0.000		0.00			0.00		0.00		0.00000			000000						0.000	0.000		0.000						0.000			
700	5600000339	00010	00	8	0000	0080021751	0010	L		04.02.2024	42.410	0.000	0.00			0.00	0.000	0.000					0000		0000	0000	04.02.2024	14:35:54	0.00						0000									0.000							0000000000	0000000000	00		0.00	0.00		0.000	0.000	0.00		0.000	0.000		0.00			0.00		0.00		0.00000			000000						0.000	0.000		0.000						0.000			
700	5600000339	00010	00	8	0000	0080021752	0010	L		04.02.2024	41.400	0.000	0.00			0.00	0.000	0.000					0000		0000	0000	04.02.2024	14:35:54	0.00						0000									0.000							0000000000	0000000000	00		0.00	0.00		0.000	0.000	0.00		0.000	0.000		0.00			0.00		0.00		0.00000			000000						0.000	0.000		0.000						0.000			
700	5600000339	00010	00	8	0000	0080021753	0010	L		04.02.2024	43.300	0.000	0.00			0.00	0.000	0.000					0000		0000	0000	04.02.2024	14:35:54	0.00						0000									0.000							0000000000	0000000000	00		0.00	0.00		0.000	0.000	0.00		0.000	0.000		0.00			0.00		0.00		0.00000			000000						0.000	0.000		0.000						0.000			
700	5600000339	00010	00	8	0000	0080021754	0010	L		04.02.2024	42.320	0.000	0.00			0.00	0.000	0.000					0000		0000	0000	04.02.2024	14:35:54	0.00						0000									0.000							0000000000	0000000000	00		0.00	0.00		0.000	0.000	0.00		0.000	0.000		0.00			0.00		0.00		0.00000			000000						0.000	0.000		0.000						0.000			
700	5600000339	00010	00	8	0000	0080021755	0010	L		04.02.2024	41.590	0.000	0.00			0.00	0.000	0.000					0000		0000	0000	04.02.2024	14:35:55	0.00						0000									0.000							0000000000	0000000000	00		0.00	0.00		0.000	0.000	0.00		0.000	0.000		0.00			0.00		0.00		0.00000			000000						0.000	0.000		0.000						0.000			
700	5600000339	00010	00	8	0000	0080021756	0010	L		04.02.2024	41.470	0.000	0.00			0.00	0.000	0.000					0000		0000	0000	04.02.2024	14:35:55	0.00						0000									0.000							0000000000	0000000000	00		0.00	0.00		0.000	0.000	0.00		0.000	0.000		0.00			0.00		0.00		0.00000			000000						0.000	0.000		0.000						0.000			
700	5600000339	00010	00	8	0000	0080024605	0010	L		04.02.2024	41.850	0.000	0.00			0.00	0.000	0.000					0000		0000	0000	04.02.2024	19:42:07	0.00						0000									0.000							0000000000	0000000000	00		0.00	0.00		0.000	0.000	0.00		0.000	0.000		0.00			0.00		0.00		0.00000			000000						0.000	0.000		0.000						0.000			
700	5600000339	00010	00	8	0000	0080025231	0010	L		04.02.2024	42.020	0.000	0.00			0.00	0.000	0.000					0000		0000	0000	04.02.2024	21:04:19	0.00						0000									0.000							0000000000	0000000000	00		0.00	0.00		0.000	0.000	0.00		0.000	0.000		0.00			0.00		0.00		0.00000			000000						0.000	0.000		0.000						0.000			
700	5600000339	00010	00	8	0000	0080025232	0010	L		04.02.2024	41.900	0.000	0.00			0.00	0.000	0.000					0000		0000	0000	04.02.2024	21:04:19	0.00						0000									0.000							0000000000	0000000000	00		0.00	0.00		0.000	0.000	0.00		0.000	0.000		0.00			0.00		0.00		0.00000			000000						0.000	0.000		0.000						0.000			
700	5600000339	00010	00	8	0000	0080025233	0010	L		04.02.2024	41.870	0.000	0.00			0.00	0.000	0.000					0000		0000	0000	04.02.2024	21:04:20	0.00						0000									0.000							0000000000	0000000000	00		0.00	0.00		0.000	0.000	0.00		0.000	0.000		0.00			0.00		0.00		0.00000			000000						0.000	0.000		0.000						0.000			
700	5600000339	00010	00	8	0000	0080025234	0010	L		04.02.2024	42.320	0.000	0.00			0.00	0.000	0.000					0000		0000	0000	04.02.2024	21:04:20	0.00						0000									0.000							0000000000	0000000000	00		0.00	0.00		0.000	0.000	0.00		0.000	0.000		0.00			0.00		0.00		0.00000			000000						0.000	0.000		0.000						0.000			
700	5600000339	00010	00	8	0000	0080025773	0010	L		04.02.2024	41.800	0.000	0.00			0.00	0.000	0.000					0000		0000	0000	04.02.2024	23:18:01	0.00						0000									0.000							0000000000	0000000000	00		0.00	0.00		0.000	0.000	0.00		0.000	0.000		0.00			0.00		0.00		0.00000			000000						0.000	0.000		0.000						0.000			
700	5600000339	00010	00	8	0000	0080025774	0010	L		04.02.2024	41.970	0.000	0.00			0.00	0.000	0.000					0000		0000	0000	04.02.2024	23:18:01	0.00						0000									0.000							0000000000	0000000000	00		0.00	0.00		0.000	0.000	0.00		0.000	0.000		0.00			0.00		0.00		0.00000			000000						0.000	0.000		0.000						0.000			
700	5600000339	00010	00	8	0000	0080025775	0010	L		04.02.2024	41.800	0.000	0.00			0.00	0.000	0.000					0000		0000	0000	04.02.2024	23:18:01	0.00						0000									0.000							0000000000	0000000000	00		0.00	0.00		0.000	0.000	0.00		0.000	0.000		0.00			0.00		0.00		0.00000			000000						0.000	0.000		0.000						0.000			
700	5600000339	00010	00	8	0000	0080025776	0010	L		04.02.2024	41.710	0.000	0.00			0.00	0.000	0.000					0000		0000	0000	04.02.2024	23:18:02	0.00						0000									0.000							0000000000	0000000000	00		0.00	0.00		0.000	0.000	0.00		0.000	0.000		0.00			0.00		0.00		0.00000			000000						0.000	0.000		0.000						0.000			
700	5600000339	00010	00	8	0000	0080025777	0010	L		04.02.2024	41.790	0.000	0.00			0.00	0.000	0.000					0000		0000	0000	04.02.2024	23:18:02	0.00						0000									0.000							0000000000	0000000000	00		0.00	0.00		0.000	0.000	0.00		0.000	0.000		0.00			0.00		0.00		0.00000			000000						0.000	0.000		0.000						0.000			
700	5600000339	00010	00	8	0000	0080025778	0010	L		04.02.2024	41.830	0.000	0.00			0.00	0.000	0.000					0000		0000	0000	04.02.2024	23:18:02	0.00						0000									0.000							0000000000	0000000000	00		0.00	0.00		0.000	0.000	0.00		0.000	0.000		0.00			0.00		0.00		0.00000			000000						0.000	0.000		0.000						0.000			
700	5600000339	00010	00	8	0000	0080025779	0010	L		04.02.2024	41.770	0.000	0.00			0.00	0.000	0.000					0000		0000	0000	04.02.2024	23:18:03	0.00						0000									0.000							0000000000	0000000000	00		0.00	0.00		0.000	0.000	0.00		0.000	0.000		0.00			0.00		0.00		0.00000			000000						0.000	0.000		0.000						0.000			
700	5600000339	00010	00	8	0000	0080025780	0010	L		04.02.2024	41.830	0.000	0.00			0.00	0.000	0.000					0000		0000	0000	04.02.2024	23:18:03	0.00						0000									0.000							0000000000	0000000000	00		0.00	0.00		0.000	0.000	0.00		0.000	0.000		0.00			0.00		0.00		0.00000			000000						0.000	0.000		0.000						0.000			
700	5600000339	00010	00	8	0000	0080025781	0010	L		04.02.2024	41.800	0.000	0.00			0.00	0.000	0.000					0000		0000	0000	04.02.2024	23:18:03	0.00						0000									0.000							0000000000	0000000000	00		0.00	0.00		0.000	0.000	0.00		0.000	0.000		0.00			0.00		0.00		0.00000			000000						0.000	0.000		0.000						0.000			
700	5600000339	00010	00	8	0000	0080025782	0010	L		04.02.2024	42.110	0.000	0.00			0.00	0.000	0.000					0000		0000	0000	04.02.2024	23:18:04	0.00						0000									0.000							0000000000	0000000000	00		0.00	0.00		0.000	0.000	0.00		0.000	0.000		0.00			0.00		0.00		0.00000			000000						0.000	0.000		0.000						0.000			
700	5600000339	00010	00	8	0000	0080025783	0010	L		04.02.2024	42.140	0.000	0.00			0.00	0.000	0.000					0000		0000	0000	04.02.2024	23:18:04	0.00						0000									0.000							0000000000	0000000000	00		0.00	0.00		0.000	0.000	0.00		0.000	0.000		0.00			0.00		0.00		0.00000			000000						0.000	0.000		0.000						0.000			
700	5600000339	00010	00	8	0000	0080025784	0010	L		04.02.2024	41.510	0.000	0.00			0.00	0.000	0.000					0000		0000	0000	04.02.2024	23:18:04	0.00						0000									0.000							0000000000	0000000000	00		0.00	0.00		0.000	0.000	0.00		0.000	0.000		0.00			0.00		0.00		0.00000			000000						0.000	0.000		0.000						0.000			
700	5600000339	00010	00	8	0000	0080025785	0010	L		04.02.2024	41.860	0.000	0.00			0.00	0.000	0.000					0000		0000	0000	04.02.2024	23:18:04	0.00						0000									0.000							0000000000	0000000000	00		0.00	0.00		0.000	0.000	0.00		0.000	0.000		0.00			0.00		0.00		0.00000			000000						0.000	0.000		0.000						0.000			
700	5600000339	00010	00	8	0000	0080025786	0010	L		04.02.2024	43.020	0.000	0.00			0.00	0.000	0.000					0000		0000	0000	04.02.2024	23:18:05	0.00						0000									0.000							0000000000	0000000000	00		0.00	0.00		0.000	0.000	0.00		0.000	0.000		0.00			0.00		0.00		0.00000			000000						0.000	0.000		0.000						0.000			
700	5600000339	00010	00	8	0000	0080025787	0010	L		04.02.2024	41.650	0.000	0.00			0.00	0.000	0.000					0000		0000	0000	04.02.2024	23:18:05	0.00						0000									0.000							0000000000	0000000000	00		0.00	0.00		0.000	0.000	0.00		0.000	0.000		0.00			0.00		0.00		0.00000			000000						0.000	0.000		0.000						0.000			
700	5600000339	00010	00	8	0000	0080025788	0010	L		04.02.2024	42.080	0.000	0.00			0.00	0.000	0.000					0000		0000	0000	04.02.2024	23:18:05	0.00						0000									0.000							0000000000	0000000000	00		0.00	0.00		0.000	0.000	0.00		0.000	0.000		0.00			0.00		0.00		0.00000			000000						0.000	0.000		0.000						0.000			
700	5600000339	00010	00	8	0000	0080025789	0010	L		04.02.2024	41.440	0.000	0.00			0.00	0.000	0.000					0000		0000	0000	04.02.2024	23:18:05	0.00						0000									0.000							0000000000	0000000000	00		0.00	0.00		0.000	0.000	0.00		0.000	0.000		0.00			0.00		0.00		0.00000			000000						0.000	0.000		0.000						0.000			
700	5600000339	00010	00	8	0000	0080025790	0010	L		04.02.2024	42.570	0.000	0.00			0.00	0.000	0.000					0000		0000	0000	04.02.2024	23:18:06	0.00						0000									0.000							0000000000	0000000000	00		0.00	0.00		0.000	0.000	0.00		0.000	0.000		0.00			0.00		0.00		0.00000			000000						0.000	0.000		0.000						0.000			
700	5600000339	00010	00	8	0000	0080025791	0010	L		04.02.2024	41.860	0.000	0.00			0.00	0.000	0.000					0000		0000	0000	04.02.2024	23:18:06	0.00						0000									0.000							0000000000	0000000000	00		0.00	0.00		0.000	0.000	0.00		0.000	0.000		0.00			0.00		0.00		0.00000			000000						0.000	0.000		0.000						0.000			
700	5600000339	00010	00	8	0000	0080025792	0010	L		04.02.2024	41.820	0.000	0.00			0.00	0.000	0.000					0000		0000	0000	04.02.2024	23:18:06	0.00						0000									0.000							0000000000	0000000000	00		0.00	0.00		0.000	0.000	0.00		0.000	0.000		0.00			0.00		0.00		0.00000			000000						0.000	0.000		0.000						0.000			
700	5600000339	00010	00	8	0000	0080026355	0010	L		05.02.2024	41.930	0.000	0.00			0.00	0.000	0.000					0000		0000	0000	05.02.2024	04:14:38	0.00						0000									0.000							0000000000	0000000000	00		0.00	0.00		0.000	0.000	0.00		0.000	0.000		0.00			0.00		0.00		0.00000			000000						0.000	0.000		0.000						0.000			
700	5600000339	00010	00	8	0000	0080026356	0010	L		05.02.2024	41.920	0.000	0.00			0.00	0.000	0.000					0000		0000	0000	05.02.2024	04:14:38	0.00						0000									0.000							0000000000	0000000000	00		0.00	0.00		0.000	0.000	0.00		0.000	0.000		0.00			0.00		0.00		0.00000			000000						0.000	0.000		0.000						0.000			
700	5600000339	00010	00	8	0000	0080026357	0010	L		05.02.2024	42.110	0.000	0.00			0.00	0.000	0.000					0000		0000	0000	05.02.2024	04:14:39	0.00						0000									0.000							0000000000	0000000000	00		0.00	0.00		0.000	0.000	0.00		0.000	0.000		0.00			0.00		0.00		0.00000			000000						0.000	0.000		0.000						0.000			
700	5600000339	00010	00	8	0000	0080026358	0010	L		05.02.2024	42.030	0.000	0.00			0.00	0.000	0.000					0000		0000	0000	05.02.2024	04:14:39	0.00						0000									0.000							0000000000	0000000000	00		0.00	0.00		0.000	0.000	0.00		0.000	0.000		0.00			0.00		0.00		0.00000			000000						0.000	0.000		0.000						0.000			
700	5600000339	00010	00	8	0000	0080026359	0010	L		05.02.2024	41.690	0.000	0.00			0.00	0.000	0.000					0000		0000	0000	05.02.2024	04:14:39	0.00						0000									0.000							0000000000	0000000000	00		0.00	0.00		0.000	0.000	0.00		0.000	0.000		0.00			0.00		0.00		0.00000			000000						0.000	0.000		0.000						0.000			
700	5600000339	00010	00	8	0000	0080026360	0010	L		05.02.2024	42.150	0.000	0.00			0.00	0.000	0.000					0000		0000	0000	05.02.2024	04:14:40	0.00						0000									0.000							0000000000	0000000000	00		0.00	0.00		0.000	0.000	0.00		0.000	0.000		0.00			0.00		0.00		0.00000			000000						0.000	0.000		0.000						0.000			
700	5600000339	00010	00	8	0000	0080026361	0010	L		05.02.2024	41.950	0.000	0.00			0.00	0.000	0.000					0000		0000	0000	05.02.2024	04:14:40	0.00						0000									0.000							0000000000	0000000000	00		0.00	0.00		0.000	0.000	0.00		0.000	0.000		0.00			0.00		0.00		0.00000			000000						0.000	0.000		0.000						0.000			
700	5600000339	00010	00	8	0000	0080026362	0010	L		05.02.2024	42.060	0.000	0.00			0.00	0.000	0.000					0000		0000	0000	05.02.2024	04:14:40	0.00						0000									0.000							0000000000	0000000000	00		0.00	0.00		0.000	0.000	0.00		0.000	0.000		0.00			0.00		0.00		0.00000			000000						0.000	0.000		0.000						0.000			
700	5600000339	00010	00	8	0000	0080026363	0010	L		05.02.2024	42.030	0.000	0.00			0.00	0.000	0.000					0000		0000	0000	05.02.2024	04:14:40	0.00						0000									0.000							0000000000	0000000000	00		0.00	0.00		0.000	0.000	0.00		0.000	0.000		0.00			0.00		0.00		0.00000			000000						0.000	0.000		0.000						0.000			
700	5600000339	00010	00	8	0000	0080026364	0010	L		05.02.2024	42.830	0.000	0.00			0.00	0.000	0.000					0000		0000	0000	05.02.2024	04:14:41	0.00						0000									0.000							0000000000	0000000000	00		0.00	0.00		0.000	0.000	0.00		0.000	0.000		0.00			0.00		0.00		0.00000			000000						0.000	0.000		0.000						0.000			
700	5600000339	00010	00	8	0000	0080026365	0010	L		05.02.2024	42.380	0.000	0.00			0.00	0.000	0.000					0000		0000	0000	05.02.2024	04:14:41	0.00						0000									0.000							0000000000	0000000000	00		0.00	0.00		0.000	0.000	0.00		0.000	0.000		0.00			0.00		0.00		0.00000			000000						0.000	0.000		0.000						0.000			
700	5600000339	00010	00	8	0000	0080026366	0010	L		05.02.2024	42.200	0.000	0.00			0.00	0.000	0.000					0000		0000	0000	05.02.2024	04:14:41	0.00						0000									0.000							0000000000	0000000000	00		0.00	0.00		0.000	0.000	0.00		0.000	0.000		0.00			0.00		0.00		0.00000			000000						0.000	0.000		0.000						0.000			
700	5600000339	00010	00	8	0000	0080026367	0010	L		05.02.2024	42.950	0.000	0.00			0.00	0.000	0.000					0000		0000	0000	05.02.2024	04:14:41	0.00						0000									0.000							0000000000	0000000000	00		0.00	0.00		0.000	0.000	0.00		0.000	0.000		0.00			0.00		0.00		0.00000			000000						0.000	0.000		0.000						0.000			
700	5600000339	00010	00	8	0000	0080026368	0010	L		05.02.2024	42.540	0.000	0.00			0.00	0.000	0.000					0000		0000	0000	05.02.2024	04:14:42	0.00						0000									0.000							0000000000	0000000000	00		0.00	0.00		0.000	0.000	0.00		0.000	0.000		0.00			0.00		0.00		0.00000			000000						0.000	0.000		0.000						0.000			
700	5600000339	00010	00	8	0000	0080026369	0010	L		05.02.2024	41.140	0.000	0.00			0.00	0.000	0.000					0000		0000	0000	05.02.2024	04:14:42	0.00						0000									0.000							0000000000	0000000000	00		0.00	0.00		0.000	0.000	0.00		0.000	0.000		0.00			0.00		0.00		0.00000			000000						0.000	0.000		0.000						0.000			
700	5600000339	00010	00	8	0000	0080026551	0010	L		05.02.2024	42.720	0.000	0.00			0.00	0.000	0.000					0000		0000	0000	05.02.2024	08:19:46	0.00						0000									0.000							0000000000	0000000000	00		0.00	0.00		0.000	0.000	0.00		0.000	0.000		0.00			0.00		0.00		0.00000			000000						0.000	0.000		0.000						0.000			
700	5600000339	00010	00	8	0000	0080026552	0010	L		05.02.2024	42.760	0.000	0.00			0.00	0.000	0.000					0000		0000	0000	05.02.2024	08:19:46	0.00						0000									0.000							0000000000	0000000000	00		0.00	0.00		0.000	0.000	0.00		0.000	0.000		0.00			0.00		0.00		0.00000			000000						0.000	0.000		0.000						0.000			
700	5600000339	00010	00	8	0000	0080026553	0010	L		05.02.2024	42.690	0.000	0.00			0.00	0.000	0.000					0000		0000	0000	05.02.2024	08:19:47	0.00						0000									0.000							0000000000	0000000000	00		0.00	0.00		0.000	0.000	0.00		0.000	0.000		0.00			0.00		0.00		0.00000			000000						0.000	0.000		0.000						0.000			
700	5600000339	00010	00	8	0000	0080026554	0010	L		05.02.2024	42.480	0.000	0.00			0.00	0.000	0.000					0000		0000	0000	05.02.2024	08:19:47	0.00						0000									0.000							0000000000	0000000000	00		0.00	0.00		0.000	0.000	0.00		0.000	0.000		0.00			0.00		0.00		0.00000			000000						0.000	0.000		0.000						0.000			
700	5600000339	00010	00	8	0000	0080026555	0010	L		05.02.2024	41.880	0.000	0.00			0.00	0.000	0.000					0000		0000	0000	05.02.2024	08:19:47	0.00						0000									0.000							0000000000	0000000000	00		0.00	0.00		0.000	0.000	0.00		0.000	0.000		0.00			0.00		0.00		0.00000			000000						0.000	0.000		0.000						0.000			
700	5600000339	00010	00	8	0000	0080026556	0010	L		05.02.2024	42.220	0.000	0.00			0.00	0.000	0.000					0000		0000	0000	05.02.2024	08:19:47	0.00						0000									0.000							0000000000	0000000000	00		0.00	0.00		0.000	0.000	0.00		0.000	0.000		0.00			0.00		0.00		0.00000			000000						0.000	0.000		0.000						0.000			
700	5600000339	00010	00	8	0000	0080026557	0010	L		05.02.2024	42.660	0.000	0.00			0.00	0.000	0.000					0000		0000	0000	05.02.2024	08:19:48	0.00						0000									0.000							0000000000	0000000000	00		0.00	0.00		0.000	0.000	0.00		0.000	0.000		0.00			0.00		0.00		0.00000			000000						0.000	0.000		0.000						0.000			
700	5600000339	00010	00	8	0000	0080026558	0010	L		05.02.2024	42.270	0.000	0.00			0.00	0.000	0.000					0000		0000	0000	05.02.2024	08:19:48	0.00						0000									0.000							0000000000	0000000000	00		0.00	0.00		0.000	0.000	0.00		0.000	0.000		0.00			0.00		0.00		0.00000			000000						0.000	0.000		0.000						0.000			
700	5600000339	00010	00	8	0000	0080026559	0010	L		05.02.2024	42.270	0.000	0.00			0.00	0.000	0.000					0000		0000	0000	05.02.2024	08:19:48	0.00						0000									0.000							0000000000	0000000000	00		0.00	0.00		0.000	0.000	0.00		0.000	0.000		0.00			0.00		0.00		0.00000			000000						0.000	0.000		0.000						0.000			
700	5600000339	00010	00	8	0000	0080026560	0010	L		05.02.2024	42.990	0.000	0.00			0.00	0.000	0.000					0000		0000	0000	05.02.2024	08:19:49	0.00						0000									0.000							0000000000	0000000000	00		0.00	0.00		0.000	0.000	0.00		0.000	0.000		0.00			0.00		0.00		0.00000			000000						0.000	0.000		0.000						0.000			
700	5600000339	00010	00	8	0000	0080026561	0010	L		05.02.2024	42.320	0.000	0.00			0.00	0.000	0.000					0000		0000	0000	05.02.2024	08:19:49	0.00						0000									0.000							0000000000	0000000000	00		0.00	0.00		0.000	0.000	0.00		0.000	0.000		0.00			0.00		0.00		0.00000			000000						0.000	0.000		0.000						0.000			
700	5600000339	00010	00	8	0000	0080026562	0010	L		05.02.2024	42.750	0.000	0.00			0.00	0.000	0.000					0000		0000	0000	05.02.2024	08:19:49	0.00						0000									0.000							0000000000	0000000000	00		0.00	0.00		0.000	0.000	0.00		0.000	0.000		0.00			0.00		0.00		0.00000			000000						0.000	0.000		0.000						0.000			
700	5600000339	00010	00	8	0000	0080026563	0010	L		05.02.2024	43.620	0.000	0.00			0.00	0.000	0.000					0000		0000	0000	05.02.2024	08:19:49	0.00						0000									0.000							0000000000	0000000000	00		0.00	0.00		0.000	0.000	0.00		0.000	0.000		0.00			0.00		0.00		0.00000			000000						0.000	0.000		0.000						0.000			
700	5600000339	00010	00	8	0000	0080026564	0010	L		05.02.2024	40.800	0.000	0.00			0.00	0.000	0.000					0000		0000	0000	05.02.2024	08:19:50	0.00						0000									0.000							0000000000	0000000000	00		0.00	0.00		0.000	0.000	0.00		0.000	0.000		0.00			0.00		0.00		0.00000			000000						0.000	0.000		0.000						0.000			
700	5600000339	00010	00	8	0000	0080026565	0010	L		05.02.2024	42.030	0.000	0.00			0.00	0.000	0.000					0000		0000	0000	05.02.2024	08:19:50	0.00						0000									0.000							0000000000	0000000000	00		0.00	0.00		0.000	0.000	0.00		0.000	0.000		0.00			0.00		0.00		0.00000			000000						0.000	0.000		0.000						0.000			
700	5600000339	00010	00	8	0000	0080026934	0010	L		05.02.2024	41.930	0.000	0.00			0.00	0.000	0.000					0000		0000	0000	05.02.2024	10:54:35	0.00						0000									0.000							0000000000	0000000000	00		0.00	0.00		0.000	0.000	0.00		0.000	0.000		0.00			0.00		0.00		0.00000			000000						0.000	0.000		0.000						0.000			
700	5600000339	00010	00	8	0000	0080026935	0010	L		05.02.2024	42.290	0.000	0.00			0.00	0.000	0.000					0000		0000	0000	05.02.2024	10:54:35	0.00						0000									0.000							0000000000	0000000000	00		0.00	0.00		0.000	0.000	0.00		0.000	0.000		0.00			0.00		0.00		0.00000			000000						0.000	0.000		0.000						0.000			
700	5600000339	00010	00	8	0000	0080026938	0010	L		05.02.2024	42.120	0.000	0.00			0.00	0.000	0.000					0000		0000	0000	05.02.2024	10:54:36	0.00						0000									0.000							0000000000	0000000000	00		0.00	0.00		0.000	0.000	0.00		0.000	0.000		0.00			0.00		0.00		0.00000			000000						0.000	0.000		0.000						0.000			
700	5600000339	00010	00	8	0000	0080026939	0010	L		05.02.2024	40.920	0.000	0.00			0.00	0.000	0.000					0000		0000	0000	05.02.2024	10:54:36	0.00						0000									0.000							0000000000	0000000000	00		0.00	0.00		0.000	0.000	0.00		0.000	0.000		0.00			0.00		0.00		0.00000			000000						0.000	0.000		0.000						0.000			
700	5600000339	00010	00	8	0000	0080026940	0010	L		05.02.2024	42.310	0.000	0.00			0.00	0.000	0.000					0000		0000	0000	05.02.2024	10:54:37	0.00						0000									0.000							0000000000	0000000000	00		0.00	0.00		0.000	0.000	0.00		0.000	0.000		0.00			0.00		0.00		0.00000			000000						0.000	0.000		0.000						0.000			
700	5600000339	00010	00	8	0000	0080026941	0010	L		05.02.2024	41.520	0.000	0.00			0.00	0.000	0.000					0000		0000	0000	05.02.2024	10:54:37	0.00						0000									0.000							0000000000	0000000000	00		0.00	0.00		0.000	0.000	0.00		0.000	0.000		0.00			0.00		0.00		0.00000			000000						0.000	0.000		0.000						0.000			
700	5600000339	00010	00	8	0000	0080026942	0010	L		05.02.2024	41.310	0.000	0.00			0.00	0.000	0.000					0000		0000	0000	05.02.2024	10:54:37	0.00						0000									0.000							0000000000	0000000000	00		0.00	0.00		0.000	0.000	0.00		0.000	0.000		0.00			0.00		0.00		0.00000			000000						0.000	0.000		0.000						0.000			
700	5600000339	00010	00	8	0000	0080027610	0010	L		05.02.2024	41.500	0.000	0.00			0.00	0.000	0.000					0000		0000	0000	05.02.2024	12:36:56	0.00						0000									0.000							0000000000	0000000000	00		0.00	0.00		0.000	0.000	0.00		0.000	0.000		0.00			0.00		0.00		0.00000			000000						0.000	0.000		0.000						0.000			
700	5600000339	00010	00	8	0000	0080027611	0010	L		05.02.2024	42.280	0.000	0.00			0.00	0.000	0.000					0000		0000	0000	05.02.2024	12:36:56	0.00						0000									0.000							0000000000	0000000000	00		0.00	0.00		0.000	0.000	0.00		0.000	0.000		0.00			0.00		0.00		0.00000			000000						0.000	0.000		0.000						0.000			
700	5600000339	00010	00	8	0000	0080027613	0010	L		05.02.2024	43.550	0.000	0.00			0.00	0.000	0.000					0000		0000	0000	05.02.2024	12:36:56	0.00						0000									0.000							0000000000	0000000000	00		0.00	0.00		0.000	0.000	0.00		0.000	0.000		0.00			0.00		0.00		0.00000			000000						0.000	0.000		0.000						0.000			
700	5600000339	00010	00	8	0000	0080027614	0010	L		05.02.2024	42.800	0.000	0.00			0.00	0.000	0.000					0000		0000	0000	05.02.2024	12:36:57	0.00						0000									0.000							0000000000	0000000000	00		0.00	0.00		0.000	0.000	0.00		0.000	0.000		0.00			0.00		0.00		0.00000			000000						0.000	0.000		0.000						0.000			
700	5600000339	00010	00	8	0000	0080027615	0010	L		05.02.2024	42.100	0.000	0.00			0.00	0.000	0.000					0000		0000	0000	05.02.2024	12:36:57	0.00						0000									0.000							0000000000	0000000000	00		0.00	0.00		0.000	0.000	0.00		0.000	0.000		0.00			0.00		0.00		0.00000			000000						0.000	0.000		0.000						0.000			
700	5600000339	00010	00	8	0000	0080028466	0010	L		05.02.2024	42.260	0.000	0.00			0.00	0.000	0.000					0000		0000	0000	05.02.2024	14:33:02	0.00						0000									0.000							0000000000	0000000000	00		0.00	0.00		0.000	0.000	0.00		0.000	0.000		0.00			0.00		0.00		0.00000			000000						0.000	0.000		0.000						0.000			
700	5600000339	00010	00	8	0000	0080028467	0010	L		05.02.2024	43.870	0.000	0.00			0.00	0.000	0.000					0000		0000	0000	05.02.2024	14:33:02	0.00						0000									0.000							0000000000	0000000000	00		0.00	0.00		0.000	0.000	0.00		0.000	0.000		0.00			0.00		0.00		0.00000			000000						0.000	0.000		0.000						0.000			
700	5600000339	00010	00	8	0000	0080028468	0010	L		05.02.2024	40.880	0.000	0.00			0.00	0.000	0.000					0000		0000	0000	05.02.2024	14:33:02	0.00						0000									0.000							0000000000	0000000000	00		0.00	0.00		0.000	0.000	0.00		0.000	0.000		0.00			0.00		0.00		0.00000			000000						0.000	0.000		0.000						0.000			
700	5600000339	00010	00	8	0000	0080028469	0010	L		05.02.2024	42.070	0.000	0.00			0.00	0.000	0.000					0000		0000	0000	05.02.2024	14:33:02	0.00						0000									0.000							0000000000	0000000000	00		0.00	0.00		0.000	0.000	0.00		0.000	0.000		0.00			0.00		0.00		0.00000			000000						0.000	0.000		0.000						0.000			
700	5600000339	00010	00	8	0000	0080028470	0010	L		05.02.2024	42.020	0.000	0.00			0.00	0.000	0.000					0000		0000	0000	05.02.2024	14:33:03	0.00						0000									0.000							0000000000	0000000000	00		0.00	0.00		0.000	0.000	0.00		0.000	0.000		0.00			0.00		0.00		0.00000			000000						0.000	0.000		0.000						0.000			
700	5600000339	00010	00	8	0000	0080028472	0010	L		05.02.2024	42.080	0.000	0.00			0.00	0.000	0.000					0000		0000	0000	05.02.2024	14:33:03	0.00						0000									0.000							0000000000	0000000000	00		0.00	0.00		0.000	0.000	0.00		0.000	0.000		0.00			0.00		0.00		0.00000			000000						0.000	0.000		0.000						0.000			
700	5600000339	00010	00	8	0000	0080028474	0010	L		05.02.2024	41.900	0.000	0.00			0.00	0.000	0.000					0000		0000	0000	05.02.2024	14:33:04	0.00						0000									0.000							0000000000	0000000000	00		0.00	0.00		0.000	0.000	0.00		0.000	0.000		0.00			0.00		0.00		0.00000			000000						0.000	0.000		0.000						0.000			
700	5600000339	00010	00	8	0000	0080028475	0010	L		05.02.2024	42.290	0.000	0.00			0.00	0.000	0.000					0000		0000	0000	05.02.2024	14:33:04	0.00						0000									0.000							0000000000	0000000000	00		0.00	0.00		0.000	0.000	0.00		0.000	0.000		0.00			0.00		0.00		0.00000			000000						0.000	0.000		0.000						0.000			
700	5600000339	00010	00	8	0000	0080029518	0010	L		05.02.2024	42.590	0.000	0.00			0.00	0.000	0.000					0000		0000	0000	05.02.2024	16:26:46	0.00						0000									0.000							0000000000	0000000000	00		0.00	0.00		0.000	0.000	0.00		0.000	0.000		0.00			0.00		0.00		0.00000			000000						0.000	0.000		0.000						0.000			
700	5600000339	00010	00	8	0000	0080029519	0010	L		05.02.2024	41.710	0.000	0.00			0.00	0.000	0.000					0000		0000	0000	05.02.2024	16:26:46	0.00						0000									0.000							0000000000	0000000000	00		0.00	0.00		0.000	0.000	0.00		0.000	0.000		0.00			0.00		0.00		0.00000			000000						0.000	0.000		0.000						0.000			
700	5600000339	00010	00	8	0000	0080029520	0010	L		05.02.2024	42.780	0.000	0.00			0.00	0.000	0.000					0000		0000	0000	05.02.2024	16:26:46	0.00						0000									0.000							0000000000	0000000000	00		0.00	0.00		0.000	0.000	0.00		0.000	0.000		0.00			0.00		0.00		0.00000			000000						0.000	0.000		0.000						0.000			
700	5600000339	00010	00	8	0000	0080029521	0010	L		05.02.2024	41.940	0.000	0.00			0.00	0.000	0.000					0000		0000	0000	05.02.2024	16:26:46	0.00						0000									0.000							0000000000	0000000000	00		0.00	0.00		0.000	0.000	0.00		0.000	0.000		0.00			0.00		0.00		0.00000			000000						0.000	0.000		0.000						0.000			
700	5600000339	00010	00	8	0000	0080029522	0010	L		05.02.2024	41.970	0.000	0.00			0.00	0.000	0.000					0000		0000	0000	05.02.2024	16:26:47	0.00						0000									0.000							0000000000	0000000000	00		0.00	0.00		0.000	0.000	0.00		0.000	0.000		0.00			0.00		0.00		0.00000			000000						0.000	0.000		0.000						0.000			
700	5600000339	00010	00	8	0000	0080029523	0010	L		05.02.2024	42.450	0.000	0.00			0.00	0.000	0.000					0000		0000	0000	05.02.2024	16:26:47	0.00						0000									0.000							0000000000	0000000000	00		0.00	0.00		0.000	0.000	0.00		0.000	0.000		0.00			0.00		0.00		0.00000			000000						0.000	0.000		0.000						0.000			
700	5600000339	00010	00	8	0000	0080029524	0010	L		05.02.2024	41.940	0.000	0.00			0.00	0.000	0.000					0000		0000	0000	05.02.2024	16:26:47	0.00						0000									0.000							0000000000	0000000000	00		0.00	0.00		0.000	0.000	0.00		0.000	0.000		0.00			0.00		0.00		0.00000			000000						0.000	0.000		0.000						0.000			
700	5600000339	00010	00	8	0000	0080029527	0010	L		05.02.2024	41.860	0.000	0.00			0.00	0.000	0.000					0000		0000	0000	05.02.2024	16:26:48	0.00						0000									0.000							0000000000	0000000000	00		0.00	0.00		0.000	0.000	0.00		0.000	0.000		0.00			0.00		0.00		0.00000			000000						0.000	0.000		0.000						0.000			
700	5600000339	00010	00	8	0000	0080029528	0010	L		05.02.2024	42.030	0.000	0.00			0.00	0.000	0.000					0000		0000	0000	05.02.2024	16:26:48	0.00						0000									0.000							0000000000	0000000000	00		0.00	0.00		0.000	0.000	0.00		0.000	0.000		0.00			0.00		0.00		0.00000			000000						0.000	0.000		0.000						0.000			
700	5600000339	00010	00	8	0000	0080030511	0010	L		05.02.2024	42.090	0.000	0.00			0.00	0.000	0.000					0000		0000	0000	05.02.2024	17:46:54	0.00						0000									0.000							0000000000	0000000000	00		0.00	0.00		0.000	0.000	0.00		0.000	0.000		0.00			0.00		0.00		0.00000			000000						0.000	0.000		0.000						0.000			
700	5600000339	00010	00	8	0000	0080030512	0010	L		05.02.2024	43.820	0.000	0.00			0.00	0.000	0.000					0000		0000	0000	05.02.2024	17:46:55	0.00						0000									0.000							0000000000	0000000000	00		0.00	0.00		0.000	0.000	0.00		0.000	0.000		0.00			0.00		0.00		0.00000			000000						0.000	0.000		0.000						0.000			
700	5600000339	00010	00	8	0000	0080030513	0010	L		05.02.2024	41.220	0.000	0.00			0.00	0.000	0.000					0000		0000	0000	05.02.2024	17:46:55	0.00						0000									0.000							0000000000	0000000000	00		0.00	0.00		0.000	0.000	0.00		0.000	0.000		0.00			0.00		0.00		0.00000			000000						0.000	0.000		0.000						0.000			
700	5600000339	00010	00	8	0000	0080030515	0010	L		05.02.2024	42.830	0.000	0.00			0.00	0.000	0.000					0000		0000	0000	05.02.2024	17:46:56	0.00						0000									0.000							0000000000	0000000000	00		0.00	0.00		0.000	0.000	0.00		0.000	0.000		0.00			0.00		0.00		0.00000			000000						0.000	0.000		0.000						0.000			
700	5600000339	00010	00	8	0000	0080030518	0010	L		05.02.2024	40.710	0.000	0.00			0.00	0.000	0.000					0000		0000	0000	05.02.2024	17:46:57	0.00						0000									0.000							0000000000	0000000000	00		0.00	0.00		0.000	0.000	0.00		0.000	0.000		0.00			0.00		0.00		0.00000			000000						0.000	0.000		0.000						0.000			
700	5600000339	00010	00	8	0000	0080030520	0010	L		05.02.2024	39.930	0.000	0.00			0.00	0.000	0.000					0000		0000	0000	05.02.2024	17:46:57	0.00						0000									0.000							0000000000	0000000000	00		0.00	0.00		0.000	0.000	0.00		0.000	0.000		0.00			0.00		0.00		0.00000			000000						0.000	0.000		0.000						0.000			
700	5600000339	00010	00	8	0000	0080030521	0010	L		05.02.2024	40.850	0.000	0.00			0.00	0.000	0.000					0000		0000	0000	05.02.2024	17:46:57	0.00						0000									0.000							0000000000	0000000000	00		0.00	0.00		0.000	0.000	0.00		0.000	0.000		0.00			0.00		0.00		0.00000			000000						0.000	0.000		0.000						0.000			
700	5600000339	00010	00	8	0000	0080032577	0010	L		05.02.2024	43.540	0.000	0.00			0.00	0.000	0.000					0000		0000	0000	05.02.2024	21:02:19	0.00						0000									0.000							0000000000	0000000000	00		0.00	0.00		0.000	0.000	0.00		0.000	0.000		0.00			0.00		0.00		0.00000			000000						0.000	0.000		0.000						0.000			
700	5600000339	00010	00	8	0000	0080032578	0010	L		05.02.2024	41.550	0.000	0.00			0.00	0.000	0.000					0000		0000	0000	05.02.2024	21:02:19	0.00						0000									0.000							0000000000	0000000000	00		0.00	0.00		0.000	0.000	0.00		0.000	0.000		0.00			0.00		0.00		0.00000			000000						0.000	0.000		0.000						0.000			
700	5600000339	00010	00	8	0000	0080032579	0010	L		05.02.2024	41.500	0.000	0.00			0.00	0.000	0.000					0000		0000	0000	05.02.2024	21:02:19	0.00						0000									0.000							0000000000	0000000000	00		0.00	0.00		0.000	0.000	0.00		0.000	0.000		0.00			0.00		0.00		0.00000			000000						0.000	0.000		0.000						0.000			
700	5600000339	00010	00	8	0000	0080033031	0010	L		05.02.2024	41.380	0.000	0.00			0.00	0.000	0.000					0000		0000	0000	05.02.2024	22:29:50	0.00						0000									0.000							0000000000	0000000000	00		0.00	0.00		0.000	0.000	0.00		0.000	0.000		0.00			0.00		0.00		0.00000			000000						0.000	0.000		0.000						0.000			
700	5600000339	00010	00	8	0000	0080033032	0010	L		05.02.2024	41.650	0.000	0.00			0.00	0.000	0.000					0000		0000	0000	05.02.2024	22:29:50	0.00						0000									0.000							0000000000	0000000000	00		0.00	0.00		0.000	0.000	0.00		0.000	0.000		0.00			0.00		0.00		0.00000			000000						0.000	0.000		0.000						0.000			
700	5600000339	00010	00	8	0000	0080033132	0010	L		05.02.2024	42.640	0.000	0.00			0.00	0.000	0.000					0000		0000	0000	05.02.2024	22:53:23	0.00						0000									0.000							0000000000	0000000000	00		0.00	0.00		0.000	0.000	0.00		0.000	0.000		0.00			0.00		0.00		0.00000			000000						0.000	0.000		0.000						0.000			
700	5600000339	00010	00	8	0000	0080033133	0010	L		05.02.2024	41.750	0.000	0.00			0.00	0.000	0.000					0000		0000	0000	05.02.2024	22:53:23	0.00						0000									0.000							0000000000	0000000000	00		0.00	0.00		0.000	0.000	0.00		0.000	0.000		0.00			0.00		0.00		0.00000			000000						0.000	0.000		0.000						0.000			
700	5600000339	00010	00	8	0000	0080033284	0010	L		05.02.2024	41.240	0.000	0.00			0.00	0.000	0.000					0000		0000	0000	05.02.2024	23:26:44	0.00						0000									0.000							0000000000	0000000000	00		0.00	0.00		0.000	0.000	0.00		0.000	0.000		0.00			0.00		0.00		0.00000			000000						0.000	0.000		0.000						0.000			
700	5600000339	00010	00	8	0000	0080033285	0010	L		05.02.2024	42.010	0.000	0.00			0.00	0.000	0.000					0000		0000	0000	05.02.2024	23:26:45	0.00						0000									0.000							0000000000	0000000000	00		0.00	0.00		0.000	0.000	0.00		0.000	0.000		0.00			0.00		0.00		0.00000			000000						0.000	0.000		0.000						0.000			
700	5600000339	00010	00	8	0000	0080033286	0010	L		05.02.2024	41.890	0.000	0.00			0.00	0.000	0.000					0000		0000	0000	05.02.2024	23:26:45	0.00						0000									0.000							0000000000	0000000000	00		0.00	0.00		0.000	0.000	0.00		0.000	0.000		0.00			0.00		0.00		0.00000			000000						0.000	0.000		0.000						0.000			
700	5600000339	00010	00	8	0000	0080033287	0010	L		05.02.2024	41.930	0.000	0.00			0.00	0.000	0.000					0000		0000	0000	05.02.2024	23:26:45	0.00						0000									0.000							0000000000	0000000000	00		0.00	0.00		0.000	0.000	0.00		0.000	0.000		0.00			0.00		0.00		0.00000			000000						0.000	0.000		0.000						0.000			
700	5600000339	00010	00	8	0000	0080033288	0010	L		05.02.2024	41.600	0.000	0.00			0.00	0.000	0.000					0000		0000	0000	05.02.2024	23:26:46	0.00						0000									0.000							0000000000	0000000000	00		0.00	0.00		0.000	0.000	0.00		0.000	0.000		0.00			0.00		0.00		0.00000			000000						0.000	0.000		0.000						0.000			
700	5600000339	00010	00	8	0000	0080033437	0010	L		05.02.2024	42.200	0.000	0.00			0.00	0.000	0.000					0000		0000	0000	05.02.2024	23:54:33	0.00						0000									0.000							0000000000	0000000000	00		0.00	0.00		0.000	0.000	0.00		0.000	0.000		0.00			0.00		0.00		0.00000			000000						0.000	0.000		0.000						0.000			
700	5600000339	00010	00	8	0000	0080033550	0010	L		06.02.2024	41.600	0.000	0.00			0.00	0.000	0.000					0000		0000	0000	06.02.2024	00:30:05	0.00						0000									0.000							0000000000	0000000000	00		0.00	0.00		0.000	0.000	0.00		0.000	0.000		0.00			0.00		0.00		0.00000			000000						0.000	0.000		0.000						0.000			
700	5600000339	00010	00	8	0000	0080033562	0010	L		06.02.2024	42.100	0.000	0.00			0.00	0.000	0.000					0000		0000	0000	06.02.2024	00:34:26	0.00						0000									0.000							0000000000	0000000000	00		0.00	0.00		0.000	0.000	0.00		0.000	0.000		0.00			0.00		0.00		0.00000			000000						0.000	0.000		0.000						0.000			
700	5600000339	00010	00	8	0000	0080033704	0010	L		06.02.2024	41.680	0.000	0.00			0.00	0.000	0.000					0000		0000	0000	06.02.2024	01:36:40	0.00						0000									0.000							0000000000	0000000000	00		0.00	0.00		0.000	0.000	0.00		0.000	0.000		0.00			0.00		0.00		0.00000			000000						0.000	0.000		0.000						0.000			
700	5600000339	00010	00	8	0000	0080033711	0010	L		06.02.2024	42.230	0.000	0.00			0.00	0.000	0.000					0000		0000	0000	06.02.2024	01:40:27	0.00						0000									0.000							0000000000	0000000000	00		0.00	0.00		0.000	0.000	0.00		0.000	0.000		0.00			0.00		0.00		0.00000			000000						0.000	0.000		0.000						0.000			
700	5600000339	00010	00	8	0000	0080033773	0010	L		06.02.2024	42.380	0.000	0.00			0.00	0.000	0.000					0000		0000	0000	06.02.2024	02:00:29	0.00						0000									0.000							0000000000	0000000000	00		0.00	0.00		0.000	0.000	0.00		0.000	0.000		0.00			0.00		0.00		0.00000			000000						0.000	0.000		0.000						0.000			
700	5600000339	00010	00	8	0000	0080033860	0010	L		06.02.2024	42.220	0.000	0.00			0.00	0.000	0.000					0000		0000	0000	06.02.2024	02:56:47	0.00						0000									0.000							0000000000	0000000000	00		0.00	0.00		0.000	0.000	0.00		0.000	0.000		0.00			0.00		0.00		0.00000			000000						0.000	0.000		0.000						0.000			
700	5600000339	00010	00	8	0000	0080033904	0010	L		06.02.2024	42.160	0.000	0.00			0.00	0.000	0.000					0000		0000	0000	06.02.2024	03:46:29	0.00						0000									0.000							0000000000	0000000000	00		0.00	0.00		0.000	0.000	0.00		0.000	0.000		0.00			0.00		0.00		0.00000			000000						0.000	0.000		0.000						0.000			
700	5600000339	00010	00	8	0000	0080033909	0010	L		06.02.2024	41.740	0.000	0.00			0.00	0.000	0.000					0000		0000	0000	06.02.2024	03:54:47	0.00						0000									0.000							0000000000	0000000000	00		0.00	0.00		0.000	0.000	0.00		0.000	0.000		0.00			0.00		0.00		0.00000			000000						0.000	0.000		0.000						0.000			
700	5600000339	00010	00	8	0000	0080033941	0010	L		06.02.2024	42.360	0.000	0.00			0.00	0.000	0.000					0000		0000	0000	06.02.2024	04:52:36	0.00						0000									0.000							0000000000	0000000000	00		0.00	0.00		0.000	0.000	0.00		0.000	0.000		0.00			0.00		0.00		0.00000			000000						0.000	0.000		0.000						0.000			
700	5600000339	00010	00	8	0000	0080033942	0010	L		06.02.2024	42.180	0.000	0.00			0.00	0.000	0.000					0000		0000	0000	06.02.2024	04:52:39	0.00						0000									0.000							0000000000	0000000000	00		0.00	0.00		0.000	0.000	0.00		0.000	0.000		0.00			0.00		0.00		0.00000			000000						0.000	0.000		0.000						0.000			
700	5600000339	00010	00	8	0000	0080033960	0010	L		06.02.2024	42.470	0.000	0.00			0.00	0.000	0.000					0000		0000	0000	06.02.2024	05:16:31	0.00						0000									0.000							0000000000	0000000000	00		0.00	0.00		0.000	0.000	0.00		0.000	0.000		0.00			0.00		0.00		0.00000			000000						0.000	0.000		0.000						0.000			
700	5600000339	00010	00	8	0000	0080033972	0010	L		06.02.2024	42.760	0.000	0.00			0.00	0.000	0.000					0000		0000	0000	06.02.2024	05:26:41	0.00						0000									0.000							0000000000	0000000000	00		0.00	0.00		0.000	0.000	0.00		0.000	0.000		0.00			0.00		0.00		0.00000			000000						0.000	0.000		0.000						0.000			
700	5600000339	00010	00	8	0000	0080033977	0010	L		06.02.2024	41.820	0.000	0.00			0.00	0.000	0.000					0000		0000	0000	06.02.2024	05:30:48	0.00						0000									0.000							0000000000	0000000000	00		0.00	0.00		0.000	0.000	0.00		0.000	0.000		0.00			0.00		0.00		0.00000			000000						0.000	0.000		0.000						0.000			
700	5600000339	00010	00	8	0000	0080034048	0010	L		06.02.2024	42.610	0.000	0.00			0.00	0.000	0.000					0000		0000	0000	06.02.2024	07:14:48	0.00						0000									0.000							0000000000	0000000000	00		0.00	0.00		0.000	0.000	0.00		0.000	0.000		0.00			0.00		0.00		0.00000			000000						0.000	0.000		0.000						0.000			
700	5600000339	00010	00	8	0000	0080034049	0010	L		06.02.2024	41.110	0.000	0.00			0.00	0.000	0.000					0000		0000	0000	06.02.2024	07:14:50	0.00						0000									0.000							0000000000	0000000000	00		0.00	0.00		0.000	0.000	0.00		0.000	0.000		0.00			0.00		0.00		0.00000			000000						0.000	0.000		0.000						0.000			
700	5600000339	00010	00	8	0000	0080034052	0010	L		06.02.2024	42.360	0.000	0.00			0.00	0.000	0.000					0000		0000	0000	06.02.2024	07:18:48	0.00						0000									0.000							0000000000	0000000000	00		0.00	0.00		0.000	0.000	0.00		0.000	0.000		0.00			0.00		0.00		0.00000			000000						0.000	0.000		0.000						0.000			
700	5600000339	00010	00	8	0000	0080034056	0010	L		06.02.2024	41.760	0.000	0.00			0.00	0.000	0.000					0000		0000	0000	06.02.2024	07:20:49	0.00						0000									0.000							0000000000	0000000000	00		0.00	0.00		0.000	0.000	0.00		0.000	0.000		0.00			0.00		0.00		0.00000			000000						0.000	0.000		0.000						0.000			
700	5600000339	00010	00	8	0000	0080034136	0010	L		06.02.2024	42.460	0.000	0.00			0.00	0.000	0.000					0000		0000	0000	06.02.2024	08:40:46	0.00						0000									0.000							0000000000	0000000000	00		0.00	0.00		0.000	0.000	0.00		0.000	0.000		0.00			0.00		0.00		0.00000			000000						0.000	0.000		0.000						0.000			
700	5600000339	00010	00	8	0000	0080034137	0010	L		06.02.2024	41.420	0.000	0.00			0.00	0.000	0.000					0000		0000	0000	06.02.2024	08:40:48	0.00						0000									0.000							0000000000	0000000000	00		0.00	0.00		0.000	0.000	0.00		0.000	0.000		0.00			0.00		0.00		0.00000			000000						0.000	0.000		0.000						0.000			
700	5600000339	00010	00	8	0000	0080034180	0010	L		06.02.2024	42.080	0.000	0.00			0.00	0.000	0.000					0000		0000	0000	06.02.2024	09:26:42	0.00						0000									0.000							0000000000	0000000000	00		0.00	0.00		0.000	0.000	0.00		0.000	0.000		0.00			0.00		0.00		0.00000			000000						0.000	0.000		0.000						0.000			
700	5600000339	00010	00	8	0000	0080034302	0010	L		06.02.2024	41.250	0.000	0.00			0.00	0.000	0.000					0000		0000	0000	06.02.2024	10:04:46	0.00						0000									0.000							0000000000	0000000000	00		0.00	0.00		0.000	0.000	0.00		0.000	0.000		0.00			0.00		0.00		0.00000			000000						0.000	0.000		0.000						0.000			
700	5600000339	00010	00	8	0000	0080034303	0010	L		06.02.2024	42.690	0.000	0.00			0.00	0.000	0.000					0000		0000	0000	06.02.2024	10:04:47	0.00						0000									0.000							0000000000	0000000000	00		0.00	0.00		0.000	0.000	0.00		0.000	0.000		0.00			0.00		0.00		0.00000			000000						0.000	0.000		0.000						0.000			
700	5600000339	00010	00	8	0000	0080034415	0010	L		06.02.2024	43.430	0.000	0.00			0.00	0.000	0.000					0000		0000	0000	06.02.2024	10:30:58	0.00						0000									0.000							0000000000	0000000000	00		0.00	0.00		0.000	0.000	0.00		0.000	0.000		0.00			0.00		0.00		0.00000			000000						0.000	0.000		0.000						0.000			
700	5600000339	00010	00	8	0000	0080034702	0010	L		06.02.2024	42.500	0.000	0.00			0.00	0.000	0.000					0000		0000	0000	06.02.2024	11:06:35	0.00						0000									0.000							0000000000	0000000000	00		0.00	0.00		0.000	0.000	0.00		0.000	0.000		0.00			0.00		0.00		0.00000			000000						0.000	0.000		0.000						0.000			
700	5600000339	00010	00	8	0000	0080034757	0010	L		06.02.2024	42.540	0.000	0.00			0.00	0.000	0.000					0000		0000	0000	06.02.2024	11:10:48	0.00						0000									0.000							0000000000	0000000000	00		0.00	0.00		0.000	0.000	0.00		0.000	0.000		0.00			0.00		0.00		0.00000			000000						0.000	0.000		0.000						0.000			
700	5600000339	00010	00	8	0000	0080034780	0010	L		06.02.2024	42.490	0.000	0.00			0.00	0.000	0.000					0000		0000	0000	06.02.2024	11:14:27	0.00						0000									0.000							0000000000	0000000000	00		0.00	0.00		0.000	0.000	0.00		0.000	0.000		0.00			0.00		0.00		0.00000			000000						0.000	0.000		0.000						0.000			
700	5600000339	00010	00	8	0000	0080035072	0010	L		06.02.2024	43.540	0.000	0.00			0.00	0.000	0.000					0000		0000	0000	06.02.2024	11:48:48	0.00						0000									0.000							0000000000	0000000000	00		0.00	0.00		0.000	0.000	0.00		0.000	0.000		0.00			0.00		0.00		0.00000			000000						0.000	0.000		0.000						0.000			
700	5600000339	00010	00	8	0000	0080035841	0010	L		06.02.2024	42.970	0.000	0.00			0.00	0.000	0.000					0000		0000	0000	06.02.2024	13:32:46	0.00						0000									0.000							0000000000	0000000000	00		0.00	0.00		0.000	0.000	0.00		0.000	0.000		0.00			0.00		0.00		0.00000			000000						0.000	0.000		0.000						0.000			
700	5600000339	00010	00	8	0000	0080036105	0010	L		06.02.2024	44.200	0.000	0.00			0.00	0.000	0.000					0000		0000	0000	06.02.2024	14:24:30	0.00						0000									0.000							0000000000	0000000000	00		0.00	0.00		0.000	0.000	0.00		0.000	0.000		0.00			0.00		0.00		0.00000			000000						0.000	0.000		0.000						0.000			
700	5600000339	00010	00	8	0000	0080037902	0010	L		06.02.2024	43.510	0.000	0.00			0.00	0.000	0.000					0000		0000	0000	06.02.2024	16:56:30	0.00						0000									0.000							0000000000	0000000000	00		0.00	0.00		0.000	0.000	0.00		0.000	0.000		0.00			0.00		0.00		0.00000			000000						0.000	0.000		0.000						0.000			
700	5600000339	00010	00	8	0000	0080038693	0010	L		06.02.2024	43.350	0.000	0.00			0.00	0.000	0.000					0000		0000	0000	06.02.2024	17:56:33	0.00						0000									0.000							0000000000	0000000000	00		0.00	0.00		0.000	0.000	0.00		0.000	0.000		0.00			0.00		0.00		0.00000			000000						0.000	0.000		0.000						0.000			
700	5600000339	00010	00	8	0000	0080039356	0010	L		06.02.2024	45.590	0.000	0.00			0.00	0.000	0.000					0000		0000	0000	06.02.2024	18:42:26	0.00						0000									0.000							0000000000	0000000000	00		0.00	0.00		0.000	0.000	0.00		0.000	0.000		0.00			0.00		0.00		0.00000			000000						0.000	0.000		0.000						0.000			
700	5600000339	00010	00	8	0000	0080039382	0010	L		06.02.2024	41.930	0.000	0.00			0.00	0.000	0.000					0000		0000	0000	06.02.2024	18:44:28	0.00						0000									0.000							0000000000	0000000000	00		0.00	0.00		0.000	0.000	0.00		0.000	0.000		0.00			0.00		0.00		0.00000			000000						0.000	0.000		0.000						0.000			
700	5600000339	00010	00	8	0000	0080040132	0010	L		06.02.2024	41.900	0.000	0.00			0.00	0.000	0.000					0000		0000	0000	06.02.2024	19:46:28	0.00						0000									0.000							0000000000	0000000000	00		0.00	0.00		0.000	0.000	0.00		0.000	0.000		0.00			0.00		0.00		0.00000			000000						0.000	0.000		0.000						0.000			
700	5600000339	00010	00	8	0000	0080040372	0010	L		06.02.2024	41.510	0.000	0.00			0.00	0.000	0.000					0000		0000	0000	06.02.2024	20:10:31	0.00						0000									0.000							0000000000	0000000000	00		0.00	0.00		0.000	0.000	0.00		0.000	0.000		0.00			0.00		0.00		0.00000			000000						0.000	0.000		0.000						0.000			
700	5600000339	00010	00	8	0000	0080041042	0010	L		06.02.2024	43.110	0.000	0.00			0.00	0.000	0.000					0000		0000	0000	06.02.2024	21:20:27	0.00						0000									0.000							0000000000	0000000000	00		0.00	0.00		0.000	0.000	0.00		0.000	0.000		0.00			0.00		0.00		0.00000			000000						0.000	0.000		0.000						0.000			
700	5600000339	00010	00	8	0000	0080041061	0010	L		06.02.2024	43.510	0.000	0.00			0.00	0.000	0.000					0000		0000	0000	06.02.2024	21:22:32	0.00						0000									0.000							0000000000	0000000000	00		0.00	0.00		0.000	0.000	0.00		0.000	0.000		0.00			0.00		0.00		0.00000			000000						0.000	0.000		0.000						0.000			
700	5600000339	00010	00	8	0000	0080041086	0010	L		06.02.2024	43.000	0.000	0.00			0.00	0.000	0.000					0000		0000	0000	06.02.2024	21:26:27	0.00						0000									0.000							0000000000	0000000000	00		0.00	0.00		0.000	0.000	0.00		0.000	0.000		0.00			0.00		0.00		0.00000			000000						0.000	0.000		0.000						0.000			
700	5600000339	00010	00	8	0000	0080041096	0010	L		06.02.2024	43.230	0.000	0.00			0.00	0.000	0.000					0000		0000	0000	06.02.2024	21:28:27	0.00						0000									0.000							0000000000	0000000000	00		0.00	0.00		0.000	0.000	0.00		0.000	0.000		0.00			0.00		0.00		0.00000			000000						0.000	0.000		0.000						0.000			
700	5600000339	00010	00	8	0000	0080041941	0010	L		06.02.2024	42.910	0.000	0.00			0.00	0.000	0.000					0000		0000	0000	06.02.2024	23:54:36	0.00						0000									0.000							0000000000	0000000000	00		0.00	0.00		0.000	0.000	0.00		0.000	0.000		0.00			0.00		0.00		0.00000			000000						0.000	0.000		0.000						0.000			
700	5600000339	00010	00	8	0000	0080041966	0010	L		07.02.2024	43.410	0.000	0.00			0.00	0.000	0.000					0000		0000	0000	07.02.2024	00:06:37	0.00						0000									0.000							0000000000	0000000000	00		0.00	0.00		0.000	0.000	0.00		0.000	0.000		0.00			0.00		0.00		0.00000			000000						0.000	0.000		0.000						0.000			
700	5600000339	00010	00	8	0000	0080041973	0010	L		07.02.2024	43.610	0.000	0.00			0.00	0.000	0.000					0000		0000	0000	07.02.2024	00:08:26	0.00						0000									0.000							0000000000	0000000000	00		0.00	0.00		0.000	0.000	0.00		0.000	0.000		0.00			0.00		0.00		0.00000			000000						0.000	0.000		0.000						0.000			
700	5600000339	00010	00	8	0000	0080041981	0010	L		07.02.2024	43.160	0.000	0.00			0.00	0.000	0.000					0000		0000	0000	07.02.2024	00:10:30	0.00						0000									0.000							0000000000	0000000000	00		0.00	0.00		0.000	0.000	0.00		0.000	0.000		0.00			0.00		0.00		0.00000			000000						0.000	0.000		0.000						0.000			
700	5600000339	00010	00	8	0000	0080041982	0010	L		07.02.2024	43.320	0.000	0.00			0.00	0.000	0.000					0000		0000	0000	07.02.2024	00:10:32	0.00						0000									0.000							0000000000	0000000000	00		0.00	0.00		0.000	0.000	0.00		0.000	0.000		0.00			0.00		0.00		0.00000			000000						0.000	0.000		0.000						0.000			
700	5600000339	00010	00	8	0000	0080042063	0010	L		07.02.2024	42.300	0.000	0.00			0.00	0.000	0.000					0000		0000	0000	07.02.2024	00:40:33	0.00						0000									0.000							0000000000	0000000000	00		0.00	0.00		0.000	0.000	0.00		0.000	0.000		0.00			0.00		0.00		0.00000			000000						0.000	0.000		0.000						0.000			
700	5600000339	00010	00	8	0000	0080042199	0010	L		07.02.2024	41.530	0.000	0.00			0.00	0.000	0.000					0000		0000	0000	07.02.2024	01:38:38	0.00						0000									0.000							0000000000	0000000000	00		0.00	0.00		0.000	0.000	0.00		0.000	0.000		0.00			0.00		0.00		0.00000			000000						0.000	0.000		0.000						0.000			
700	5600000339	00010	00	8	0000	0080042248	0010	L		07.02.2024	41.900	0.000	0.00			0.00	0.000	0.000					0000		0000	0000	07.02.2024	02:28:36	0.00						0000									0.000							0000000000	0000000000	00		0.00	0.00		0.000	0.000	0.00		0.000	0.000		0.00			0.00		0.00		0.00000			000000						0.000	0.000		0.000						0.000			
700	5600000339	00010	00	8	0000	0080042251	0010	L		07.02.2024	43.160	0.000	0.00			0.00	0.000	0.000					0000		0000	0000	07.02.2024	02:34:31	0.00						0000									0.000							0000000000	0000000000	00		0.00	0.00		0.000	0.000	0.00		0.000	0.000		0.00			0.00		0.00		0.00000			000000						0.000	0.000		0.000						0.000			
700	5600000339	00010	00	8	0000	0080042257	0010	L		07.02.2024	43.590	0.000	0.00			0.00	0.000	0.000					0000		0000	0000	07.02.2024	02:36:29	0.00						0000									0.000							0000000000	0000000000	00		0.00	0.00		0.000	0.000	0.00		0.000	0.000		0.00			0.00		0.00		0.00000			000000						0.000	0.000		0.000						0.000			
700	5600000339	00010	00	8	0000	0080042259	0010	L		07.02.2024	42.030	0.000	0.00			0.00	0.000	0.000					0000		0000	0000	07.02.2024	02:38:51	0.00						0000									0.000							0000000000	0000000000	00		0.00	0.00		0.000	0.000	0.00		0.000	0.000		0.00			0.00		0.00		0.00000			000000						0.000	0.000		0.000						0.000			
700	5600000339	00010	00	8	0000	0080042265	0010	L		07.02.2024	42.550	0.000	0.00			0.00	0.000	0.000					0000		0000	0000	07.02.2024	02:42:48	0.00						0000									0.000							0000000000	0000000000	00		0.00	0.00		0.000	0.000	0.00		0.000	0.000		0.00			0.00		0.00		0.00000			000000						0.000	0.000		0.000						0.000			
700	5600000339	00010	00	8	0000	0080042317	0010	L		07.02.2024	41.290	0.000	0.00			0.00	0.000	0.000					0000		0000	0000	07.02.2024	03:25:33	0.00						0000									0.000							0000000000	0000000000	00		0.00	0.00		0.000	0.000	0.00		0.000	0.000		0.00			0.00		0.00		0.00000			000000						0.000	0.000		0.000						0.000			
700	5600000339	00010	00	8	0000	0080042342	0010	L		07.02.2024	42.320	0.000	0.00			0.00	0.000	0.000					0000		0000	0000	07.02.2024	03:44:42	0.00						0000									0.000							0000000000	0000000000	00		0.00	0.00		0.000	0.000	0.00		0.000	0.000		0.00			0.00		0.00		0.00000			000000						0.000	0.000		0.000						0.000			
700	5600000339	00010	00	8	0000	0080042345	0010	L		07.02.2024	42.250	0.000	0.00			0.00	0.000	0.000					0000		0000	0000	07.02.2024	03:46:48	0.00						0000									0.000							0000000000	0000000000	00		0.00	0.00		0.000	0.000	0.00		0.000	0.000		0.00			0.00		0.00		0.00000			000000						0.000	0.000		0.000						0.000			
700	5600000339	00010	00	8	0000	0080042359	0010	L		07.02.2024	43.720	0.000	0.00			0.00	0.000	0.000					0000		0000	0000	07.02.2024	04:04:36	0.00						0000									0.000							0000000000	0000000000	00		0.00	0.00		0.000	0.000	0.00		0.000	0.000		0.00			0.00		0.00		0.00000			000000						0.000	0.000		0.000						0.000			
700	5600000339	00010	00	8	0000	0080042366	0010	L		07.02.2024	43.190	0.000	0.00			0.00	0.000	0.000					0000		0000	0000	07.02.2024	04:07:58	0.00						0000									0.000							0000000000	0000000000	00		0.00	0.00		0.000	0.000	0.00		0.000	0.000		0.00			0.00		0.00		0.00000			000000						0.000	0.000		0.000						0.000			
700	5600000339	00010	00	8	0000	0080042374	0010	L		07.02.2024	42.220	0.000	0.00			0.00	0.000	0.000					0000		0000	0000	07.02.2024	04:12:33	0.00						0000									0.000							0000000000	0000000000	00		0.00	0.00		0.000	0.000	0.00		0.000	0.000		0.00			0.00		0.00		0.00000			000000						0.000	0.000		0.000						0.000			
700	5600000339	00010	00	8	0000	0080042394	0010	L		07.02.2024	41.330	0.000	0.00			0.00	0.000	0.000					0000		0000	0000	07.02.2024	04:48:54	0.00						0000									0.000							0000000000	0000000000	00		0.00	0.00		0.000	0.000	0.00		0.000	0.000		0.00			0.00		0.00		0.00000			000000						0.000	0.000		0.000						0.000			
700	5600000339	00010	00	8	0000	0080042412	0010	L		07.02.2024	42.260	0.000	0.00			0.00	0.000	0.000					0000		0000	0000	07.02.2024	05:18:29	0.00						0000									0.000							0000000000	0000000000	00		0.00	0.00		0.000	0.000	0.00		0.000	0.000		0.00			0.00		0.00		0.00000			000000						0.000	0.000		0.000						0.000			
700	5600000339	00010	00	8	0000	0080042416	0010	L		07.02.2024	42.550	0.000	0.00			0.00	0.000	0.000					0000		0000	0000	07.02.2024	05:24:47	0.00						0000									0.000							0000000000	0000000000	00		0.00	0.00		0.000	0.000	0.00		0.000	0.000		0.00			0.00		0.00		0.00000			000000						0.000	0.000		0.000						0.000			
700	5600000339	00010	00	8	0000	0080042420	0010	L		07.02.2024	42.240	0.000	0.00			0.00	0.000	0.000					0000		0000	0000	07.02.2024	05:28:26	0.00						0000									0.000							0000000000	0000000000	00		0.00	0.00		0.000	0.000	0.00		0.000	0.000		0.00			0.00		0.00		0.00000			000000						0.000	0.000		0.000						0.000			
700	5600000339	00010	00	8	0000	0080042457	0010	L		07.02.2024	42.200	0.000	0.00			0.00	0.000	0.000					0000		0000	0000	07.02.2024	06:30:29	0.00						0000									0.000							0000000000	0000000000	00		0.00	0.00		0.000	0.000	0.00		0.000	0.000		0.00			0.00		0.00		0.00000			000000						0.000	0.000		0.000						0.000			
700	5600000339	00010	00	8	0000	0080042459	0010	L		07.02.2024	43.260	0.000	0.00			0.00	0.000	0.000					0000		0000	0000	07.02.2024	06:32:48	0.00						0000									0.000							0000000000	0000000000	00		0.00	0.00		0.000	0.000	0.00		0.000	0.000		0.00			0.00		0.00		0.00000			000000						0.000	0.000		0.000						0.000			
700	5600000339	00010	00	8	0000	0080042466	0010	L		07.02.2024	42.310	0.000	0.00			0.00	0.000	0.000					0000		0000	0000	07.02.2024	06:46:48	0.00						0000									0.000							0000000000	0000000000	00		0.00	0.00		0.000	0.000	0.00		0.000	0.000		0.00			0.00		0.00		0.00000			000000						0.000	0.000		0.000						0.000			
700	5600000339	00010	00	8	0000	0080042469	0010	L		07.02.2024	42.280	0.000	0.00			0.00	0.000	0.000					0000		0000	0000	07.02.2024	06:50:29	0.00						0000									0.000							0000000000	0000000000	00		0.00	0.00		0.000	0.000	0.00		0.000	0.000		0.00			0.00		0.00		0.00000			000000						0.000	0.000		0.000						0.000			
700	5600000339	00010	00	8	0000	0080042627	0010	L		07.02.2024	43.050	0.000	0.00			0.00	0.000	0.000					0000		0000	0000	07.02.2024	08:32:42	0.00						0000									0.000							0000000000	0000000000	00		0.00	0.00		0.000	0.000	0.00		0.000	0.000		0.00			0.00		0.00		0.00000			000000						0.000	0.000		0.000						0.000			
700	5600000339	00010	00	8	0000	0080042697	0010	L		07.02.2024	42.440	0.000	0.00			0.00	0.000	0.000					0000		0000	0000	07.02.2024	09:20:50	0.00						0000									0.000							0000000000	0000000000	00		0.00	0.00		0.000	0.000	0.00		0.000	0.000		0.00			0.00		0.00		0.00000			000000						0.000	0.000		0.000						0.000			
700	5600000339	00010	00	8	0000	0080042706	0010	L		07.02.2024	43.390	0.000	0.00			0.00	0.000	0.000					0000		0000	0000	07.02.2024	09:24:50	0.00						0000									0.000							0000000000	0000000000	00		0.00	0.00		0.000	0.000	0.00		0.000	0.000		0.00			0.00		0.00		0.00000			000000						0.000	0.000		0.000						0.000			
700	5600000339	00010	00	8	0000	0080042719	0010	L		07.02.2024	43.170	0.000	0.00			0.00	0.000	0.000					0000		0000	0000	07.02.2024	09:26:49	0.00						0000									0.000							0000000000	0000000000	00		0.00	0.00		0.000	0.000	0.00		0.000	0.000		0.00			0.00		0.00		0.00000			000000						0.000	0.000		0.000						0.000			
700	5600000339	00010	00	8	0000	0080042720	0010	L		07.02.2024	41.600	0.000	0.00			0.00	0.000	0.000					0000		0000	0000	07.02.2024	09:26:50	0.00						0000									0.000							0000000000	0000000000	00		0.00	0.00		0.000	0.000	0.00		0.000	0.000		0.00			0.00		0.00		0.00000			000000						0.000	0.000		0.000						0.000			
700	5600000339	00010	00	8	0000	0080042723	0010	L		07.02.2024	43.640	0.000	0.00			0.00	0.000	0.000					0000		0000	0000	07.02.2024	09:28:29	0.00						0000									0.000							0000000000	0000000000	00		0.00	0.00		0.000	0.000	0.00		0.000	0.000		0.00			0.00		0.00		0.00000			000000						0.000	0.000		0.000						0.000			
700	5600000339	00010	00	8	0000	0080042977	0010	L		07.02.2024	43.260	0.000	0.00			0.00	0.000	0.000					0000		0000	0000	07.02.2024	10:42:51	0.00						0000									0.000							0000000000	0000000000	00		0.00	0.00		0.000	0.000	0.00		0.000	0.000		0.00			0.00		0.00		0.00000			000000						0.000	0.000		0.000						0.000			
700	5600000339	00010	00	8	0000	0080043004	0010	L		07.02.2024	41.970	0.000	0.00			0.00	0.000	0.000					0000		0000	0000	07.02.2024	10:50:49	0.00						0000									0.000							0000000000	0000000000	00		0.00	0.00		0.000	0.000	0.00		0.000	0.000		0.00			0.00		0.00		0.00000			000000						0.000	0.000		0.000						0.000			
700	5600000339	00010	00	8	0000	0080043106	0010	L		07.02.2024	41.870	0.000	0.00			0.00	0.000	0.000					0000		0000	0000	07.02.2024	11:10:52	0.00						0000									0.000							0000000000	0000000000	00		0.00	0.00		0.000	0.000	0.00		0.000	0.000		0.00			0.00		0.00		0.00000			000000						0.000	0.000		0.000						0.000			
700	5600000339	00010	00	8	0000	0080043230	0010	L		07.02.2024	41.910	0.000	0.00			0.00	0.000	0.000					0000		0000	0000	07.02.2024	11:36:42	0.00						0000									0.000							0000000000	0000000000	00		0.00	0.00		0.000	0.000	0.00		0.000	0.000		0.00			0.00		0.00		0.00000			000000						0.000	0.000		0.000						0.000			
700	5600000339	00010	00	8	0000	0080043561	0010	L		07.02.2024	41.560	0.000	0.00			0.00	0.000	0.000					0000		0000	0000	07.02.2024	12:22:31	0.00						0000									0.000							0000000000	0000000000	00		0.00	0.00		0.000	0.000	0.00		0.000	0.000		0.00			0.00		0.00		0.00000			000000						0.000	0.000		0.000						0.000			
700	5600000339	00010	00	8	0000	0080043607	0010	L		07.02.2024	43.070	0.000	0.00			0.00	0.000	0.000					0000		0000	0000	07.02.2024	12:28:38	0.00						0000									0.000							0000000000	0000000000	00		0.00	0.00		0.000	0.000	0.00		0.000	0.000		0.00			0.00		0.00		0.00000			000000						0.000	0.000		0.000						0.000			
700	5600000339	00010	00	8	0000	0080043644	0010	L		07.02.2024	42.310	0.000	0.00			0.00	0.000	0.000					0000		0000	0000	07.02.2024	12:32:41	0.00						0000									0.000							0000000000	0000000000	00		0.00	0.00		0.000	0.000	0.00		0.000	0.000		0.00			0.00		0.00		0.00000			000000						0.000	0.000		0.000						0.000			
700	5600000339	00010	00	8	0000	0080043877	0010	L		07.02.2024	42.940	0.000	0.00			0.00	0.000	0.000					0000		0000	0000	07.02.2024	12:56:42	0.00						0000									0.000							0000000000	0000000000	00		0.00	0.00		0.000	0.000	0.00		0.000	0.000		0.00			0.00		0.00		0.00000			000000						0.000	0.000		0.000						0.000			
700	5600000339	00010	00	8	0000	0080043903	0010	L		07.02.2024	41.580	0.000	0.00			0.00	0.000	0.000					0000		0000	0000	07.02.2024	13:00:28	0.00						0000									0.000							0000000000	0000000000	00		0.00	0.00		0.000	0.000	0.00		0.000	0.000		0.00			0.00		0.00		0.00000			000000						0.000	0.000		0.000						0.000			
700	5600000339	00010	00	8	0000	0080043904	0010	L		07.02.2024	42.620	0.000	0.00			0.00	0.000	0.000					0000		0000	0000	07.02.2024	13:00:30	0.00						0000									0.000							0000000000	0000000000	00		0.00	0.00		0.000	0.000	0.00		0.000	0.000		0.00			0.00		0.00		0.00000			000000						0.000	0.000		0.000						0.000			
700	5600000339	00010	00	8	0000	0080043926	0010	L		07.02.2024	41.920	0.000	0.00			0.00	0.000	0.000					0000		0000	0000	07.02.2024	13:02:36	0.00						0000									0.000							0000000000	0000000000	00		0.00	0.00		0.000	0.000	0.00		0.000	0.000		0.00			0.00		0.00		0.00000			000000						0.000	0.000		0.000						0.000			
700	5600000339	00010	00	8	0000	0080044006	0010	L		07.02.2024	43.080	0.000	0.00			0.00	0.000	0.000					0000		0000	0000	07.02.2024	13:10:26	0.00						0000									0.000							0000000000	0000000000	00		0.00	0.00		0.000	0.000	0.00		0.000	0.000		0.00			0.00		0.00		0.00000			000000						0.000	0.000		0.000						0.000			
700	5600000339	00010	00	8	0000	0080044030	0010	L		07.02.2024	41.270	0.000	0.00			0.00	0.000	0.000					0000		0000	0000	07.02.2024	13:14:35	0.00						0000									0.000							0000000000	0000000000	00		0.00	0.00		0.000	0.000	0.00		0.000	0.000		0.00			0.00		0.00		0.00000			000000						0.000	0.000		0.000						0.000			
700	5600000339	00010	00	8	0000	0080044129	0010	L		07.02.2024	41.470	0.000	0.00			0.00	0.000	0.000					0000		0000	0000	07.02.2024	13:28:35	0.00						0000									0.000							0000000000	0000000000	00		0.00	0.00		0.000	0.000	0.00		0.000	0.000		0.00			0.00		0.00		0.00000			000000						0.000	0.000		0.000						0.000			
700	5600000339	00010	00	8	0000	0080044276	0010	L		07.02.2024	42.000	0.000	0.00			0.00	0.000	0.000					0000		0000	0000	07.02.2024	13:48:38	0.00						0000									0.000							0000000000	0000000000	00		0.00	0.00		0.000	0.000	0.00		0.000	0.000		0.00			0.00		0.00		0.00000			000000						0.000	0.000		0.000						0.000			
700	5600000339	00010	00	8	0000	0080044435	0010	L		07.02.2024	42.010	0.000	0.00			0.00	0.000	0.000					0000		0000	0000	07.02.2024	14:20:39	0.00						0000									0.000							0000000000	0000000000	00		0.00	0.00		0.000	0.000	0.00		0.000	0.000		0.00			0.00		0.00		0.00000			000000						0.000	0.000		0.000						0.000			
700	5600000339	00010	00	8	0000	0080044539	0010	L		07.02.2024	41.910	0.000	0.00			0.00	0.000	0.000					0000		0000	0000	07.02.2024	14:32:27	0.00						0000									0.000							0000000000	0000000000	00		0.00	0.00		0.000	0.000	0.00		0.000	0.000		0.00			0.00		0.00		0.00000			000000						0.000	0.000		0.000						0.000			
700	5600000339	00010	00	8	0000	0080044540	0010	L		07.02.2024	42.380	0.000	0.00			0.00	0.000	0.000					0000		0000	0000	07.02.2024	14:32:29	0.00						0000									0.000							0000000000	0000000000	00		0.00	0.00		0.000	0.000	0.00		0.000	0.000		0.00			0.00		0.00		0.00000			000000						0.000	0.000		0.000						0.000			
700	5600000339	00010	00	8	0000	0080044588	0010	L		07.02.2024	41.140	0.000	0.00			0.00	0.000	0.000					0000		0000	0000	07.02.2024	14:38:27	0.00						0000									0.000							0000000000	0000000000	00		0.00	0.00		0.000	0.000	0.00		0.000	0.000		0.00			0.00		0.00		0.00000			000000						0.000	0.000		0.000						0.000			
700	5600000339	00010	00	8	0000	0080044651	0010	L		07.02.2024	41.710	0.000	0.00			0.00	0.000	0.000					0000		0000	0000	07.02.2024	14:42:30	0.00						0000									0.000							0000000000	0000000000	00		0.00	0.00		0.000	0.000	0.00		0.000	0.000		0.00			0.00		0.00		0.00000			000000						0.000	0.000		0.000						0.000			
700	5600000339	00010	00	8	0000	0080045536	0010	L		07.02.2024	42.090	0.000	0.00			0.00	0.000	0.000					0000		0000	0000	07.02.2024	16:12:34	0.00						0000									0.000							0000000000	0000000000	00		0.00	0.00		0.000	0.000	0.00		0.000	0.000		0.00			0.00		0.00		0.00000			000000						0.000	0.000		0.000						0.000			
700	5600000339	00010	00	8	0000	0080045791	0010	L		07.02.2024	41.590	0.000	0.00			0.00	0.000	0.000					0000		0000	0000	07.02.2024	16:30:36	0.00						0000									0.000							0000000000	0000000000	00		0.00	0.00		0.000	0.000	0.00		0.000	0.000		0.00			0.00		0.00		0.00000			000000						0.000	0.000		0.000						0.000			
700	5600000339	00010	00	8	0000	0080046051	0010	L		07.02.2024	41.850	0.000	0.00			0.00	0.000	0.000					0000		0000	0000	07.02.2024	16:48:36	0.00						0000									0.000							0000000000	0000000000	00		0.00	0.00		0.000	0.000	0.00		0.000	0.000		0.00			0.00		0.00		0.00000			000000						0.000	0.000		0.000						0.000			
700	5600000339	00010	00	8	0000	0080046130	0010	L		07.02.2024	42.010	0.000	0.00			0.00	0.000	0.000					0000		0000	0000	07.02.2024	16:54:30	0.00						0000									0.000							0000000000	0000000000	00		0.00	0.00		0.000	0.000	0.00		0.000	0.000		0.00			0.00		0.00		0.00000			000000						0.000	0.000		0.000						0.000			
700	5600000339	00010	00	8	0000	0080046177	0010	L		07.02.2024	42.100	0.000	0.00			0.00	0.000	0.000					0000		0000	0000	07.02.2024	16:58:43	0.00						0000									0.000							0000000000	0000000000	00		0.00	0.00		0.000	0.000	0.00		0.000	0.000		0.00			0.00		0.00		0.00000			000000						0.000	0.000		0.000						0.000			
700	5600000339	00010	00	8	0000	0080046313	0010	L		07.02.2024	41.050	0.000	0.00			0.00	0.000	0.000					0000		0000	0000	07.02.2024	17:08:28	0.00						0000									0.000							0000000000	0000000000	00		0.00	0.00		0.000	0.000	0.00		0.000	0.000		0.00			0.00		0.00		0.00000			000000						0.000	0.000		0.000						0.000			
700	5600000339	00010	00	8	0000	0080046656	0010	L		07.02.2024	42.970	0.000	0.00			0.00	0.000	0.000					0000		0000	0000	07.02.2024	17:28:28	0.00						0000									0.000							0000000000	0000000000	00		0.00	0.00		0.000	0.000	0.00		0.000	0.000		0.00			0.00		0.00		0.00000			000000						0.000	0.000		0.000						0.000			
700	5600000339	00010	00	8	0000	0080047056	0010	L		07.02.2024	42.580	0.000	0.00			0.00	0.000	0.000					0000		0000	0000	07.02.2024	17:54:27	0.00						0000									0.000							0000000000	0000000000	00		0.00	0.00		0.000	0.000	0.00		0.000	0.000		0.00			0.00		0.00		0.00000			000000						0.000	0.000		0.000						0.000			
700	5600000339	00010	00	8	0000	0080047694	0010	L		07.02.2024	42.170	0.000	0.00			0.00	0.000	0.000					0000		0000	0000	07.02.2024	18:26:29	0.00						0000									0.000							0000000000	0000000000	00		0.00	0.00		0.000	0.000	0.00		0.000	0.000		0.00			0.00		0.00		0.00000			000000						0.000	0.000		0.000						0.000			
700	5600000339	00010	00	8	0000	0080047721	0010	L		07.02.2024	43.090	0.000	0.00			0.00	0.000	0.000					0000		0000	0000	07.02.2024	18:28:27	0.00						0000									0.000							0000000000	0000000000	00		0.00	0.00		0.000	0.000	0.00		0.000	0.000		0.00			0.00		0.00		0.00000			000000						0.000	0.000		0.000						0.000			
700	5600000339	00010	00	8	0000	0080048277	0010	L		07.02.2024	41.650	0.000	0.00			0.00	0.000	0.000					0000		0000	0000	07.02.2024	19:02:27	0.00						0000									0.000							0000000000	0000000000	00		0.00	0.00		0.000	0.000	0.00		0.000	0.000		0.00			0.00		0.00		0.00000			000000						0.000	0.000		0.000						0.000			
700	5600000339	00010	00	8	0000	0080048536	0010	L		07.02.2024	40.800	0.000	0.00			0.00	0.000	0.000					0000		0000	0000	07.02.2024	19:20:27	0.00						0000									0.000							0000000000	0000000000	00		0.00	0.00		0.000	0.000	0.00		0.000	0.000		0.00			0.00		0.00		0.00000			000000						0.000	0.000		0.000						0.000			
700	5600000339	00010	00	8	0000	0080049058	0010	L		07.02.2024	42.250	0.000	0.00			0.00	0.000	0.000					0000		0000	0000	07.02.2024	20:00:27	0.00						0000									0.000							0000000000	0000000000	00		0.00	0.00		0.000	0.000	0.00		0.000	0.000		0.00			0.00		0.00		0.00000			000000						0.000	0.000		0.000						0.000			
700	5600000339	00010	00	8	0000	0080049090	0010	L		07.02.2024	42.570	0.000	0.00			0.00	0.000	0.000					0000		0000	0000	07.02.2024	20:04:27	0.00						0000									0.000							0000000000	0000000000	00		0.00	0.00		0.000	0.000	0.00		0.000	0.000		0.00			0.00		0.00		0.00000			000000						0.000	0.000		0.000						0.000			
700	5600000339	00010	00	8	0000	0080049158	0010	L		07.02.2024	42.100	0.000	0.00			0.00	0.000	0.000					0000		0000	0000	07.02.2024	20:10:20	0.00						0000									0.000							0000000000	0000000000	00		0.00	0.00		0.000	0.000	0.00		0.000	0.000		0.00			0.00		0.00		0.00000			000000						0.000	0.000		0.000						0.000			
700	5600000339	00010	00	8	0000	0080049182	0010	L		07.02.2024	42.010	0.000	0.00			0.00	0.000	0.000					0000		0000	0000	07.02.2024	20:12:28	0.00						0000									0.000							0000000000	0000000000	00		0.00	0.00		0.000	0.000	0.00		0.000	0.000		0.00			0.00		0.00		0.00000			000000						0.000	0.000		0.000						0.000			
700	5600000339	00010	00	8	0000	0080049183	0010	L		07.02.2024	42.510	0.000	0.00			0.00	0.000	0.000					0000		0000	0000	07.02.2024	20:12:30	0.00						0000									0.000							0000000000	0000000000	00		0.00	0.00		0.000	0.000	0.00		0.000	0.000		0.00			0.00		0.00		0.00000			000000						0.000	0.000		0.000						0.000			
700	5600000339	00010	00	8	0000	0080049239	0010	L		07.02.2024	42.650	0.000	0.00			0.00	0.000	0.000					0000		0000	0000	07.02.2024	20:18:28	0.00						0000									0.000							0000000000	0000000000	00		0.00	0.00		0.000	0.000	0.00		0.000	0.000		0.00			0.00		0.00		0.00000			000000						0.000	0.000		0.000						0.000			
700	5600000339	00010	00	8	0000	0080049559	0010	L		07.02.2024	41.110	0.000	0.00			0.00	0.000	0.000					0000		0000	0000	07.02.2024	20:52:27	0.00						0000									0.000							0000000000	0000000000	00		0.00	0.00		0.000	0.000	0.00		0.000	0.000		0.00			0.00		0.00		0.00000			000000						0.000	0.000		0.000						0.000			
700	5600000339	00010	00	8	0000	0080049572	0010	L		07.02.2024	41.540	0.000	0.00			0.00	0.000	0.000					0000		0000	0000	07.02.2024	20:54:27	0.00						0000									0.000							0000000000	0000000000	00		0.00	0.00		0.000	0.000	0.00		0.000	0.000		0.00			0.00		0.00		0.00000			000000						0.000	0.000		0.000						0.000			
700	5600000339	00010	00	8	0000	0080049589	0010	L		07.02.2024	43.080	0.000	0.00			0.00	0.000	0.000					0000		0000	0000	07.02.2024	20:56:27	0.00						0000									0.000							0000000000	0000000000	00		0.00	0.00		0.000	0.000	0.00		0.000	0.000		0.00			0.00		0.00		0.00000			000000						0.000	0.000		0.000						0.000			
700	5600000339	00010	00	8	0000	0080049604	0010	L		07.02.2024	41.370	0.000	0.00			0.00	0.000	0.000					0000		0000	0000	07.02.2024	20:58:27	0.00						0000									0.000							0000000000	0000000000	00		0.00	0.00		0.000	0.000	0.00		0.000	0.000		0.00			0.00		0.00		0.00000			000000						0.000	0.000		0.000						0.000			
700	5600000339	00010	00	8	0000	0080049633	0010	L		07.02.2024	43.350	0.000	0.00			0.00	0.000	0.000					0000		0000	0000	07.02.2024	21:02:40	0.00						0000									0.000							0000000000	0000000000	00		0.00	0.00		0.000	0.000	0.00		0.000	0.000		0.00			0.00		0.00		0.00000			000000						0.000	0.000		0.000						0.000			
700	5600000339	00010	00	8	0000	0080049842	0010	L		07.02.2024	42.020	0.000	0.00			0.00	0.000	0.000					0000		0000	0000	07.02.2024	21:26:27	0.00						0000									0.000							0000000000	0000000000	00		0.00	0.00		0.000	0.000	0.00		0.000	0.000		0.00			0.00		0.00		0.00000			000000						0.000	0.000		0.000						0.000			
700	5600000339	00010	00	8	0000	0080049884	0010	L		07.02.2024	43.470	0.000	0.00			0.00	0.000	0.000					0000		0000	0000	07.02.2024	21:32:05	0.00						0000									0.000							0000000000	0000000000	00		0.00	0.00		0.000	0.000	0.00		0.000	0.000		0.00			0.00		0.00		0.00000			000000						0.000	0.000		0.000						0.000			
700	5600000339	00010	00	8	0000	0080049986	0010	L		07.02.2024	42.470	0.000	0.00			0.00	0.000	0.000					0000		0000	0000	07.02.2024	21:46:27	0.00						0000									0.000							0000000000	0000000000	00		0.00	0.00		0.000	0.000	0.00		0.000	0.000		0.00			0.00		0.00		0.00000			000000						0.000	0.000		0.000						0.000			
700	5600000339	00010	00	8	0000	0080050628	0010	L		07.02.2024	42.780	0.000	0.00			0.00	0.000	0.000					0000		0000	0000	07.02.2024	23:50:27	0.00						0000									0.000							0000000000	0000000000	00		0.00	0.00		0.000	0.000	0.00		0.000	0.000		0.00			0.00		0.00		0.00000			000000						0.000	0.000		0.000						0.000			
700	5600000339	00010	00	8	0000	0080050683	0010	L		08.02.2024	42.640	0.000	0.00			0.00	0.000	0.000					0000		0000	0000	08.02.2024	00:02:27	0.00						0000									0.000							0000000000	0000000000	00		0.00	0.00		0.000	0.000	0.00		0.000	0.000		0.00			0.00		0.00		0.00000			000000						0.000	0.000		0.000						0.000			
700	5600000339	00010	00	8	0000	0080050936	0010	L		08.02.2024	42.340	0.000	0.00			0.00	0.000	0.000					0000		0000	0000	08.02.2024	01:16:27	0.00						0000									0.000							0000000000	0000000000	00		0.00	0.00		0.000	0.000	0.00		0.000	0.000		0.00			0.00		0.00		0.00000			000000						0.000	0.000		0.000						0.000			
700	5600000339	00010	00	8	0000	0080050939	0010	L		08.02.2024	41.680	0.000	0.00			0.00	0.000	0.000					0000		0000	0000	08.02.2024	01:20:27	0.00						0000									0.000							0000000000	0000000000	00		0.00	0.00		0.000	0.000	0.00		0.000	0.000		0.00			0.00		0.00		0.00000			000000						0.000	0.000		0.000						0.000			
700	5600000339	00010	00	8	0000	0080050944	0010	L		08.02.2024	41.660	0.000	0.00			0.00	0.000	0.000					0000		0000	0000	08.02.2024	01:22:27	0.00						0000									0.000							0000000000	0000000000	00		0.00	0.00		0.000	0.000	0.00		0.000	0.000		0.00			0.00		0.00		0.00000			000000						0.000	0.000		0.000						0.000			
700	5600000339	00010	00	8	0000	0080050945	0010	L		08.02.2024	42.010	0.000	0.00			0.00	0.000	0.000					0000		0000	0000	08.02.2024	01:22:29	0.00						0000									0.000							0000000000	0000000000	00		0.00	0.00		0.000	0.000	0.00		0.000	0.000		0.00			0.00		0.00		0.00000			000000						0.000	0.000		0.000						0.000			
700	5600000339	00010	00	8	0000	0080051020	0010	L		08.02.2024	41.870	0.000	0.00			0.00	0.000	0.000					0000		0000	0000	08.02.2024	02:08:27	0.00						0000									0.000							0000000000	0000000000	00		0.00	0.00		0.000	0.000	0.00		0.000	0.000		0.00			0.00		0.00		0.00000			000000						0.000	0.000		0.000						0.000			
700	5600000339	00010	00	8	0000	0080051035	0010	L		08.02.2024	41.910	0.000	0.00			0.00	0.000	0.000					0000		0000	0000	08.02.2024	02:22:27	0.00						0000									0.000							0000000000	0000000000	00		0.00	0.00		0.000	0.000	0.00		0.000	0.000		0.00			0.00		0.00		0.00000			000000						0.000	0.000		0.000						0.000			
700	5600000339	00010	00	8	0000	0080051079	0010	L		08.02.2024	41.870	0.000	0.00			0.00	0.000	0.000					0000		0000	0000	08.02.2024	03:02:29	0.00						0000									0.000							0000000000	0000000000	00		0.00	0.00		0.000	0.000	0.00		0.000	0.000		0.00			0.00		0.00		0.00000			000000						0.000	0.000		0.000						0.000			
700	5600000339	00010	00	8	0000	0080051095	0010	L		08.02.2024	42.260	0.000	0.00			0.00	0.000	0.000					0000		0000	0000	08.02.2024	03:10:27	0.00						0000									0.000							0000000000	0000000000	00		0.00	0.00		0.000	0.000	0.00		0.000	0.000		0.00			0.00		0.00		0.00000			000000						0.000	0.000		0.000						0.000			
700	5600000339	00010	00	8	0000	0080051100	0010	L		08.02.2024	41.800	0.000	0.00			0.00	0.000	0.000					0000		0000	0000	08.02.2024	03:18:26	0.00						0000									0.000							0000000000	0000000000	00		0.00	0.00		0.000	0.000	0.00		0.000	0.000		0.00			0.00		0.00		0.00000			000000						0.000	0.000		0.000						0.000			
700	5600000339	00010	00	8	0000	0080051244	0010	L		08.02.2024	43.180	0.000	0.00			0.00	0.000	0.000					0000		0000	0000	08.02.2024	04:50:27	0.00						0000									0.000							0000000000	0000000000	00		0.00	0.00		0.000	0.000	0.00		0.000	0.000		0.00			0.00		0.00		0.00000			000000						0.000	0.000		0.000						0.000			
700	5600000339	00010	00	8	0000	0080051256	0010	L		08.02.2024	42.020	0.000	0.00			0.00	0.000	0.000					0000		0000	0000	08.02.2024	05:02:27	0.00						0000									0.000							0000000000	0000000000	00		0.00	0.00		0.000	0.000	0.00		0.000	0.000		0.00			0.00		0.00		0.00000			000000						0.000	0.000		0.000						0.000			
700	5600000339	00010	00	8	0000	0080051259	0010	L		08.02.2024	42.090	0.000	0.00			0.00	0.000	0.000					0000		0000	0000	08.02.2024	05:06:27	0.00						0000									0.000							0000000000	0000000000	00		0.00	0.00		0.000	0.000	0.00		0.000	0.000		0.00			0.00		0.00		0.00000			000000						0.000	0.000		0.000						0.000			
700	5600000339	00010	00	8	0000	0080051260	0010	L		08.02.2024	42.040	0.000	0.00			0.00	0.000	0.000					0000		0000	0000	08.02.2024	05:08:27	0.00						0000									0.000							0000000000	0000000000	00		0.00	0.00		0.000	0.000	0.00		0.000	0.000		0.00			0.00		0.00		0.00000			000000						0.000	0.000		0.000						0.000			
700	5600000339	00010	00	8	0000	0080051277	0010	L		08.02.2024	41.580	0.000	0.00			0.00	0.000	0.000					0000		0000	0000	08.02.2024	05:28:27	0.00						0000									0.000							0000000000	0000000000	00		0.00	0.00		0.000	0.000	0.00		0.000	0.000		0.00			0.00		0.00		0.00000			000000						0.000	0.000		0.000						0.000			
700	5600000339	00010	00	8	0000	0080051289	0010	L		08.02.2024	41.140	0.000	0.00			0.00	0.000	0.000					0000		0000	0000	08.02.2024	05:40:27	0.00						0000									0.000							0000000000	0000000000	00		0.00	0.00		0.000	0.000	0.00		0.000	0.000		0.00			0.00		0.00		0.00000			000000						0.000	0.000		0.000						0.000			
700	5600000339	00010	00	8	0000	0080051318	0010	L		08.02.2024	41.820	0.000	0.00			0.00	0.000	0.000					0000		0000	0000	08.02.2024	06:18:28	0.00						0000									0.000							0000000000	0000000000	00		0.00	0.00		0.000	0.000	0.00		0.000	0.000		0.00			0.00		0.00		0.00000			000000						0.000	0.000		0.000						0.000			
700	5600000339	00010	00	8	0000	0080051319	0010	L		08.02.2024	41.560	0.000	0.00			0.00	0.000	0.000					0000		0000	0000	08.02.2024	06:20:27	0.00						0000									0.000							0000000000	0000000000	00		0.00	0.00		0.000	0.000	0.00		0.000	0.000		0.00			0.00		0.00		0.00000			000000						0.000	0.000		0.000						0.000			
700	5600000339	00010	00	8	0000	0080051320	0010	L		08.02.2024	41.850	0.000	0.00			0.00	0.000	0.000					0000		0000	0000	08.02.2024	06:20:30	0.00						0000									0.000							0000000000	0000000000	00		0.00	0.00		0.000	0.000	0.00		0.000	0.000		0.00			0.00		0.00		0.00000			000000						0.000	0.000		0.000						0.000			
700	5600000339	00010	00	8	0000	0080051326	0010	L		08.02.2024	41.940	0.000	0.00			0.00	0.000	0.000					0000		0000	0000	08.02.2024	06:28:30	0.00						0000									0.000							0000000000	0000000000	00		0.00	0.00		0.000	0.000	0.00		0.000	0.000		0.00			0.00		0.00		0.00000			000000						0.000	0.000		0.000						0.000			
700	5600000339	00010	00	8	0000	0080051375	0010	L		08.02.2024	42.170	0.000	0.00			0.00	0.000	0.000					0000		0000	0000	08.02.2024	07:08:27	0.00						0000									0.000							0000000000	0000000000	00		0.00	0.00		0.000	0.000	0.00		0.000	0.000		0.00			0.00		0.00		0.00000			000000						0.000	0.000		0.000						0.000			
700	5600000339	00010	00	8	0000	0080051389	0010	L		08.02.2024	42.040	0.000	0.00			0.00	0.000	0.000					0000		0000	0000	08.02.2024	07:18:28	0.00						0000									0.000							0000000000	0000000000	00		0.00	0.00		0.000	0.000	0.00		0.000	0.000		0.00			0.00		0.00		0.00000			000000						0.000	0.000		0.000						0.000			
700	5600000339	00010	00	8	0000	0080051407	0010	L		08.02.2024	43.370	0.000	0.00			0.00	0.000	0.000					0000		0000	0000	08.02.2024	07:38:30	0.00						0000									0.000							0000000000	0000000000	00		0.00	0.00		0.000	0.000	0.00		0.000	0.000		0.00			0.00		0.00		0.00000			000000						0.000	0.000		0.000						0.000			
700	5600000339	00010	00	8	0000	0080051424	0010	L		08.02.2024	42.040	0.000	0.00			0.00	0.000	0.000					0000		0000	0000	08.02.2024	07:54:28	0.00						0000									0.000							0000000000	0000000000	00		0.00	0.00		0.000	0.000	0.00		0.000	0.000		0.00			0.00		0.00		0.00000			000000						0.000	0.000		0.000						0.000			
700	5600000339	00010	00	8	0000	0080051426	0010	L		08.02.2024	41.950	0.000	0.00			0.00	0.000	0.000					0000		0000	0000	08.02.2024	07:58:28	0.00						0000									0.000							0000000000	0000000000	00		0.00	0.00		0.000	0.000	0.00		0.000	0.000		0.00			0.00		0.00		0.00000			000000						0.000	0.000		0.000						0.000			
700	5600000339	00010	00	8	0000	0080051429	0010	L		08.02.2024	42.020	0.000	0.00			0.00	0.000	0.000					0000		0000	0000	08.02.2024	08:00:29	0.00						0000									0.000							0000000000	0000000000	00		0.00	0.00		0.000	0.000	0.00		0.000	0.000		0.00			0.00		0.00		0.00000			000000						0.000	0.000		0.000						0.000			
700	5600000339	00010	00	8	0000	0080051431	0010	L		08.02.2024	41.300	0.000	0.00			0.00	0.000	0.000					0000		0000	0000	08.02.2024	08:02:29	0.00						0000									0.000							0000000000	0000000000	00		0.00	0.00		0.000	0.000	0.00		0.000	0.000		0.00			0.00		0.00		0.00000			000000						0.000	0.000		0.000						0.000			
700	5600000339	00010	00	8	0000	0080051432	0010	L		08.02.2024	41.840	0.000	0.00			0.00	0.000	0.000					0000		0000	0000	08.02.2024	08:05:06	0.00						0000									0.000							0000000000	0000000000	00		0.00	0.00		0.000	0.000	0.00		0.000	0.000		0.00			0.00		0.00		0.00000			000000						0.000	0.000		0.000						0.000			
700	5600000339	00010	00	8	0000	0080051461	0010	L		08.02.2024	42.070	0.000	0.00			0.00	0.000	0.000					0000		0000	0000	08.02.2024	08:30:28	0.00						0000									0.000							0000000000	0000000000	00		0.00	0.00		0.000	0.000	0.00		0.000	0.000		0.00			0.00		0.00		0.00000			000000						0.000	0.000		0.000						0.000			
700	5600000339	00010	00	8	0000	0080051492	0010	L		08.02.2024	43.400	0.000	0.00			0.00	0.000	0.000					0000		0000	0000	08.02.2024	09:12:28	0.00						0000									0.000							0000000000	0000000000	00		0.00	0.00		0.000	0.000	0.00		0.000	0.000		0.00			0.00		0.00		0.00000			000000						0.000	0.000		0.000						0.000			
700	5600000339	00010	00	8	0000	0080051701	0010	L		08.02.2024	43.550	0.000	0.00			0.00	0.000	0.000					0000		0000	0000	08.02.2024	10:00:28	0.00						0000									0.000							0000000000	0000000000	00		0.00	0.00		0.000	0.000	0.00		0.000	0.000		0.00			0.00		0.00		0.00000			000000						0.000	0.000		0.000						0.000			
700	5600000339	00010	00	8	0000	0080051755	0010	L		08.02.2024	42.500	0.000	0.00			0.00	0.000	0.000					0000		0000	0000	08.02.2024	10:06:00	0.00						0000									0.000							0000000000	0000000000	00		0.00	0.00		0.000	0.000	0.00		0.000	0.000		0.00			0.00		0.00		0.00000			000000						0.000	0.000		0.000						0.000			
700	5600000339	00010	00	8	0000	0080051756	0010	L		08.02.2024	42.380	0.000	0.00			0.00	0.000	0.000					0000		0000	0000	08.02.2024	10:06:01	0.00						0000									0.000							0000000000	0000000000	00		0.00	0.00		0.000	0.000	0.00		0.000	0.000		0.00			0.00		0.00		0.00000			000000						0.000	0.000		0.000						0.000			
700	5600000339	00010	00	8	0000	0080051757	0010	L		08.02.2024	42.100	0.000	0.00			0.00	0.000	0.000					0000		0000	0000	08.02.2024	10:06:01	0.00						0000									0.000							0000000000	0000000000	00		0.00	0.00		0.000	0.000	0.00		0.000	0.000		0.00			0.00		0.00		0.00000			000000						0.000	0.000		0.000						0.000			
700	5600000339	00010	00	8	0000	0080051758	0010	L		08.02.2024	40.970	0.000	0.00			0.00	0.000	0.000					0000		0000	0000	08.02.2024	10:06:02	0.00						0000									0.000							0000000000	0000000000	00		0.00	0.00		0.000	0.000	0.00		0.000	0.000		0.00			0.00		0.00		0.00000			000000						0.000	0.000		0.000						0.000			
700	5600000339	00010	00	8	0000	0080051759	0010	L		08.02.2024	42.020	0.000	0.00			0.00	0.000	0.000					0000		0000	0000	08.02.2024	10:06:02	0.00						0000									0.000							0000000000	0000000000	00		0.00	0.00		0.000	0.000	0.00		0.000	0.000		0.00			0.00		0.00		0.00000			000000						0.000	0.000		0.000						0.000			
700	5600000339	00010	00	8	0000	0080051760	0010	L		08.02.2024	43.120	0.000	0.00			0.00	0.000	0.000					0000		0000	0000	08.02.2024	10:06:03	0.00						0000									0.000							0000000000	0000000000	00		0.00	0.00		0.000	0.000	0.00		0.000	0.000		0.00			0.00		0.00		0.00000			000000						0.000	0.000		0.000						0.000			
700	5600000339	00010	00	8	0000	0080051762	0010	L		08.02.2024	43.560	0.000	0.00			0.00	0.000	0.000					0000		0000	0000	08.02.2024	10:06:04	0.00						0000									0.000							0000000000	0000000000	00		0.00	0.00		0.000	0.000	0.00		0.000	0.000		0.00			0.00		0.00		0.00000			000000						0.000	0.000		0.000						0.000			
700	5600000339	00010	00	8	0000	0080051763	0010	L		08.02.2024	42.330	0.000	0.00			0.00	0.000	0.000					0000		0000	0000	08.02.2024	10:06:05	0.00						0000									0.000							0000000000	0000000000	00		0.00	0.00		0.000	0.000	0.00		0.000	0.000		0.00			0.00		0.00		0.00000			000000						0.000	0.000		0.000						0.000			
700	5600000339	00010	00	8	0000	0080051764	0010	L		08.02.2024	42.170	0.000	0.00			0.00	0.000	0.000					0000		0000	0000	08.02.2024	10:06:05	0.00						0000									0.000							0000000000	0000000000	00		0.00	0.00		0.000	0.000	0.00		0.000	0.000		0.00			0.00		0.00		0.00000			000000						0.000	0.000		0.000						0.000			
700	5600000339	00010	00	8	0000	0080051810	0010	L		08.02.2024	41.920	0.000	0.00			0.00	0.000	0.000					0000		0000	0000	08.02.2024	10:20:29	0.00						0000									0.000							0000000000	0000000000	00		0.00	0.00		0.000	0.000	0.00		0.000	0.000		0.00			0.00		0.00		0.00000			000000						0.000	0.000		0.000						0.000			
700	5600000339	00010	00	8	0000	0080051839	0010	L		08.02.2024	41.810	0.000	0.00			0.00	0.000	0.000					0000		0000	0000	08.02.2024	10:26:28	0.00						0000									0.000							0000000000	0000000000	00		0.00	0.00		0.000	0.000	0.00		0.000	0.000		0.00			0.00		0.00		0.00000			000000						0.000	0.000		0.000						0.000			
700	5600000339	00010	00	8	0000	0080051875	0010	L		08.02.2024	42.210	0.000	0.00			0.00	0.000	0.000					0000		0000	0000	08.02.2024	10:34:29	0.00						0000									0.000							0000000000	0000000000	00		0.00	0.00		0.000	0.000	0.00		0.000	0.000		0.00			0.00		0.00		0.00000			000000						0.000	0.000		0.000						0.000			
700	5600000339	00010	00	8	0000	0080051880	0010	L		08.02.2024	42.290	0.000	0.00			0.00	0.000	0.000					0000		0000	0000	08.02.2024	10:36:28	0.00						0000									0.000							0000000000	0000000000	00		0.00	0.00		0.000	0.000	0.00		0.000	0.000		0.00			0.00		0.00		0.00000			000000						0.000	0.000		0.000						0.000			
700	5600000339	00010	00	8	0000	0080051937	0010	L		08.02.2024	42.330	0.000	0.00			0.00	0.000	0.000					0000		0000	0000	08.02.2024	10:54:29	0.00						0000									0.000							0000000000	0000000000	00		0.00	0.00		0.000	0.000	0.00		0.000	0.000		0.00			0.00		0.00		0.00000			000000						0.000	0.000		0.000						0.000			
700	5600000339	00010	00	8	0000	0080051946	0010	L		08.02.2024	41.860	0.000	0.00			0.00	0.000	0.000					0000		0000	0000	08.02.2024	10:58:29	0.00						0000									0.000							0000000000	0000000000	00		0.00	0.00		0.000	0.000	0.00		0.000	0.000		0.00			0.00		0.00		0.00000			000000						0.000	0.000		0.000						0.000			
700	5600000339	00010	00	8	0000	0080051962	0010	L		08.02.2024	41.960	0.000	0.00			0.00	0.000	0.000					0000		0000	0000	08.02.2024	11:02:29	0.00						0000									0.000							0000000000	0000000000	00		0.00	0.00		0.000	0.000	0.00		0.000	0.000		0.00			0.00		0.00		0.00000			000000						0.000	0.000		0.000						0.000			
700	5600000339	00010	00	8	0000	0080052054	0010	L		08.02.2024	41.790	0.000	0.00			0.00	0.000	0.000					0000		0000	0000	08.02.2024	11:22:28	0.00						0000									0.000							0000000000	0000000000	00		0.00	0.00		0.000	0.000	0.00		0.000	0.000		0.00			0.00		0.00		0.00000			000000						0.000	0.000		0.000						0.000			
700	5600000339	00010	00	8	0000	0080052266	0010	L		08.02.2024	42.020	0.000	0.00			0.00	0.000	0.000					0000		0000	0000	08.02.2024	11:56:29	0.00						0000									0.000							0000000000	0000000000	00		0.00	0.00		0.000	0.000	0.00		0.000	0.000		0.00			0.00		0.00		0.00000			000000						0.000	0.000		0.000						0.000			
700	5600000339	00010	00	8	0000	0080052346	0010	L		08.02.2024	42.540	0.000	0.00			0.00	0.000	0.000					0000		0000	0000	08.02.2024	12:10:29	0.00						0000									0.000							0000000000	0000000000	00		0.00	0.00		0.000	0.000	0.00		0.000	0.000		0.00			0.00		0.00		0.00000			000000						0.000	0.000		0.000						0.000			
700	5600000339	00010	00	8	0000	0080052364	0010	L		08.02.2024	41.360	0.000	0.00			0.00	0.000	0.000					0000		0000	0000	08.02.2024	12:12:29	0.00						0000									0.000							0000000000	0000000000	00		0.00	0.00		0.000	0.000	0.00		0.000	0.000		0.00			0.00		0.00		0.00000			000000						0.000	0.000		0.000						0.000			
700	5600000339	00010	00	8	0000	0080052551	0010	L		08.02.2024	41.970	0.000	0.00			0.00	0.000	0.000					0000		0000	0000	08.02.2024	12:34:28	0.00						0000									0.000							0000000000	0000000000	00		0.00	0.00		0.000	0.000	0.00		0.000	0.000		0.00			0.00		0.00		0.00000			000000						0.000	0.000		0.000						0.000			
700	5600000339	00010	00	8	0000	0080052770	0010	L		08.02.2024	42.370	0.000	0.00			0.00	0.000	0.000					0000		0000	0000	08.02.2024	12:56:29	0.00						0000									0.000							0000000000	0000000000	00		0.00	0.00		0.000	0.000	0.00		0.000	0.000		0.00			0.00		0.00		0.00000			000000						0.000	0.000		0.000						0.000			
700	5600000339	00010	00	8	0000	0080053609	0010	L		08.02.2024	42.330	0.000	0.00			0.00	0.000	0.000					0000		0000	0000	08.02.2024	14:50:29	0.00						0000									0.000							0000000000	0000000000	00		0.00	0.00		0.000	0.000	0.00		0.000	0.000		0.00			0.00		0.00		0.00000			000000						0.000	0.000		0.000						0.000			
700	5600000339	00010	00	8	0000	0080055438	0010	L		08.02.2024	41.720	0.000	0.00			0.00	0.000	0.000					0000		0000	0000	08.02.2024	17:24:29	0.00						0000									0.000							0000000000	0000000000	00		0.00	0.00		0.000	0.000	0.00		0.000	0.000		0.00			0.00		0.00		0.00000			000000						0.000	0.000		0.000						0.000			
700	5600000339	00010	00	8	0000	0080056304	0010	L		08.02.2024	41.510	0.000	0.00			0.00	0.000	0.000					0000		0000	0000	08.02.2024	18:16:28	0.00						0000									0.000							0000000000	0000000000	00		0.00	0.00		0.000	0.000	0.00		0.000	0.000		0.00			0.00		0.00		0.00000			000000						0.000	0.000		0.000						0.000			
700	5600000339	00010	00	8	0000	0080057108	0010	L		08.02.2024	43.020	0.000	0.00			0.00	0.000	0.000					0000		0000	0000	08.02.2024	19:04:28	0.00						0000									0.000							0000000000	0000000000	00		0.00	0.00		0.000	0.000	0.00		0.000	0.000		0.00			0.00		0.00		0.00000			000000						0.000	0.000		0.000						0.000			
700	5600000339	00010	00	8	0000	0080057164	0010	L		08.02.2024	41.610	0.000	0.00			0.00	0.000	0.000					0000		0000	0000	08.02.2024	19:08:26	0.00						0000									0.000							0000000000	0000000000	00		0.00	0.00		0.000	0.000	0.00		0.000	0.000		0.00			0.00		0.00		0.00000			000000						0.000	0.000		0.000						0.000			
700	5600000339	00010	00	8	0000	0080057202	0010	L		08.02.2024	41.510	0.000	0.00			0.00	0.000	0.000					0000		0000	0000	08.02.2024	19:12:29	0.00						0000									0.000							0000000000	0000000000	00		0.00	0.00		0.000	0.000	0.00		0.000	0.000		0.00			0.00		0.00		0.00000			000000						0.000	0.000		0.000						0.000			
700	5600000339	00010	00	8	0000	0080057782	0010	L		08.02.2024	41.910	0.000	0.00			0.00	0.000	0.000					0000		0000	0000	08.02.2024	19:56:29	0.00						0000									0.000							0000000000	0000000000	00		0.00	0.00		0.000	0.000	0.00		0.000	0.000		0.00			0.00		0.00		0.00000			000000						0.000	0.000		0.000						0.000			
700	5600000339	00010	00	8	0000	0080058030	0010	L		08.02.2024	41.580	0.000	0.00			0.00	0.000	0.000					0000		0000	0000	08.02.2024	20:18:29	0.00						0000									0.000							0000000000	0000000000	00		0.00	0.00		0.000	0.000	0.00		0.000	0.000		0.00			0.00		0.00		0.00000			000000						0.000	0.000		0.000						0.000			
700	5600000339	00010	00	8	0000	0080058527	0010	L		08.02.2024	43.230	0.000	0.00			0.00	0.000	0.000					0000		0000	0000	08.02.2024	21:13:43	0.00						0000									0.000							0000000000	0000000000	00		0.00	0.00		0.000	0.000	0.00		0.000	0.000		0.00			0.00		0.00		0.00000			000000						0.000	0.000		0.000						0.000			
700	5600000339	00010	00	8	0000	0080058610	0010	L		08.02.2024	42.700	0.000	0.00			0.00	0.000	0.000					0000		0000	0000	08.02.2024	21:24:29	0.00						0000									0.000							0000000000	0000000000	00		0.00	0.00		0.000	0.000	0.00		0.000	0.000		0.00			0.00		0.00		0.00000			000000						0.000	0.000		0.000						0.000			
700	5600000339	00010	00	8	0000	0080059004	0010	L		08.02.2024	42.800	0.000	0.00			0.00	0.000	0.000					0000		0000	0000	08.02.2024	22:26:28	0.00						0000									0.000							0000000000	0000000000	00		0.00	0.00		0.000	0.000	0.00		0.000	0.000		0.00			0.00		0.00		0.00000			000000						0.000	0.000		0.000						0.000			
700	5600000339	00010	00	8	0000	0080059006	0010	L		08.02.2024	42.960	0.000	0.00			0.00	0.000	0.000					0000		0000	0000	08.02.2024	22:26:29	0.00						0000									0.000							0000000000	0000000000	00		0.00	0.00		0.000	0.000	0.00		0.000	0.000		0.00			0.00		0.00		0.00000			000000						0.000	0.000		0.000						0.000			
700	5600000339	00010	00	8	0000	0080059108	0010	L		08.02.2024	42.780	0.000	0.00			0.00	0.000	0.000					0000		0000	0000	08.02.2024	22:46:28	0.00						0000									0.000							0000000000	0000000000	00		0.00	0.00		0.000	0.000	0.00		0.000	0.000		0.00			0.00		0.00		0.00000			000000						0.000	0.000		0.000						0.000			
700	5600000339	00010	00	8	0000	0080059115	0010	L		08.02.2024	43.460	0.000	0.00			0.00	0.000	0.000					0000		0000	0000	08.02.2024	22:48:26	0.00						0000									0.000							0000000000	0000000000	00		0.00	0.00		0.000	0.000	0.00		0.000	0.000		0.00			0.00		0.00		0.00000			000000						0.000	0.000		0.000						0.000			
700	5600000339	00010	00	8	0000	0080059152	0010	L		08.02.2024	44.300	0.000	0.00			0.00	0.000	0.000					0000		0000	0000	08.02.2024	22:56:29	0.00						0000									0.000							0000000000	0000000000	00		0.00	0.00		0.000	0.000	0.00		0.000	0.000		0.00			0.00		0.00		0.00000			000000						0.000	0.000		0.000						0.000			
700	5600000339	00010	00	8	0000	0080059388	0010	L		09.02.2024	43.090	0.000	0.00			0.00	0.000	0.000					0000		0000	0000	09.02.2024	00:02:30	0.00						0000									0.000							0000000000	0000000000	00		0.00	0.00		0.000	0.000	0.00		0.000	0.000		0.00			0.00		0.00		0.00000			000000						0.000	0.000		0.000						0.000			
700	5600000339	00010	00	8	0000	0080059398	0010	L		09.02.2024	42.780	0.000	0.00			0.00	0.000	0.000					0000		0000	0000	09.02.2024	00:06:30	0.00						0000									0.000							0000000000	0000000000	00		0.00	0.00		0.000	0.000	0.00		0.000	0.000		0.00			0.00		0.00		0.00000			000000						0.000	0.000		0.000						0.000			
700	5600000339	00010	00	8	0000	0080059409	0010	L		09.02.2024	43.840	0.000	0.00			0.00	0.000	0.000					0000		0000	0000	09.02.2024	00:08:29	0.00						0000									0.000							0000000000	0000000000	00		0.00	0.00		0.000	0.000	0.00		0.000	0.000		0.00			0.00		0.00		0.00000			000000						0.000	0.000		0.000						0.000			
700	5600000339	00010	00	8	0000	0080059468	0010	L		09.02.2024	42.320	0.000	0.00			0.00	0.000	0.000					0000		0000	0000	09.02.2024	00:36:28	0.00						0000									0.000							0000000000	0000000000	00		0.00	0.00		0.000	0.000	0.00		0.000	0.000		0.00			0.00		0.00		0.00000			000000						0.000	0.000		0.000						0.000			
700	5600000339	00010	00	8	0000	0080059523	0010	L		09.02.2024	44.050	0.000	0.00			0.00	0.000	0.000					0000		0000	0000	09.02.2024	01:00:30	0.00						0000									0.000							0000000000	0000000000	00		0.00	0.00		0.000	0.000	0.00		0.000	0.000		0.00			0.00		0.00		0.00000			000000						0.000	0.000		0.000						0.000			
700	5600000339	00010	00	8	0000	0080059537	0010	L		09.02.2024	42.570	0.000	0.00			0.00	0.000	0.000					0000		0000	0000	09.02.2024	01:08:28	0.00						0000									0.000							0000000000	0000000000	00		0.00	0.00		0.000	0.000	0.00		0.000	0.000		0.00			0.00		0.00		0.00000			000000						0.000	0.000		0.000						0.000			
700	5600000339	00010	00	8	0000	0080059573	0010	L		09.02.2024	43.090	0.000	0.00			0.00	0.000	0.000					0000		0000	0000	09.02.2024	01:14:29	0.00						0000									0.000							0000000000	0000000000	00		0.00	0.00		0.000	0.000	0.00		0.000	0.000		0.00			0.00		0.00		0.00000			000000						0.000	0.000		0.000						0.000			
700	5600000339	00010	00	8	0000	0080059610	0010	L		09.02.2024	43.360	0.000	0.00			0.00	0.000	0.000					0000		0000	0000	09.02.2024	01:26:28	0.00						0000									0.000							0000000000	0000000000	00		0.00	0.00		0.000	0.000	0.00		0.000	0.000		0.00			0.00		0.00		0.00000			000000						0.000	0.000		0.000						0.000			
700	5600000339	00010	00	8	0000	0080059673	0010	L		09.02.2024	42.960	0.000	0.00			0.00	0.000	0.000					0000		0000	0000	09.02.2024	02:20:28	0.00						0000									0.000							0000000000	0000000000	00		0.00	0.00		0.000	0.000	0.00		0.000	0.000		0.00			0.00		0.00		0.00000			000000						0.000	0.000		0.000						0.000			
700	5600000339	00010	00	8	0000	0080059689	0010	L		09.02.2024	43.280	0.000	0.00			0.00	0.000	0.000					0000		0000	0000	09.02.2024	02:36:30	0.00						0000									0.000							0000000000	0000000000	00		0.00	0.00		0.000	0.000	0.00		0.000	0.000		0.00			0.00		0.00		0.00000			000000						0.000	0.000		0.000						0.000			
700	5600000339	00010	00	8	0000	0080059691	0010	L		09.02.2024	42.780	0.000	0.00			0.00	0.000	0.000					0000		0000	0000	09.02.2024	02:40:30	0.00						0000									0.000							0000000000	0000000000	00		0.00	0.00		0.000	0.000	0.00		0.000	0.000		0.00			0.00		0.00		0.00000			000000						0.000	0.000		0.000						0.000			
700	5600000339	00010	00	8	0000	0080059693	0010	L		09.02.2024	42.850	0.000	0.00			0.00	0.000	0.000					0000		0000	0000	09.02.2024	02:42:28	0.00						0000									0.000							0000000000	0000000000	00		0.00	0.00		0.000	0.000	0.00		0.000	0.000		0.00			0.00		0.00		0.00000			000000						0.000	0.000		0.000						0.000			
700	5600000339	00010	00	8	0000	0080059694	0010	L		09.02.2024	43.310	0.000	0.00			0.00	0.000	0.000					0000		0000	0000	09.02.2024	02:42:30	0.00						0000									0.000							0000000000	0000000000	00		0.00	0.00		0.000	0.000	0.00		0.000	0.000		0.00			0.00		0.00		0.00000			000000						0.000	0.000		0.000						0.000			
700	5600000339	00010	00	8	0000	0080059812	0010	L		09.02.2024	42.430	0.000	0.00			0.00	0.000	0.000					0000		0000	0000	09.02.2024	03:52:27	0.00						0000									0.000							0000000000	0000000000	00		0.00	0.00		0.000	0.000	0.00		0.000	0.000		0.00			0.00		0.00		0.00000			000000						0.000	0.000		0.000						0.000			
700	5600000339	00010	00	8	0000	0080059825	0010	L		09.02.2024	41.570	0.000	0.00			0.00	0.000	0.000					0000		0000	0000	09.02.2024	04:02:27	0.00						0000									0.000							0000000000	0000000000	00		0.00	0.00		0.000	0.000	0.00		0.000	0.000		0.00			0.00		0.00		0.00000			000000						0.000	0.000		0.000						0.000			
700	5600000339	00010	00	8	0000	0080059847	0010	L		09.02.2024	41.700	0.000	0.00			0.00	0.000	0.000					0000		0000	0000	09.02.2024	04:38:28	0.00						0000									0.000							0000000000	0000000000	00		0.00	0.00		0.000	0.000	0.00		0.000	0.000		0.00			0.00		0.00		0.00000			000000						0.000	0.000		0.000						0.000			
700	5600000339	00010	00	8	0000	0080059873	0010	L		09.02.2024	42.450	0.000	0.00			0.00	0.000	0.000					0000		0000	0000	09.02.2024	05:08:30	0.00						0000									0.000							0000000000	0000000000	00		0.00	0.00		0.000	0.000	0.00		0.000	0.000		0.00			0.00		0.00		0.00000			000000						0.000	0.000		0.000						0.000			
700	5600000339	00010	00	8	0000	0080059902	0010	L		09.02.2024	42.630	0.000	0.00			0.00	0.000	0.000					0000		0000	0000	09.02.2024	05:46:28	0.00						0000									0.000							0000000000	0000000000	00		0.00	0.00		0.000	0.000	0.00		0.000	0.000		0.00			0.00		0.00		0.00000			000000						0.000	0.000		0.000						0.000			
700	5600000339	00010	00	8	0000	0080060897	0010	L		09.02.2024	42.040	0.000	0.00			0.00	0.000	0.000					0000		0000	0000	09.02.2024	06:10:27	0.00						0000									0.000							0000000000	0000000000	00		0.00	0.00		0.000	0.000	0.00		0.000	0.000		0.00			0.00		0.00		0.00000			000000						0.000	0.000		0.000						0.000			
700	5600000339	00010	00	8	0000	0080061268	0010	L		09.02.2024	41.580	0.000	0.00			0.00	0.000	0.000					0000		0000	0000	09.02.2024	06:22:27	0.00						0000									0.000							0000000000	0000000000	00		0.00	0.00		0.000	0.000	0.00		0.000	0.000		0.00			0.00		0.00		0.00000			000000						0.000	0.000		0.000						0.000			
700	5600000339	00010	00	8	0000	0080061269	0010	L		09.02.2024	42.100	0.000	0.00			0.00	0.000	0.000					0000		0000	0000	09.02.2024	06:24:27	0.00						0000									0.000							0000000000	0000000000	00		0.00	0.00		0.000	0.000	0.00		0.000	0.000		0.00			0.00		0.00		0.00000			000000						0.000	0.000		0.000						0.000			
700	5600000339	00010	00	8	0000	0080061272	0010	L		09.02.2024	41.750	0.000	0.00			0.00	0.000	0.000					0000		0000	0000	09.02.2024	06:28:30	0.00						0000									0.000							0000000000	0000000000	00		0.00	0.00		0.000	0.000	0.00		0.000	0.000		0.00			0.00		0.00		0.00000			000000						0.000	0.000		0.000						0.000			
700	5600000339	00010	00	8	0000	0080061288	0010	L		09.02.2024	41.830	0.000	0.00			0.00	0.000	0.000					0000		0000	0000	09.02.2024	06:40:29	0.00						0000									0.000							0000000000	0000000000	00		0.00	0.00		0.000	0.000	0.00		0.000	0.000		0.00			0.00		0.00		0.00000			000000						0.000	0.000		0.000						0.000			
700	5600000339	00010	00	8	0000	0080061300	0010	L		09.02.2024	42.270	0.000	0.00			0.00	0.000	0.000					0000		0000	0000	09.02.2024	07:02:28	0.00						0000									0.000							0000000000	0000000000	00		0.00	0.00		0.000	0.000	0.00		0.000	0.000		0.00			0.00		0.00		0.00000			000000						0.000	0.000		0.000						0.000			
700	5600000339	00010	00	8	0000	0080061343	0010	L		09.02.2024	41.110	0.000	0.00			0.00	0.000	0.000					0000		0000	0000	09.02.2024	07:50:29	0.00						0000									0.000							0000000000	0000000000	00		0.00	0.00		0.000	0.000	0.00		0.000	0.000		0.00			0.00		0.00		0.00000			000000						0.000	0.000		0.000						0.000			
700	5600000339	00010	00	8	0000	0080061379	0010	L		09.02.2024	42.070	0.000	0.00			0.00	0.000	0.000					0000		0000	0000	09.02.2024	08:18:28	0.00						0000									0.000							0000000000	0000000000	00		0.00	0.00		0.000	0.000	0.00		0.000	0.000		0.00			0.00		0.00		0.00000			000000						0.000	0.000		0.000						0.000			
700	5600000339	00010	00	8	0000	0080061390	0010	L		09.02.2024	41.360	0.000	0.00			0.00	0.000	0.000					0000		0000	0000	09.02.2024	08:26:30	0.00						0000									0.000							0000000000	0000000000	00		0.00	0.00		0.000	0.000	0.00		0.000	0.000		0.00			0.00		0.00		0.00000			000000						0.000	0.000		0.000						0.000			
700	5600000339	00010	00	8	0000	0080061487	0010	L		09.02.2024	41.940	0.000	0.00			0.00	0.000	0.000					0000		0000	0000	09.02.2024	09:36:30	0.00						0000									0.000							0000000000	0000000000	00		0.00	0.00		0.000	0.000	0.00		0.000	0.000		0.00			0.00		0.00		0.00000			000000						0.000	0.000		0.000						0.000			
700	5600000339	00010	00	8	0000	0080061601	0010	L		09.02.2024	42.730	0.000	0.00			0.00	0.000	0.000					0000		0000	0000	09.02.2024	10:06:30	0.00						0000									0.000							0000000000	0000000000	00		0.00	0.00		0.000	0.000	0.00		0.000	0.000		0.00			0.00		0.00		0.00000			000000						0.000	0.000		0.000						0.000			
700	5600000339	00010	00	8	0000	0080061656	0010	L		09.02.2024	42.240	0.000	0.00			0.00	0.000	0.000					0000		0000	0000	09.02.2024	10:16:30	0.00						0000									0.000							0000000000	0000000000	00		0.00	0.00		0.000	0.000	0.00		0.000	0.000		0.00			0.00		0.00		0.00000			000000						0.000	0.000		0.000						0.000			
700	5600000339	00010	00	8	0000	0080061662	0010	L		09.02.2024	42.360	0.000	0.00			0.00	0.000	0.000					0000		0000	0000	09.02.2024	10:18:32	0.00						0000									0.000							0000000000	0000000000	00		0.00	0.00		0.000	0.000	0.00		0.000	0.000		0.00			0.00		0.00		0.00000			000000						0.000	0.000		0.000						0.000			
700	5600000339	00010	00	8	0000	0080061699	0010	L		09.02.2024	42.200	0.000	0.00			0.00	0.000	0.000					0000		0000	0000	09.02.2024	10:30:27	0.00						0000									0.000							0000000000	0000000000	00		0.00	0.00		0.000	0.000	0.00		0.000	0.000		0.00			0.00		0.00		0.00000			000000						0.000	0.000		0.000						0.000			
700	5600000339	00010	00	8	0000	0080061747	0010	L		09.02.2024	41.880	0.000	0.00			0.00	0.000	0.000					0000		0000	0000	09.02.2024	10:42:31	0.00						0000									0.000							0000000000	0000000000	00		0.00	0.00		0.000	0.000	0.00		0.000	0.000		0.00			0.00		0.00		0.00000			000000						0.000	0.000		0.000						0.000			
700	5600000339	00010	00	8	0000	0080061762	0010	L		09.02.2024	42.160	0.000	0.00			0.00	0.000	0.000					0000		0000	0000	09.02.2024	10:44:30	0.00						0000									0.000							0000000000	0000000000	00		0.00	0.00		0.000	0.000	0.00		0.000	0.000		0.00			0.00		0.00		0.00000			000000						0.000	0.000		0.000						0.000			
700	5600000339	00010	00	8	0000	0080061821	0010	L		09.02.2024	42.160	0.000	0.00			0.00	0.000	0.000					0000		0000	0000	09.02.2024	10:48:30	0.00						0000									0.000							0000000000	0000000000	00		0.00	0.00		0.000	0.000	0.00		0.000	0.000		0.00			0.00		0.00		0.00000			000000						0.000	0.000		0.000						0.000			
700	5600000339	00010	00	8	0000	0080061852	0010	L		09.02.2024	43.640	0.000	0.00			0.00	0.000	0.000					0000		0000	0000	09.02.2024	10:52:30	0.00						0000									0.000							0000000000	0000000000	00		0.00	0.00		0.000	0.000	0.00		0.000	0.000		0.00			0.00		0.00		0.00000			000000						0.000	0.000		0.000						0.000			
700	5600000339	00010	00	8	0000	0080061934	0010	L		09.02.2024	43.880	0.000	0.00			0.00	0.000	0.000					0000		0000	0000	09.02.2024	11:08:29	0.00						0000									0.000							0000000000	0000000000	00		0.00	0.00		0.000	0.000	0.00		0.000	0.000		0.00			0.00		0.00		0.00000			000000						0.000	0.000		0.000						0.000			
700	5600000339	00010	00	8	0000	0080062009	0010	L		09.02.2024	42.170	0.000	0.00			0.00	0.000	0.000					0000		0000	0000	09.02.2024	11:32:34	0.00						0000									0.000							0000000000	0000000000	00		0.00	0.00		0.000	0.000	0.00		0.000	0.000		0.00			0.00		0.00		0.00000			000000						0.000	0.000		0.000						0.000			
700	5600000339	00010	00	8	0000	0080062576	0010	L		09.02.2024	42.580	0.000	0.00			0.00	0.000	0.000					0000		0000	0000	09.02.2024	13:02:51	0.00						0000									0.000							0000000000	0000000000	00		0.00	0.00		0.000	0.000	0.00		0.000	0.000		0.00			0.00		0.00		0.00000			000000						0.000	0.000		0.000						0.000			
700	5600000339	00010	00	8	0000	0080063334	0010	L		09.02.2024	40.420	0.000	0.00			0.00	0.000	0.000					0000		0000	0000	09.02.2024	14:50:36	0.00						0000									0.000							0000000000	0000000000	00		0.00	0.00		0.000	0.000	0.00		0.000	0.000		0.00			0.00		0.00		0.00000			000000						0.000	0.000		0.000						0.000			
700	5600000339	00010	00	8	0000	0080063818	0010	L		09.02.2024	42.000	0.000	0.00			0.00	0.000	0.000					0000		0000	0000	09.02.2024	15:30:28	0.00						0000									0.000							0000000000	0000000000	00		0.00	0.00		0.000	0.000	0.00		0.000	0.000		0.00			0.00		0.00		0.00000			000000						0.000	0.000		0.000						0.000			
700	5600000339	00010	00	8	0000	0080064338	0010	L		09.02.2024	40.680	0.000	0.00			0.00	0.000	0.000					0000		0000	0000	09.02.2024	16:16:33	0.00						0000									0.000							0000000000	0000000000	00		0.00	0.00		0.000	0.000	0.00		0.000	0.000		0.00			0.00		0.00		0.00000			000000						0.000	0.000		0.000						0.000			
700	5600000339	00010	00	8	0000	0080064419	0010	L		09.02.2024	42.150	0.000	0.00			0.00	0.000	0.000					0000		0000	0000	09.02.2024	16:24:40	0.00						0000									0.000							0000000000	0000000000	00		0.00	0.00		0.000	0.000	0.00		0.000	0.000		0.00			0.00		0.00		0.00000			000000						0.000	0.000		0.000						0.000			
700	5600000339	00010	00	8	0000	0080068113	0010	L		09.02.2024	42.410	0.000	0.00			0.00	0.000	0.000					0000		0000	0000	09.02.2024	20:14:27	0.00						0000									0.000							0000000000	0000000000	00		0.00	0.00		0.000	0.000	0.00		0.000	0.000		0.00			0.00		0.00		0.00000			000000						0.000	0.000		0.000						0.000			
700	5600000339	00010	00	8	0000	0080068549	0010	L		09.02.2024	41.810	0.000	0.00			0.00	0.000	0.000					0000		0000	0000	09.02.2024	21:04:34	0.00						0000									0.000							0000000000	0000000000	00		0.00	0.00		0.000	0.000	0.00		0.000	0.000		0.00			0.00		0.00		0.00000			000000						0.000	0.000		0.000						0.000			
700	5600000339	00010	00	8	0000	0080068698	0010	L		09.02.2024	41.500	0.000	0.00			0.00	0.000	0.000					0000		0000	0000	09.02.2024	21:34:33	0.00						0000									0.000							0000000000	0000000000	00		0.00	0.00		0.000	0.000	0.00		0.000	0.000		0.00			0.00		0.00		0.00000			000000						0.000	0.000		0.000						0.000			
700	5600000339	00010	00	8	0000	0080068935	0010	L		09.02.2024	41.630	0.000	0.00			0.00	0.000	0.000					0000		0000	0000	09.02.2024	22:24:28	0.00						0000									0.000							0000000000	0000000000	00		0.00	0.00		0.000	0.000	0.00		0.000	0.000		0.00			0.00		0.00		0.00000			000000						0.000	0.000		0.000						0.000			
700	5600000339	00010	00	8	0000	0080068936	0010	L		09.02.2024	42.850	0.000	0.00			0.00	0.000	0.000					0000		0000	0000	09.02.2024	22:24:29	0.00						0000									0.000							0000000000	0000000000	00		0.00	0.00		0.000	0.000	0.00		0.000	0.000		0.00			0.00		0.00		0.00000			000000						0.000	0.000		0.000						0.000			
700	5600000339	00010	00	8	0000	0080069007	0010	L		09.02.2024	42.960	0.000	0.00			0.00	0.000	0.000					0000		0000	0000	09.02.2024	22:40:27	0.00						0000									0.000							0000000000	0000000000	00		0.00	0.00		0.000	0.000	0.00		0.000	0.000		0.00			0.00		0.00		0.00000			000000						0.000	0.000		0.000						0.000			
700	5600000339	00010	00	8	0000	0080069059	0010	L		09.02.2024	41.050	0.000	0.00			0.00	0.000	0.000					0000		0000	0000	09.02.2024	22:54:36	0.00						0000									0.000							0000000000	0000000000	00		0.00	0.00		0.000	0.000	0.00		0.000	0.000		0.00			0.00		0.00		0.00000			000000						0.000	0.000		0.000						0.000			
700	5600000339	00010	00	8	0000	0080069481	0010	L		09.02.2024	42.100	0.000	0.00			0.00	0.000	0.000					0000		0000	0000	09.02.2024	23:58:43	0.00						0000									0.000							0000000000	0000000000	00		0.00	0.00		0.000	0.000	0.00		0.000	0.000		0.00			0.00		0.00		0.00000			000000						0.000	0.000		0.000						0.000			
700	5600000339	00010	00	8	0000	0080069586	0010	L		10.02.2024	41.500	0.000	0.00			0.00	0.000	0.000					0000		0000	0000	10.02.2024	00:40:32	0.00						0000									0.000							0000000000	0000000000	00		0.00	0.00		0.000	0.000	0.00		0.000	0.000		0.00			0.00		0.00		0.00000			000000						0.000	0.000		0.000						0.000			
700	5600000339	00010	00	8	0000	0080069627	0010	L		10.02.2024	41.450	0.000	0.00			0.00	0.000	0.000					0000		0000	0000	10.02.2024	00:53:10	0.00						0000									0.000							0000000000	0000000000	00		0.00	0.00		0.000	0.000	0.00		0.000	0.000		0.00			0.00		0.00		0.00000			000000						0.000	0.000		0.000						0.000			
700	5600000339	00010	00	8	0000	0080069663	0010	L		10.02.2024	41.000	0.000	0.00			0.00	0.000	0.000					0000		0000	0000	10.02.2024	01:12:37	0.00						0000									0.000							0000000000	0000000000	00		0.00	0.00		0.000	0.000	0.00		0.000	0.000		0.00			0.00		0.00		0.00000			000000						0.000	0.000		0.000						0.000			
700	5600000339	00010	00	8	0000	0080069703	0010	L		10.02.2024	42.680	0.000	0.00			0.00	0.000	0.000					0000		0000	0000	10.02.2024	01:24:29	0.00						0000									0.000							0000000000	0000000000	00		0.00	0.00		0.000	0.000	0.00		0.000	0.000		0.00			0.00		0.00		0.00000			000000						0.000	0.000		0.000						0.000			
700	5600000339	00010	00	8	0000	0080069706	0010	L		10.02.2024	42.160	0.000	0.00			0.00	0.000	0.000					0000		0000	0000	10.02.2024	01:26:30	0.00						0000									0.000							0000000000	0000000000	00		0.00	0.00		0.000	0.000	0.00		0.000	0.000		0.00			0.00		0.00		0.00000			000000						0.000	0.000		0.000						0.000			
700	5600000339	00010	00	8	0000	0080069739	0010	L		10.02.2024	42.260	0.000	0.00			0.00	0.000	0.000					0000		0000	0000	10.02.2024	01:46:34	0.00						0000									0.000							0000000000	0000000000	00		0.00	0.00		0.000	0.000	0.00		0.000	0.000		0.00			0.00		0.00		0.00000			000000						0.000	0.000		0.000						0.000			
700	5600000339	00010	00	8	0000	0080069746	0010	L		10.02.2024	42.340	0.000	0.00			0.00	0.000	0.000					0000		0000	0000	10.02.2024	01:48:26	0.00						0000									0.000							0000000000	0000000000	00		0.00	0.00		0.000	0.000	0.00		0.000	0.000		0.00			0.00		0.00		0.00000			000000						0.000	0.000		0.000						0.000			
700	5600000339	00010	00	8	0000	0080069756	0010	L		10.02.2024	41.180	0.000	0.00			0.00	0.000	0.000					0000		0000	0000	10.02.2024	01:54:46	0.00						0000									0.000							0000000000	0000000000	00		0.00	0.00		0.000	0.000	0.00		0.000	0.000		0.00			0.00		0.00		0.00000			000000						0.000	0.000		0.000						0.000			
700	5600000339	00010	00	8	0000	0080069770	0010	L		10.02.2024	40.960	0.000	0.00			0.00	0.000	0.000					0000		0000	0000	10.02.2024	01:58:30	0.00						0000									0.000							0000000000	0000000000	00		0.00	0.00		0.000	0.000	0.00		0.000	0.000		0.00			0.00		0.00		0.00000			000000						0.000	0.000		0.000						0.000			
700	5600000339	00010	00	8	0000	0080069830	0010	L		10.02.2024	43.620	0.000	0.00			0.00	0.000	0.000					0000		0000	0000	10.02.2024	02:54:49	0.00						0000									0.000							0000000000	0000000000	00		0.00	0.00		0.000	0.000	0.00		0.000	0.000		0.00			0.00		0.00		0.00000			000000						0.000	0.000		0.000						0.000			
700	5600000339	00010	00	8	0000	0080069831	0010	L		10.02.2024	42.080	0.000	0.00			0.00	0.000	0.000					0000		0000	0000	10.02.2024	02:54:51	0.00						0000									0.000							0000000000	0000000000	00		0.00	0.00		0.000	0.000	0.00		0.000	0.000		0.00			0.00		0.00		0.00000			000000						0.000	0.000		0.000						0.000			
700	5600000339	00010	00	8	0000	0080069832	0010	L		10.02.2024	42.520	0.000	0.00			0.00	0.000	0.000					0000		0000	0000	10.02.2024	02:54:51	0.00						0000									0.000							0000000000	0000000000	00		0.00	0.00		0.000	0.000	0.00		0.000	0.000		0.00			0.00		0.00		0.00000			000000						0.000	0.000		0.000						0.000			
700	5600000339	00010	00	8	0000	0080069833	0010	L		10.02.2024	41.830	0.000	0.00			0.00	0.000	0.000					0000		0000	0000	10.02.2024	02:54:51	0.00						0000									0.000							0000000000	0000000000	00		0.00	0.00		0.000	0.000	0.00		0.000	0.000		0.00			0.00		0.00		0.00000			000000						0.000	0.000		0.000						0.000			
700	5600000339	00010	00	8	0000	0080069952	0010	L		10.02.2024	42.300	0.000	0.00			0.00	0.000	0.000					0000		0000	0000	10.02.2024	04:20:36	0.00						0000									0.000							0000000000	0000000000	00		0.00	0.00		0.000	0.000	0.00		0.000	0.000		0.00			0.00		0.00		0.00000			000000						0.000	0.000		0.000						0.000			
700	5600000339	00010	00	8	0000	0080069970	0010	L		10.02.2024	43.120	0.000	0.00			0.00	0.000	0.000					0000		0000	0000	10.02.2024	04:55:10	0.00						0000									0.000							0000000000	0000000000	00		0.00	0.00		0.000	0.000	0.00		0.000	0.000		0.00			0.00		0.00		0.00000			000000						0.000	0.000		0.000						0.000			
700	5600000339	00010	00	8	0000	0080069973	0010	L		10.02.2024	42.090	0.000	0.00			0.00	0.000	0.000					0000		0000	0000	10.02.2024	04:56:42	0.00						0000									0.000							0000000000	0000000000	00		0.00	0.00		0.000	0.000	0.00		0.000	0.000		0.00			0.00		0.00		0.00000			000000						0.000	0.000		0.000						0.000			
700	5600000339	00010	00	8	0000	0080069977	0010	L		10.02.2024	42.570	0.000	0.00			0.00	0.000	0.000					0000		0000	0000	10.02.2024	05:04:32	0.00						0000									0.000							0000000000	0000000000	00		0.00	0.00		0.000	0.000	0.00		0.000	0.000		0.00			0.00		0.00		0.00000			000000						0.000	0.000		0.000						0.000			
700	5600000339	00010	00	8	0000	0080069994	0010	L		10.02.2024	41.790	0.000	0.00			0.00	0.000	0.000					0000		0000	0000	10.02.2024	05:20:34	0.00						0000									0.000							0000000000	0000000000	00		0.00	0.00		0.000	0.000	0.00		0.000	0.000		0.00			0.00		0.00		0.00000			000000						0.000	0.000		0.000						0.000			
700	5600000339	00010	00	8	0000	0080070003	0010	L		10.02.2024	41.750	0.000	0.00			0.00	0.000	0.000					0000		0000	0000	10.02.2024	05:31:10	0.00						0000									0.000							0000000000	0000000000	00		0.00	0.00		0.000	0.000	0.00		0.000	0.000		0.00			0.00		0.00		0.00000			000000						0.000	0.000		0.000						0.000			
700	5600000339	00010	00	8	0000	0080070023	0010	L		10.02.2024	43.130	0.000	0.00			0.00	0.000	0.000					0000		0000	0000	10.02.2024	06:12:32	0.00						0000									0.000							0000000000	0000000000	00		0.00	0.00		0.000	0.000	0.00		0.000	0.000		0.00			0.00		0.00		0.00000			000000						0.000	0.000		0.000						0.000			
700	5600000339	00010	00	8	0000	0080070025	0010	L		10.02.2024	42.690	0.000	0.00			0.00	0.000	0.000					0000		0000	0000	10.02.2024	06:14:28	0.00						0000									0.000							0000000000	0000000000	00		0.00	0.00		0.000	0.000	0.00		0.000	0.000		0.00			0.00		0.00		0.00000			000000						0.000	0.000		0.000						0.000			
700	5600000339	00010	00	8	0000	0080070027	0010	L		10.02.2024	43.040	0.000	0.00			0.00	0.000	0.000					0000		0000	0000	10.02.2024	06:23:25	0.00						0000									0.000							0000000000	0000000000	00		0.00	0.00		0.000	0.000	0.00		0.000	0.000		0.00			0.00		0.00		0.00000			000000						0.000	0.000		0.000						0.000			
700	5600000339	00010	00	8	0000	0080070045	0010	L		10.02.2024	42.990	0.000	0.00			0.00	0.000	0.000					0000		0000	0000	10.02.2024	06:55:10	0.00						0000									0.000							0000000000	0000000000	00		0.00	0.00		0.000	0.000	0.00		0.000	0.000		0.00			0.00		0.00		0.00000			000000						0.000	0.000		0.000						0.000			
700	5600000339	00010	00	8	0000	0080070050	0010	L		10.02.2024	43.380	0.000	0.00			0.00	0.000	0.000					0000		0000	0000	10.02.2024	07:06:33	0.00						0000									0.000							0000000000	0000000000	00		0.00	0.00		0.000	0.000	0.00		0.000	0.000		0.00			0.00		0.00		0.00000			000000						0.000	0.000		0.000						0.000			
700	5600000339	00010	00	8	0000	0080070064	0010	L		10.02.2024	41.910	0.000	0.00			0.00	0.000	0.000					0000		0000	0000	10.02.2024	07:38:35	0.00						0000									0.000							0000000000	0000000000	00		0.00	0.00		0.000	0.000	0.00		0.000	0.000		0.00			0.00		0.00		0.00000			000000						0.000	0.000		0.000						0.000			
700	5600000339	00010	00	8	0000	0080070096	0010	L		10.02.2024	43.370	0.000	0.00			0.00	0.000	0.000					0000		0000	0000	10.02.2024	08:06:36	0.00						0000									0.000							0000000000	0000000000	00		0.00	0.00		0.000	0.000	0.00		0.000	0.000		0.00			0.00		0.00		0.00000			000000						0.000	0.000		0.000						0.000			
700	5600000339	00010	00	8	0000	0080070109	0010	L		10.02.2024	43.190	0.000	0.00			0.00	0.000	0.000					0000		0000	0000	10.02.2024	08:10:32	0.00						0000									0.000							0000000000	0000000000	00		0.00	0.00		0.000	0.000	0.00		0.000	0.000		0.00			0.00		0.00		0.00000			000000						0.000	0.000		0.000						0.000			
700	5600000339	00010	00	8	0000	0080070287	0010	L		10.02.2024	41.730	0.000	0.00			0.00	0.000	0.000					0000		0000	0000	10.02.2024	09:35:13	0.00						0000									0.000							0000000000	0000000000	00		0.00	0.00		0.000	0.000	0.00		0.000	0.000		0.00			0.00		0.00		0.00000			000000						0.000	0.000		0.000						0.000			
700	5600000339	00010	00	8	0000	0080070331	0010	L		10.02.2024	41.960	0.000	0.00			0.00	0.000	0.000					0000		0000	0000	10.02.2024	09:48:49	0.00						0000									0.000							0000000000	0000000000	00		0.00	0.00		0.000	0.000	0.00		0.000	0.000		0.00			0.00		0.00		0.00000			000000						0.000	0.000		0.000						0.000			
700	5600000339	00010	00	8	0000	0080070363	0010	L		10.02.2024	41.640	0.000	0.00			0.00	0.000	0.000					0000		0000	0000	10.02.2024	09:54:49	0.00						0000									0.000							0000000000	0000000000	00		0.00	0.00		0.000	0.000	0.00		0.000	0.000		0.00			0.00		0.00		0.00000			000000						0.000	0.000		0.000						0.000			
700	5600000339	00010	00	8	0000	0080070426	0010	L		10.02.2024	41.400	0.000	0.00			0.00	0.000	0.000					0000		0000	0000	10.02.2024	10:08:32	0.00						0000									0.000							0000000000	0000000000	00		0.00	0.00		0.000	0.000	0.00		0.000	0.000		0.00			0.00		0.00		0.00000			000000						0.000	0.000		0.000						0.000			
700	5600000339	00010	00	8	0000	0080070569	0010	L		10.02.2024	41.480	0.000	0.00			0.00	0.000	0.000					0000		0000	0000	10.02.2024	10:40:31	0.00						0000									0.000							0000000000	0000000000	00		0.00	0.00		0.000	0.000	0.00		0.000	0.000		0.00			0.00		0.00		0.00000			000000						0.000	0.000		0.000						0.000			
700	5600000339	00010	00	8	0000	0080071192	0010	L		10.02.2024	41.630	0.000	0.00			0.00	0.000	0.000					0000		0000	0000	10.02.2024	12:02:37	0.00						0000									0.000							0000000000	0000000000	00		0.00	0.00		0.000	0.000	0.00		0.000	0.000		0.00			0.00		0.00		0.00000			000000						0.000	0.000		0.000						0.000			
700	5600000339	00010	00	8	0000	0080071314	0010	L		10.02.2024	41.720	0.000	0.00			0.00	0.000	0.000					0000		0000	0000	10.02.2024	12:14:34	0.00						0000									0.000							0000000000	0000000000	00		0.00	0.00		0.000	0.000	0.00		0.000	0.000		0.00			0.00		0.00		0.00000			000000						0.000	0.000		0.000						0.000			
700	5600000339	00010	00	8	0000	0080071937	0010	L		10.02.2024	41.550	0.000	0.00			0.00	0.000	0.000					0000		0000	0000	10.02.2024	13:20:14	0.00						0000									0.000							0000000000	0000000000	00		0.00	0.00		0.000	0.000	0.00		0.000	0.000		0.00			0.00		0.00		0.00000			000000						0.000	0.000		0.000						0.000			
700	5600000339	00010	00	8	0000	0080071938	0010	L		10.02.2024	42.390	0.000	0.00			0.00	0.000	0.000					0000		0000	0000	10.02.2024	13:20:15	0.00						0000									0.000							0000000000	0000000000	00		0.00	0.00		0.000	0.000	0.00		0.000	0.000		0.00			0.00		0.00		0.00000			000000						0.000	0.000		0.000						0.000			
700	5600000339	00010	00	8	0000	0080071939	0010	L		10.02.2024	42.440	0.000	0.00			0.00	0.000	0.000					0000		0000	0000	10.02.2024	13:20:15	0.00						0000									0.000							0000000000	0000000000	00		0.00	0.00		0.000	0.000	0.00		0.000	0.000		0.00			0.00		0.00		0.00000			000000						0.000	0.000		0.000						0.000			
700	5600000339	00010	00	8	0000	0080071940	0010	L		10.02.2024	42.410	0.000	0.00			0.00	0.000	0.000					0000		0000	0000	10.02.2024	13:20:16	0.00						0000									0.000							0000000000	0000000000	00		0.00	0.00		0.000	0.000	0.00		0.000	0.000		0.00			0.00		0.00		0.00000			000000						0.000	0.000		0.000						0.000			
700	5600000339	00010	00	8	0000	0080071941	0010	L		10.02.2024	43.390	0.000	0.00			0.00	0.000	0.000					0000		0000	0000	10.02.2024	13:20:16	0.00						0000									0.000							0000000000	0000000000	00		0.00	0.00		0.000	0.000	0.00		0.000	0.000		0.00			0.00		0.00		0.00000			000000						0.000	0.000		0.000						0.000			
700	5600000339	00010	00	8	0000	0080071942	0010	L		10.02.2024	43.010	0.000	0.00			0.00	0.000	0.000					0000		0000	0000	10.02.2024	13:20:17	0.00						0000									0.000							0000000000	0000000000	00		0.00	0.00		0.000	0.000	0.00		0.000	0.000		0.00			0.00		0.00		0.00000			000000						0.000	0.000		0.000						0.000			
700	5600000339	00010	00	8	0000	0080071943	0010	L		10.02.2024	41.980	0.000	0.00			0.00	0.000	0.000					0000		0000	0000	10.02.2024	13:20:17	0.00						0000									0.000							0000000000	0000000000	00		0.00	0.00		0.000	0.000	0.00		0.000	0.000		0.00			0.00		0.00		0.00000			000000						0.000	0.000		0.000						0.000			
700	5600000339	00010	00	8	0000	0080071945	0010	L		10.02.2024	41.920	0.000	0.00			0.00	0.000	0.000					0000		0000	0000	10.02.2024	13:20:18	0.00						0000									0.000							0000000000	0000000000	00		0.00	0.00		0.000	0.000	0.00		0.000	0.000		0.00			0.00		0.00		0.00000			000000						0.000	0.000		0.000						0.000			
700	5600000339	00010	00	8	0000	0080072852	0010	L		10.02.2024	41.180	0.000	0.00			0.00	0.000	0.000					0000		0000	0000	10.02.2024	14:44:28	0.00						0000									0.000							0000000000	0000000000	00		0.00	0.00		0.000	0.000	0.00		0.000	0.000		0.00			0.00		0.00		0.00000			000000						0.000	0.000		0.000						0.000			
700	5600000339	00010	00	8	0000	0080072853	0010	L		10.02.2024	41.680	0.000	0.00			0.00	0.000	0.000					0000		0000	0000	10.02.2024	14:44:29	0.00						0000									0.000							0000000000	0000000000	00		0.00	0.00		0.000	0.000	0.00		0.000	0.000		0.00			0.00		0.00		0.00000			000000						0.000	0.000		0.000						0.000			
700	5600000339	00010	00	8	0000	0080072980	0010	L		10.02.2024	42.150	0.000	0.00			0.00	0.000	0.000					0000		0000	0000	10.02.2024	14:48:28	0.00						0000									0.000							0000000000	0000000000	00		0.00	0.00		0.000	0.000	0.00		0.000	0.000		0.00			0.00		0.00		0.00000			000000						0.000	0.000		0.000						0.000			
700	5600000339	00010	00	8	0000	0080073889	0010	L		10.02.2024	41.430	0.000	0.00			0.00	0.000	0.000					0000		0000	0000	10.02.2024	15:42:27	0.00						0000									0.000							0000000000	0000000000	00		0.00	0.00		0.000	0.000	0.00		0.000	0.000		0.00			0.00		0.00		0.00000			000000						0.000	0.000		0.000						0.000			
700	5600000339	00010	00	8	0000	0080074046	0010	L		10.02.2024	42.030	0.000	0.00			0.00	0.000	0.000					0000		0000	0000	10.02.2024	15:54:26	0.00						0000									0.000							0000000000	0000000000	00		0.00	0.00		0.000	0.000	0.00		0.000	0.000		0.00			0.00		0.00		0.00000			000000						0.000	0.000		0.000						0.000			
700	5600000339	00010	00	8	0000	0080074416	0010	L		10.02.2024	40.560	0.000	0.00			0.00	0.000	0.000					0000		0000	0000	10.02.2024	16:18:27	0.00						0000									0.000							0000000000	0000000000	00		0.00	0.00		0.000	0.000	0.00		0.000	0.000		0.00			0.00		0.00		0.00000			000000						0.000	0.000		0.000						0.000			
700	5600000339	00010	00	8	0000	0080075311	0010	L		10.02.2024	42.130	0.000	0.00			0.00	0.000	0.000					0000		0000	0000	10.02.2024	17:12:26	0.00						0000									0.000							0000000000	0000000000	00		0.00	0.00		0.000	0.000	0.00		0.000	0.000		0.00			0.00		0.00		0.00000			000000						0.000	0.000		0.000						0.000			
700	5600000339	00010	00	8	0000	0080076006	0010	L		10.02.2024	42.840	0.000	0.00			0.00	0.000	0.000					0000		0000	0000	10.02.2024	17:56:28	0.00						0000									0.000							0000000000	0000000000	00		0.00	0.00		0.000	0.000	0.00		0.000	0.000		0.00			0.00		0.00		0.00000			000000						0.000	0.000		0.000						0.000			
700	5600000339	00010	00	8	0000	0080076117	0010	L		10.02.2024	41.450	0.000	0.00			0.00	0.000	0.000					0000		0000	0000	10.02.2024	18:04:28	0.00						0000									0.000							0000000000	0000000000	00		0.00	0.00		0.000	0.000	0.00		0.000	0.000		0.00			0.00		0.00		0.00000			000000						0.000	0.000		0.000						0.000			
700	5600000339	00010	00	8	0000	0080076321	0010	L		10.02.2024	41.850	0.000	0.00			0.00	0.000	0.000					0000		0000	0000	10.02.2024	18:16:26	0.00						0000									0.000							0000000000	0000000000	00		0.00	0.00		0.000	0.000	0.00		0.000	0.000		0.00			0.00		0.00		0.00000			000000						0.000	0.000		0.000						0.000			
700	5600000339	00010	00	8	0000	0080077678	0010	L		10.02.2024	41.760	0.000	0.00			0.00	0.000	0.000					0000		0000	0000	10.02.2024	20:02:27	0.00						0000									0.000							0000000000	0000000000	00		0.00	0.00		0.000	0.000	0.00		0.000	0.000		0.00			0.00		0.00		0.00000			000000						0.000	0.000		0.000						0.000			
700	5600000339	00010	00	8	0000	0080077734	0010	L		10.02.2024	42.630	0.000	0.00			0.00	0.000	0.000					0000		0000	0000	10.02.2024	20:08:26	0.00						0000									0.000							0000000000	0000000000	00		0.00	0.00		0.000	0.000	0.00		0.000	0.000		0.00			0.00		0.00		0.00000			000000						0.000	0.000		0.000						0.000			
700	5600000339	00010	00	8	0000	0080078446	0010	L		10.02.2024	41.540	0.000	0.00			0.00	0.000	0.000					0000		0000	0000	10.02.2024	21:30:26	0.00						0000									0.000							0000000000	0000000000	00		0.00	0.00		0.000	0.000	0.00		0.000	0.000		0.00			0.00		0.00		0.00000			000000						0.000	0.000		0.000						0.000			
700	5600000339	00010	00	8	0000	0080078836	0010	L		10.02.2024	41.490	0.000	0.00			0.00	0.000	0.000					0000		0000	0000	10.02.2024	22:34:28	0.00						0000									0.000							0000000000	0000000000	00		0.00	0.00		0.000	0.000	0.00		0.000	0.000		0.00			0.00		0.00		0.00000			000000						0.000	0.000		0.000						0.000			
700	5600000339	00010	00	8	0000	0080078953	0010	L		10.02.2024	42.440	0.000	0.00			0.00	0.000	0.000					0000		0000	0000	10.02.2024	22:56:26	0.00						0000									0.000							0000000000	0000000000	00		0.00	0.00		0.000	0.000	0.00		0.000	0.000		0.00			0.00		0.00		0.00000			000000						0.000	0.000		0.000						0.000			
700	5600000339	00010	00	8	0000	0080078954	0010	L		10.02.2024	42.150	0.000	0.00			0.00	0.000	0.000					0000		0000	0000	10.02.2024	22:56:27	0.00						0000									0.000							0000000000	0000000000	00		0.00	0.00		0.000	0.000	0.00		0.000	0.000		0.00			0.00		0.00		0.00000			000000						0.000	0.000		0.000						0.000			
700	5600000339	00010	00	8	0000	0080078962	0010	L		10.02.2024	42.570	0.000	0.00			0.00	0.000	0.000					0000		0000	0000	10.02.2024	22:58:26	0.00						0000									0.000							0000000000	0000000000	00		0.00	0.00		0.000	0.000	0.00		0.000	0.000		0.00			0.00		0.00		0.00000			000000						0.000	0.000		0.000						0.000			
700	5600000339	00010	00	8	0000	0080079003	0010	L		10.02.2024	41.270	0.000	0.00			0.00	0.000	0.000					0000		0000	0000	10.02.2024	23:06:26	0.00						0000									0.000							0000000000	0000000000	00		0.00	0.00		0.000	0.000	0.00		0.000	0.000		0.00			0.00		0.00		0.00000			000000						0.000	0.000		0.000						0.000			
700	5600000339	00010	00	8	0000	0080079020	0010	L		10.02.2024	41.920	0.000	0.00			0.00	0.000	0.000					0000		0000	0000	10.02.2024	23:08:26	0.00						0000									0.000							0000000000	0000000000	00		0.00	0.00		0.000	0.000	0.00		0.000	0.000		0.00			0.00		0.00		0.00000			000000						0.000	0.000		0.000						0.000			
700	5600000339	00010	00	8	0000	0080079049	0010	L		10.02.2024	41.850	0.000	0.00			0.00	0.000	0.000					0000		0000	0000	10.02.2024	23:14:28	0.00						0000									0.000							0000000000	0000000000	00		0.00	0.00		0.000	0.000	0.00		0.000	0.000		0.00			0.00		0.00		0.00000			000000						0.000	0.000		0.000						0.000			
700	5600000339	00010	00	8	0000	0080079166	0010	L		10.02.2024	41.750	0.000	0.00			0.00	0.000	0.000					0000		0000	0000	10.02.2024	23:42:26	0.00						0000									0.000							0000000000	0000000000	00		0.00	0.00		0.000	0.000	0.00		0.000	0.000		0.00			0.00		0.00		0.00000			000000						0.000	0.000		0.000						0.000			
700	5600000339	00010	00	8	0000	0080079220	0010	L		11.02.2024	41.240	0.000	0.00			0.00	0.000	0.000					0000		0000	0000	11.02.2024	00:00:26	0.00						0000									0.000							0000000000	0000000000	00		0.00	0.00		0.000	0.000	0.00		0.000	0.000		0.00			0.00		0.00		0.00000			000000						0.000	0.000		0.000						0.000			
700	5600000339	00010	00	8	0000	0080079304	0010	L		11.02.2024	41.750	0.000	0.00			0.00	0.000	0.000					0000		0000	0000	11.02.2024	00:26:26	0.00						0000									0.000							0000000000	0000000000	00		0.00	0.00		0.000	0.000	0.00		0.000	0.000		0.00			0.00		0.00		0.00000			000000						0.000	0.000		0.000						0.000			
700	5600000339	00010	00	8	0000	0080079455	0010	L		11.02.2024	41.290	0.000	0.00			0.00	0.000	0.000					0000		0000	0000	11.02.2024	01:30:26	0.00						0000									0.000							0000000000	0000000000	00		0.00	0.00		0.000	0.000	0.00		0.000	0.000		0.00			0.00		0.00		0.00000			000000						0.000	0.000		0.000						0.000			
700	5600000339	00010	00	8	0000	0080079470	0010	L		11.02.2024	40.890	0.000	0.00			0.00	0.000	0.000					0000		0000	0000	11.02.2024	01:36:26	0.00						0000									0.000							0000000000	0000000000	00		0.00	0.00		0.000	0.000	0.00		0.000	0.000		0.00			0.00		0.00		0.00000			000000						0.000	0.000		0.000						0.000			
700	5600000339	00010	00	8	0000	0080079640	0010	L		11.02.2024	41.010	0.000	0.00			0.00	0.000	0.000					0000		0000	0000	11.02.2024	02:58:26	0.00						0000									0.000							0000000000	0000000000	00		0.00	0.00		0.000	0.000	0.00		0.000	0.000		0.00			0.00		0.00		0.00000			000000						0.000	0.000		0.000						0.000			
700	5600000339	00010	00	8	0000	0080079641	0010	L		11.02.2024	41.000	0.000	0.00			0.00	0.000	0.000					0000		0000	0000	11.02.2024	02:58:27	0.00						0000									0.000							0000000000	0000000000	00		0.00	0.00		0.000	0.000	0.00		0.000	0.000		0.00			0.00		0.00		0.00000			000000						0.000	0.000		0.000						0.000			
700	5600000339	00010	00	8	0000	0080079668	0010	L		11.02.2024	42.560	0.000	0.00			0.00	0.000	0.000					0000		0000	0000	11.02.2024	03:48:28	0.00						0000									0.000							0000000000	0000000000	00		0.00	0.00		0.000	0.000	0.00		0.000	0.000		0.00			0.00		0.00		0.00000			000000						0.000	0.000		0.000						0.000			
700	5600000339	00010	00	8	0000	0080079683	0010	L		11.02.2024	41.800	0.000	0.00			0.00	0.000	0.000					0000		0000	0000	11.02.2024	04:02:26	0.00						0000									0.000							0000000000	0000000000	00		0.00	0.00		0.000	0.000	0.00		0.000	0.000		0.00			0.00		0.00		0.00000			000000						0.000	0.000		0.000						0.000			
700	5600000339	00010	00	8	0000	0080079687	0010	L		11.02.2024	42.230	0.000	0.00			0.00	0.000	0.000					0000		0000	0000	11.02.2024	04:06:26	0.00						0000									0.000							0000000000	0000000000	00		0.00	0.00		0.000	0.000	0.00		0.000	0.000		0.00			0.00		0.00		0.00000			000000						0.000	0.000		0.000						0.000			
700	5600000339	00010	00	8	0000	0080079690	0010	L		11.02.2024	41.870	0.000	0.00			0.00	0.000	0.000					0000		0000	0000	11.02.2024	04:18:26	0.00						0000									0.000							0000000000	0000000000	00		0.00	0.00		0.000	0.000	0.00		0.000	0.000		0.00			0.00		0.00		0.00000			000000						0.000	0.000		0.000						0.000			
700	5600000339	00010	00	8	0000	0080079708	0010	L		11.02.2024	42.030	0.000	0.00			0.00	0.000	0.000					0000		0000	0000	11.02.2024	04:47:34	0.00						0000									0.000							0000000000	0000000000	00		0.00	0.00		0.000	0.000	0.00		0.000	0.000		0.00			0.00		0.00		0.00000			000000						0.000	0.000		0.000						0.000			
700	5600000339	00010	00	8	0000	0080079750	0010	L		11.02.2024	41.510	0.000	0.00			0.00	0.000	0.000					0000		0000	0000	11.02.2024	06:00:12	0.00						0000									0.000							0000000000	0000000000	00		0.00	0.00		0.000	0.000	0.00		0.000	0.000		0.00			0.00		0.00		0.00000			000000						0.000	0.000		0.000						0.000			
700	5600000339	00010	00	8	0000	0080079766	0010	L		11.02.2024	41.810	0.000	0.00			0.00	0.000	0.000					0000		0000	0000	11.02.2024	06:16:26	0.00						0000									0.000							0000000000	0000000000	00		0.00	0.00		0.000	0.000	0.00		0.000	0.000		0.00			0.00		0.00		0.00000			000000						0.000	0.000		0.000						0.000			
700	5600000339	00010	00	8	0000	0080079767	0010	L		11.02.2024	41.720	0.000	0.00			0.00	0.000	0.000					0000		0000	0000	11.02.2024	06:16:28	0.00						0000									0.000							0000000000	0000000000	00		0.00	0.00		0.000	0.000	0.00		0.000	0.000		0.00			0.00		0.00		0.00000			000000						0.000	0.000		0.000						0.000			
700	5600000339	00010	00	8	0000	0080079783	0010	L		11.02.2024	41.590	0.000	0.00			0.00	0.000	0.000					0000		0000	0000	11.02.2024	06:52:28	0.00						0000									0.000							0000000000	0000000000	00		0.00	0.00		0.000	0.000	0.00		0.000	0.000		0.00			0.00		0.00		0.00000			000000						0.000	0.000		0.000						0.000			
700	5600000339	00010	00	8	0000	0080079788	0010	L		11.02.2024	41.660	0.000	0.00			0.00	0.000	0.000					0000		0000	0000	11.02.2024	06:58:26	0.00						0000									0.000							0000000000	0000000000	00		0.00	0.00		0.000	0.000	0.00		0.000	0.000		0.00			0.00		0.00		0.00000			000000						0.000	0.000		0.000						0.000			
700	5600000339	00010	00	8	0000	0080079789	0010	L		11.02.2024	41.280	0.000	0.00			0.00	0.000	0.000					0000		0000	0000	11.02.2024	06:58:28	0.00						0000									0.000							0000000000	0000000000	00		0.00	0.00		0.000	0.000	0.00		0.000	0.000		0.00			0.00		0.00		0.00000			000000						0.000	0.000		0.000						0.000			
700	5600000339	00010	00	8	0000	0080079834	0010	L		11.02.2024	41.980	0.000	0.00			0.00	0.000	0.000					0000		0000	0000	11.02.2024	07:24:28	0.00						0000									0.000							0000000000	0000000000	00		0.00	0.00		0.000	0.000	0.00		0.000	0.000		0.00			0.00		0.00		0.00000			000000						0.000	0.000		0.000						0.000			
700	5600000339	00010	00	8	0000	0080079848	0010	L		11.02.2024	43.160	0.000	0.00			0.00	0.000	0.000					0000		0000	0000	11.02.2024	07:42:51	0.00						0000									0.000							0000000000	0000000000	00		0.00	0.00		0.000	0.000	0.00		0.000	0.000		0.00			0.00		0.00		0.00000			000000						0.000	0.000		0.000						0.000			
700	5600000339	00010	00	8	0000	0080079865	0010	L		11.02.2024	42.660	0.000	0.00			0.00	0.000	0.000					0000		0000	0000	11.02.2024	08:02:26	0.00						0000									0.000							0000000000	0000000000	00		0.00	0.00		0.000	0.000	0.00		0.000	0.000		0.00			0.00		0.00		0.00000			000000						0.000	0.000		0.000						0.000			
700	5600000339	00010	00	8	0000	0080079918	0010	L		11.02.2024	41.960	0.000	0.00			0.00	0.000	0.000					0000		0000	0000	11.02.2024	08:34:28	0.00						0000									0.000							0000000000	0000000000	00		0.00	0.00		0.000	0.000	0.00		0.000	0.000		0.00			0.00		0.00		0.00000			000000						0.000	0.000		0.000						0.000			
700	5600000339	00010	00	8	0000	0080079998	0010	L		11.02.2024	41.200	0.000	0.00			0.00	0.000	0.000					0000		0000	0000	11.02.2024	09:16:27	0.00						0000									0.000							0000000000	0000000000	00		0.00	0.00		0.000	0.000	0.00		0.000	0.000		0.00			0.00		0.00		0.00000			000000						0.000	0.000		0.000						0.000			
700	5600000339	00010	00	8	0000	0080080004	0010	L		11.02.2024	42.200	0.000	0.00			0.00	0.000	0.000					0000		0000	0000	11.02.2024	09:18:48	0.00						0000									0.000							0000000000	0000000000	00		0.00	0.00		0.000	0.000	0.00		0.000	0.000		0.00			0.00		0.00		0.00000			000000						0.000	0.000		0.000						0.000			
700	5600000339	00010	00	8	0000	0080080007	0010	L		11.02.2024	41.750	0.000	0.00			0.00	0.000	0.000					0000		0000	0000	11.02.2024	09:20:27	0.00						0000									0.000							0000000000	0000000000	00		0.00	0.00		0.000	0.000	0.00		0.000	0.000		0.00			0.00		0.00		0.00000			000000						0.000	0.000		0.000						0.000			
700	5600000339	00010	00	8	0000	0080080023	0010	L		11.02.2024	41.720	0.000	0.00			0.00	0.000	0.000					0000		0000	0000	11.02.2024	09:28:28	0.00						0000									0.000							0000000000	0000000000	00		0.00	0.00		0.000	0.000	0.00		0.000	0.000		0.00			0.00		0.00		0.00000			000000						0.000	0.000		0.000						0.000			
700	5600000339	00010	00	8	0000	0080080241	0010	L		11.02.2024	41.710	0.000	0.00			0.00	0.000	0.000					0000		0000	0000	11.02.2024	10:30:28	0.00						0000									0.000							0000000000	0000000000	00		0.00	0.00		0.000	0.000	0.00		0.000	0.000		0.00			0.00		0.00		0.00000			000000						0.000	0.000		0.000						0.000			
700	5600000339	00010	00	8	0000	0080080347	0010	L		11.02.2024	42.870	0.000	0.00			0.00	0.000	0.000					0000		0000	0000	11.02.2024	10:54:27	0.00						0000									0.000							0000000000	0000000000	00		0.00	0.00		0.000	0.000	0.00		0.000	0.000		0.00			0.00		0.00		0.00000			000000						0.000	0.000		0.000						0.000			
700	5600000339	00010	00	8	0000	0080080748	0010	L		11.02.2024	41.910	0.000	0.00			0.00	0.000	0.000					0000		0000	0000	11.02.2024	11:52:28	0.00						0000									0.000							0000000000	0000000000	00		0.00	0.00		0.000	0.000	0.00		0.000	0.000		0.00			0.00		0.00		0.00000			000000						0.000	0.000		0.000						0.000			
700	5600000339	00010	00	8	0000	0080080921	0010	L		11.02.2024	42.270	0.000	0.00			0.00	0.000	0.000					0000		0000	0000	11.02.2024	12:16:28	0.00						0000									0.000							0000000000	0000000000	00		0.00	0.00		0.000	0.000	0.00		0.000	0.000		0.00			0.00		0.00		0.00000			000000						0.000	0.000		0.000						0.000			
700	5600000339	00010	00	8	0000	0080080952	0010	L		11.02.2024	41.480	0.000	0.00			0.00	0.000	0.000					0000		0000	0000	11.02.2024	12:23:13	0.00						0000									0.000							0000000000	0000000000	00		0.00	0.00		0.000	0.000	0.00		0.000	0.000		0.00			0.00		0.00		0.00000			000000						0.000	0.000		0.000						0.000			
700	5600000339	00010	00	8	0000	0080080953	0010	L		11.02.2024	41.890	0.000	0.00			0.00	0.000	0.000					0000		0000	0000	11.02.2024	12:23:13	0.00						0000									0.000							0000000000	0000000000	00		0.00	0.00		0.000	0.000	0.00		0.000	0.000		0.00			0.00		0.00		0.00000			000000						0.000	0.000		0.000						0.000			
700	5600000339	00010	00	8	0000	0080081724	0010	L		11.02.2024	41.490	0.000	0.00			0.00	0.000	0.000					0000		0000	0000	11.02.2024	13:16:29	0.00						0000									0.000							0000000000	0000000000	00		0.00	0.00		0.000	0.000	0.00		0.000	0.000		0.00			0.00		0.00		0.00000			000000						0.000	0.000		0.000						0.000			
700	5600000339	00010	00	8	0000	0080081805	0010	L		11.02.2024	41.720	0.000	0.00			0.00	0.000	0.000					0000		0000	0000	11.02.2024	13:22:34	0.00						0000									0.000							0000000000	0000000000	00		0.00	0.00		0.000	0.000	0.00		0.000	0.000		0.00			0.00		0.00		0.00000			000000						0.000	0.000		0.000						0.000			
700	5600000339	00010	00	8	0000	0080081941	0010	L		11.02.2024	42.550	0.000	0.00			0.00	0.000	0.000					0000		0000	0000	11.02.2024	13:46:49	0.00						0000									0.000							0000000000	0000000000	00		0.00	0.00		0.000	0.000	0.00		0.000	0.000		0.00			0.00		0.00		0.00000			000000						0.000	0.000		0.000						0.000			
700	5600000339	00010	00	8	0000	0080082256	0010	L		11.02.2024	42.890	0.000	0.00			0.00	0.000	0.000					0000		0000	0000	11.02.2024	14:26:42	0.00						0000									0.000							0000000000	0000000000	00		0.00	0.00		0.000	0.000	0.00		0.000	0.000		0.00			0.00		0.00		0.00000			000000						0.000	0.000		0.000						0.000			
700	5600000339	00010	00	8	0000	0080082324	0010	L		11.02.2024	40.820	0.000	0.00			0.00	0.000	0.000					0000		0000	0000	11.02.2024	14:36:27	0.00						0000									0.000							0000000000	0000000000	00		0.00	0.00		0.000	0.000	0.00		0.000	0.000		0.00			0.00		0.00		0.00000			000000						0.000	0.000		0.000						0.000			
700	5600000339	00010	00	8	0000	0080083422	0010	L		11.02.2024	42.810	0.000	0.00			0.00	0.000	0.000					0000		0000	0000	11.02.2024	16:36:31	0.00						0000									0.000							0000000000	0000000000	00		0.00	0.00		0.000	0.000	0.00		0.000	0.000		0.00			0.00		0.00		0.00000			000000						0.000	0.000		0.000						0.000			
700	5600000339	00010	00	8	0000	0080083925	0010	L		11.02.2024	41.720	0.000	0.00			0.00	0.000	0.000					0000		0000	0000	11.02.2024	17:14:27	0.00						0000									0.000							0000000000	0000000000	00		0.00	0.00		0.000	0.000	0.00		0.000	0.000		0.00			0.00		0.00		0.00000			000000						0.000	0.000		0.000						0.000			
700	5600000339	00010	00	8	0000	0080084327	0010	L		11.02.2024	41.850	0.000	0.00			0.00	0.000	0.000					0000		0000	0000	11.02.2024	17:50:51	0.00						0000									0.000							0000000000	0000000000	00		0.00	0.00		0.000	0.000	0.00		0.000	0.000		0.00			0.00		0.00		0.00000			000000						0.000	0.000		0.000						0.000			
700	5600000339	00010	00	8	0000	0080085062	0010	L		11.02.2024	41.680	0.000	0.00			0.00	0.000	0.000					0000		0000	0000	11.02.2024	19:06:31	0.00						0000									0.000							0000000000	0000000000	00		0.00	0.00		0.000	0.000	0.00		0.000	0.000		0.00			0.00		0.00		0.00000			000000						0.000	0.000		0.000						0.000			
700	5600000339	00010	00	8	0000	0080085200	0010	L		11.02.2024	41.910	0.000	0.00			0.00	0.000	0.000					0000		0000	0000	11.02.2024	19:24:47	0.00						0000									0.000							0000000000	0000000000	00		0.00	0.00		0.000	0.000	0.00		0.000	0.000		0.00			0.00		0.00		0.00000			000000						0.000	0.000		0.000						0.000			
700	5600000339	00010	00	8	0000	0080085854	0010	L		11.02.2024	41.760	0.000	0.00			0.00	0.000	0.000					0000		0000	0000	11.02.2024	20:48:32	0.00						0000									0.000							0000000000	0000000000	00		0.00	0.00		0.000	0.000	0.00		0.000	0.000		0.00			0.00		0.00		0.00000			000000						0.000	0.000		0.000						0.000			
700	5600000339	00010	00	8	0000	0080085882	0010	L		11.02.2024	41.690	0.000	0.00			0.00	0.000	0.000					0000		0000	0000	11.02.2024	20:52:29	0.00						0000									0.000							0000000000	0000000000	00		0.00	0.00		0.000	0.000	0.00		0.000	0.000		0.00			0.00		0.00		0.00000			000000						0.000	0.000		0.000						0.000			
700	5600000339	00010	00	8	0000	0080086665	0010	L		11.02.2024	41.690	0.000	0.00			0.00	0.000	0.000					0000		0000	0000	11.02.2024	22:42:28	0.00						0000									0.000							0000000000	0000000000	00		0.00	0.00		0.000	0.000	0.00		0.000	0.000		0.00			0.00		0.00		0.00000			000000						0.000	0.000		0.000						0.000			
700	5600000339	00010	00	8	0000	0080086713	0010	L		11.02.2024	41.450	0.000	0.00			0.00	0.000	0.000					0000		0000	0000	11.02.2024	22:57:14	0.00						0000									0.000							0000000000	0000000000	00		0.00	0.00		0.000	0.000	0.00		0.000	0.000		0.00			0.00		0.00		0.00000			000000						0.000	0.000		0.000						0.000			
700	5600000339	00010	00	8	0000	0080086715	0010	L		11.02.2024	42.690	0.000	0.00			0.00	0.000	0.000					0000		0000	0000	11.02.2024	22:57:15	0.00						0000									0.000							0000000000	0000000000	00		0.00	0.00		0.000	0.000	0.00		0.000	0.000		0.00			0.00		0.00		0.00000			000000						0.000	0.000		0.000						0.000			
700	5600000339	00010	00	8	0000	0080086716	0010	L		11.02.2024	41.950	0.000	0.00			0.00	0.000	0.000					0000		0000	0000	11.02.2024	22:57:15	0.00						0000									0.000							0000000000	0000000000	00		0.00	0.00		0.000	0.000	0.00		0.000	0.000		0.00			0.00		0.00		0.00000			000000						0.000	0.000		0.000						0.000			
700	5600000339	00010	00	8	0000	0080086717	0010	L		11.02.2024	41.900	0.000	0.00			0.00	0.000	0.000					0000		0000	0000	11.02.2024	22:57:16	0.00						0000									0.000							0000000000	0000000000	00		0.00	0.00		0.000	0.000	0.00		0.000	0.000		0.00			0.00		0.00		0.00000			000000						0.000	0.000		0.000						0.000			
700	5600000339	00010	00	8	0000	0080086718	0010	L		11.02.2024	42.020	0.000	0.00			0.00	0.000	0.000					0000		0000	0000	11.02.2024	22:57:17	0.00						0000									0.000							0000000000	0000000000	00		0.00	0.00		0.000	0.000	0.00		0.000	0.000		0.00			0.00		0.00		0.00000			000000						0.000	0.000		0.000						0.000			
700	5600000339	00010	00	8	0000	0080086877	0010	L		11.02.2024	42.440	0.000	0.00			0.00	0.000	0.000					0000		0000	0000	11.02.2024	23:30:26	0.00						0000									0.000							0000000000	0000000000	00		0.00	0.00		0.000	0.000	0.00		0.000	0.000		0.00			0.00		0.00		0.00000			000000						0.000	0.000		0.000						0.000			
700	5600000339	00010	00	8	0000	0080086925	0010	L		11.02.2024	41.670	0.000	0.00			0.00	0.000	0.000					0000		0000	0000	11.02.2024	23:42:32	0.00						0000									0.000							0000000000	0000000000	00		0.00	0.00		0.000	0.000	0.00		0.000	0.000		0.00			0.00		0.00		0.00000			000000						0.000	0.000		0.000						0.000			
700	5600000339	00010	00	8	0000	0080086931	0010	L		11.02.2024	41.800	0.000	0.00			0.00	0.000	0.000					0000		0000	0000	11.02.2024	23:44:35	0.00						0000									0.000							0000000000	0000000000	00		0.00	0.00		0.000	0.000	0.00		0.000	0.000		0.00			0.00		0.00		0.00000			000000						0.000	0.000		0.000						0.000			
700	5600000339	00010	00	8	0000	0080086932	0010	L		11.02.2024	42.000	0.000	0.00			0.00	0.000	0.000					0000		0000	0000	11.02.2024	23:44:37	0.00						0000									0.000							0000000000	0000000000	00		0.00	0.00		0.000	0.000	0.00		0.000	0.000		0.00			0.00		0.00		0.00000			000000						0.000	0.000		0.000						0.000			
700	5600000339	00010	00	8	0000	0080087036	0010	L		11.02.2024	41.890	0.000	0.00			0.00	0.000	0.000					0000		0000	0000	11.02.2024	23:56:43	0.00						0000									0.000							0000000000	0000000000	00		0.00	0.00		0.000	0.000	0.00		0.000	0.000		0.00			0.00		0.00		0.00000			000000						0.000	0.000		0.000						0.000			
700	5600000339	00010	00	8	0000	0080087058	0010	L		11.02.2024	41.940	0.000	0.00			0.00	0.000	0.000					0000		0000	0000	11.02.2024	23:58:35	0.00						0000									0.000							0000000000	0000000000	00		0.00	0.00		0.000	0.000	0.00		0.000	0.000		0.00			0.00		0.00		0.00000			000000						0.000	0.000		0.000						0.000			
700	5600000339	00010	00	8	0000	0080087059	0010	L		11.02.2024	42.050	0.000	0.00			0.00	0.000	0.000					0000		0000	0000	11.02.2024	23:58:36	0.00						0000									0.000							0000000000	0000000000	00		0.00	0.00		0.000	0.000	0.00		0.000	0.000		0.00			0.00		0.00		0.00000			000000						0.000	0.000		0.000						0.000			
700	5600000339	00010	00	8	0000	0080087195	0010	L		12.02.2024	41.870	0.000	0.00			0.00	0.000	0.000					0000		0000	0000	12.02.2024	00:56:31	0.00						0000									0.000							0000000000	0000000000	00		0.00	0.00		0.000	0.000	0.00		0.000	0.000		0.00			0.00		0.00		0.00000			000000						0.000	0.000		0.000						0.000			
700	5600000339	00010	00	8	0000	0080087268	0010	L		12.02.2024	41.510	0.000	0.00			0.00	0.000	0.000					0000		0000	0000	12.02.2024	01:36:27	0.00						0000									0.000							0000000000	0000000000	00		0.00	0.00		0.000	0.000	0.00		0.000	0.000		0.00			0.00		0.00		0.00000			000000						0.000	0.000		0.000						0.000			
700	5600000339	00010	00	8	0000	0080087283	0010	L		12.02.2024	41.850	0.000	0.00			0.00	0.000	0.000					0000		0000	0000	12.02.2024	01:44:38	0.00						0000									0.000							0000000000	0000000000	00		0.00	0.00		0.000	0.000	0.00		0.000	0.000		0.00			0.00		0.00		0.00000			000000						0.000	0.000		0.000						0.000			
700	5600000339	00010	00	8	0000	0080087294	0010	L		12.02.2024	41.820	0.000	0.00			0.00	0.000	0.000					0000		0000	0000	12.02.2024	01:48:29	0.00						0000									0.000							0000000000	0000000000	00		0.00	0.00		0.000	0.000	0.00		0.000	0.000		0.00			0.00		0.00		0.00000			000000						0.000	0.000		0.000						0.000			
700	5600000339	00010	00	8	0000	0080087314	0010	L		12.02.2024	41.560	0.000	0.00			0.00	0.000	0.000					0000		0000	0000	12.02.2024	01:56:31	0.00						0000									0.000							0000000000	0000000000	00		0.00	0.00		0.000	0.000	0.00		0.000	0.000		0.00			0.00		0.00		0.00000			000000						0.000	0.000		0.000						0.000			
700	5600000339	00010	00	8	0000	0080087320	0010	L		12.02.2024	41.200	0.000	0.00			0.00	0.000	0.000					0000		0000	0000	12.02.2024	01:58:47	0.00						0000									0.000							0000000000	0000000000	00		0.00	0.00		0.000	0.000	0.00		0.000	0.000		0.00			0.00		0.00		0.00000			000000						0.000	0.000		0.000						0.000			
700	5600000339	00010	00	8	0000	0080087360	0010	L		12.02.2024	41.810	0.000	0.00			0.00	0.000	0.000					0000		0000	0000	12.02.2024	03:04:57	0.00						0000									0.000							0000000000	0000000000	00		0.00	0.00		0.000	0.000	0.00		0.000	0.000		0.00			0.00		0.00		0.00000			000000						0.000	0.000		0.000						0.000			
700	5600000339	00010	00	8	0000	0080087397	0010	L		12.02.2024	41.850	0.000	0.00			0.00	0.000	0.000					0000		0000	0000	12.02.2024	03:45:12	0.00						0000									0.000							0000000000	0000000000	00		0.00	0.00		0.000	0.000	0.00		0.000	0.000		0.00			0.00		0.00		0.00000			000000						0.000	0.000		0.000						0.000			
700	5600000339	00010	00	8	0000	0080087410	0010	L		12.02.2024	41.220	0.000	0.00			0.00	0.000	0.000					0000		0000	0000	12.02.2024	04:21:05	0.00						0000									0.000							0000000000	0000000000	00		0.00	0.00		0.000	0.000	0.00		0.000	0.000		0.00			0.00		0.00		0.00000			000000						0.000	0.000		0.000						0.000			
700	5600000339	00010	00	8	0000	0080087448	0010	L		12.02.2024	41.870	0.000	0.00			0.00	0.000	0.000					0000		0000	0000	12.02.2024	05:22:36	0.00						0000									0.000							0000000000	0000000000	00		0.00	0.00		0.000	0.000	0.00		0.000	0.000		0.00			0.00		0.00		0.00000			000000						0.000	0.000		0.000						0.000			
700	5600000339	00010	00	8	0000	0080087472	0010	L		12.02.2024	41.670	0.000	0.00			0.00	0.000	0.000					0000		0000	0000	12.02.2024	06:15:14	0.00						0000									0.000							0000000000	0000000000	00		0.00	0.00		0.000	0.000	0.00		0.000	0.000		0.00			0.00		0.00		0.00000			000000						0.000	0.000		0.000						0.000			
700	5600000339	00010	00	8	0000	0080087513	0010	L		12.02.2024	41.710	0.000	0.00			0.00	0.000	0.000					0000		0000	0000	12.02.2024	06:41:13	0.00						0000									0.000							0000000000	0000000000	00		0.00	0.00		0.000	0.000	0.00		0.000	0.000		0.00			0.00		0.00		0.00000			000000						0.000	0.000		0.000						0.000			
700	5600000339	00010	00	8	0000	0080087519	0010	L		12.02.2024	41.480	0.000	0.00			0.00	0.000	0.000					0000		0000	0000	12.02.2024	06:51:12	0.00						0000									0.000							0000000000	0000000000	00		0.00	0.00		0.000	0.000	0.00		0.000	0.000		0.00			0.00		0.00		0.00000			000000						0.000	0.000		0.000						0.000			
700	5600000339	00010	00	8	0000	0080087564	0010	L		12.02.2024	42.000	0.000	0.00			0.00	0.000	0.000					0000		0000	0000	12.02.2024	07:30:26	0.00						0000									0.000							0000000000	0000000000	00		0.00	0.00		0.000	0.000	0.00		0.000	0.000		0.00			0.00		0.00		0.00000			000000						0.000	0.000		0.000						0.000			
700	5600000339	00010	00	8	0000	0080087565	0010	L		12.02.2024	41.710	0.000	0.00			0.00	0.000	0.000					0000		0000	0000	12.02.2024	07:30:28	0.00						0000									0.000							0000000000	0000000000	00		0.00	0.00		0.000	0.000	0.00		0.000	0.000		0.00			0.00		0.00		0.00000			000000						0.000	0.000		0.000						0.000			
700	5600000339	00010	00	8	0000	0080087582	0010	L		12.02.2024	41.600	0.000	0.00			0.00	0.000	0.000					0000		0000	0000	12.02.2024	07:48:35	0.00						0000									0.000							0000000000	0000000000	00		0.00	0.00		0.000	0.000	0.00		0.000	0.000		0.00			0.00		0.00		0.00000			000000						0.000	0.000		0.000						0.000			
700	5600000339	00010	00	8	0000	0080096708	0010	L		13.02.2024	42.770	0.000	0.00			0.00	0.000	0.000					0000		0000	0000	13.02.2024	09:07:50	0.00						0000									0.000							0000000000	0000000000	00		0.00	0.00		0.000	0.000	0.00		0.000	0.000		0.00			0.00		0.00		0.00000			000000						0.000	0.000		0.000						0.000			
700	5600000339	00010	00	8	0000	0080098791	0010	L		13.02.2024	42.410	0.000	0.00			0.00	0.000	0.000					0000		0000	0000	13.02.2024	12:48:38	0.00						0000									0.000							0000000000	0000000000	00		0.00	0.00		0.000	0.000	0.00		0.000	0.000		0.00			0.00		0.00		0.00000			000000						0.000	0.000		0.000						0.000			
700	5600000339	00010	00	8	0000	0080099328	0010	L		13.02.2024	42.760	0.000	0.00			0.00	0.000	0.000					0000		0000	0000	13.02.2024	14:10:41	0.00						0000									0.000							0000000000	0000000000	00		0.00	0.00		0.000	0.000	0.00		0.000	0.000		0.00			0.00		0.00		0.00000			000000						0.000	0.000		0.000						0.000			
700	5600000339	00010	00	8	0000	0080101595	0010	L		13.02.2024	41.920	0.000	0.00			0.00	0.000	0.000					0000		0000	0000	13.02.2024	16:53:20	0.00						0000									0.000							0000000000	0000000000	00		0.00	0.00		0.000	0.000	0.00		0.000	0.000		0.00			0.00		0.00		0.00000			000000						0.000	0.000		0.000						0.000			
700	5600000339	00010	00	8	0000	0080102817	0010	L		13.02.2024	41.850	0.000	0.00			0.00	0.000	0.000					0000		0000	0000	13.02.2024	18:12:35	0.00						0000									0.000							0000000000	0000000000	00		0.00	0.00		0.000	0.000	0.00		0.000	0.000		0.00			0.00		0.00		0.00000			000000						0.000	0.000		0.000						0.000			
700	5600000339	00010	00	8	0000	0080102818	0010	L		13.02.2024	42.240	0.000	0.00			0.00	0.000	0.000					0000		0000	0000	13.02.2024	18:12:35	0.00						0000									0.000							0000000000	0000000000	00		0.00	0.00		0.000	0.000	0.00		0.000	0.000		0.00			0.00		0.00		0.00000			000000						0.000	0.000		0.000						0.000			
700	5600000339	00010	00	8	0000	0080104713	0010	L		13.02.2024	41.690	0.000	0.00			0.00	0.000	0.000					0000		0000	0000	13.02.2024	19:58:35	0.00						0000									0.000							0000000000	0000000000	00		0.00	0.00		0.000	0.000	0.00		0.000	0.000		0.00			0.00		0.00		0.00000			000000						0.000	0.000		0.000						0.000			
700	5600000339	00010	00	8	0000	0080105108	0010	L		13.02.2024	41.790	0.000	0.00			0.00	0.000	0.000					0000		0000	0000	13.02.2024	20:45:22	0.00						0000									0.000							0000000000	0000000000	00		0.00	0.00		0.000	0.000	0.00		0.000	0.000		0.00			0.00		0.00		0.00000			000000						0.000	0.000		0.000						0.000			
700	5600000339	00010	00	8	0000	0080105109	0010	L		13.02.2024	41.760	0.000	0.00			0.00	0.000	0.000					0000		0000	0000	13.02.2024	20:45:22	0.00						0000									0.000							0000000000	0000000000	00		0.00	0.00		0.000	0.000	0.00		0.000	0.000		0.00			0.00		0.00		0.00000			000000						0.000	0.000		0.000						0.000			
700	5600000339	00010	00	8	0000	0080105110	0010	L		13.02.2024	41.380	0.000	0.00			0.00	0.000	0.000					0000		0000	0000	13.02.2024	20:45:22	0.00						0000									0.000							0000000000	0000000000	00		0.00	0.00		0.000	0.000	0.00		0.000	0.000		0.00			0.00		0.00		0.00000			000000						0.000	0.000		0.000						0.000			
700	5600000339	00010	00	8	0000	0080107476	0010	L		14.02.2024	42.180	0.000	0.00			0.00	0.000	0.000					0000		0000	0000	14.02.2024	09:44:19	0.00						0000									0.000							0000000000	0000000000	00		0.00	0.00		0.000	0.000	0.00		0.000	0.000		0.00			0.00		0.00		0.00000			000000						0.000	0.000		0.000						0.000			
700	5600000339	00010	00	8	0000	0080107764	0010	L		14.02.2024	41.860	0.000	0.00			0.00	0.000	0.000					0000		0000	0000	14.02.2024	10:30:24	0.00						0000									0.000							0000000000	0000000000	00		0.00	0.00		0.000	0.000	0.00		0.000	0.000		0.00			0.00		0.00		0.00000			000000						0.000	0.000		0.000						0.000			
700	5600000339	00010	00	8	0000	0080107991	0010	L		14.02.2024	42.030	0.000	0.00			0.00	0.000	0.000					0000		0000	0000	14.02.2024	11:10:52	0.00						0000									0.000							0000000000	0000000000	00		0.00	0.00		0.000	0.000	0.00		0.000	0.000		0.00			0.00		0.00		0.00000			000000						0.000	0.000		0.000						0.000			
700	5600000339	00010	00	8	0000	0080107992	0010	L		14.02.2024	41.870	0.000	0.00			0.00	0.000	0.000					0000		0000	0000	14.02.2024	11:10:52	0.00						0000									0.000							0000000000	0000000000	00		0.00	0.00		0.000	0.000	0.00		0.000	0.000		0.00			0.00		0.00		0.00000			000000						0.000	0.000		0.000						0.000			
700	5600000339	00010	00	8	0000	0080107993	0010	L		14.02.2024	41.170	0.000	0.00			0.00	0.000	0.000					0000		0000	0000	14.02.2024	11:10:53	0.00						0000									0.000							0000000000	0000000000	00		0.00	0.00		0.000	0.000	0.00		0.000	0.000		0.00			0.00		0.00		0.00000			000000						0.000	0.000		0.000						0.000			
700	5600000339	00010	00	8	0000	0080107994	0010	L		14.02.2024	41.590	0.000	0.00			0.00	0.000	0.000					0000		0000	0000	14.02.2024	11:10:53	0.00						0000									0.000							0000000000	0000000000	00		0.00	0.00		0.000	0.000	0.00		0.000	0.000		0.00			0.00		0.00		0.00000			000000						0.000	0.000		0.000						0.000			
700	5600000339	00010	00	8	0000	0080107995	0010	L		14.02.2024	41.510	0.000	0.00			0.00	0.000	0.000					0000		0000	0000	14.02.2024	11:10:53	0.00						0000									0.000							0000000000	0000000000	00		0.00	0.00		0.000	0.000	0.00		0.000	0.000		0.00			0.00		0.00		0.00000			000000						0.000	0.000		0.000						0.000			
700	5600000339	00010	00	8	0000	0080107996	0010	L		14.02.2024	41.500	0.000	0.00			0.00	0.000	0.000					0000		0000	0000	14.02.2024	11:10:54	0.00						0000									0.000							0000000000	0000000000	00		0.00	0.00		0.000	0.000	0.00		0.000	0.000		0.00			0.00		0.00		0.00000			000000						0.000	0.000		0.000						0.000			
700	5600000339	00010	00	8	0000	0080107997	0010	L		14.02.2024	41.550	0.000	0.00			0.00	0.000	0.000					0000		0000	0000	14.02.2024	11:10:54	0.00						0000									0.000							0000000000	0000000000	00		0.00	0.00		0.000	0.000	0.00		0.000	0.000		0.00			0.00		0.00		0.00000			000000						0.000	0.000		0.000						0.000			
700	5600000339	00010	00	8	0000	0080107998	0010	L		14.02.2024	42.480	0.000	0.00			0.00	0.000	0.000					0000		0000	0000	14.02.2024	11:10:55	0.00						0000									0.000							0000000000	0000000000	00		0.00	0.00		0.000	0.000	0.00		0.000	0.000		0.00			0.00		0.00		0.00000			000000						0.000	0.000		0.000						0.000			
700	5600000339	00010	00	8	0000	0080107999	0010	L		14.02.2024	42.760	0.000	0.00			0.00	0.000	0.000					0000		0000	0000	14.02.2024	11:10:56	0.00						0000									0.000							0000000000	0000000000	00		0.00	0.00		0.000	0.000	0.00		0.000	0.000		0.00			0.00		0.00		0.00000			000000						0.000	0.000		0.000						0.000			
700	5600000339	00010	00	8	0000	0080108000	0010	L		14.02.2024	41.750	0.000	0.00			0.00	0.000	0.000					0000		0000	0000	14.02.2024	11:10:56	0.00						0000									0.000							0000000000	0000000000	00		0.00	0.00		0.000	0.000	0.00		0.000	0.000		0.00			0.00		0.00		0.00000			000000						0.000	0.000		0.000						0.000			
700	5600000339	00010	00	8	0000	0080108358	0010	L		14.02.2024	42.230	0.000	0.00			0.00	0.000	0.000					0000		0000	0000	14.02.2024	11:55:49	0.00						0000									0.000							0000000000	0000000000	00		0.00	0.00		0.000	0.000	0.00		0.000	0.000		0.00			0.00		0.00		0.00000			000000						0.000	0.000		0.000						0.000			
700	5600000339	00010	00	8	0000	0080108359	0010	L		14.02.2024	43.420	0.000	0.00			0.00	0.000	0.000					0000		0000	0000	14.02.2024	11:55:49	0.00						0000									0.000							0000000000	0000000000	00		0.00	0.00		0.000	0.000	0.00		0.000	0.000		0.00			0.00		0.00		0.00000			000000						0.000	0.000		0.000						0.000			
700	5600000339	00010	00	8	0000	0080108747	0010	L		14.02.2024	41.600	0.000	0.00			0.00	0.000	0.000					0000		0000	0000	14.02.2024	12:48:34	0.00						0000									0.000							0000000000	0000000000	00		0.00	0.00		0.000	0.000	0.00		0.000	0.000		0.00			0.00		0.00		0.00000			000000						0.000	0.000		0.000						0.000			
700	5600000339	00010	00	8	0000	0080108748	0010	L		14.02.2024	42.150	0.000	0.00			0.00	0.000	0.000					0000		0000	0000	14.02.2024	12:48:35	0.00						0000									0.000							0000000000	0000000000	00		0.00	0.00		0.000	0.000	0.00		0.000	0.000		0.00			0.00		0.00		0.00000			000000						0.000	0.000		0.000						0.000			
700	5600000339	00010	00	8	0000	0080108750	0010	L		14.02.2024	41.920	0.000	0.00			0.00	0.000	0.000					0000		0000	0000	14.02.2024	12:48:35	0.00						0000									0.000							0000000000	0000000000	00		0.00	0.00		0.000	0.000	0.00		0.000	0.000		0.00			0.00		0.00		0.00000			000000						0.000	0.000		0.000						0.000			
700	5600000339	00010	00	8	0000	0080108751	0010	L		14.02.2024	41.920	0.000	0.00			0.00	0.000	0.000					0000		0000	0000	14.02.2024	12:48:35	0.00						0000									0.000							0000000000	0000000000	00		0.00	0.00		0.000	0.000	0.00		0.000	0.000		0.00			0.00		0.00		0.00000			000000						0.000	0.000		0.000						0.000			
700	5600000339	00010	00	8	0000	0080110337	0010	L		14.02.2024	41.790	0.000	0.00			0.00	0.000	0.000					0000		0000	0000	14.02.2024	15:40:24	0.00						0000									0.000							0000000000	0000000000	00		0.00	0.00		0.000	0.000	0.00		0.000	0.000		0.00			0.00		0.00		0.00000			000000						0.000	0.000		0.000						0.000			
700	5600000339	00010	00	8	0000	0080117459	0010	L		14.02.2024	41.940	0.000	0.00			0.00	0.000	0.000					0000		0000	0000	14.02.2024	21:56:17	0.00						0000									0.000							0000000000	0000000000	00		0.00	0.00		0.000	0.000	0.00		0.000	0.000		0.00			0.00		0.00		0.00000			000000						0.000	0.000		0.000						0.000			
700	5600000339	00010	00	8	0000	0080117460	0010	L		14.02.2024	41.800	0.000	0.00			0.00	0.000	0.000					0000		0000	0000	14.02.2024	21:56:18	0.00						0000									0.000							0000000000	0000000000	00		0.00	0.00		0.000	0.000	0.00		0.000	0.000		0.00			0.00		0.00		0.00000			000000						0.000	0.000		0.000						0.000			
700	5600000339	00010	00	8	0000	0080117461	0010	L		14.02.2024	41.690	0.000	0.00			0.00	0.000	0.000					0000		0000	0000	14.02.2024	21:56:18	0.00						0000									0.000							0000000000	0000000000	00		0.00	0.00		0.000	0.000	0.00		0.000	0.000		0.00			0.00		0.00		0.00000			000000						0.000	0.000		0.000						0.000			
700	5600000339	00010	00	8	0000	0080119573	0010	L		15.02.2024	42.070	0.000	0.00			0.00	0.000	0.000					0000		0000	0000	15.02.2024	11:08:29	0.00						0000									0.000							0000000000	0000000000	00		0.00	0.00		0.000	0.000	0.00		0.000	0.000		0.00			0.00		0.00		0.00000			000000						0.000	0.000		0.000						0.000			
700	5600000339	00010	00	8	0000	0080119574	0010	L		15.02.2024	41.560	0.000	0.00			0.00	0.000	0.000					0000		0000	0000	15.02.2024	11:08:29	0.00						0000									0.000							0000000000	0000000000	00		0.00	0.00		0.000	0.000	0.00		0.000	0.000		0.00			0.00		0.00		0.00000			000000						0.000	0.000		0.000						0.000			
700	5600000339	00010	00	8	0000	0080119575	0010	L		15.02.2024	40.600	0.000	0.00			0.00	0.000	0.000					0000		0000	0000	15.02.2024	11:08:29	0.00						0000									0.000							0000000000	0000000000	00		0.00	0.00		0.000	0.000	0.00		0.000	0.000		0.00			0.00		0.00		0.00000			000000						0.000	0.000		0.000						0.000			
700	5600000339	00010	00	8	0000	0080119576	0010	L		15.02.2024	41.710	0.000	0.00			0.00	0.000	0.000					0000		0000	0000	15.02.2024	11:08:30	0.00						0000									0.000							0000000000	0000000000	00		0.00	0.00		0.000	0.000	0.00		0.000	0.000		0.00			0.00		0.00		0.00000			000000						0.000	0.000		0.000						0.000			
700	5600000339	00010	00	8	0000	0080119577	0010	L		15.02.2024	41.990	0.000	0.00			0.00	0.000	0.000					0000		0000	0000	15.02.2024	11:08:30	0.00						0000									0.000							0000000000	0000000000	00		0.00	0.00		0.000	0.000	0.00		0.000	0.000		0.00			0.00		0.00		0.00000			000000						0.000	0.000		0.000						0.000			
700	5600000339	00010	00	8	0000	0080147467	0010	L		17.02.2024	40.480	0.000	0.00			0.00	0.000	0.000					0000		0000	0000	17.02.2024	20:16:39	0.00						0000									0.000							0000000000	0000000000	00		0.00	0.00		0.000	0.000	0.00		0.000	0.000		0.00			0.00		0.00		0.00000			000000						0.000	0.000		0.000						0.000			
700	5600000339	00010	00	8	0000	0080221086	0010	L		25.02.2024	40.690	0.000	0.00			0.00	0.000	0.000					0000		0000	0000	25.02.2024	08:36:48	0.00						0000									0.000							0000000000	0000000000	00		0.00	0.00		0.000	0.000	0.00		0.000	0.000		0.00			0.00		0.00		0.00000			000000						0.000	0.000		0.000						0.000			
700	5600000339	00010	00	8	0000	0080221087	0010	L		25.02.2024	41.360	0.000	0.00			0.00	0.000	0.000					0000		0000	0000	25.02.2024	08:36:48	0.00						0000									0.000							0000000000	0000000000	00		0.00	0.00		0.000	0.000	0.00		0.000	0.000		0.00			0.00		0.00		0.00000			000000						0.000	0.000		0.000						0.000			
700	5600000339	00010	00	8	0000	0080221088	0010	L		25.02.2024	40.940	0.000	0.00			0.00	0.000	0.000					0000		0000	0000	25.02.2024	08:36:48	0.00						0000									0.000							0000000000	0000000000	00		0.00	0.00		0.000	0.000	0.00		0.000	0.000		0.00			0.00		0.00		0.00000			000000						0.000	0.000		0.000						0.000			
700	5600000339	00010	00	8	0000	0080221089	0010	L		25.02.2024	40.850	0.000	0.00			0.00	0.000	0.000					0000		0000	0000	25.02.2024	08:36:49	0.00						0000									0.000							0000000000	0000000000	00		0.00	0.00		0.000	0.000	0.00		0.000	0.000		0.00			0.00		0.00		0.00000			000000						0.000	0.000		0.000						0.000			
700	5600000339	00010	00	8	0000	0080264413	0010	L		29.02.2024	41.680	0.000	0.00			0.00	0.000	0.000					0000		0000	0000	29.02.2024	08:58:58	0.00						0000									0.000							0000000000	0000000000	00		0.00	0.00		0.000	0.000	0.00		0.000	0.000		0.00			0.00		0.00		0.00000			000000						0.000	0.000		0.000						0.000			
700	5600000339	00010	00	8	0000	0080306553	0010	L		04.03.2024	42.550	0.000	0.00			0.00	0.000	0.000					0000		0000	0000	04.03.2024	07:16:40	0.00						0000									0.000							0000000000	0000000000	00		0.00	0.00		0.000	0.000	0.00		0.000	0.000		0.00			0.00		0.00		0.00000			000000						0.000	0.000		0.000						0.000			
700	5600000339	00010	00	8	0000	0080306554	0010	L		04.03.2024	41.630	0.000	0.00			0.00	0.000	0.000					0000		0000	0000	04.03.2024	07:16:40	0.00						0000									0.000							0000000000	0000000000	00		0.00	0.00		0.000	0.000	0.00		0.000	0.000		0.00			0.00		0.00		0.00000			000000						0.000	0.000		0.000						0.000			
700	5600000339	00010	00	8	0000	0080316523	0010	L		05.03.2024	41.960	0.000	0.00			0.00	0.000	0.000					0000		0000	0000	05.03.2024	12:12:24	0.00						0000									0.000							0000000000	0000000000	00		0.00	0.00		0.000	0.000	0.00		0.000	0.000		0.00			0.00		0.00		0.00000			000000						0.000	0.000		0.000						0.000			
700	5600000339	00010	00	8	0000	0080333355	0010	L		07.03.2024	42.260	0.000	0.00			0.00	0.000	0.000					0000		0000	0000	07.03.2024	07:35:13	0.00						0000									0.000							0000000000	0000000000	00		0.00	0.00		0.000	0.000	0.00		0.000	0.000		0.00			0.00		0.00		0.00000			000000						0.000	0.000		0.000						0.000			
700	5600000339	00010	00	8	0000	0080363501	0010	L		10.03.2024	40.000	0.000	0.00			0.00	0.000	0.000					0000		0000	0000	10.03.2024	05:30:59	0.00						0000									0.000							0000000000	0000000000	00		0.00	0.00		0.000	0.000	0.00		0.000	0.000		0.00			0.00		0.00		0.00000			000000						0.000	0.000		0.000						0.000			
700	5600000339	00010	00	8	0000	0080371929	0010	L		11.03.2024	40.680	0.000	0.00			0.00	0.000	0.000					0000		0000	0000	11.03.2024	08:08:18	0.00						0000									0.000							0000000000	0000000000	00		0.00	0.00		0.000	0.000	0.00		0.000	0.000		0.00			0.00		0.00		0.00000			000000						0.000	0.000		0.000						0.000			
700	5600000339	00010	00	8	0000	0080373461	0010	L		11.03.2024	42.720	0.000	0.00			0.00	0.000	0.000					0000		0000	0000	11.03.2024	12:43:50	0.00						0000									0.000							0000000000	0000000000	00		0.00	0.00		0.000	0.000	0.00		0.000	0.000		0.00			0.00		0.00		0.00000			000000						0.000	0.000		0.000						0.000			
700	5600000339	00010	00	8	0000	0080374037	0010	L		11.03.2024	40.350	0.000	0.00			0.00	0.000	0.000					0000		0000	0000	11.03.2024	14:00:23	0.00						0000									0.000							0000000000	0000000000	00		0.00	0.00		0.000	0.000	0.00		0.000	0.000		0.00			0.00		0.00		0.00000			000000						0.000	0.000		0.000						0.000			
700	5600000339	00010	00	8	0000	0080374065	0010	L		11.03.2024	40.040	0.000	0.00			0.00	0.000	0.000					0000		0000	0000	11.03.2024	14:02:43	0.00						0000									0.000							0000000000	0000000000	00		0.00	0.00		0.000	0.000	0.00		0.000	0.000		0.00			0.00		0.00		0.00000			000000						0.000	0.000		0.000						0.000			
700	5600000339	00010	00	8	0000	0080378083	0010	L		11.03.2024	40.450	0.000	0.00			0.00	0.000	0.000					0000		0000	0000	11.03.2024	18:49:19	0.00						0000									0.000							0000000000	0000000000	00		0.00	0.00		0.000	0.000	0.00		0.000	0.000		0.00			0.00		0.00		0.00000			000000						0.000	0.000		0.000						0.000			
700	5600000339	00010	00	8	0000	0080391551	0010	L		13.03.2024	41.700	0.000	0.00			0.00	0.000	0.000					0000		0000	0000	13.03.2024	10:16:58	0.00						0000									0.000							0000000000	0000000000	00		0.00	0.00		0.000	0.000	0.00		0.000	0.000		0.00			0.00		0.00		0.00000			000000						0.000	0.000		0.000						0.000			
700	5600000339	00010	00	8	0000	0080400247	0010	L		14.03.2024	42.660	0.000	0.00			0.00	0.000	0.000					0000		0000	0000	14.03.2024	00:21:31	0.00						0000									0.000							0000000000	0000000000	00		0.00	0.00		0.000	0.000	0.00		0.000	0.000		0.00			0.00		0.00		0.00000			000000						0.000	0.000		0.000						0.000			
700	5600000339	00010	00	8	0000	0080400422	0010	L		14.03.2024	41.200	0.000	0.00			0.00	0.000	0.000					0000		0000	0000	14.03.2024	01:44:27	0.00						0000									0.000							0000000000	0000000000	00		0.00	0.00		0.000	0.000	0.00		0.000	0.000		0.00			0.00		0.00		0.00000			000000						0.000	0.000		0.000						0.000			
700	5600000339	00010	00	8	0000	0080442954	0010	L		18.03.2024	44.020	0.000	0.00			0.00	0.000	0.000					0000		0000	0000	18.03.2024	10:54:34	0.00						0000									0.000							0000000000	0000000000	00		0.00	0.00		0.000	0.000	0.00		0.000	0.000		0.00			0.00		0.00		0.00000			000000						0.000	0.000		0.000						0.000			
700	5600000339	00010	00	8	0000	0080442980	0010	L		18.03.2024	42.350	0.000	0.00			0.00	0.000	0.000					0000		0000	0000	18.03.2024	11:01:17	0.00						0000									0.000							0000000000	0000000000	00		0.00	0.00		0.000	0.000	0.00		0.000	0.000		0.00			0.00		0.00		0.00000			000000						0.000	0.000		0.000						0.000			
700	5600000339	00010	00	8	0000	0080442988	0010	L		18.03.2024	41.290	0.000	0.00			0.00	0.000	0.000					0000		0000	0000	18.03.2024	11:02:11	0.00						0000									0.000							0000000000	0000000000	00		0.00	0.00		0.000	0.000	0.00		0.000	0.000		0.00			0.00		0.00		0.00000			000000						0.000	0.000		0.000						0.000			
700	5600000339	00010	00	8	0000	0080444580	0010	L		18.03.2024	44.730	0.000	0.00			0.00	0.000	0.000					0000		0000	0000	18.03.2024	13:53:18	0.00						0000									0.000							0000000000	0000000000	00		0.00	0.00		0.000	0.000	0.00		0.000	0.000		0.00			0.00		0.00		0.00000			000000						0.000	0.000		0.000						0.000			
700	5600000339	00010	00	8	0000	0080453310	0010	L		19.03.2024	44.580	0.000	0.00			0.00	0.000	0.000					0000		0000	0000	19.03.2024	10:29:35	0.00						0000									0.000							0000000000	0000000000	00		0.00	0.00		0.000	0.000	0.00		0.000	0.000		0.00			0.00		0.00		0.00000			000000						0.000	0.000		0.000						0.000			
700	5600000339	00010	00	8	0000	0080589873	0010	L		01.04.2024	41.760	0.000	0.00			0.00	0.000	0.000					0000		0000	0000	01.04.2024	08:19:17	0.00						0000									0.000							0000000000	0000000000	00		0.00	0.00		0.000	0.000	0.00		0.000	0.000		0.00			0.00		0.00		0.00000			000000						0.000	0.000		0.000						0.000			
700	5600000339	00010	00	8	0000	0080589904	0010	L		01.04.2024	41.760	0.000	0.00			0.00	0.000	0.000					0000		0000	0000	01.04.2024	08:22:52	0.00						0000									0.000							0000000000	0000000000	00		0.00	0.00		0.000	0.000	0.00		0.000	0.000		0.00			0.00		0.00		0.00000			000000						0.000	0.000		0.000						0.000			
700	5600000339	00010	00	8	0000	0080589905	0010	L		01.04.2024	41.880	0.000	0.00			0.00	0.000	0.000					0000		0000	0000	01.04.2024	08:22:53	0.00						0000									0.000							0000000000	0000000000	00		0.00	0.00		0.000	0.000	0.00		0.000	0.000		0.00			0.00		0.00		0.00000			000000						0.000	0.000		0.000						0.000			
700	5600000339	00010	00	8	0000	0080589906	0010	L		01.04.2024	41.070	0.000	0.00			0.00	0.000	0.000					0000		0000	0000	01.04.2024	08:22:53	0.00						0000									0.000							0000000000	0000000000	00		0.00	0.00		0.000	0.000	0.00		0.000	0.000		0.00			0.00		0.00		0.00000			000000						0.000	0.000		0.000						0.000			
700	5600000339	00010	00	8	0000	0080589909	0010	L		01.04.2024	41.290	0.000	0.00			0.00	0.000	0.000					0000		0000	0000	01.04.2024	08:22:55	0.00						0000									0.000							0000000000	0000000000	00		0.00	0.00		0.000	0.000	0.00		0.000	0.000		0.00			0.00		0.00		0.00000			000000						0.000	0.000		0.000						0.000			
700	5600000339	00010	00	8	0000	0080589910	0010	L		01.04.2024	40.990	0.000	0.00			0.00	0.000	0.000					0000		0000	0000	01.04.2024	08:22:55	0.00						0000									0.000							0000000000	0000000000	00		0.00	0.00		0.000	0.000	0.00		0.000	0.000		0.00			0.00		0.00		0.00000			000000						0.000	0.000		0.000						0.000			
700	5600000339	00010	00	8	0000	0080589911	0010	L		01.04.2024	41.730	0.000	0.00			0.00	0.000	0.000					0000		0000	0000	01.04.2024	08:22:56	0.00						0000									0.000							0000000000	0000000000	00		0.00	0.00		0.000	0.000	0.00		0.000	0.000		0.00			0.00		0.00		0.00000			000000						0.000	0.000		0.000						0.000			
700	5600000339	00010	00	8	0000	0080589912	0010	L		01.04.2024	41.360	0.000	0.00			0.00	0.000	0.000					0000		0000	0000	01.04.2024	08:22:56	0.00						0000									0.000							0000000000	0000000000	00		0.00	0.00		0.000	0.000	0.00		0.000	0.000		0.00			0.00		0.00		0.00000			000000						0.000	0.000		0.000						0.000			
700	5600000339	00010	00	8	0000	0080649043	0010	L		07.04.2024	45.050	0.000	0.00			0.00	0.000	0.000					0000		0000	0000	07.04.2024	10:24:20	0.00						0000									0.000							0000000000	0000000000	00		0.00	0.00		0.000	0.000	0.00		0.000	0.000		0.00			0.00		0.00		0.00000			000000						0.000	0.000		0.000						0.000			
700	5600000339	00010	00	8	0000	0080649044	0010	L		07.04.2024	45.500	0.000	0.00			0.00	0.000	0.000					0000		0000	0000	07.04.2024	10:24:22	0.00						0000									0.000							0000000000	0000000000	00		0.00	0.00		0.000	0.000	0.00		0.000	0.000		0.00			0.00		0.00		0.00000			000000						0.000	0.000		0.000						0.000			
700	5600000339	00010	00	8	0000	0080649045	0010	L		07.04.2024	44.520	0.000	0.00			0.00	0.000	0.000					0000		0000	0000	07.04.2024	10:24:23	0.00						0000									0.000							0000000000	0000000000	00		0.00	0.00		0.000	0.000	0.00		0.000	0.000		0.00			0.00		0.00		0.00000			000000						0.000	0.000		0.000						0.000			
700	5600000339	00010	00	8	0000	0080649046	0010	L		07.04.2024	45.050	0.000	0.00			0.00	0.000	0.000					0000		0000	0000	07.04.2024	10:24:25	0.00						0000									0.000							0000000000	0000000000	00		0.00	0.00		0.000	0.000	0.00		0.000	0.000		0.00			0.00		0.00		0.00000			000000						0.000	0.000		0.000						0.000			
700	5600000339	00010	00	8	0000	0080649047	0010	L		07.04.2024	45.010	0.000	0.00			0.00	0.000	0.000					0000		0000	0000	07.04.2024	10:24:27	0.00						0000									0.000							0000000000	0000000000	00		0.00	0.00		0.000	0.000	0.00		0.000	0.000		0.00			0.00		0.00		0.00000			000000						0.000	0.000		0.000						0.000			
700	5600000339	00010	00	8	0000	0080649048	0010	L		07.04.2024	44.520	0.000	0.00			0.00	0.000	0.000					0000		0000	0000	07.04.2024	10:24:28	0.00						0000									0.000							0000000000	0000000000	00		0.00	0.00		0.000	0.000	0.00		0.000	0.000		0.00			0.00		0.00		0.00000			000000						0.000	0.000		0.000						0.000			
700	5600000339	00010	00	8	0000	0080649049	0010	L		07.04.2024	44.990	0.000	0.00			0.00	0.000	0.000					0000		0000	0000	07.04.2024	10:24:30	0.00						0000									0.000							0000000000	0000000000	00		0.00	0.00		0.000	0.000	0.00		0.000	0.000		0.00			0.00		0.00		0.00000			000000						0.000	0.000		0.000						0.000			
700	5600000339	00010	00	8	0000	0080649051	0010	L		07.04.2024	45.310	0.000	0.00			0.00	0.000	0.000					0000		0000	0000	07.04.2024	10:24:33	0.00						0000									0.000							0000000000	0000000000	00		0.00	0.00		0.000	0.000	0.00		0.000	0.000		0.00			0.00		0.00		0.00000			000000						0.000	0.000		0.000						0.000			
700	5600000339	00010	00	8	0000	0080649052	0010	L		07.04.2024	45.210	0.000	0.00			0.00	0.000	0.000					0000		0000	0000	07.04.2024	10:24:35	0.00						0000									0.000							0000000000	0000000000	00		0.00	0.00		0.000	0.000	0.00		0.000	0.000		0.00			0.00		0.00		0.00000			000000						0.000	0.000		0.000						0.000			
700	5600000339	00010	00	8	0000	0082926060	0010	L		28.12.2024	42.810	0.000	0.00			0.00	0.000	0.000					0000		0000	0000	28.12.2024	20:14:52	0.00						0000									0.000							0000000000	0000000000	00		0.00	0.00		0.000	0.000	0.00		0.000	0.000		0.00			0.00		0.00		0.00000			000000						0.000	0.000		0.000						0.000			
700	5600000339	00010	00	8	0000	0082926061	0010	L		28.12.2024	41.460	0.000	0.00			0.00	0.000	0.000					0000		0000	0000	28.12.2024	20:14:52	0.00						0000									0.000							0000000000	0000000000	00		0.00	0.00		0.000	0.000	0.00		0.000	0.000		0.00			0.00		0.00		0.00000			000000						0.000	0.000		0.000						0.000			
700	5600000339	00010	00	8	0000	0082926062	0010	L		28.12.2024	42.600	0.000	0.00			0.00	0.000	0.000					0000		0000	0000	28.12.2024	20:14:53	0.00						0000									0.000							0000000000	0000000000	00		0.00	0.00		0.000	0.000	0.00		0.000	0.000		0.00			0.00		0.00		0.00000			000000						0.000	0.000		0.000						0.000			
700	5600000339	00010	00	8	0000	0082926063	0010	L		28.12.2024	42.150	0.000	0.00			0.00	0.000	0.000					0000		0000	0000	28.12.2024	20:14:53	0.00						0000									0.000							0000000000	0000000000	00		0.00	0.00		0.000	0.000	0.00		0.000	0.000		0.00			0.00		0.00		0.00000			000000						0.000	0.000		0.000						0.000			
700	5600000339	00010	00	8	0000	0082926064	0010	L		28.12.2024	42.260	0.000	0.00			0.00	0.000	0.000					0000		0000	0000	28.12.2024	20:14:53	0.00						0000									0.000							0000000000	0000000000	00		0.00	0.00		0.000	0.000	0.00		0.000	0.000		0.00			0.00		0.00		0.00000			000000						0.000	0.000		0.000						0.000			
