Project	GridKind	Owner	Property	EdmType	Prec	Scale	MaxLen	IsKey	Creatable	Updatable	Sortable	Nullable	Filterable	UnitProp	AbapField
API_OUTBOUND_DELIVERY_0002	ComplexProperty	CreatedDeliveryItem	DeliveryDocument	Edm.String	0	0	10								VBELN_VL
API_OUTBOUND_DELIVERY_0002	ComplexProperty	CreatedDeliveryItem	DeliveryDocumentItem	Edm.String	0	0	6								POSNR_VL
API_OUTBOUND_DELIVERY_0002	ComplexProperty	HuReturn	SystemMessageIdentification	Edm.String	0	0	20					X			MSGID
API_OUTBOUND_DELIVERY_0002	ComplexProperty	HuReturn	SystemMessageNumber	Edm.String	0	0	3					X			MSGNO
API_OUTBOUND_DELIVERY_0002	ComplexProperty	HuReturn	SystemMessageType	Edm.String	0	0	1					X			MSGTY
API_OUTBOUND_DELIVERY_0002	ComplexProperty	HuReturn	SystemMessageVariable1	Edm.String	0	0	50					X			MSGV1
API_OUTBOUND_DELIVERY_0002	ComplexProperty	HuReturn	SystemMessageVariable2	Edm.String	0	0	50					X			MSGV2
API_OUTBOUND_DELIVERY_0002	ComplexProperty	HuReturn	SystemMessageVariable3	Edm.String	0	0	50					X			MSGV3
API_OUTBOUND_DELIVERY_0002	ComplexProperty	HuReturn	SystemMessageVariable4	Edm.String	0	0	50					X			MSGV4
API_OUTBOUND_DELIVERY_0002	ComplexProperty	HuReturn	DeliveryDocument	Edm.String	0	0	10					X			VBELN
API_OUTBOUND_DELIVERY_0002	ComplexProperty	PickingReport	SystemMessageIdentification	Edm.String	0	0	20					X			MSGID
API_OUTBOUND_DELIVERY_0002	ComplexProperty	PickingReport	SystemMessageNumber	Edm.String	0	0	3					X			MSGNO
API_OUTBOUND_DELIVERY_0002	ComplexProperty	PickingReport	SystemMessageType	Edm.String	0	0	1					X			MSGTY
API_OUTBOUND_DELIVERY_0002	ComplexProperty	PickingReport	SystemMessageVariable1	Edm.String	0	0	50					X			MSGV1
API_OUTBOUND_DELIVERY_0002	ComplexProperty	PickingReport	SystemMessageVariable2	Edm.String	0	0	50					X			MSGV2
API_OUTBOUND_DELIVERY_0002	ComplexProperty	PickingReport	SystemMessageVariable3	Edm.String	0	0	50					X			MSGV3
API_OUTBOUND_DELIVERY_0002	ComplexProperty	PickingReport	SystemMessageVariable4	Edm.String	0	0	50					X			MSGV4
API_OUTBOUND_DELIVERY_0002	ComplexProperty	PickingReport	Batch	Edm.String	0	0	10					X			CHARG
API_OUTBOUND_DELIVERY_0002	ComplexProperty	PickingReport	DeliveryQuantityUnit	Edm.String	0	0	3					X			VRKME
API_OUTBOUND_DELIVERY_0002	ComplexProperty	PickingReport	ActualDeliveryQuantity	Edm.Decimal	13	3	0					X			LFIMG
API_OUTBOUND_DELIVERY_0002	ComplexProperty	PickingReport	DeliveryDocumentItemText	Edm.String	0	0	40					X			ARKTX
API_OUTBOUND_DELIVERY_0002	ComplexProperty	PickingReport	Material	Edm.String	0	0	40					X			MATNR
API_OUTBOUND_DELIVERY_0002	ComplexProperty	PickingReport	DeliveryDocumentItem	Edm.String	0	0	6					X			POSNR
API_OUTBOUND_DELIVERY_0002	ComplexProperty	PickingReport	DeliveryDocument	Edm.String	0	0	10					X			VBELN
API_OUTBOUND_DELIVERY_0002	ComplexProperty	Return	CollectiveProcessing	Edm.String	0	0	10					X			SAMMG
API_OUTBOUND_DELIVERY_0002	ComplexProperty	Return	DeliveryDocument	Edm.String	0	0	10					X			VBELN
API_OUTBOUND_DELIVERY_0002	ComplexProperty	Return	DeliveryDocumentItem	Edm.String	0	0	6					X			POSNR
API_OUTBOUND_DELIVERY_0002	ComplexProperty	Return	ScheduleLine	Edm.String	0	0	4					X			ETENR
API_OUTBOUND_DELIVERY_0002	ComplexProperty	Return	CollectiveProcessingMsgCounter	Edm.String	0	0	2					X			ZAEHL
API_OUTBOUND_DELIVERY_0002	ComplexProperty	Return	SystemMessageIdentification	Edm.String	0	0	20					X			MSGID
API_OUTBOUND_DELIVERY_0002	ComplexProperty	Return	SystemMessageNumber	Edm.String	0	0	3					X			MSGNO
API_OUTBOUND_DELIVERY_0002	ComplexProperty	Return	SystemMessageType	Edm.String	0	0	1					X			MSGTY
API_OUTBOUND_DELIVERY_0002	ComplexProperty	Return	SystemMessageVariable1	Edm.String	0	0	50					X			MSGV1
API_OUTBOUND_DELIVERY_0002	ComplexProperty	Return	SystemMessageVariable2	Edm.String	0	0	50					X			MSGV2
API_OUTBOUND_DELIVERY_0002	ComplexProperty	Return	SystemMessageVariable3	Edm.String	0	0	50					X			MSGV3
API_OUTBOUND_DELIVERY_0002	ComplexProperty	Return	SystemMessageVariable4	Edm.String	0	0	50					X			MSGV4
API_OUTBOUND_DELIVERY_0002	ComplexProperty	Return	CollectiveProcessingType	Edm.String	0	0	1					X			SMART
API_OUTBOUND_DELIVERY_0002	EntityProperty	A_HandlingUnitHeaderDeliveryType	CreatedByUser	Edm.String	0	0	12								CREATEDBYUSER
API_OUTBOUND_DELIVERY_0002	EntityProperty	A_HandlingUnitHeaderDeliveryType	CreationDate	Edm.DateTime	7	0	0					X			CREATIONDATE
API_OUTBOUND_DELIVERY_0002	EntityProperty	A_HandlingUnitHeaderDeliveryType	CreationTime	Edm.Time	0	0	0					X			CREATIONTIME
API_OUTBOUND_DELIVERY_0002	EntityProperty	A_HandlingUnitHeaderDeliveryType	DeliveryDocument	Edm.String	0	0	10		X						DELIVERYDOCUMENT
API_OUTBOUND_DELIVERY_0002	EntityProperty	A_HandlingUnitHeaderDeliveryType	GrossVolume	Edm.Decimal	15	3	0		X	X					GROSSVOLUME
API_OUTBOUND_DELIVERY_0002	EntityProperty	A_HandlingUnitHeaderDeliveryType	GrossWeight	Edm.Decimal	15	3	0		X	X					GROSSWEIGHT
API_OUTBOUND_DELIVERY_0002	EntityProperty	A_HandlingUnitHeaderDeliveryType	HandlingUnitBaseUnitOfMeasure	Edm.String	0	0	3								HANDLINGUNITBASEUNITOFMEASURE
API_OUTBOUND_DELIVERY_0002	EntityProperty	A_HandlingUnitHeaderDeliveryType	HandlingUnitContentDescription	Edm.String	0	0	40		X	X					HANDLINGUNITCONTENTDESCRIPTION
API_OUTBOUND_DELIVERY_0002	EntityProperty	A_HandlingUnitHeaderDeliveryType	HandlingUnitExternalId	Edm.String	0	0	20								HANDLINGUNITEXTERNALID
API_OUTBOUND_DELIVERY_0002	EntityProperty	A_HandlingUnitHeaderDeliveryType	HandlingUnitExternalIdType	Edm.String	0	0	1								HANDLINGUNITEXTERNALIDTYPE
API_OUTBOUND_DELIVERY_0002	EntityProperty	A_HandlingUnitHeaderDeliveryType	HandlingUnitGroup1	Edm.String	0	0	5								HANDLINGUNITGROUP1
API_OUTBOUND_DELIVERY_0002	EntityProperty	A_HandlingUnitHeaderDeliveryType	HandlingUnitGroup2	Edm.String	0	0	5								HANDLINGUNITGROUP2
API_OUTBOUND_DELIVERY_0002	EntityProperty	A_HandlingUnitHeaderDeliveryType	HandlingUnitGroup3	Edm.String	0	0	5								HANDLINGUNITGROUP3
API_OUTBOUND_DELIVERY_0002	EntityProperty	A_HandlingUnitHeaderDeliveryType	HandlingUnitGroup4	Edm.String	0	0	5								HANDLINGUNITGROUP4
API_OUTBOUND_DELIVERY_0002	EntityProperty	A_HandlingUnitHeaderDeliveryType	HandlingUnitGroup5	Edm.String	0	0	5								HANDLINGUNITGROUP5
API_OUTBOUND_DELIVERY_0002	EntityProperty	A_HandlingUnitHeaderDeliveryType	HandlingUnitHeight	Edm.Decimal	13	3	0								HANDLINGUNITHEIGHT
API_OUTBOUND_DELIVERY_0002	EntityProperty	A_HandlingUnitHeaderDeliveryType	HandlingUnitInternalId	Edm.String	0	0	10	X							HANDLINGUNITINTERNALID
API_OUTBOUND_DELIVERY_0002	EntityProperty	A_HandlingUnitHeaderDeliveryType	HandlingUnitInternalStatus	Edm.String	0	0	4								HANDLINGUNITINTERNALSTATUS
API_OUTBOUND_DELIVERY_0002	EntityProperty	A_HandlingUnitHeaderDeliveryType	HandlingUnitLength	Edm.Decimal	13	3	0								HANDLINGUNITLENGTH
API_OUTBOUND_DELIVERY_0002	EntityProperty	A_HandlingUnitHeaderDeliveryType	HandlingUnitLowerLevelRefer	Edm.String	0	0	10								HANDLINGUNITLOWERLEVELREFER
API_OUTBOUND_DELIVERY_0002	EntityProperty	A_HandlingUnitHeaderDeliveryType	HandlingUnitMaxVolume	Edm.Decimal	15	3	0		X	X					HANDLINGUNITMAXVOLUME
API_OUTBOUND_DELIVERY_0002	EntityProperty	A_HandlingUnitHeaderDeliveryType	HandlingUnitMaxWeight	Edm.Decimal	15	3	0		X	X					HANDLINGUNITMAXWEIGHT
API_OUTBOUND_DELIVERY_0002	EntityProperty	A_HandlingUnitHeaderDeliveryType	HandlingUnitNetVolume	Edm.Decimal	15	3	0		X	X					HANDLINGUNITNETVOLUME
API_OUTBOUND_DELIVERY_0002	EntityProperty	A_HandlingUnitHeaderDeliveryType	HandlingUnitSecondExternalId	Edm.String	0	0	20		X	X					HANDLINGUNITSECONDEXTERNALID
API_OUTBOUND_DELIVERY_0002	EntityProperty	A_HandlingUnitHeaderDeliveryType	HandlingUnitTareVolume	Edm.Decimal	15	3	0		X	X					HANDLINGUNITTAREVOLUME
API_OUTBOUND_DELIVERY_0002	EntityProperty	A_HandlingUnitHeaderDeliveryType	HandlingUnitTareVolumeUnit	Edm.String	0	0	3		X	X					HANDLINGUNITTAREVOLUMEUNIT
API_OUTBOUND_DELIVERY_0002	EntityProperty	A_HandlingUnitHeaderDeliveryType	HandlingUnitTareWeight	Edm.Decimal	15	3	0		X	X					HANDLINGUNITTAREWEIGHT
API_OUTBOUND_DELIVERY_0002	EntityProperty	A_HandlingUnitHeaderDeliveryType	HandlingUnitTareWeightUnit	Edm.String	0	0	3		X	X					HANDLINGUNITTAREWEIGHTUNIT
API_OUTBOUND_DELIVERY_0002	EntityProperty	A_HandlingUnitHeaderDeliveryType	HandlingUnitUoMDimension	Edm.String	0	0	3								HANDLINGUNITUOMDIMENSION
API_OUTBOUND_DELIVERY_0002	EntityProperty	A_HandlingUnitHeaderDeliveryType	HandlingUnitWidth	Edm.Decimal	13	3	0								HANDLINGUNITWIDTH
API_OUTBOUND_DELIVERY_0002	EntityProperty	A_HandlingUnitHeaderDeliveryType	LastChangeDate	Edm.DateTime	7	0	0					X			LASTCHANGEDATE
API_OUTBOUND_DELIVERY_0002	EntityProperty	A_HandlingUnitHeaderDeliveryType	LastChangedByUser	Edm.String	0	0	12					X			LASTCHANGEDBYUSER
API_OUTBOUND_DELIVERY_0002	EntityProperty	A_HandlingUnitHeaderDeliveryType	LastChangeTime	Edm.Time	0	0	0					X			LASTCHANGETIME
API_OUTBOUND_DELIVERY_0002	EntityProperty	A_HandlingUnitHeaderDeliveryType	NetWeight	Edm.Decimal	15	3	0		X	X					NETWEIGHT
API_OUTBOUND_DELIVERY_0002	EntityProperty	A_HandlingUnitHeaderDeliveryType	PackagingMaterial	Edm.String	0	0	40		X	X					PACKAGINGMATERIAL
API_OUTBOUND_DELIVERY_0002	EntityProperty	A_HandlingUnitHeaderDeliveryType	PackagingMaterialCategory	Edm.String	0	0	1								PACKAGINGMATERIALCATEGORY
API_OUTBOUND_DELIVERY_0002	EntityProperty	A_HandlingUnitHeaderDeliveryType	PackagingMaterialGroup	Edm.String	0	0	4								PACKAGINGMATERIALGROUP
API_OUTBOUND_DELIVERY_0002	EntityProperty	A_HandlingUnitHeaderDeliveryType	PackagingMaterialType	Edm.String	0	0	4								PACKAGINGMATERIALTYPE
API_OUTBOUND_DELIVERY_0002	EntityProperty	A_HandlingUnitHeaderDeliveryType	PackingInstructionNumber	Edm.String	0	0	20								PACKINGINSTRUCTIONNUMBER
API_OUTBOUND_DELIVERY_0002	EntityProperty	A_HandlingUnitHeaderDeliveryType	ShippingPoint	Edm.String	0	0	4								SHIPPINGPOINT
API_OUTBOUND_DELIVERY_0002	EntityProperty	A_HandlingUnitHeaderDeliveryType	VolumeUnit	Edm.String	0	0	3		X	X					VOLUMEUNIT
API_OUTBOUND_DELIVERY_0002	EntityProperty	A_HandlingUnitHeaderDeliveryType	WeightUnit	Edm.String	0	0	3		X	X					WEIGHTUNIT
API_OUTBOUND_DELIVERY_0002	EntityProperty	A_HandlingUnitHeaderDeliveryType	Warehouse	Edm.String	0	0	0								WAREHOUSE
API_OUTBOUND_DELIVERY_0002	EntityProperty	A_HandlingUnitItemDeliveryType	Batch	Edm.String	0	0	10		X	X					BATCH
API_OUTBOUND_DELIVERY_0002	EntityProperty	A_HandlingUnitItemDeliveryType	DeliveryDocument	Edm.String	0	0	10		X						DELIVERYDOCUMENT
API_OUTBOUND_DELIVERY_0002	EntityProperty	A_HandlingUnitItemDeliveryType	DeliveryDocumentItem	Edm.String	0	0	6		X						DELIVERYDOCUMENTITEM
API_OUTBOUND_DELIVERY_0002	EntityProperty	A_HandlingUnitItemDeliveryType	HandlingUnitExternalId	Edm.String	0	0	20								HANDLINGUNITEXTERNALID
API_OUTBOUND_DELIVERY_0002	EntityProperty	A_HandlingUnitItemDeliveryType	HandlingUnitInternalId	Edm.String	0	0	10	X							HANDLINGUNITINTERNALID
API_OUTBOUND_DELIVERY_0002	EntityProperty	A_HandlingUnitItemDeliveryType	HandlingUnitItem	Edm.String	0	0	6	X							HANDLINGUNITITEM
API_OUTBOUND_DELIVERY_0002	EntityProperty	A_HandlingUnitItemDeliveryType	HandlingUnitNestedInternalId	Edm.String	0	0	10								HANDLINGUNITNESTEDINTERNALID
API_OUTBOUND_DELIVERY_0002	EntityProperty	A_HandlingUnitItemDeliveryType	HandlingUnitNrOfAuxPackgMat	Edm.Int32	0	0	0								HANDLINGUNITNROFAUXPACKGMAT
API_OUTBOUND_DELIVERY_0002	EntityProperty	A_HandlingUnitItemDeliveryType	HandlingUnitNumberOfSerialnumb	Edm.Int32	0	0	0								HANDLINGUNITNUMBEROFSERIALNUMB
API_OUTBOUND_DELIVERY_0002	EntityProperty	A_HandlingUnitItemDeliveryType	HandlingUnitQuantity	Edm.Decimal	15	3	0		X	X					HANDLINGUNITQUANTITY
API_OUTBOUND_DELIVERY_0002	EntityProperty	A_HandlingUnitItemDeliveryType	HandlingUnitQuantityUnit	Edm.String	0	0	3		X	X					HANDLINGUNITQUANTITYUNIT
API_OUTBOUND_DELIVERY_0002	EntityProperty	A_HandlingUnitItemDeliveryType	HandlingUnitTypeOfContent	Edm.String	0	0	1		X	X					HANDLINGUNITTYPEOFCONTENT
API_OUTBOUND_DELIVERY_0002	EntityProperty	A_HandlingUnitItemDeliveryType	Material	Edm.String	0	0	40		X	X					MATERIAL
API_OUTBOUND_DELIVERY_0002	EntityProperty	A_HandlingUnitItemDeliveryType	MaterialByCustomer	Edm.String	0	0	35								MATERIALBYCUSTOMER
API_OUTBOUND_DELIVERY_0002	EntityProperty	A_HandlingUnitItemDeliveryType	MaterialName	Edm.String	0	0	40								MATERIALNAME
API_OUTBOUND_DELIVERY_0002	EntityProperty	A_HandlingUnitItemDeliveryType	SerialNumberProfile	Edm.String	0	0	4								SERIALNUMBERPROFILE
API_OUTBOUND_DELIVERY_0002	EntityProperty	A_MaintenanceItemObjectType	Assembly	Edm.String	0	0	40								ASSEMBLY
API_OUTBOUND_DELIVERY_0002	EntityProperty	A_MaintenanceItemObjectType	Equipment	Edm.String	0	0	18								EQUIPMENT
API_OUTBOUND_DELIVERY_0002	EntityProperty	A_MaintenanceItemObjectType	FunctionalLocation	Edm.String	0	0	30								FUNCTIONALLOCATION
API_OUTBOUND_DELIVERY_0002	EntityProperty	A_MaintenanceItemObjectType	MaintenanceItemObject	Edm.Int32	0	0	0	X							MAINTENANCEITEMOBJECT
API_OUTBOUND_DELIVERY_0002	EntityProperty	A_MaintenanceItemObjectType	MaintenanceItemObjectList	Edm.Int64	0	0	0	X							MAINTENANCEITEMOBJECTLIST
API_OUTBOUND_DELIVERY_0002	EntityProperty	A_MaintenanceItemObjectType	MaintenanceNotification	Edm.String	0	0	12								MAINTENANCENOTIFICATION
API_OUTBOUND_DELIVERY_0002	EntityProperty	A_MaintenanceItemObjectType	MaintObjectLocAcctAssgmtNmbr	Edm.String	0	0	12								MAINTOBJECTLOCACCTASSGMTNMBR
API_OUTBOUND_DELIVERY_0002	EntityProperty	A_MaintenanceItemObjectType	Material	Edm.String	0	0	40								MATERIAL
API_OUTBOUND_DELIVERY_0002	EntityProperty	A_MaintenanceItemObjectType	SerialNumber	Edm.String	0	0	18		X						SERIALNUMBER
API_OUTBOUND_DELIVERY_0002	EntityProperty	A_OutbDeliveryAddress2Type	DeliveryDocument	Edm.String	0	0	10	X							DELIVERYDOCUMENT
API_OUTBOUND_DELIVERY_0002	EntityProperty	A_OutbDeliveryAddress2Type	PartnerFunction	Edm.String	0	0	2	X							PARTNERFUNCTION
API_OUTBOUND_DELIVERY_0002	EntityProperty	A_OutbDeliveryAddress2Type	DeliveryVersion	Edm.String	0	0	4								DELIVERYVERSION
API_OUTBOUND_DELIVERY_0002	EntityProperty	A_OutbDeliveryAddress2Type	AdditionalStreetPrefixName	Edm.String	0	0	40			X		X			ADDITIONALSTREETPREFIXNAME
API_OUTBOUND_DELIVERY_0002	EntityProperty	A_OutbDeliveryAddress2Type	AddressID	Edm.String	0	0	10								ADDRESSID
API_OUTBOUND_DELIVERY_0002	EntityProperty	A_OutbDeliveryAddress2Type	AdditionalStreetSuffixName	Edm.String	0	0	40			X		X			ADDITIONALSTREETSUFFIXNAME
API_OUTBOUND_DELIVERY_0002	EntityProperty	A_OutbDeliveryAddress2Type	AddressTimeZone	Edm.String	0	0	6			X					ADDRESSTIMEZONE
API_OUTBOUND_DELIVERY_0002	EntityProperty	A_OutbDeliveryAddress2Type	Building	Edm.String	0	0	20			X		X			BUILDING
API_OUTBOUND_DELIVERY_0002	EntityProperty	A_OutbDeliveryAddress2Type	BusinessPartnerName1	Edm.String	0	0	40			X					BUSINESSPARTNERNAME1
API_OUTBOUND_DELIVERY_0002	EntityProperty	A_OutbDeliveryAddress2Type	BusinessPartnerName2	Edm.String	0	0	40			X		X			BUSINESSPARTNERNAME2
API_OUTBOUND_DELIVERY_0002	EntityProperty	A_OutbDeliveryAddress2Type	BusinessPartnerName3	Edm.String	0	0	40			X		X			BUSINESSPARTNERNAME3
API_OUTBOUND_DELIVERY_0002	EntityProperty	A_OutbDeliveryAddress2Type	BusinessPartnerName4	Edm.String	0	0	40			X		X			BUSINESSPARTNERNAME4
API_OUTBOUND_DELIVERY_0002	EntityProperty	A_OutbDeliveryAddress2Type	PersonFamilyName	Edm.String	0	0	40								PERSONFAMILYNAME
API_OUTBOUND_DELIVERY_0002	EntityProperty	A_OutbDeliveryAddress2Type	PersonGivenName	Edm.String	0	0	40								PERSONGIVENNAME
API_OUTBOUND_DELIVERY_0002	EntityProperty	A_OutbDeliveryAddress2Type	CareOfName	Edm.String	0	0	40			X		X			CAREOFNAME
API_OUTBOUND_DELIVERY_0002	EntityProperty	A_OutbDeliveryAddress2Type	CityName	Edm.String	0	0	40			X					CITYNAME
API_OUTBOUND_DELIVERY_0002	EntityProperty	A_OutbDeliveryAddress2Type	CompanyPostalCode	Edm.String	0	0	10			X		X			COMPANYPOSTALCODE
API_OUTBOUND_DELIVERY_0002	EntityProperty	A_OutbDeliveryAddress2Type	CorrespondenceLanguage	Edm.String	0	0	2			X		X			CORRESPONDENCELANGUAGE
API_OUTBOUND_DELIVERY_0002	EntityProperty	A_OutbDeliveryAddress2Type	Country	Edm.String	0	0	3			X					COUNTRY
API_OUTBOUND_DELIVERY_0002	EntityProperty	A_OutbDeliveryAddress2Type	County	Edm.String	0	0	40			X		X			COUNTY
API_OUTBOUND_DELIVERY_0002	EntityProperty	A_OutbDeliveryAddress2Type	DeliveryServiceNumber	Edm.String	0	0	10								DELIVERYSERVICENUMBER
API_OUTBOUND_DELIVERY_0002	EntityProperty	A_OutbDeliveryAddress2Type	DeliveryServiceTypeCode	Edm.String	0	0	4								DELIVERYSERVICETYPECODE
API_OUTBOUND_DELIVERY_0002	EntityProperty	A_OutbDeliveryAddress2Type	District	Edm.String	0	0	40			X		X			DISTRICT
API_OUTBOUND_DELIVERY_0002	EntityProperty	A_OutbDeliveryAddress2Type	EmailAddress	Edm.String	0	0	241			X		X			EMAILADDRESS
API_OUTBOUND_DELIVERY_0002	EntityProperty	A_OutbDeliveryAddress2Type	FaxNumber	Edm.String	0	0	30			X		X			FAXNUMBER
API_OUTBOUND_DELIVERY_0002	EntityProperty	A_OutbDeliveryAddress2Type	FaxNumberExtension	Edm.String	0	0	10			X		X			FAXNUMBEREXTENSION
API_OUTBOUND_DELIVERY_0002	EntityProperty	A_OutbDeliveryAddress2Type	Floor	Edm.String	0	0	10			X		X			FLOOR
API_OUTBOUND_DELIVERY_0002	EntityProperty	A_OutbDeliveryAddress2Type	FormOfAddress	Edm.String	0	0	4								FORMOFADDRESS
API_OUTBOUND_DELIVERY_0002	EntityProperty	A_OutbDeliveryAddress2Type	HomeCityName	Edm.String	0	0	40			X		X			HOMECITYNAME
API_OUTBOUND_DELIVERY_0002	EntityProperty	A_OutbDeliveryAddress2Type	HouseNumber	Edm.String	0	0	10			X		X			HOUSENUMBER
API_OUTBOUND_DELIVERY_0002	EntityProperty	A_OutbDeliveryAddress2Type	HouseNumberSupplementText	Edm.String	0	0	10			X		X			HOUSENUMBERSUPPLEMENTTEXT
API_OUTBOUND_DELIVERY_0002	EntityProperty	A_OutbDeliveryAddress2Type	MobilePhoneNumber	Edm.String	0	0	30			X		X			MOBILEPHONENUMBER
API_OUTBOUND_DELIVERY_0002	EntityProperty	A_OutbDeliveryAddress2Type	PhoneNumber	Edm.String	0	0	30			X		X			PHONENUMBER
API_OUTBOUND_DELIVERY_0002	EntityProperty	A_OutbDeliveryAddress2Type	PhoneNumberExtension	Edm.String	0	0	10			X		X			PHONENUMBEREXTENSION
API_OUTBOUND_DELIVERY_0002	EntityProperty	A_OutbDeliveryAddress2Type	POBox	Edm.String	0	0	10			X		X			POBOX
API_OUTBOUND_DELIVERY_0002	EntityProperty	A_OutbDeliveryAddress2Type	POBoxDeviatingCityName	Edm.String	0	0	40			X		X			POBOXDEVIATINGCITYNAME
API_OUTBOUND_DELIVERY_0002	EntityProperty	A_OutbDeliveryAddress2Type	POBoxDeviatingCountry	Edm.String	0	0	3								POBOXDEVIATINGCOUNTRY
API_OUTBOUND_DELIVERY_0002	EntityProperty	A_OutbDeliveryAddress2Type	POBoxDeviatingRegion	Edm.String	0	0	3			X		X			POBOXDEVIATINGREGION
API_OUTBOUND_DELIVERY_0002	EntityProperty	A_OutbDeliveryAddress2Type	POBoxIsWithoutNumber	Edm.Boolean	0	0	0			X		X			POBOXISWITHOUTNUMBER
API_OUTBOUND_DELIVERY_0002	EntityProperty	A_OutbDeliveryAddress2Type	POBoxLobbyName	Edm.String	0	0	40			X		X			POBOXLOBBYNAME
API_OUTBOUND_DELIVERY_0002	EntityProperty	A_OutbDeliveryAddress2Type	POBoxPostalCode	Edm.String	0	0	10			X		X			POBOXPOSTALCODE
API_OUTBOUND_DELIVERY_0002	EntityProperty	A_OutbDeliveryAddress2Type	PostalCode	Edm.String	0	0	10			X		X			POSTALCODE
API_OUTBOUND_DELIVERY_0002	EntityProperty	A_OutbDeliveryAddress2Type	PrfrdCommMediumType	Edm.String	0	0	3								PRFRDCOMMMEDIUMTYPE
API_OUTBOUND_DELIVERY_0002	EntityProperty	A_OutbDeliveryAddress2Type	Region	Edm.String	0	0	3			X		X			REGION
API_OUTBOUND_DELIVERY_0002	EntityProperty	A_OutbDeliveryAddress2Type	RoomNumber	Edm.String	0	0	10			X		X			ROOMNUMBER
API_OUTBOUND_DELIVERY_0002	EntityProperty	A_OutbDeliveryAddress2Type	StreetName	Edm.String	0	0	60			X		X			STREETNAME
API_OUTBOUND_DELIVERY_0002	EntityProperty	A_OutbDeliveryAddress2Type	StreetPrefixName	Edm.String	0	0	40			X		X			STREETPREFIXNAME
API_OUTBOUND_DELIVERY_0002	EntityProperty	A_OutbDeliveryAddress2Type	StreetSuffixName	Edm.String	0	0	40			X		X			STREETSUFFIXNAME
API_OUTBOUND_DELIVERY_0002	EntityProperty	A_OutbDeliveryAddress2Type	TaxJurisdiction	Edm.String	0	0	15								TAXJURISDICTION
API_OUTBOUND_DELIVERY_0002	EntityProperty	A_OutbDeliveryAddress2Type	TransportZone	Edm.String	0	0	10								TRANSPORTZONE
API_OUTBOUND_DELIVERY_0002	EntityProperty	A_OutbDeliveryAddressType	AdditionalStreetPrefixName	Edm.String	0	0	40								ADDITIONALSTREETPREFIXNAME
API_OUTBOUND_DELIVERY_0002	EntityProperty	A_OutbDeliveryAddressType	AdditionalStreetSuffixName	Edm.String	0	0	40								ADDITIONALSTREETSUFFIXNAME
API_OUTBOUND_DELIVERY_0002	EntityProperty	A_OutbDeliveryAddressType	AddressID	Edm.String	0	0	10	X							ADDRESSID
API_OUTBOUND_DELIVERY_0002	EntityProperty	A_OutbDeliveryAddressType	AddressTimeZone	Edm.String	0	0	6								ADDRESSTIMEZONE
API_OUTBOUND_DELIVERY_0002	EntityProperty	A_OutbDeliveryAddressType	Building	Edm.String	0	0	20								BUILDING
API_OUTBOUND_DELIVERY_0002	EntityProperty	A_OutbDeliveryAddressType	BusinessPartnerName1	Edm.String	0	0	40								BUSINESSPARTNERNAME1
API_OUTBOUND_DELIVERY_0002	EntityProperty	A_OutbDeliveryAddressType	BusinessPartnerName2	Edm.String	0	0	40								BUSINESSPARTNERNAME2
API_OUTBOUND_DELIVERY_0002	EntityProperty	A_OutbDeliveryAddressType	BusinessPartnerName3	Edm.String	0	0	40								BUSINESSPARTNERNAME3
API_OUTBOUND_DELIVERY_0002	EntityProperty	A_OutbDeliveryAddressType	BusinessPartnerName4	Edm.String	0	0	40								BUSINESSPARTNERNAME4
API_OUTBOUND_DELIVERY_0002	EntityProperty	A_OutbDeliveryAddressType	CareOfName	Edm.String	0	0	40								CAREOFNAME
API_OUTBOUND_DELIVERY_0002	EntityProperty	A_OutbDeliveryAddressType	CityCode	Edm.String	0	0	12								CITYCODE
API_OUTBOUND_DELIVERY_0002	EntityProperty	A_OutbDeliveryAddressType	CityName	Edm.String	0	0	40								CITYNAME
API_OUTBOUND_DELIVERY_0002	EntityProperty	A_OutbDeliveryAddressType	CitySearch	Edm.String	0	0	25								CITYSEARCH
API_OUTBOUND_DELIVERY_0002	EntityProperty	A_OutbDeliveryAddressType	CompanyPostalCode	Edm.String	0	0	10								COMPANYPOSTALCODE
API_OUTBOUND_DELIVERY_0002	EntityProperty	A_OutbDeliveryAddressType	CorrespondenceLanguage	Edm.String	0	0	2								CORRESPONDENCELANGUAGE
API_OUTBOUND_DELIVERY_0002	EntityProperty	A_OutbDeliveryAddressType	Country	Edm.String	0	0	3								COUNTRY
API_OUTBOUND_DELIVERY_0002	EntityProperty	A_OutbDeliveryAddressType	County	Edm.String	0	0	40								COUNTY
API_OUTBOUND_DELIVERY_0002	EntityProperty	A_OutbDeliveryAddressType	DeliveryServiceNumber	Edm.String	0	0	10								DELIVERYSERVICENUMBER
API_OUTBOUND_DELIVERY_0002	EntityProperty	A_OutbDeliveryAddressType	DeliveryServiceTypeCode	Edm.String	0	0	4								DELIVERYSERVICETYPECODE
API_OUTBOUND_DELIVERY_0002	EntityProperty	A_OutbDeliveryAddressType	District	Edm.String	0	0	40								DISTRICT
API_OUTBOUND_DELIVERY_0002	EntityProperty	A_OutbDeliveryAddressType	FaxNumber	Edm.String	0	0	30								FAXNUMBER
API_OUTBOUND_DELIVERY_0002	EntityProperty	A_OutbDeliveryAddressType	Floor	Edm.String	0	0	10								FLOOR
API_OUTBOUND_DELIVERY_0002	EntityProperty	A_OutbDeliveryAddressType	FormOfAddress	Edm.String	0	0	4								FORMOFADDRESS
API_OUTBOUND_DELIVERY_0002	EntityProperty	A_OutbDeliveryAddressType	FullName	Edm.String	0	0	80								FULLNAME
API_OUTBOUND_DELIVERY_0002	EntityProperty	A_OutbDeliveryAddressType	HomeCityName	Edm.String	0	0	40								HOMECITYNAME
API_OUTBOUND_DELIVERY_0002	EntityProperty	A_OutbDeliveryAddressType	HouseNumber	Edm.String	0	0	10								HOUSENUMBER
API_OUTBOUND_DELIVERY_0002	EntityProperty	A_OutbDeliveryAddressType	HouseNumberSupplementText	Edm.String	0	0	10								HOUSENUMBERSUPPLEMENTTEXT
API_OUTBOUND_DELIVERY_0002	EntityProperty	A_OutbDeliveryAddressType	Nation	Edm.String	0	0	1								NATION
API_OUTBOUND_DELIVERY_0002	EntityProperty	A_OutbDeliveryAddressType	Person	Edm.String	0	0	10								PERSON
API_OUTBOUND_DELIVERY_0002	EntityProperty	A_OutbDeliveryAddressType	PhoneNumber	Edm.String	0	0	30								PHONENUMBER
API_OUTBOUND_DELIVERY_0002	EntityProperty	A_OutbDeliveryAddressType	POBox	Edm.String	0	0	10	X							POBOX
API_OUTBOUND_DELIVERY_0002	EntityProperty	A_OutbDeliveryAddressType	POBoxDeviatingCityName	Edm.String	0	0	40								POBOXDEVIATINGCITYNAME
API_OUTBOUND_DELIVERY_0002	EntityProperty	A_OutbDeliveryAddressType	POBoxDeviatingCountry	Edm.String	0	0	3	X							POBOXDEVIATINGCOUNTRY
API_OUTBOUND_DELIVERY_0002	EntityProperty	A_OutbDeliveryAddressType	POBoxDeviatingRegion	Edm.String	0	0	3								POBOXDEVIATINGREGION
API_OUTBOUND_DELIVERY_0002	EntityProperty	A_OutbDeliveryAddressType	POBoxIsWithoutNumber	Edm.Boolean	0	0	0								POBOXISWITHOUTNUMBER
API_OUTBOUND_DELIVERY_0002	EntityProperty	A_OutbDeliveryAddressType	POBoxLobbyName	Edm.String	0	0	40								POBOXLOBBYNAME
API_OUTBOUND_DELIVERY_0002	EntityProperty	A_OutbDeliveryAddressType	POBoxPostalCode	Edm.String	0	0	10								POBOXPOSTALCODE
API_OUTBOUND_DELIVERY_0002	EntityProperty	A_OutbDeliveryAddressType	PostalCode	Edm.String	0	0	10								POSTALCODE
API_OUTBOUND_DELIVERY_0002	EntityProperty	A_OutbDeliveryAddressType	PrfrdCommMediumType	Edm.String	0	0	3								PRFRDCOMMMEDIUMTYPE
API_OUTBOUND_DELIVERY_0002	EntityProperty	A_OutbDeliveryAddressType	Region	Edm.String	0	0	3								REGION
API_OUTBOUND_DELIVERY_0002	EntityProperty	A_OutbDeliveryAddressType	RoomNumber	Edm.String	0	0	10								ROOMNUMBER
API_OUTBOUND_DELIVERY_0002	EntityProperty	A_OutbDeliveryAddressType	SearchTerm1	Edm.String	0	0	20								SEARCHTERM1
API_OUTBOUND_DELIVERY_0002	EntityProperty	A_OutbDeliveryAddressType	StreetName	Edm.String	0	0	60								STREETNAME
API_OUTBOUND_DELIVERY_0002	EntityProperty	A_OutbDeliveryAddressType	StreetPrefixName	Edm.String	0	0	40								STREETPREFIXNAME
API_OUTBOUND_DELIVERY_0002	EntityProperty	A_OutbDeliveryAddressType	StreetSearch	Edm.String	0	0	25								STREETSEARCH
API_OUTBOUND_DELIVERY_0002	EntityProperty	A_OutbDeliveryAddressType	StreetSuffixName	Edm.String	0	0	40								STREETSUFFIXNAME
API_OUTBOUND_DELIVERY_0002	EntityProperty	A_OutbDeliveryAddressType	TaxJurisdiction	Edm.String	0	0	15								TAXJURISDICTION
API_OUTBOUND_DELIVERY_0002	EntityProperty	A_OutbDeliveryAddressType	TransportZone	Edm.String	0	0	10								TRANSPORTZONE
API_OUTBOUND_DELIVERY_0002	EntityProperty	A_OutbDeliveryDocFlowType	Deliveryversion	Edm.String	0	0	4					X			DELIVERYVERSION
API_OUTBOUND_DELIVERY_0002	EntityProperty	A_OutbDeliveryDocFlowType	PrecedingDocument	Edm.String	0	0	10	X							PRECEDINGDOCUMENT
API_OUTBOUND_DELIVERY_0002	EntityProperty	A_OutbDeliveryDocFlowType	PrecedingDocumentCategory	Edm.String	0	0	4					X			PRECEDINGDOCUMENTCATEGORY
API_OUTBOUND_DELIVERY_0002	EntityProperty	A_OutbDeliveryDocFlowType	PrecedingDocumentItem	Edm.String	0	0	6	X							PRECEDINGDOCUMENTITEM
API_OUTBOUND_DELIVERY_0002	EntityProperty	A_OutbDeliveryDocFlowType	Subsequentdocument	Edm.String	0	0	10					X			SUBSEQUENTDOCUMENT
API_OUTBOUND_DELIVERY_0002	EntityProperty	A_OutbDeliveryDocFlowType	QuantityInBaseUnit	Edm.Decimal	15	3	0			X		X			QUANTITYINBASEUNIT
API_OUTBOUND_DELIVERY_0002	EntityProperty	A_OutbDeliveryDocFlowType	SubsequentDocumentItem	Edm.String	0	0	6					X			SUBSEQUENTDOCUMENTITEM
API_OUTBOUND_DELIVERY_0002	EntityProperty	A_OutbDeliveryDocFlowType	SDFulfillmentCalculationRule	Edm.String	0	0	1					X			SDFULFILLMENTCALCULATIONRULE
API_OUTBOUND_DELIVERY_0002	EntityProperty	A_OutbDeliveryDocFlowType	SubsequentDocumentCategory	Edm.String	0	0	4	X							SUBSEQUENTDOCUMENTCATEGORY
API_OUTBOUND_DELIVERY_0002	EntityProperty	A_OutbDeliveryDocFlowType	TransferOrderInWrhsMgmtIsConfd	Edm.Boolean	0	0	0					X			TRANSFERORDERINWRHSMGMTISCONFD
API_OUTBOUND_DELIVERY_0002	EntityProperty	A_OutbDeliveryHeaderTextType	DeliveryDocument	Edm.String	0	0	10	X	X						DELIVERYDOCUMENT
API_OUTBOUND_DELIVERY_0002	EntityProperty	A_OutbDeliveryHeaderTextType	TextElement	Edm.String	0	0	4	X	X						TEXTID
API_OUTBOUND_DELIVERY_0002	EntityProperty	A_OutbDeliveryHeaderTextType	Language	Edm.String	0	0	2	X	X				X		LANGUAGE
API_OUTBOUND_DELIVERY_0002	EntityProperty	A_OutbDeliveryHeaderTextType	TextElementDescription	Edm.String	0	0	30								TEXTIDDESCRIPTION
API_OUTBOUND_DELIVERY_0002	EntityProperty	A_OutbDeliveryHeaderTextType	TextElementText	Edm.String	0	0	0		X	X					COMPLETETEXTLINE
API_OUTBOUND_DELIVERY_0002	EntityProperty	A_OutbDeliveryHeaderTextType	DeliveryLongTextIsFormatted	Edm.Boolean	0	0	0								ISFORMATTED
API_OUTBOUND_DELIVERY_0002	EntityProperty	A_OutbDeliveryHeaderType	ActualDeliveryRoute	Edm.String	0	0	6					X	X		ACTUALDELIVERYROUTE
API_OUTBOUND_DELIVERY_0002	EntityProperty	A_OutbDeliveryHeaderType	Shippinglocationtimezone	Edm.String	0	0	6						X		SHIPPINGLOCATIONTIMEZONE
API_OUTBOUND_DELIVERY_0002	EntityProperty	A_OutbDeliveryHeaderType	ActualGoodsMovementDate	Edm.DateTime	7	0	0			X		X	X		ACTUALGOODSMOVEMENTDATE
API_OUTBOUND_DELIVERY_0002	EntityProperty	A_OutbDeliveryHeaderType	Receivinglocationtimezone	Edm.String	0	0	6						X		RECEIVINGLOCATIONTIMEZONE
API_OUTBOUND_DELIVERY_0002	EntityProperty	A_OutbDeliveryHeaderType	ActualGoodsMovementTime	Edm.Time	0	0	0					X	X		ACTUALGOODSMOVEMENTTIME
API_OUTBOUND_DELIVERY_0002	EntityProperty	A_OutbDeliveryHeaderType	BillingDocumentDate	Edm.DateTime	7	0	0					X	X		BILLINGDOCUMENTDATE
API_OUTBOUND_DELIVERY_0002	EntityProperty	A_OutbDeliveryHeaderType	BillOfLading	Edm.String	0	0	35			X		X	X		BILLOFLADING
API_OUTBOUND_DELIVERY_0002	EntityProperty	A_OutbDeliveryHeaderType	CompleteDeliveryIsDefined	Edm.Boolean	0	0	0					X	X		COMPLETEDELIVERYISDEFINED
API_OUTBOUND_DELIVERY_0002	EntityProperty	A_OutbDeliveryHeaderType	ConfirmationTime	Edm.Time	0	0	0					X	X		CONFIRMATIONTIME
API_OUTBOUND_DELIVERY_0002	EntityProperty	A_OutbDeliveryHeaderType	CreatedByUser	Edm.String	0	0	12					X	X		CREATEDBYUSER
API_OUTBOUND_DELIVERY_0002	EntityProperty	A_OutbDeliveryHeaderType	CreationDate	Edm.DateTime	7	0	0					X	X		CREATIONDATE
API_OUTBOUND_DELIVERY_0002	EntityProperty	A_OutbDeliveryHeaderType	CreationTime	Edm.Time	0	0	0					X	X		CREATIONTIME
API_OUTBOUND_DELIVERY_0002	EntityProperty	A_OutbDeliveryHeaderType	CustomerGroup	Edm.String	0	0	2					X	X		CUSTOMERGROUP
API_OUTBOUND_DELIVERY_0002	EntityProperty	A_OutbDeliveryHeaderType	DeliveryBlockReason	Edm.String	0	0	2			X		X	X		DELIVERYBLOCKREASON
API_OUTBOUND_DELIVERY_0002	EntityProperty	A_OutbDeliveryHeaderType	DeliveryDate	Edm.DateTime	7	0	0			X		X	X		DELIVERYDATE
API_OUTBOUND_DELIVERY_0002	EntityProperty	A_OutbDeliveryHeaderType	DeliveryDocument	Edm.String	0	0	10	X					X		DELIVERYDOCUMENT
API_OUTBOUND_DELIVERY_0002	EntityProperty	A_OutbDeliveryHeaderType	DeliveryDocumentBySupplier	Edm.String	0	0	35			X		X	X		DELIVERYDOCUMENTBYSUPPLIER
API_OUTBOUND_DELIVERY_0002	EntityProperty	A_OutbDeliveryHeaderType	DeliveryDocumentType	Edm.String	0	0	4					X	X		DELIVERYDOCUMENTTYPE
API_OUTBOUND_DELIVERY_0002	EntityProperty	A_OutbDeliveryHeaderType	DeliveryIsInPlant	Edm.Boolean	0	0	0					X	X		DELIVERYISINPLANT
API_OUTBOUND_DELIVERY_0002	EntityProperty	A_OutbDeliveryHeaderType	DeliveryPriority	Edm.String	0	0	2			X		X	X		DELIVERYPRIORITY
API_OUTBOUND_DELIVERY_0002	EntityProperty	A_OutbDeliveryHeaderType	DeliveryTime	Edm.Time	0	0	0			X		X	X		DELIVERYTIME
API_OUTBOUND_DELIVERY_0002	EntityProperty	A_OutbDeliveryHeaderType	DeliveryVersion	Edm.String	0	0	4					X	X		DELIVERYVERSION
API_OUTBOUND_DELIVERY_0002	EntityProperty	A_OutbDeliveryHeaderType	DepreciationPercentage	Edm.Decimal	5	2	0					X	X		DEPRECIATIONPERCENTAGE
API_OUTBOUND_DELIVERY_0002	EntityProperty	A_OutbDeliveryHeaderType	DistrStatusByDecentralizedWrhs	Edm.String	0	0	1					X	X		DISTRSTATUSBYDECENTRALIZEDWRHS
API_OUTBOUND_DELIVERY_0002	EntityProperty	A_OutbDeliveryHeaderType	DocumentDate	Edm.DateTime	7	0	0					X	X		DOCUMENTDATE
API_OUTBOUND_DELIVERY_0002	EntityProperty	A_OutbDeliveryHeaderType	ExternalIdentificationType	Edm.String	0	0	1					X	X		EXTERNALIDENTIFICATIONTYPE
API_OUTBOUND_DELIVERY_0002	EntityProperty	A_OutbDeliveryHeaderType	ExternalTransportSystem	Edm.String	0	0	5					X	X		EXTERNALTRANSPORTSYSTEM
API_OUTBOUND_DELIVERY_0002	EntityProperty	A_OutbDeliveryHeaderType	FactoryCalendarByCustomer	Edm.String	0	0	2					X	X		FACTORYCALENDARBYCUSTOMER
API_OUTBOUND_DELIVERY_0002	EntityProperty	A_OutbDeliveryHeaderType	GoodsIssueOrReceiptSlipNumber	Edm.String	0	0	10					X	X		GOODSISSUEORRECEIPTSLIPNUMBER
API_OUTBOUND_DELIVERY_0002	EntityProperty	A_OutbDeliveryHeaderType	GoodsIssueTime	Edm.Time	0	0	0			X		X	X		GOODSISSUETIME
API_OUTBOUND_DELIVERY_0002	EntityProperty	A_OutbDeliveryHeaderType	HandlingUnitInStock	Edm.String	0	0	1					X	X		HANDLINGUNITINSTOCK
API_OUTBOUND_DELIVERY_0002	EntityProperty	A_OutbDeliveryHeaderType	HdrGeneralIncompletionStatus	Edm.String	0	0	1					X	X		HDRGENERALINCOMPLETIONSTATUS
API_OUTBOUND_DELIVERY_0002	EntityProperty	A_OutbDeliveryHeaderType	HdrGoodsMvtIncompletionStatus	Edm.String	0	0	1					X	X		HDRGOODSMVTINCOMPLETIONSTATUS
API_OUTBOUND_DELIVERY_0002	EntityProperty	A_OutbDeliveryHeaderType	HeaderBillgIncompletionStatus	Edm.String	0	0	1					X	X		HEADERBILLGINCOMPLETIONSTATUS
API_OUTBOUND_DELIVERY_0002	EntityProperty	A_OutbDeliveryHeaderType	HeaderBillingBlockReason	Edm.String	0	0	2					X	X		HEADERBILLINGBLOCKREASON
API_OUTBOUND_DELIVERY_0002	EntityProperty	A_OutbDeliveryHeaderType	HeaderDelivIncompletionStatus	Edm.String	0	0	1					X	X		HEADERDELIVINCOMPLETIONSTATUS
API_OUTBOUND_DELIVERY_0002	EntityProperty	A_OutbDeliveryHeaderType	HeaderGrossWeight	Edm.Decimal	15	3	0			X		X	X		HEADERGROSSWEIGHT
API_OUTBOUND_DELIVERY_0002	EntityProperty	A_OutbDeliveryHeaderType	HeaderNetWeight	Edm.Decimal	15	3	0			X		X	X		HEADERNETWEIGHT
API_OUTBOUND_DELIVERY_0002	EntityProperty	A_OutbDeliveryHeaderType	HeaderPackingIncompletionSts	Edm.String	0	0	1					X	X		HEADERPACKINGINCOMPLETIONSTS
API_OUTBOUND_DELIVERY_0002	EntityProperty	A_OutbDeliveryHeaderType	HeaderPickgIncompletionStatus	Edm.String	0	0	1					X	X		HEADERPICKGINCOMPLETIONSTATUS
API_OUTBOUND_DELIVERY_0002	EntityProperty	A_OutbDeliveryHeaderType	HeaderVolume	Edm.Decimal	15	3	0			X		X	X		HEADERVOLUME
API_OUTBOUND_DELIVERY_0002	EntityProperty	A_OutbDeliveryHeaderType	HeaderVolumeUnit	Edm.String	0	0	3			X		X	X		HEADERVOLUMEUNIT
API_OUTBOUND_DELIVERY_0002	EntityProperty	A_OutbDeliveryHeaderType	HeaderWeightUnit	Edm.String	0	0	3			X		X	X		HEADERWEIGHTUNIT
API_OUTBOUND_DELIVERY_0002	EntityProperty	A_OutbDeliveryHeaderType	IncotermsClassification	Edm.String	0	0	3			X		X	X		INCOTERMSCLASSIFICATION
API_OUTBOUND_DELIVERY_0002	EntityProperty	A_OutbDeliveryHeaderType	IncotermsTransferLocation	Edm.String	0	0	28			X		X	X		INCOTERMSTRANSFERLOCATION
API_OUTBOUND_DELIVERY_0002	EntityProperty	A_OutbDeliveryHeaderType	IntercompanyBillingDate	Edm.DateTime	7	0	0					X	X		INTERCOMPANYBILLINGDATE
API_OUTBOUND_DELIVERY_0002	EntityProperty	A_OutbDeliveryHeaderType	InternalFinancialDocument	Edm.String	0	0	10					X	X		INTERNALFINANCIALDOCUMENT
API_OUTBOUND_DELIVERY_0002	EntityProperty	A_OutbDeliveryHeaderType	IsDeliveryForSingleWarehouse	Edm.String	0	0	1					X	X		ISDELIVERYFORSINGLEWAREHOUSE
API_OUTBOUND_DELIVERY_0002	EntityProperty	A_OutbDeliveryHeaderType	IsExportDelivery	Edm.String	0	0	1					X	X		ISEXPORTDELIVERY
API_OUTBOUND_DELIVERY_0002	EntityProperty	A_OutbDeliveryHeaderType	LastChangeDate	Edm.DateTime	7	0	0					X	X		LASTCHANGEDATE
API_OUTBOUND_DELIVERY_0002	EntityProperty	A_OutbDeliveryHeaderType	LastChangedByUser	Edm.String	0	0	12					X	X		LASTCHANGEDBYUSER
API_OUTBOUND_DELIVERY_0002	EntityProperty	A_OutbDeliveryHeaderType	LoadingDate	Edm.DateTime	7	0	0			X		X	X		LOADINGDATE
API_OUTBOUND_DELIVERY_0002	EntityProperty	A_OutbDeliveryHeaderType	LoadingPoint	Edm.String	0	0	2					X	X		LOADINGPOINT
API_OUTBOUND_DELIVERY_0002	EntityProperty	A_OutbDeliveryHeaderType	LoadingTime	Edm.Time	0	0	0			X		X	X		LOADINGTIME
API_OUTBOUND_DELIVERY_0002	EntityProperty	A_OutbDeliveryHeaderType	MeansOfTransport	Edm.String	0	0	20			X		X	X		MEANSOFTRANSPORT
API_OUTBOUND_DELIVERY_0002	EntityProperty	A_OutbDeliveryHeaderType	MeansOfTransportRefMaterial	Edm.String	0	0	40					X	X		MEANSOFTRANSPORTREFMATERIAL
API_OUTBOUND_DELIVERY_0002	EntityProperty	A_OutbDeliveryHeaderType	MeansOfTransportType	Edm.String	0	0	4			X		X	X		MEANSOFTRANSPORTTYPE
API_OUTBOUND_DELIVERY_0002	EntityProperty	A_OutbDeliveryHeaderType	OrderCombinationIsAllowed	Edm.Boolean	0	0	0					X	X		ORDERCOMBINATIONISALLOWED
API_OUTBOUND_DELIVERY_0002	EntityProperty	A_OutbDeliveryHeaderType	OrderID	Edm.String	0	0	12					X	X		ORDERID
API_OUTBOUND_DELIVERY_0002	EntityProperty	A_OutbDeliveryHeaderType	OverallDelivConfStatus	Edm.String	0	0	1					X	X		OVERALLDELIVCONFSTATUS
API_OUTBOUND_DELIVERY_0002	EntityProperty	A_OutbDeliveryHeaderType	OverallDelivReltdBillgStatus	Edm.String	0	0	1					X	X		OVERALLDELIVRELTDBILLGSTATUS
API_OUTBOUND_DELIVERY_0002	EntityProperty	A_OutbDeliveryHeaderType	OverallGoodsMovementStatus	Edm.String	0	0	1					X	X		OVERALLGOODSMOVEMENTSTATUS
API_OUTBOUND_DELIVERY_0002	EntityProperty	A_OutbDeliveryHeaderType	OverallIntcoBillingStatus	Edm.String	0	0	1					X	X		OVERALLINTCOBILLINGSTATUS
API_OUTBOUND_DELIVERY_0002	EntityProperty	A_OutbDeliveryHeaderType	OverallPackingStatus	Edm.String	0	0	1					X	X		OVERALLPACKINGSTATUS
API_OUTBOUND_DELIVERY_0002	EntityProperty	A_OutbDeliveryHeaderType	OverallPickingConfStatus	Edm.String	0	0	1					X	X		OVERALLPICKINGCONFSTATUS
API_OUTBOUND_DELIVERY_0002	EntityProperty	A_OutbDeliveryHeaderType	OverallPickingStatus	Edm.String	0	0	1					X	X		OVERALLPICKINGSTATUS
API_OUTBOUND_DELIVERY_0002	EntityProperty	A_OutbDeliveryHeaderType	OverallProofOfDeliveryStatus	Edm.String	0	0	1					X	X		OVERALLPROOFOFDELIVERYSTATUS
API_OUTBOUND_DELIVERY_0002	EntityProperty	A_OutbDeliveryHeaderType	OverallSDProcessStatus	Edm.String	0	0	1					X	X		OVERALLSDPROCESSSTATUS
API_OUTBOUND_DELIVERY_0002	EntityProperty	A_OutbDeliveryHeaderType	OverallWarehouseActivityStatus	Edm.String	0	0	1					X	X		OVERALLWAREHOUSEACTIVITYSTATUS
API_OUTBOUND_DELIVERY_0002	EntityProperty	A_OutbDeliveryHeaderType	OvrlItmDelivIncompletionSts	Edm.String	0	0	1					X	X		OVRLITMDELIVINCOMPLETIONSTS
API_OUTBOUND_DELIVERY_0002	EntityProperty	A_OutbDeliveryHeaderType	OvrlItmGdsMvtIncompletionSts	Edm.String	0	0	1					X	X		OVRLITMGDSMVTINCOMPLETIONSTS
API_OUTBOUND_DELIVERY_0002	EntityProperty	A_OutbDeliveryHeaderType	OvrlItmGeneralIncompletionSts	Edm.String	0	0	1					X	X		OVRLITMGENERALINCOMPLETIONSTS
API_OUTBOUND_DELIVERY_0002	EntityProperty	A_OutbDeliveryHeaderType	OvrlItmPackingIncompletionSts	Edm.String	0	0	1					X	X		OVRLITMPACKINGINCOMPLETIONSTS
API_OUTBOUND_DELIVERY_0002	EntityProperty	A_OutbDeliveryHeaderType	OvrlItmPickingIncompletionSts	Edm.String	0	0	1					X	X		OVRLITMPICKINGINCOMPLETIONSTS
API_OUTBOUND_DELIVERY_0002	EntityProperty	A_OutbDeliveryHeaderType	PaymentGuaranteeProcedure	Edm.String	0	0	6					X	X		PAYMENTGUARANTEEPROCEDURE
API_OUTBOUND_DELIVERY_0002	EntityProperty	A_OutbDeliveryHeaderType	PickedItemsLocation	Edm.String	0	0	20					X	X		PICKEDITEMSLOCATION
API_OUTBOUND_DELIVERY_0002	EntityProperty	A_OutbDeliveryHeaderType	PickingDate	Edm.DateTime	7	0	0			X		X	X		PICKINGDATE
API_OUTBOUND_DELIVERY_0002	EntityProperty	A_OutbDeliveryHeaderType	PickingTime	Edm.Time	0	0	0			X		X	X		PICKINGTIME
API_OUTBOUND_DELIVERY_0002	EntityProperty	A_OutbDeliveryHeaderType	PlannedGoodsIssueDate	Edm.DateTime	7	0	0			X		X	X		PLANNEDGOODSISSUEDATE
API_OUTBOUND_DELIVERY_0002	EntityProperty	A_OutbDeliveryHeaderType	ProofOfDeliveryDate	Edm.DateTime	7	0	0					X	X		PROOFOFDELIVERYDATE
API_OUTBOUND_DELIVERY_0002	EntityProperty	A_OutbDeliveryHeaderType	ProposedDeliveryRoute	Edm.String	0	0	6			X		X	X		PROPOSEDDELIVERYROUTE
API_OUTBOUND_DELIVERY_0002	EntityProperty	A_OutbDeliveryHeaderType	ReceivingPlant	Edm.String	0	0	4					X	X		RECEIVINGPLANT
API_OUTBOUND_DELIVERY_0002	EntityProperty	A_OutbDeliveryHeaderType	RouteSchedule	Edm.String	0	0	10					X	X		ROUTESCHEDULE
API_OUTBOUND_DELIVERY_0002	EntityProperty	A_OutbDeliveryHeaderType	SalesDistrict	Edm.String	0	0	6					X	X		SALESDISTRICT
API_OUTBOUND_DELIVERY_0002	EntityProperty	A_OutbDeliveryHeaderType	SalesOffice	Edm.String	0	0	4					X	X		SALESOFFICE
API_OUTBOUND_DELIVERY_0002	EntityProperty	A_OutbDeliveryHeaderType	SalesOrganization	Edm.String	0	0	4					X	X		SALESORGANIZATION
API_OUTBOUND_DELIVERY_0002	EntityProperty	A_OutbDeliveryHeaderType	SDDocumentCategory	Edm.String	0	0	4					X	X		SDDOCUMENTCATEGORY
API_OUTBOUND_DELIVERY_0002	EntityProperty	A_OutbDeliveryHeaderType	ShipmentBlockReason	Edm.String	0	0	2					X	X		SHIPMENTBLOCKREASON
API_OUTBOUND_DELIVERY_0002	EntityProperty	A_OutbDeliveryHeaderType	ShippingCondition	Edm.String	0	0	2					X	X		SHIPPINGCONDITION
API_OUTBOUND_DELIVERY_0002	EntityProperty	A_OutbDeliveryHeaderType	ShippingPoint	Edm.String	0	0	4		X			X	X		SHIPPINGPOINT
API_OUTBOUND_DELIVERY_0002	EntityProperty	A_OutbDeliveryHeaderType	ShippingType	Edm.String	0	0	2					X	X		SHIPPINGTYPE
API_OUTBOUND_DELIVERY_0002	EntityProperty	A_OutbDeliveryHeaderType	ShipToParty	Edm.String	0	0	10					X	X		SHIPTOPARTY
API_OUTBOUND_DELIVERY_0002	EntityProperty	A_OutbDeliveryHeaderType	SoldToParty	Edm.String	0	0	10					X	X		SOLDTOPARTY
API_OUTBOUND_DELIVERY_0002	EntityProperty	A_OutbDeliveryHeaderType	SpecialProcessingCode	Edm.String	0	0	4					X	X		SPECIALPROCESSINGCODE
API_OUTBOUND_DELIVERY_0002	EntityProperty	A_OutbDeliveryHeaderType	StatisticsCurrency	Edm.String	0	0	5					X	X		STATISTICSCURRENCY
API_OUTBOUND_DELIVERY_0002	EntityProperty	A_OutbDeliveryHeaderType	Supplier	Edm.String	0	0	10					X	X		SUPPLIER
API_OUTBOUND_DELIVERY_0002	EntityProperty	A_OutbDeliveryHeaderType	TotalBlockStatus	Edm.String	0	0	1					X	X		TOTALBLOCKSTATUS
API_OUTBOUND_DELIVERY_0002	EntityProperty	A_OutbDeliveryHeaderType	TotalCreditCheckStatus	Edm.String	0	0	1					X	X		TOTALCREDITCHECKSTATUS
API_OUTBOUND_DELIVERY_0002	EntityProperty	A_OutbDeliveryHeaderType	TotalNumberOfPackage	Edm.String	0	0	5					X	X		TOTALNUMBEROFPACKAGE
API_OUTBOUND_DELIVERY_0002	EntityProperty	A_OutbDeliveryHeaderType	TransactionCurrency	Edm.String	0	0	5					X	X		TRANSACTIONCURRENCY
API_OUTBOUND_DELIVERY_0002	EntityProperty	A_OutbDeliveryHeaderType	TransportationGroup	Edm.String	0	0	4					X	X		TRANSPORTATIONGROUP
API_OUTBOUND_DELIVERY_0002	EntityProperty	A_OutbDeliveryHeaderType	TransportationPlanningDate	Edm.DateTime	7	0	0			X		X	X		TRANSPORTATIONPLANNINGDATE
API_OUTBOUND_DELIVERY_0002	EntityProperty	A_OutbDeliveryHeaderType	TransportationPlanningStatus	Edm.String	0	0	1					X	X		TRANSPORTATIONPLANNINGSTATUS
API_OUTBOUND_DELIVERY_0002	EntityProperty	A_OutbDeliveryHeaderType	TransportationPlanningTime	Edm.Time	0	0	0			X		X	X		TRANSPORTATIONPLANNINGTIME
API_OUTBOUND_DELIVERY_0002	EntityProperty	A_OutbDeliveryHeaderType	UnloadingPointName	Edm.String	0	0	25			X		X	X		UNLOADINGPOINTNAME
API_OUTBOUND_DELIVERY_0002	EntityProperty	A_OutbDeliveryHeaderType	Warehouse	Edm.String	0	0	3					X	X		WAREHOUSE
API_OUTBOUND_DELIVERY_0002	EntityProperty	A_OutbDeliveryHeaderType	WarehouseGate	Edm.String	0	0	3					X	X		WAREHOUSEGATE
API_OUTBOUND_DELIVERY_0002	EntityProperty	A_OutbDeliveryHeaderType	WarehouseStagingArea	Edm.String	0	0	10					X	X		WAREHOUSESTAGINGAREA
API_OUTBOUND_DELIVERY_0002	EntityProperty	A_OutbDeliveryItemTextType	DeliveryDocument	Edm.String	0	0	10	X	X						DELIVERYDOCUMENT
API_OUTBOUND_DELIVERY_0002	EntityProperty	A_OutbDeliveryItemTextType	DeliveryDocumentItem	Edm.String	0	0	6	X	X						DELIVERYDOCUMENTITEM
API_OUTBOUND_DELIVERY_0002	EntityProperty	A_OutbDeliveryItemTextType	TextElement	Edm.String	0	0	4	X	X						TEXTID
API_OUTBOUND_DELIVERY_0002	EntityProperty	A_OutbDeliveryItemTextType	Language	Edm.String	0	0	2	X	X				X		LANGUAGE
API_OUTBOUND_DELIVERY_0002	EntityProperty	A_OutbDeliveryItemTextType	TextElementDescription	Edm.String	0	0	30								TEXTIDDESCRIPTION
API_OUTBOUND_DELIVERY_0002	EntityProperty	A_OutbDeliveryItemTextType	TextElementText	Edm.String	0	0	0		X	X					COMPLETETEXTLINE
API_OUTBOUND_DELIVERY_0002	EntityProperty	A_OutbDeliveryItemTextType	DeliveryLongTextIsFormatted	Edm.Boolean	0	0	0								ISFORMATTED
API_OUTBOUND_DELIVERY_0002	EntityProperty	A_OutbDeliveryItemType	ActualDeliveredQtyInBaseUnit	Edm.Decimal	13	3	0			X		X	X		ACTUALDELIVEREDQTYINBASEUNIT
API_OUTBOUND_DELIVERY_0002	EntityProperty	A_OutbDeliveryItemType	ActualDeliveryQuantity	Edm.Decimal	13	3	0		X	X		X	X		ACTUALDELIVERYQUANTITY
API_OUTBOUND_DELIVERY_0002	EntityProperty	A_OutbDeliveryItemType	AdditionalCustomerGroup1	Edm.String	0	0	3					X	X		ADDITIONALCUSTOMERGROUP1
API_OUTBOUND_DELIVERY_0002	EntityProperty	A_OutbDeliveryItemType	AdditionalCustomerGroup2	Edm.String	0	0	3					X	X		ADDITIONALCUSTOMERGROUP2
API_OUTBOUND_DELIVERY_0002	EntityProperty	A_OutbDeliveryItemType	AdditionalCustomerGroup3	Edm.String	0	0	3					X	X		ADDITIONALCUSTOMERGROUP3
API_OUTBOUND_DELIVERY_0002	EntityProperty	A_OutbDeliveryItemType	AdditionalCustomerGroup4	Edm.String	0	0	3					X	X		ADDITIONALCUSTOMERGROUP4
API_OUTBOUND_DELIVERY_0002	EntityProperty	A_OutbDeliveryItemType	AdditionalCustomerGroup5	Edm.String	0	0	3					X	X		ADDITIONALCUSTOMERGROUP5
API_OUTBOUND_DELIVERY_0002	EntityProperty	A_OutbDeliveryItemType	AdditionalMaterialGroup1	Edm.String	0	0	3					X	X		ADDITIONALMATERIALGROUP1
API_OUTBOUND_DELIVERY_0002	EntityProperty	A_OutbDeliveryItemType	AdditionalMaterialGroup2	Edm.String	0	0	3					X	X		ADDITIONALMATERIALGROUP2
API_OUTBOUND_DELIVERY_0002	EntityProperty	A_OutbDeliveryItemType	AdditionalMaterialGroup3	Edm.String	0	0	3					X	X		ADDITIONALMATERIALGROUP3
API_OUTBOUND_DELIVERY_0002	EntityProperty	A_OutbDeliveryItemType	AdditionalMaterialGroup4	Edm.String	0	0	3					X	X		ADDITIONALMATERIALGROUP4
API_OUTBOUND_DELIVERY_0002	EntityProperty	A_OutbDeliveryItemType	AdditionalMaterialGroup5	Edm.String	0	0	3					X	X		ADDITIONALMATERIALGROUP5
API_OUTBOUND_DELIVERY_0002	EntityProperty	A_OutbDeliveryItemType	AlternateProductNumber	Edm.String	0	0	40					X	X		ALTERNATEPRODUCTNUMBER
API_OUTBOUND_DELIVERY_0002	EntityProperty	A_OutbDeliveryItemType	BaseUnit	Edm.String	0	0	3					X	X		BASEUNIT
API_OUTBOUND_DELIVERY_0002	EntityProperty	A_OutbDeliveryItemType	Batch	Edm.String	0	0	10			X		X	X		BATCH
API_OUTBOUND_DELIVERY_0002	EntityProperty	A_OutbDeliveryItemType	BatchBySupplier	Edm.String	0	0	15					X	X		BATCHBYSUPPLIER
API_OUTBOUND_DELIVERY_0002	EntityProperty	A_OutbDeliveryItemType	BatchClassification	Edm.String	0	0	18					X	X		BATCHCLASSIFICATION
API_OUTBOUND_DELIVERY_0002	EntityProperty	A_OutbDeliveryItemType	BOMExplosion	Edm.String	0	0	8					X	X		BOMEXPLOSION
API_OUTBOUND_DELIVERY_0002	EntityProperty	A_OutbDeliveryItemType	BusinessArea	Edm.String	0	0	4					X	X		BUSINESSAREA
API_OUTBOUND_DELIVERY_0002	EntityProperty	A_OutbDeliveryItemType	ConsumptionPosting	Edm.String	0	0	1					X	X		CONSUMPTIONPOSTING
API_OUTBOUND_DELIVERY_0002	EntityProperty	A_OutbDeliveryItemType	ControllingArea	Edm.String	0	0	4					X	X		CONTROLLINGAREA
API_OUTBOUND_DELIVERY_0002	EntityProperty	A_OutbDeliveryItemType	CostCenter	Edm.String	0	0	10					X	X		COSTCENTER
API_OUTBOUND_DELIVERY_0002	EntityProperty	A_OutbDeliveryItemType	CreatedByUser	Edm.String	0	0	12					X	X		CREATEDBYUSER
API_OUTBOUND_DELIVERY_0002	EntityProperty	A_OutbDeliveryItemType	CreationDate	Edm.DateTime	7	0	0					X	X		CREATIONDATE
API_OUTBOUND_DELIVERY_0002	EntityProperty	A_OutbDeliveryItemType	CreationTime	Edm.Time	0	0	0					X	X		CREATIONTIME
API_OUTBOUND_DELIVERY_0002	EntityProperty	A_OutbDeliveryItemType	CustEngineeringChgStatus	Edm.String	0	0	17					X	X		CUSTENGINEERINGCHGSTATUS
API_OUTBOUND_DELIVERY_0002	EntityProperty	A_OutbDeliveryItemType	DeliveryDocument	Edm.String	0	0	10	X	X				X		DELIVERYDOCUMENT
API_OUTBOUND_DELIVERY_0002	EntityProperty	A_OutbDeliveryItemType	DeliveryDocumentItem	Edm.String	0	0	6	X					X		DELIVERYDOCUMENTITEM
API_OUTBOUND_DELIVERY_0002	EntityProperty	A_OutbDeliveryItemType	DeliveryDocumentItemCategory	Edm.String	0	0	4					X	X		DELIVERYDOCUMENTITEMCATEGORY
API_OUTBOUND_DELIVERY_0002	EntityProperty	A_OutbDeliveryItemType	DeliveryDocumentItemText	Edm.String	0	0	40			X		X	X		DELIVERYDOCUMENTITEMTEXT
API_OUTBOUND_DELIVERY_0002	EntityProperty	A_OutbDeliveryItemType	DeliveryGroup	Edm.String	0	0	3					X	X		DELIVERYGROUP
API_OUTBOUND_DELIVERY_0002	EntityProperty	A_OutbDeliveryItemType	DeliveryQuantityUnit	Edm.String	0	0	3		X			X	X		DELIVERYQUANTITYUNIT
API_OUTBOUND_DELIVERY_0002	EntityProperty	A_OutbDeliveryItemType	DeliveryRelatedBillingStatus	Edm.String	0	0	1					X	X		DELIVERYRELATEDBILLINGSTATUS
API_OUTBOUND_DELIVERY_0002	EntityProperty	A_OutbDeliveryItemType	DeliveryToBaseQuantityDnmntr	Edm.Decimal	5	0	0					X	X		DELIVERYTOBASEQUANTITYDNMNTR
API_OUTBOUND_DELIVERY_0002	EntityProperty	A_OutbDeliveryItemType	DeliveryToBaseQuantityNmrtr	Edm.Decimal	5	0	0					X	X		DELIVERYTOBASEQUANTITYNMRTR
API_OUTBOUND_DELIVERY_0002	EntityProperty	A_OutbDeliveryItemType	DeliveryVersion	Edm.String	0	0	4					X	X		DELIVERYVERSION
API_OUTBOUND_DELIVERY_0002	EntityProperty	A_OutbDeliveryItemType	DepartmentClassificationByCust	Edm.String	0	0	4					X	X		DEPARTMENTCLASSIFICATIONBYCUST
API_OUTBOUND_DELIVERY_0002	EntityProperty	A_OutbDeliveryItemType	DistributionChannel	Edm.String	0	0	2					X	X		DISTRIBUTIONCHANNEL
API_OUTBOUND_DELIVERY_0002	EntityProperty	A_OutbDeliveryItemType	Division	Edm.String	0	0	2					X	X		DIVISION
API_OUTBOUND_DELIVERY_0002	EntityProperty	A_OutbDeliveryItemType	EUDeliveryItemARCStatus	Edm.String	0	0	0			X		X	X		EU_DELIVERYITEMARCSTATUS
API_OUTBOUND_DELIVERY_0002	EntityProperty	A_OutbDeliveryItemType	FixedShipgProcgDurationInDays	Edm.Decimal	5	2	0					X	X		FIXEDSHIPGPROCGDURATIONINDAYS
API_OUTBOUND_DELIVERY_0002	EntityProperty	A_OutbDeliveryItemType	GLAccount	Edm.String	0	0	10					X	X		GLACCOUNT
API_OUTBOUND_DELIVERY_0002	EntityProperty	A_OutbDeliveryItemType	GoodsMovementReasonCode	Edm.String	0	0	4					X	X		GOODSMOVEMENTREASONCODE
API_OUTBOUND_DELIVERY_0002	EntityProperty	A_OutbDeliveryItemType	GoodsMovementStatus	Edm.String	0	0	1					X	X		GOODSMOVEMENTSTATUS
API_OUTBOUND_DELIVERY_0002	EntityProperty	A_OutbDeliveryItemType	GoodsMovementType	Edm.String	0	0	3					X	X		GOODSMOVEMENTTYPE
API_OUTBOUND_DELIVERY_0002	EntityProperty	A_OutbDeliveryItemType	HigherLvlItmOfBatSpltItm	Edm.String	0	0	6					X	X		HIGHERLVLITMOFBATSPLTITM
API_OUTBOUND_DELIVERY_0002	EntityProperty	A_OutbDeliveryItemType	HigherLevelItem	Edm.String	0	0	6					X	X		HIGHERLEVELITEM
API_OUTBOUND_DELIVERY_0002	EntityProperty	A_OutbDeliveryItemType	InspectionLot	Edm.String	0	0	12					X	X		INSPECTIONLOT
API_OUTBOUND_DELIVERY_0002	EntityProperty	A_OutbDeliveryItemType	InspectionPartialLot	Edm.String	0	0	6					X	X		INSPECTIONPARTIALLOT
API_OUTBOUND_DELIVERY_0002	EntityProperty	A_OutbDeliveryItemType	IntercompanyBillingStatus	Edm.String	0	0	1					X	X		INTERCOMPANYBILLINGSTATUS
API_OUTBOUND_DELIVERY_0002	EntityProperty	A_OutbDeliveryItemType	InternationalArticleNumber	Edm.String	0	0	18					X	X		INTERNATIONALARTICLENUMBER
API_OUTBOUND_DELIVERY_0002	EntityProperty	A_OutbDeliveryItemType	InventorySpecialStockType	Edm.String	0	0	1					X	X		INVENTORYSPECIALSTOCKTYPE
API_OUTBOUND_DELIVERY_0002	EntityProperty	A_OutbDeliveryItemType	InventoryValuationType	Edm.String	0	0	10			X		X	X		INVENTORYVALUATIONTYPE
API_OUTBOUND_DELIVERY_0002	EntityProperty	A_OutbDeliveryItemType	IsCompletelyDelivered	Edm.Boolean	0	0	0					X	X		ISCOMPLETELYDELIVERED
API_OUTBOUND_DELIVERY_0002	EntityProperty	A_OutbDeliveryItemType	IsNotGoodsMovementsRelevant	Edm.String	0	0	1					X	X		ISNOTGOODSMOVEMENTSRELEVANT
API_OUTBOUND_DELIVERY_0002	EntityProperty	A_OutbDeliveryItemType	IsSeparateValuation	Edm.Boolean	0	0	0					X	X		ISSEPARATEVALUATION
API_OUTBOUND_DELIVERY_0002	EntityProperty	A_OutbDeliveryItemType	IssgOrRcvgBatch	Edm.String	0	0	10					X	X		ISSGORRCVGBATCH
API_OUTBOUND_DELIVERY_0002	EntityProperty	A_OutbDeliveryItemType	IssgOrRcvgMaterial	Edm.String	0	0	40					X	X		ISSGORRCVGMATERIAL
API_OUTBOUND_DELIVERY_0002	EntityProperty	A_OutbDeliveryItemType	IssgOrRcvgSpclStockInd	Edm.String	0	0	1					X	X		ISSGORRCVGSPCLSTOCKIND
API_OUTBOUND_DELIVERY_0002	EntityProperty	A_OutbDeliveryItemType	IssgOrRcvgStockCategory	Edm.String	0	0	1					X	X		ISSGORRCVGSTOCKCATEGORY
API_OUTBOUND_DELIVERY_0002	EntityProperty	A_OutbDeliveryItemType	IssgOrRcvgValuationType	Edm.String	0	0	10					X	X		ISSGORRCVGVALUATIONTYPE
API_OUTBOUND_DELIVERY_0002	EntityProperty	A_OutbDeliveryItemType	IssuingOrReceivingPlant	Edm.String	0	0	4					X	X		ISSUINGORRECEIVINGPLANT
API_OUTBOUND_DELIVERY_0002	EntityProperty	A_OutbDeliveryItemType	IssuingOrReceivingStorageLoc	Edm.String	0	0	4					X	X		ISSUINGORRECEIVINGSTORAGELOC
API_OUTBOUND_DELIVERY_0002	EntityProperty	A_OutbDeliveryItemType	ItemBillingBlockReason	Edm.String	0	0	2					X	X		ITEMBILLINGBLOCKREASON
API_OUTBOUND_DELIVERY_0002	EntityProperty	A_OutbDeliveryItemType	ItemBillingIncompletionStatus	Edm.String	0	0	1					X	X		ITEMBILLINGINCOMPLETIONSTATUS
API_OUTBOUND_DELIVERY_0002	EntityProperty	A_OutbDeliveryItemType	ItemDeliveryIncompletionStatus	Edm.String	0	0	1					X	X		ITEMDELIVERYINCOMPLETIONSTATUS
API_OUTBOUND_DELIVERY_0002	EntityProperty	A_OutbDeliveryItemType	ItemGdsMvtIncompletionSts	Edm.String	0	0	1					X	X		ITEMGDSMVTINCOMPLETIONSTS
API_OUTBOUND_DELIVERY_0002	EntityProperty	A_OutbDeliveryItemType	ItemGeneralIncompletionStatus	Edm.String	0	0	1					X	X		ITEMGENERALINCOMPLETIONSTATUS
API_OUTBOUND_DELIVERY_0002	EntityProperty	A_OutbDeliveryItemType	ItemGrossWeight	Edm.Decimal	15	3	0			X		X	X		ITEMGROSSWEIGHT
API_OUTBOUND_DELIVERY_0002	EntityProperty	A_OutbDeliveryItemType	ItemIsBillingRelevant	Edm.String	0	0	1					X	X		ITEMISBILLINGRELEVANT
API_OUTBOUND_DELIVERY_0002	EntityProperty	A_OutbDeliveryItemType	ItemNetWeight	Edm.Decimal	15	3	0			X		X	X		ITEMNETWEIGHT
API_OUTBOUND_DELIVERY_0002	EntityProperty	A_OutbDeliveryItemType	ItemPackingIncompletionStatus	Edm.String	0	0	1					X	X		ITEMPACKINGINCOMPLETIONSTATUS
API_OUTBOUND_DELIVERY_0002	EntityProperty	A_OutbDeliveryItemType	ItemPickingIncompletionStatus	Edm.String	0	0	1					X	X		ITEMPICKINGINCOMPLETIONSTATUS
API_OUTBOUND_DELIVERY_0002	EntityProperty	A_OutbDeliveryItemType	ItemVolume	Edm.Decimal	15	3	0			X		X	X		ITEMVOLUME
API_OUTBOUND_DELIVERY_0002	EntityProperty	A_OutbDeliveryItemType	ItemVolumeUnit	Edm.String	0	0	3			X		X	X		ITEMVOLUMEUNIT
API_OUTBOUND_DELIVERY_0002	EntityProperty	A_OutbDeliveryItemType	ItemWeightUnit	Edm.String	0	0	3			X		X	X		ITEMWEIGHTUNIT
API_OUTBOUND_DELIVERY_0002	EntityProperty	A_OutbDeliveryItemType	LastChangeDate	Edm.DateTime	7	0	0					X	X		LASTCHANGEDATE
API_OUTBOUND_DELIVERY_0002	EntityProperty	A_OutbDeliveryItemType	LoadingGroup	Edm.String	0	0	4					X	X		LOADINGGROUP
API_OUTBOUND_DELIVERY_0002	EntityProperty	A_OutbDeliveryItemType	ManufactureDate	Edm.DateTime	7	0	0			X		X	X		MANUFACTUREDATE
API_OUTBOUND_DELIVERY_0002	EntityProperty	A_OutbDeliveryItemType	Material	Edm.String	0	0	40					X	X		MATERIAL
API_OUTBOUND_DELIVERY_0002	EntityProperty	A_OutbDeliveryItemType	MaterialByCustomer	Edm.String	0	0	35			X		X	X		MATERIALBYCUSTOMER
API_OUTBOUND_DELIVERY_0002	EntityProperty	A_OutbDeliveryItemType	MaterialFreightGroup	Edm.String	0	0	8					X	X		MATERIALFREIGHTGROUP
API_OUTBOUND_DELIVERY_0002	EntityProperty	A_OutbDeliveryItemType	MaterialGroup	Edm.String	0	0	9					X	X		MATERIALGROUP
API_OUTBOUND_DELIVERY_0002	EntityProperty	A_OutbDeliveryItemType	MaterialIsBatchManaged	Edm.Boolean	0	0	0					X	X		MATERIALISBATCHMANAGED
API_OUTBOUND_DELIVERY_0002	EntityProperty	A_OutbDeliveryItemType	MaterialIsIntBatchManaged	Edm.Boolean	0	0	0					X	X		MATERIALISINTBATCHMANAGED
API_OUTBOUND_DELIVERY_0002	EntityProperty	A_OutbDeliveryItemType	NumberOfSerialNumbers	Edm.Int32	0	0	0					X	X		NUMBEROFSERIALNUMBERS
API_OUTBOUND_DELIVERY_0002	EntityProperty	A_OutbDeliveryItemType	OrderID	Edm.String	0	0	12					X	X		ORDERID
API_OUTBOUND_DELIVERY_0002	EntityProperty	A_OutbDeliveryItemType	OrderItem	Edm.String	0	0	4					X	X		ORDERITEM
API_OUTBOUND_DELIVERY_0002	EntityProperty	A_OutbDeliveryItemType	OriginalDeliveryQuantity	Edm.Decimal	13	3	0					X	X		ORIGINALDELIVERYQUANTITY
API_OUTBOUND_DELIVERY_0002	EntityProperty	A_OutbDeliveryItemType	OriginallyRequestedMaterial	Edm.String	0	0	40					X	X		ORIGINALLYREQUESTEDMATERIAL
API_OUTBOUND_DELIVERY_0002	EntityProperty	A_OutbDeliveryItemType	OverdelivTolrtdLmtRatioInPct	Edm.Decimal	3	1	0					X	X		OVERDELIVTOLRTDLMTRATIOINPCT
API_OUTBOUND_DELIVERY_0002	EntityProperty	A_OutbDeliveryItemType	PackingStatus	Edm.String	0	0	1					X	X		PACKINGSTATUS
API_OUTBOUND_DELIVERY_0002	EntityProperty	A_OutbDeliveryItemType	PartialDeliveryIsAllowed	Edm.String	0	0	1					X	X		PARTIALDELIVERYISALLOWED
API_OUTBOUND_DELIVERY_0002	EntityProperty	A_OutbDeliveryItemType	PaymentGuaranteeForm	Edm.String	0	0	2					X	X		PAYMENTGUARANTEEFORM
API_OUTBOUND_DELIVERY_0002	EntityProperty	A_OutbDeliveryItemType	PickingConfirmationStatus	Edm.String	0	0	1					X	X		PICKINGCONFIRMATIONSTATUS
API_OUTBOUND_DELIVERY_0002	EntityProperty	A_OutbDeliveryItemType	PickingControl	Edm.String	0	0	1					X	X		PICKINGCONTROL
API_OUTBOUND_DELIVERY_0002	EntityProperty	A_OutbDeliveryItemType	PickingStatus	Edm.String	0	0	1					X	X		PICKINGSTATUS
API_OUTBOUND_DELIVERY_0002	EntityProperty	A_OutbDeliveryItemType	Plant	Edm.String	0	0	4					X	X		PLANT
API_OUTBOUND_DELIVERY_0002	EntityProperty	A_OutbDeliveryItemType	PrimaryPostingSwitch	Edm.String	0	0	1					X	X		PRIMARYPOSTINGSWITCH
API_OUTBOUND_DELIVERY_0002	EntityProperty	A_OutbDeliveryItemType	ProductAvailabilityDate	Edm.DateTime	7	0	0					X	X		PRODUCTAVAILABILITYDATE
API_OUTBOUND_DELIVERY_0002	EntityProperty	A_OutbDeliveryItemType	ProductAvailabilityTime	Edm.Time	0	0	0					X	X		PRODUCTAVAILABILITYTIME
API_OUTBOUND_DELIVERY_0002	EntityProperty	A_OutbDeliveryItemType	ProductConfiguration	Edm.String	0	0	18					X	X		PRODUCTCONFIGURATION
API_OUTBOUND_DELIVERY_0002	EntityProperty	A_OutbDeliveryItemType	ProductHierarchyNode	Edm.String	0	0	18					X	X		PRODUCTHIERARCHYNODE
API_OUTBOUND_DELIVERY_0002	EntityProperty	A_OutbDeliveryItemType	ProfitabilitySegment	Edm.String	0	0	10					X	X		PROFITABILITYSEGMENT
API_OUTBOUND_DELIVERY_0002	EntityProperty	A_OutbDeliveryItemType	ProfitCenter	Edm.String	0	0	10					X	X		PROFITCENTER
API_OUTBOUND_DELIVERY_0002	EntityProperty	A_OutbDeliveryItemType	ProofOfDeliveryRelevanceCode	Edm.String	0	0	1					X	X		PROOFOFDELIVERYRELEVANCECODE
API_OUTBOUND_DELIVERY_0002	EntityProperty	A_OutbDeliveryItemType	ProofOfDeliveryStatus	Edm.String	0	0	1					X	X		PROOFOFDELIVERYSTATUS
API_OUTBOUND_DELIVERY_0002	EntityProperty	A_OutbDeliveryItemType	QuantityIsFixed	Edm.Boolean	0	0	0					X	X		QUANTITYISFIXED
API_OUTBOUND_DELIVERY_0002	EntityProperty	A_OutbDeliveryItemType	ReceivingPoint	Edm.String	0	0	25					X	X		RECEIVINGPOINT
API_OUTBOUND_DELIVERY_0002	EntityProperty	A_OutbDeliveryItemType	ReferenceDocumentLogicalSystem	Edm.String	0	0	10					X	X		REFERENCEDOCUMENTLOGICALSYSTEM
API_OUTBOUND_DELIVERY_0002	EntityProperty	A_OutbDeliveryItemType	ReferenceSDDocument	Edm.String	0	0	10		X			X	X		REFERENCESDDOCUMENT
API_OUTBOUND_DELIVERY_0002	EntityProperty	A_OutbDeliveryItemType	ReferenceSDDocumentCategory	Edm.String	0	0	4					X	X		REFERENCESDDOCUMENTCATEGORY
API_OUTBOUND_DELIVERY_0002	EntityProperty	A_OutbDeliveryItemType	ReferenceSDDocumentItem	Edm.String	0	0	6		X			X	X		REFERENCESDDOCUMENTITEM
API_OUTBOUND_DELIVERY_0002	EntityProperty	A_OutbDeliveryItemType	RetailPromotion	Edm.String	0	0	10					X	X		RETAILPROMOTION
API_OUTBOUND_DELIVERY_0002	EntityProperty	A_OutbDeliveryItemType	SalesDocumentItemType	Edm.String	0	0	1					X	X		SALESDOCUMENTITEMTYPE
API_OUTBOUND_DELIVERY_0002	EntityProperty	A_OutbDeliveryItemType	SalesGroup	Edm.String	0	0	3					X	X		SALESGROUP
API_OUTBOUND_DELIVERY_0002	EntityProperty	A_OutbDeliveryItemType	SalesOffice	Edm.String	0	0	4					X	X		SALESOFFICE
API_OUTBOUND_DELIVERY_0002	EntityProperty	A_OutbDeliveryItemType	SDDocumentCategory	Edm.String	0	0	4					X	X		SDDOCUMENTCATEGORY
API_OUTBOUND_DELIVERY_0002	EntityProperty	A_OutbDeliveryItemType	SDProcessStatus	Edm.String	0	0	1					X	X		SDPROCESSSTATUS
API_OUTBOUND_DELIVERY_0002	EntityProperty	A_OutbDeliveryItemType	ShelfLifeExpirationDate	Edm.DateTime	7	0	0			X		X	X		SHELFLIFEEXPIRATIONDATE
API_OUTBOUND_DELIVERY_0002	EntityProperty	A_OutbDeliveryItemType	StatisticsDate	Edm.DateTime	7	0	0					X	X		STATISTICSDATE
API_OUTBOUND_DELIVERY_0002	EntityProperty	A_OutbDeliveryItemType	StockType	Edm.String	0	0	1					X	X		STOCKTYPE
API_OUTBOUND_DELIVERY_0002	EntityProperty	A_OutbDeliveryItemType	StorageBin	Edm.String	0	0	10					X	X		STORAGEBIN
API_OUTBOUND_DELIVERY_0002	EntityProperty	A_OutbDeliveryItemType	StorageLocation	Edm.String	0	0	4			X		X	X		STORAGELOCATION
API_OUTBOUND_DELIVERY_0002	EntityProperty	A_OutbDeliveryItemType	StorageType	Edm.String	0	0	3					X	X		STORAGETYPE
API_OUTBOUND_DELIVERY_0002	EntityProperty	A_OutbDeliveryItemType	SubsequentMovementType	Edm.String	0	0	3					X	X		SUBSEQUENTMOVEMENTTYPE
API_OUTBOUND_DELIVERY_0002	EntityProperty	A_OutbDeliveryItemType	TransportationGroup	Edm.String	0	0	4					X	X		TRANSPORTATIONGROUP
API_OUTBOUND_DELIVERY_0002	EntityProperty	A_OutbDeliveryItemType	UnderdelivTolrtdLmtRatioInPct	Edm.Decimal	3	1	0					X	X		UNDERDELIVTOLRTDLMTRATIOINPCT
API_OUTBOUND_DELIVERY_0002	EntityProperty	A_OutbDeliveryItemType	UnlimitedOverdeliveryIsAllowed	Edm.Boolean	0	0	0					X	X		UNLIMITEDOVERDELIVERYISALLOWED
API_OUTBOUND_DELIVERY_0002	EntityProperty	A_OutbDeliveryItemType	VarblShipgProcgDurationInDays	Edm.Decimal	5	2	0					X	X		VARBLSHIPGPROCGDURATIONINDAYS
API_OUTBOUND_DELIVERY_0002	EntityProperty	A_OutbDeliveryItemType	Warehouse	Edm.String	0	0	3					X	X		WAREHOUSE
API_OUTBOUND_DELIVERY_0002	EntityProperty	A_OutbDeliveryItemType	WarehouseActivityStatus	Edm.String	0	0	1					X	X		WAREHOUSEACTIVITYSTATUS
API_OUTBOUND_DELIVERY_0002	EntityProperty	A_OutbDeliveryItemType	WarehouseStagingArea	Edm.String	0	0	10					X	X		WAREHOUSESTAGINGAREA
API_OUTBOUND_DELIVERY_0002	EntityProperty	A_OutbDeliveryItemType	WarehouseStockCategory	Edm.String	0	0	1					X	X		WAREHOUSESTOCKCATEGORY
API_OUTBOUND_DELIVERY_0002	EntityProperty	A_OutbDeliveryItemType	WarehouseStorageBin	Edm.String	0	0	10					X	X		WAREHOUSESTORAGEBIN
API_OUTBOUND_DELIVERY_0002	EntityProperty	A_OutbDeliveryItemType	StockSegment	Edm.String	0	0	40					X	X		STOCKSEGMENT
API_OUTBOUND_DELIVERY_0002	EntityProperty	A_OutbDeliveryItemType	RequirementSegment	Edm.String	0	0	40					X	X		REQUIREMENTSEGMENT
API_OUTBOUND_DELIVERY_0002	EntityProperty	A_OutbDeliveryItemType	ProductSeasonYear	Edm.String	0	0	4					X	X		PRODUCTSEASONYEAR
API_OUTBOUND_DELIVERY_0002	EntityProperty	A_OutbDeliveryItemType	ProductSeason	Edm.String	0	0	10					X	X		PRODUCTSEASON
API_OUTBOUND_DELIVERY_0002	EntityProperty	A_OutbDeliveryItemType	ProductCollection	Edm.String	0	0	10					X	X		PRODUCTCOLLECTION
API_OUTBOUND_DELIVERY_0002	EntityProperty	A_OutbDeliveryItemType	ProductTheme	Edm.String	0	0	10					X	X		PRODUCTTHEME
API_OUTBOUND_DELIVERY_0002	EntityProperty	A_OutbDeliveryItemType	ProductCharacteristic1	Edm.String	0	0	18					X	X		PRODUCTCHARACTERISTIC1
API_OUTBOUND_DELIVERY_0002	EntityProperty	A_OutbDeliveryItemType	ProductCharacteristic2	Edm.String	0	0	18					X	X		PRODUCTCHARACTERISTIC2
API_OUTBOUND_DELIVERY_0002	EntityProperty	A_OutbDeliveryItemType	ProductCharacteristic3	Edm.String	0	0	18					X	X		PRODUCTCHARACTERISTIC3
API_OUTBOUND_DELIVERY_0002	EntityProperty	A_OutbDeliveryPartnerType	AddressID	Edm.String	0	0	10								ADDRESSID
API_OUTBOUND_DELIVERY_0002	EntityProperty	A_OutbDeliveryPartnerType	BusinessPartnerAddressUUID	Edm.Guid	0	0	0								BUSINESSPARTNERADDRESSUUID
API_OUTBOUND_DELIVERY_0002	EntityProperty	A_OutbDeliveryPartnerType	RefBusinessPartnerAddressUUID	Edm.Guid	0	0	0								REFBUSINESSPARTNERADDRESSUUID
API_OUTBOUND_DELIVERY_0002	EntityProperty	A_OutbDeliveryPartnerType	ContactPerson	Edm.String	0	0	10								CONTACTPERSON
API_OUTBOUND_DELIVERY_0002	EntityProperty	A_OutbDeliveryPartnerType	Customer	Edm.String	0	0	10								CUSTOMER
API_OUTBOUND_DELIVERY_0002	EntityProperty	A_OutbDeliveryPartnerType	PartnerFunction	Edm.String	0	0	2	X							PARTNERFUNCTION
API_OUTBOUND_DELIVERY_0002	EntityProperty	A_OutbDeliveryPartnerType	Personnel	Edm.String	0	0	8								PERSONNEL
API_OUTBOUND_DELIVERY_0002	EntityProperty	A_OutbDeliveryPartnerType	SDDocument	Edm.String	0	0	10	X							SDDOCUMENT
API_OUTBOUND_DELIVERY_0002	EntityProperty	A_OutbDeliveryPartnerType	SDDocumentItem	Edm.String	0	0	6								SDDOCUMENTITEM
API_OUTBOUND_DELIVERY_0002	EntityProperty	A_OutbDeliveryPartnerType	Supplier	Edm.String	0	0	10								SUPPLIER
API_OUTBOUND_DELIVERY_0002	EntityProperty	A_OutbDeliveryValAddedSrvcType	DeliveryDocument	Edm.String	0	0	0	X							DELIVERYDOCUMENT
API_OUTBOUND_DELIVERY_0002	EntityProperty	A_OutbDeliveryValAddedSrvcType	DeliveryDocumentItem	Edm.String	0	0	0	X							DELIVERYDOCUMENTITEM
API_OUTBOUND_DELIVERY_0002	EntityProperty	A_OutbDeliveryValAddedSrvcType	ValAddedSrvcHasToBeOrdered	Edm.Boolean	0	0	0								VALADDEDSRVCHASTOBEORDERED
API_OUTBOUND_DELIVERY_0002	EntityProperty	A_OutbDeliveryValAddedSrvcType	ValAddedSrvcIncrement	Edm.String	0	0	0								VALADDEDSRVCINCREMENT
API_OUTBOUND_DELIVERY_0002	EntityProperty	A_OutbDeliveryValAddedSrvcType	ValAddedSrvcIsCreatedManually	Edm.String	0	0	0								VALADDEDSRVCISCREATEDMANUALLY
API_OUTBOUND_DELIVERY_0002	EntityProperty	A_OutbDeliveryValAddedSrvcType	ValAddedSrvcIsRlvtForProcmt	Edm.Boolean	0	0	0								VALADDEDSRVCISRLVTFORPROCMT
API_OUTBOUND_DELIVERY_0002	EntityProperty	A_OutbDeliveryValAddedSrvcType	ValAddedSrvcItemGroup	Edm.String	0	0	0								VALADDEDSRVCITEMGROUP
API_OUTBOUND_DELIVERY_0002	EntityProperty	A_OutbDeliveryValAddedSrvcType	ValAddedSrvcItemNumber	Edm.String	0	0	0								VALADDEDSRVCITEMNUMBER
API_OUTBOUND_DELIVERY_0002	EntityProperty	A_OutbDeliveryValAddedSrvcType	ValAddedSrvcItemNumberInSD	Edm.String	0	0	0								VALADDEDSRVCITEMNUMBERINSD
API_OUTBOUND_DELIVERY_0002	EntityProperty	A_OutbDeliveryValAddedSrvcType	ValAddedSrvcTransactionNumber	Edm.String	0	0	0								VALADDEDSRVCTRANSACTIONNUMBER
API_OUTBOUND_DELIVERY_0002	EntityProperty	A_OutbDeliveryValAddedSrvcType	ValueAddedServiceChargeCode	Edm.String	0	0	0								VALUEADDEDSERVICECHARGECODE
API_OUTBOUND_DELIVERY_0002	EntityProperty	A_OutbDeliveryValAddedSrvcType	ValueAddedServiceLongText	Edm.String	0	0	0								VALUEADDEDSERVICELONGTEXT
API_OUTBOUND_DELIVERY_0002	EntityProperty	A_OutbDeliveryValAddedSrvcType	ValueAddedServiceProduct	Edm.String	0	0	0								VALUEADDEDSERVICEPRODUCT
API_OUTBOUND_DELIVERY_0002	EntityProperty	A_OutbDeliveryValAddedSrvcType	ValueAddedServiceText1	Edm.String	0	0	0								VALUEADDEDSERVICETEXT1
API_OUTBOUND_DELIVERY_0002	EntityProperty	A_OutbDeliveryValAddedSrvcType	ValueAddedServiceText2	Edm.String	0	0	0								VALUEADDEDSERVICETEXT2
API_OUTBOUND_DELIVERY_0002	EntityProperty	A_OutbDeliveryValAddedSrvcType	ValueAddedServiceText3	Edm.String	0	0	0								VALUEADDEDSERVICETEXT3
API_OUTBOUND_DELIVERY_0002	EntityProperty	A_OutbDeliveryValAddedSrvcType	ValueAddedServiceType	Edm.String	0	0	0	X							VALUEADDEDSERVICETYPE
API_OUTBOUND_DELIVERY_0002	EntityProperty	A_OutbDeliveryValAddedSrvcType	ValueAddedSubServiceType	Edm.String	0	0	0	X							VALUEADDEDSUBSERVICETYPE
API_OUTBOUND_DELIVERY_0002	EntityProperty	A_SerialNmbrDeliveryType	DeliveryDate	Edm.DateTime	7	0	0								DELIVERYDATE
API_OUTBOUND_DELIVERY_0002	EntityProperty	A_SerialNmbrDeliveryType	DeliveryDocument	Edm.String	0	0	10								DELIVERYDOCUMENT
API_OUTBOUND_DELIVERY_0002	EntityProperty	A_SerialNmbrDeliveryType	DeliveryDocumentItem	Edm.String	0	0	6								DELIVERYDOCUMENTITEM
API_OUTBOUND_DELIVERY_0002	EntityProperty	A_SerialNmbrDeliveryType	MaintenanceItemObjectList	Edm.Int64	0	0	0	X							MAINTENANCEITEMOBJECTLIST
API_OUTBOUND_DELIVERY_0002	EntityProperty	A_SerialNmbrDeliveryType	SDDocumentCategory	Edm.String	0	0	4								SDDOCUMENTCATEGORY
API_OUTBOUND_DELIVERY_0002	FunctionParam	AddSerialNumberToDeliveryItem	DeliveryDocument	Edm.String	0	0	10								DELIVERYDOCUMENT
API_OUTBOUND_DELIVERY_0002	FunctionParam	AddSerialNumberToDeliveryItem	DeliveryDocumentItem	Edm.String	0	0	6								DELIVERYDOCUMENTITEM
API_OUTBOUND_DELIVERY_0002	FunctionParam	AddSerialNumberToDeliveryItem	SerialNumber	Edm.String	0	0	18								SERIALNUMBER
API_OUTBOUND_DELIVERY_0002	FunctionParam	AddSerialNumberToDeliveryItem	DeliveryDocument	Edm.String	0	0	10								DELIVERYDOCUMENT
API_OUTBOUND_DELIVERY_0002	FunctionParam	AddSerialNumberToDeliveryItem	DeliveryDocumentItem	Edm.String	0	0	6								DELIVERYDOCUMENTITEM
API_OUTBOUND_DELIVERY_0002	FunctionParam	AddSerialNumberToDeliveryItem	SerialNumber	Edm.String	0	0	18								SERIALNUMBER
API_OUTBOUND_DELIVERY_0002	FunctionParam	ConfirmPickingAllItems	DeliveryDocument	Edm.String	0	0	10								DELIVERYDOCUMENT
API_OUTBOUND_DELIVERY_0002	FunctionParam	ConfirmPickingAllItems	DeliveryDocument	Edm.String	0	0	10								DELIVERYDOCUMENT
API_OUTBOUND_DELIVERY_0002	FunctionParam	ConfirmPickingOneItem	DeliveryDocument	Edm.String	0	0	10								DELIVERYDOCUMENT
API_OUTBOUND_DELIVERY_0002	FunctionParam	ConfirmPickingOneItem	DeliveryDocumentItem	Edm.String	0	0	6								DELIVERYDOCUMENTITEM
API_OUTBOUND_DELIVERY_0002	FunctionParam	ConfirmPickingOneItem	DeliveryDocument	Edm.String	0	0	10								DELIVERYDOCUMENT
API_OUTBOUND_DELIVERY_0002	FunctionParam	ConfirmPickingOneItem	DeliveryDocumentItem	Edm.String	0	0	6								DELIVERYDOCUMENTITEM
API_OUTBOUND_DELIVERY_0002	FunctionParam	CreateBatchSplitItem	ActualDeliveryQuantity	Edm.Decimal	13	3	0								ACTUALDELIVERYQUANTITY
API_OUTBOUND_DELIVERY_0002	FunctionParam	CreateBatchSplitItem	Batch	Edm.String	0	0	10								BATCH
API_OUTBOUND_DELIVERY_0002	FunctionParam	CreateBatchSplitItem	DeliveryDocument	Edm.String	0	0	10								DELIVERYDOCUMENT
API_OUTBOUND_DELIVERY_0002	FunctionParam	CreateBatchSplitItem	DeliveryDocumentItem	Edm.String	0	0	6								DELIVERYDOCUMENTITEM
API_OUTBOUND_DELIVERY_0002	FunctionParam	CreateBatchSplitItem	DeliveryQuantityUnit	Edm.String	0	0	3								DELIVERYQUANTITYUNIT
API_OUTBOUND_DELIVERY_0002	FunctionParam	CreateBatchSplitItem	PickQuantityInSalesUOM	Edm.Decimal	13	3	0								PICKQUANTITYINSALESUOM
API_OUTBOUND_DELIVERY_0002	FunctionParam	CreateBatchSplitItem	ActualDeliveryQuantity	Edm.Decimal	13	3	0								ACTUALDELIVERYQUANTITY
API_OUTBOUND_DELIVERY_0002	FunctionParam	CreateBatchSplitItem	Batch	Edm.String	0	0	10								BATCH
API_OUTBOUND_DELIVERY_0002	FunctionParam	CreateBatchSplitItem	DeliveryDocument	Edm.String	0	0	10								DELIVERYDOCUMENT
API_OUTBOUND_DELIVERY_0002	FunctionParam	CreateBatchSplitItem	DeliveryDocumentItem	Edm.String	0	0	6								DELIVERYDOCUMENTITEM
API_OUTBOUND_DELIVERY_0002	FunctionParam	CreateBatchSplitItem	DeliveryQuantityUnit	Edm.String	0	0	3								DELIVERYQUANTITYUNIT
API_OUTBOUND_DELIVERY_0002	FunctionParam	CreateBatchSplitItem	PickQuantityInSalesUOM	Edm.Decimal	13	3	0								PICKQUANTITYINSALESUOM
API_OUTBOUND_DELIVERY_0002	FunctionParam	DeleteAllHandlingUnitsFromDelivery	DeliveryDocument	Edm.String	0	0	10								DELIVERYDOCUMENT
API_OUTBOUND_DELIVERY_0002	FunctionParam	DeleteAllHandlingUnitsFromDelivery	DeliveryDocument	Edm.String	0	0	10								DELIVERYDOCUMENT
API_OUTBOUND_DELIVERY_0002	FunctionParam	DeleteAllSerialNumbersFromDeliveryItem	DeliveryDocument	Edm.String	0	0	10								DELIVERYDOCUMENT
API_OUTBOUND_DELIVERY_0002	FunctionParam	DeleteAllSerialNumbersFromDeliveryItem	DeliveryDocumentItem	Edm.String	0	0	6								DELIVERYDOCUMENTITEM
API_OUTBOUND_DELIVERY_0002	FunctionParam	DeleteAllSerialNumbersFromDeliveryItem	DeliveryDocument	Edm.String	0	0	10								DELIVERYDOCUMENT
API_OUTBOUND_DELIVERY_0002	FunctionParam	DeleteAllSerialNumbersFromDeliveryItem	DeliveryDocumentItem	Edm.String	0	0	6								DELIVERYDOCUMENTITEM
API_OUTBOUND_DELIVERY_0002	FunctionParam	DeleteSerialNumberFromDeliveryItem	DeliveryDocument	Edm.String	0	0	10								DELIVERYDOCUMENT
API_OUTBOUND_DELIVERY_0002	FunctionParam	DeleteSerialNumberFromDeliveryItem	DeliveryDocumentItem	Edm.String	0	0	6								DELIVERYDOCUMENTITEM
API_OUTBOUND_DELIVERY_0002	FunctionParam	DeleteSerialNumberFromDeliveryItem	SerialNumber	Edm.String	0	0	18								SERIALNUMBER
API_OUTBOUND_DELIVERY_0002	FunctionParam	DeleteSerialNumberFromDeliveryItem	DeliveryDocument	Edm.String	0	0	10								DELIVERYDOCUMENT
API_OUTBOUND_DELIVERY_0002	FunctionParam	DeleteSerialNumberFromDeliveryItem	DeliveryDocumentItem	Edm.String	0	0	6								DELIVERYDOCUMENTITEM
API_OUTBOUND_DELIVERY_0002	FunctionParam	DeleteSerialNumberFromDeliveryItem	SerialNumber	Edm.String	0	0	18								SERIALNUMBER
API_OUTBOUND_DELIVERY_0002	FunctionParam	PickAllItems	DeliveryDocument	Edm.String	0	0	10								DELIVERYDOCUMENT
API_OUTBOUND_DELIVERY_0002	FunctionParam	PickAndBatchSplitOneItem	Batch	Edm.String	0	0	10								BATCH
API_OUTBOUND_DELIVERY_0002	FunctionParam	PickAndBatchSplitOneItem	DeliveryDocument	Edm.String	0	0	10								DELIVERYDOCUMENT
API_OUTBOUND_DELIVERY_0002	FunctionParam	PickAndBatchSplitOneItem	DeliveryDocumentItem	Edm.String	0	0	6								DELIVERYDOCUMENTITEM
API_OUTBOUND_DELIVERY_0002	FunctionParam	PickAndBatchSplitOneItem	SplitQuantity	Edm.Decimal	13	3	0								SPLITQUANTITY
API_OUTBOUND_DELIVERY_0002	FunctionParam	PickAndBatchSplitOneItem	SplitQuantityUnit	Edm.String	0	0	3								SPLITQUANTITYUNIT
API_OUTBOUND_DELIVERY_0002	FunctionParam	PickAndBatchSplitOneItem	Batch	Edm.String	0	0	10								BATCH
API_OUTBOUND_DELIVERY_0002	FunctionParam	PickAndBatchSplitOneItem	DeliveryDocument	Edm.String	0	0	10								DELIVERYDOCUMENT
API_OUTBOUND_DELIVERY_0002	FunctionParam	PickAndBatchSplitOneItem	DeliveryDocumentItem	Edm.String	0	0	6								DELIVERYDOCUMENTITEM
API_OUTBOUND_DELIVERY_0002	FunctionParam	PickAndBatchSplitOneItem	SplitQuantity	Edm.Decimal	13	3	0								SPLITQUANTITY
API_OUTBOUND_DELIVERY_0002	FunctionParam	PickAndBatchSplitOneItem	SplitQuantityUnit	Edm.String	0	0	3								SPLITQUANTITYUNIT
API_OUTBOUND_DELIVERY_0002	FunctionParam	PickOneItemWithBaseQuantity	ActualDeliveredQtyInBaseUnit	Edm.Decimal	13	3	0							BaseUnit	ACTUALDELIVEREDQTYINBASEUNIT
API_OUTBOUND_DELIVERY_0002	FunctionParam	PickOneItemWithBaseQuantity	BaseUnit	Edm.String	0	0	3								BASEUNIT
API_OUTBOUND_DELIVERY_0002	FunctionParam	PickOneItemWithBaseQuantity	DeliveryDocument	Edm.String	0	0	10								DELIVERYDOCUMENT
API_OUTBOUND_DELIVERY_0002	FunctionParam	PickOneItemWithBaseQuantity	DeliveryDocumentItem	Edm.String	0	0	6								DELIVERYDOCUMENTITEM
API_OUTBOUND_DELIVERY_0002	FunctionParam	PickOneItemWithBaseQuantity	ActualDeliveredQtyInBaseUnit	Edm.Decimal	13	3	0							BaseUnit	ACTUALDELIVEREDQTYINBASEUNIT
API_OUTBOUND_DELIVERY_0002	FunctionParam	PickOneItemWithBaseQuantity	BaseUnit	Edm.String	0	0	3								BASEUNIT
API_OUTBOUND_DELIVERY_0002	FunctionParam	PickOneItemWithBaseQuantity	DeliveryDocument	Edm.String	0	0	10								DELIVERYDOCUMENT
API_OUTBOUND_DELIVERY_0002	FunctionParam	PickOneItemWithBaseQuantity	DeliveryDocumentItem	Edm.String	0	0	6								DELIVERYDOCUMENTITEM
API_OUTBOUND_DELIVERY_0002	FunctionParam	PickOneItemWithSalesQuantity	ActualDeliveryQuantity	Edm.Decimal	13	3	0							DeliveryQuantityUnit	ACTUALDELIVERYQUANTITY
API_OUTBOUND_DELIVERY_0002	FunctionParam	PickOneItemWithSalesQuantity	DeliveryDocument	Edm.String	0	0	10								DELIVERYDOCUMENT
API_OUTBOUND_DELIVERY_0002	FunctionParam	PickOneItemWithSalesQuantity	DeliveryDocumentItem	Edm.String	0	0	6								DELIVERYDOCUMENTITEM
API_OUTBOUND_DELIVERY_0002	FunctionParam	PickOneItemWithSalesQuantity	DeliveryQuantityUnit	Edm.String	0	0	3								DELIVERYQUANTITYUNIT
API_OUTBOUND_DELIVERY_0002	FunctionParam	PickOneItemWithSalesQuantity	ActualDeliveryQuantity	Edm.Decimal	13	3	0							DeliveryQuantityUnit	ACTUALDELIVERYQUANTITY
API_OUTBOUND_DELIVERY_0002	FunctionParam	PickOneItemWithSalesQuantity	DeliveryDocument	Edm.String	0	0	10								DELIVERYDOCUMENT
API_OUTBOUND_DELIVERY_0002	FunctionParam	PickOneItemWithSalesQuantity	DeliveryDocumentItem	Edm.String	0	0	6								DELIVERYDOCUMENTITEM
API_OUTBOUND_DELIVERY_0002	FunctionParam	PickOneItemWithSalesQuantity	DeliveryQuantityUnit	Edm.String	0	0	3								DELIVERYQUANTITYUNIT
API_OUTBOUND_DELIVERY_0002	FunctionParam	PickOneItem	DeliveryDocument	Edm.String	0	0	10								DELIVERYDOCUMENT
API_OUTBOUND_DELIVERY_0002	FunctionParam	PickOneItem	DeliveryDocumentItem	Edm.String	0	0	6								DELIVERYDOCUMENTITEM
API_OUTBOUND_DELIVERY_0002	FunctionParam	PostGoodsIssue	DeliveryDocument	Edm.String	0	0	10								DELIVERYDOCUMENT
API_OUTBOUND_DELIVERY_0002	FunctionParam	PostGoodsIssue	DeliveryDocument	Edm.String	0	0	10								DELIVERYDOCUMENT
API_OUTBOUND_DELIVERY_0002	FunctionParam	ReverseGoodsIssue	ActualGoodsMovementDate	Edm.DateTime	7	0	0								ACTUALGOODSMOVEMENTDATE
API_OUTBOUND_DELIVERY_0002	FunctionParam	ReverseGoodsIssue	DeliveryDocument	Edm.String	0	0	10								DELIVERYDOCUMENT
API_OUTBOUND_DELIVERY_0002	FunctionParam	ReverseGoodsIssue	ActualGoodsMovementDate	Edm.DateTime	7	0	0								ACTUALGOODSMOVEMENTDATE
API_OUTBOUND_DELIVERY_0002	FunctionParam	ReverseGoodsIssue	DeliveryDocument	Edm.String	0	0	10								DELIVERYDOCUMENT
API_OUTBOUND_DELIVERY_0002	FunctionParam	SetPickingQuantityWithBaseQuantity	ActualDeliveredQtyInBaseUnit	Edm.Decimal	13	3	0							BaseUnit	QUANTITYINBASEUNIT
API_OUTBOUND_DELIVERY_0002	FunctionParam	SetPickingQuantityWithBaseQuantity	BaseUnit	Edm.String	0	0	3								BASEUNIT
API_OUTBOUND_DELIVERY_0002	FunctionParam	SetPickingQuantityWithBaseQuantity	DeliveryDocument	Edm.String	0	0	10								DELIVERYDOCUMENT
API_OUTBOUND_DELIVERY_0002	FunctionParam	SetPickingQuantityWithBaseQuantity	DeliveryDocumentItem	Edm.String	0	0	6								DELIVERYDOCUMENTITEM
API_OUTBOUND_DELIVERY_0002	FunctionParam	SetPickingQuantityWithBaseQuantity	ActualDeliveredQtyInBaseUnit	Edm.Decimal	13	3	0							BaseUnit	QUANTITYINBASEUNIT
API_OUTBOUND_DELIVERY_0002	FunctionParam	SetPickingQuantityWithBaseQuantity	BaseUnit	Edm.String	0	0	3								BASEUNIT
API_OUTBOUND_DELIVERY_0002	FunctionParam	SetPickingQuantityWithBaseQuantity	DeliveryDocument	Edm.String	0	0	10								DELIVERYDOCUMENT
API_OUTBOUND_DELIVERY_0002	FunctionParam	SetPickingQuantityWithBaseQuantity	DeliveryDocumentItem	Edm.String	0	0	6								DELIVERYDOCUMENTITEM
API_OUTBOUND_DELIVERY	ComplexProperty	PickingReport	SystemMessageIdentification	Edm.String	0	0	20					X			MSGID
API_OUTBOUND_DELIVERY	ComplexProperty	PickingReport	SystemMessageNumber	Edm.String	0	0	3					X			MSGNO
API_OUTBOUND_DELIVERY	ComplexProperty	PickingReport	SystemMessageType	Edm.String	0	0	1					X			MSGTY
API_OUTBOUND_DELIVERY	ComplexProperty	PickingReport	SystemMessageVariable1	Edm.String	0	0	50					X			MSGV1
API_OUTBOUND_DELIVERY	ComplexProperty	PickingReport	SystemMessageVariable2	Edm.String	0	0	50					X			MSGV2
API_OUTBOUND_DELIVERY	ComplexProperty	PickingReport	SystemMessageVariable3	Edm.String	0	0	50					X			MSGV3
API_OUTBOUND_DELIVERY	ComplexProperty	PickingReport	SystemMessageVariable4	Edm.String	0	0	50					X			MSGV4
API_OUTBOUND_DELIVERY	ComplexProperty	PickingReport	Batch	Edm.String	0	0	10					X			CHARG
API_OUTBOUND_DELIVERY	ComplexProperty	PickingReport	DeliveryQuantityUnit	Edm.String	0	0	3					X			VRKME
API_OUTBOUND_DELIVERY	ComplexProperty	PickingReport	ActualDeliveryQuantity	Edm.Decimal	13	3	0					X			LFIMG
API_OUTBOUND_DELIVERY	ComplexProperty	PickingReport	DeliveryDocumentItemText	Edm.String	0	0	40					X			ARKTX
API_OUTBOUND_DELIVERY	ComplexProperty	PickingReport	Material	Edm.String	0	0	40					X			MATNR
API_OUTBOUND_DELIVERY	ComplexProperty	PickingReport	DeliveryDocumentItem	Edm.String	0	0	6					X			POSNR
API_OUTBOUND_DELIVERY	ComplexProperty	PickingReport	DeliveryDocument	Edm.String	0	0	6					X			VBELN
API_OUTBOUND_DELIVERY	ComplexProperty	Return	CollectiveProcessing	Edm.String	0	0	10					X			SAMMG
API_OUTBOUND_DELIVERY	ComplexProperty	Return	DeliveryDocument	Edm.String	0	0	10					X			VBELN
API_OUTBOUND_DELIVERY	ComplexProperty	Return	DeliveryDocumentItem	Edm.String	0	0	6					X			POSNR
API_OUTBOUND_DELIVERY	ComplexProperty	Return	ScheduleLine	Edm.String	0	0	4					X			ETENR
API_OUTBOUND_DELIVERY	ComplexProperty	Return	CollectiveProcessingMsgCounter	Edm.String	0	0	2					X			ZAEHL
API_OUTBOUND_DELIVERY	ComplexProperty	Return	SystemMessageIdentification	Edm.String	0	0	20					X			MSGID
API_OUTBOUND_DELIVERY	ComplexProperty	Return	SystemMessageNumber	Edm.String	0	0	3					X			MSGNO
API_OUTBOUND_DELIVERY	ComplexProperty	Return	SystemMessageType	Edm.String	0	0	1					X			MSGTY
API_OUTBOUND_DELIVERY	ComplexProperty	Return	SystemMessageVariable1	Edm.String	0	0	50					X			MSGV1
API_OUTBOUND_DELIVERY	ComplexProperty	Return	SystemMessageVariable2	Edm.String	0	0	50					X			MSGV2
API_OUTBOUND_DELIVERY	ComplexProperty	Return	SystemMessageVariable3	Edm.String	0	0	50					X			MSGV3
API_OUTBOUND_DELIVERY	ComplexProperty	Return	SystemMessageVariable4	Edm.String	0	0	50					X			MSGV4
API_OUTBOUND_DELIVERY	ComplexProperty	Return	CollectiveProcessingType	Edm.String	0	0	1					X			SMART
API_OUTBOUND_DELIVERY	EntityProperty	A_MaintenanceItemObjectType	Assembly	Edm.String	0	0	40								ASSEMBLY
API_OUTBOUND_DELIVERY	EntityProperty	A_MaintenanceItemObjectType	Equipment	Edm.String	0	0	18								EQUIPMENT
API_OUTBOUND_DELIVERY	EntityProperty	A_MaintenanceItemObjectType	FunctionalLocation	Edm.String	0	0	40								FUNCTIONALLOCATION
API_OUTBOUND_DELIVERY	EntityProperty	A_MaintenanceItemObjectType	MaintenanceItemObject	Edm.Int32	0	0	0	X							MAINTENANCEITEMOBJECT
API_OUTBOUND_DELIVERY	EntityProperty	A_MaintenanceItemObjectType	MaintenanceItemObjectList	Edm.Int32	0	0	0	X							MAINTENANCEITEMOBJECTLIST
API_OUTBOUND_DELIVERY	EntityProperty	A_MaintenanceItemObjectType	MaintenanceNotification	Edm.String	0	0	12								MAINTENANCENOTIFICATION
API_OUTBOUND_DELIVERY	EntityProperty	A_MaintenanceItemObjectType	MaintObjectLocAcctAssgmtNmbr	Edm.String	0	0	12								MAINTOBJECTLOCACCTASSGMTNMBR
API_OUTBOUND_DELIVERY	EntityProperty	A_MaintenanceItemObjectType	Material	Edm.String	0	0	40								MATERIAL
API_OUTBOUND_DELIVERY	EntityProperty	A_MaintenanceItemObjectType	SerialNumber	Edm.String	0	0	18		X						SERIALNUMBER
API_OUTBOUND_DELIVERY	EntityProperty	A_OutbDeliveryAddressType	AdditionalStreetPrefixName	Edm.String	0	0	40								ADDITIONALSTREETPREFIXNAME
API_OUTBOUND_DELIVERY	EntityProperty	A_OutbDeliveryAddressType	AdditionalStreetSuffixName	Edm.String	0	0	40								ADDITIONALSTREETSUFFIXNAME
API_OUTBOUND_DELIVERY	EntityProperty	A_OutbDeliveryAddressType	AddressID	Edm.String	0	0	10	X							ADDRESSID
API_OUTBOUND_DELIVERY	EntityProperty	A_OutbDeliveryAddressType	AddressTimeZone	Edm.String	0	0	6								ADDRESSTIMEZONE
API_OUTBOUND_DELIVERY	EntityProperty	A_OutbDeliveryAddressType	Building	Edm.String	0	0	20								BUILDING
API_OUTBOUND_DELIVERY	EntityProperty	A_OutbDeliveryAddressType	BusinessPartnerName1	Edm.String	0	0	40								BUSINESSPARTNERNAME1
API_OUTBOUND_DELIVERY	EntityProperty	A_OutbDeliveryAddressType	BusinessPartnerName2	Edm.String	0	0	40								BUSINESSPARTNERNAME2
API_OUTBOUND_DELIVERY	EntityProperty	A_OutbDeliveryAddressType	BusinessPartnerName3	Edm.String	0	0	40								BUSINESSPARTNERNAME3
API_OUTBOUND_DELIVERY	EntityProperty	A_OutbDeliveryAddressType	BusinessPartnerName4	Edm.String	0	0	40								BUSINESSPARTNERNAME4
API_OUTBOUND_DELIVERY	EntityProperty	A_OutbDeliveryAddressType	CareOfName	Edm.String	0	0	40								CAREOFNAME
API_OUTBOUND_DELIVERY	EntityProperty	A_OutbDeliveryAddressType	CityCode	Edm.String	0	0	12								CITYCODE
API_OUTBOUND_DELIVERY	EntityProperty	A_OutbDeliveryAddressType	CityName	Edm.String	0	0	40								CITYNAME
API_OUTBOUND_DELIVERY	EntityProperty	A_OutbDeliveryAddressType	CitySearch	Edm.String	0	0	25								CITYSEARCH
API_OUTBOUND_DELIVERY	EntityProperty	A_OutbDeliveryAddressType	CompanyPostalCode	Edm.String	0	0	10								COMPANYPOSTALCODE
API_OUTBOUND_DELIVERY	EntityProperty	A_OutbDeliveryAddressType	CorrespondenceLanguage	Edm.String	0	0	2								CORRESPONDENCELANGUAGE
API_OUTBOUND_DELIVERY	EntityProperty	A_OutbDeliveryAddressType	Country	Edm.String	0	0	3								COUNTRY
API_OUTBOUND_DELIVERY	EntityProperty	A_OutbDeliveryAddressType	County	Edm.String	0	0	40								COUNTY
API_OUTBOUND_DELIVERY	EntityProperty	A_OutbDeliveryAddressType	DeliveryServiceNumber	Edm.String	0	0	10								DELIVERYSERVICENUMBER
API_OUTBOUND_DELIVERY	EntityProperty	A_OutbDeliveryAddressType	DeliveryServiceTypeCode	Edm.String	0	0	4								DELIVERYSERVICETYPECODE
API_OUTBOUND_DELIVERY	EntityProperty	A_OutbDeliveryAddressType	District	Edm.String	0	0	40								DISTRICT
API_OUTBOUND_DELIVERY	EntityProperty	A_OutbDeliveryAddressType	FaxNumber	Edm.String	0	0	30								FAXNUMBER
API_OUTBOUND_DELIVERY	EntityProperty	A_OutbDeliveryAddressType	Floor	Edm.String	0	0	10								FLOOR
API_OUTBOUND_DELIVERY	EntityProperty	A_OutbDeliveryAddressType	FormOfAddress	Edm.String	0	0	4								FORMOFADDRESS
API_OUTBOUND_DELIVERY	EntityProperty	A_OutbDeliveryAddressType	FullName	Edm.String	0	0	80								FULLNAME
API_OUTBOUND_DELIVERY	EntityProperty	A_OutbDeliveryAddressType	HomeCityName	Edm.String	0	0	40								HOMECITYNAME
API_OUTBOUND_DELIVERY	EntityProperty	A_OutbDeliveryAddressType	HouseNumber	Edm.String	0	0	10								HOUSENUMBER
API_OUTBOUND_DELIVERY	EntityProperty	A_OutbDeliveryAddressType	HouseNumberSupplementText	Edm.String	0	0	10								HOUSENUMBERSUPPLEMENTTEXT
API_OUTBOUND_DELIVERY	EntityProperty	A_OutbDeliveryAddressType	Nation	Edm.String	0	0	1								NATION
API_OUTBOUND_DELIVERY	EntityProperty	A_OutbDeliveryAddressType	Person	Edm.String	0	0	10								PERSON
API_OUTBOUND_DELIVERY	EntityProperty	A_OutbDeliveryAddressType	PhoneNumber	Edm.String	0	0	30								PHONENUMBER
API_OUTBOUND_DELIVERY	EntityProperty	A_OutbDeliveryAddressType	POBox	Edm.String	0	0	10								POBOX
API_OUTBOUND_DELIVERY	EntityProperty	A_OutbDeliveryAddressType	POBoxDeviatingCityName	Edm.String	0	0	40								POBOXDEVIATINGCITYNAME
API_OUTBOUND_DELIVERY	EntityProperty	A_OutbDeliveryAddressType	POBoxDeviatingCountry	Edm.String	0	0	3								POBOXDEVIATINGCOUNTRY
API_OUTBOUND_DELIVERY	EntityProperty	A_OutbDeliveryAddressType	POBoxDeviatingRegion	Edm.String	0	0	3								POBOXDEVIATINGREGION
API_OUTBOUND_DELIVERY	EntityProperty	A_OutbDeliveryAddressType	POBoxIsWithoutNumber	Edm.Boolean	0	0	0								POBOXISWITHOUTNUMBER
API_OUTBOUND_DELIVERY	EntityProperty	A_OutbDeliveryAddressType	POBoxLobbyName	Edm.String	0	0	40								POBOXLOBBYNAME
API_OUTBOUND_DELIVERY	EntityProperty	A_OutbDeliveryAddressType	POBoxPostalCode	Edm.String	0	0	10								POBOXPOSTALCODE
API_OUTBOUND_DELIVERY	EntityProperty	A_OutbDeliveryAddressType	PostalCode	Edm.String	0	0	10								POSTALCODE
API_OUTBOUND_DELIVERY	EntityProperty	A_OutbDeliveryAddressType	PrfrdCommMediumType	Edm.String	0	0	3								PRFRDCOMMMEDIUMTYPE
API_OUTBOUND_DELIVERY	EntityProperty	A_OutbDeliveryAddressType	Region	Edm.String	0	0	3								REGION
API_OUTBOUND_DELIVERY	EntityProperty	A_OutbDeliveryAddressType	RoomNumber	Edm.String	0	0	10								ROOMNUMBER
API_OUTBOUND_DELIVERY	EntityProperty	A_OutbDeliveryAddressType	SearchTerm1	Edm.String	0	0	20								SEARCHTERM1
API_OUTBOUND_DELIVERY	EntityProperty	A_OutbDeliveryAddressType	StreetName	Edm.String	0	0	60								STREETNAME
API_OUTBOUND_DELIVERY	EntityProperty	A_OutbDeliveryAddressType	StreetPrefixName	Edm.String	0	0	40								STREETPREFIXNAME
API_OUTBOUND_DELIVERY	EntityProperty	A_OutbDeliveryAddressType	StreetSearch	Edm.String	0	0	25								STREETSEARCH
API_OUTBOUND_DELIVERY	EntityProperty	A_OutbDeliveryAddressType	StreetSuffixName	Edm.String	0	0	40								STREETSUFFIXNAME
API_OUTBOUND_DELIVERY	EntityProperty	A_OutbDeliveryAddressType	TaxJurisdiction	Edm.String	0	0	15								TAXJURISDICTION
API_OUTBOUND_DELIVERY	EntityProperty	A_OutbDeliveryAddressType	TransportZone	Edm.String	0	0	10								TRANSPORTZONE
API_OUTBOUND_DELIVERY	EntityProperty	A_OutbDeliveryDocFlowType	Deliveryversion	Edm.String	0	0	4					X			DELIVERYVERSION
API_OUTBOUND_DELIVERY	EntityProperty	A_OutbDeliveryDocFlowType	PrecedingDocument	Edm.String	0	0	10	X							PRECEDINGDOCUMENT
API_OUTBOUND_DELIVERY	EntityProperty	A_OutbDeliveryDocFlowType	PrecedingDocumentCategory	Edm.String	0	0	4					X			PRECEDINGDOCUMENTCATEGORY
API_OUTBOUND_DELIVERY	EntityProperty	A_OutbDeliveryDocFlowType	PrecedingDocumentItem	Edm.String	0	0	6	X							PRECEDINGDOCUMENTITEM
API_OUTBOUND_DELIVERY	EntityProperty	A_OutbDeliveryDocFlowType	Subsequentdocument	Edm.String	0	0	10					X			SUBSEQUENTDOCUMENT
API_OUTBOUND_DELIVERY	EntityProperty	A_OutbDeliveryDocFlowType	QuantityInBaseUnit	Edm.Decimal	15	3	0			X		X			QUANTITYINBASEUNIT
API_OUTBOUND_DELIVERY	EntityProperty	A_OutbDeliveryDocFlowType	SubsequentDocumentItem	Edm.String	0	0	6					X			SUBSEQUENTDOCUMENTITEM
API_OUTBOUND_DELIVERY	EntityProperty	A_OutbDeliveryDocFlowType	SDFulfillmentCalculationRule	Edm.String	0	0	1					X			SDFULFILLMENTCALCULATIONRULE
API_OUTBOUND_DELIVERY	EntityProperty	A_OutbDeliveryDocFlowType	SubsequentDocumentCategory	Edm.String	0	0	4	X							SUBSEQUENTDOCUMENTCATEGORY
API_OUTBOUND_DELIVERY	EntityProperty	A_OutbDeliveryDocFlowType	TransferOrderInWrhsMgmtIsConfd	Edm.Boolean	0	0	0					X			TRANSFERORDERINWRHSMGMTISCONFD
API_OUTBOUND_DELIVERY	EntityProperty	A_OutbDeliveryHeaderType	ActualDeliveryRoute	Edm.String	0	0	6					X			ACTUALDELIVERYROUTE
API_OUTBOUND_DELIVERY	EntityProperty	A_OutbDeliveryHeaderType	Shippinglocationtimezone	Edm.String	0	0	6								SHIPPINGLOCATIONTIMEZONE
API_OUTBOUND_DELIVERY	EntityProperty	A_OutbDeliveryHeaderType	ActualGoodsMovementDate	Edm.DateTime	7	0	0			X		X			ACTUALGOODSMOVEMENTDATE
API_OUTBOUND_DELIVERY	EntityProperty	A_OutbDeliveryHeaderType	Receivinglocationtimezone	Edm.String	0	0	6								RECEIVINGLOCATIONTIMEZONE
API_OUTBOUND_DELIVERY	EntityProperty	A_OutbDeliveryHeaderType	ActualGoodsMovementTime	Edm.Time	0	0	0					X			ACTUALGOODSMOVEMENTTIME
API_OUTBOUND_DELIVERY	EntityProperty	A_OutbDeliveryHeaderType	BillingDocumentDate	Edm.DateTime	7	0	0					X			BILLINGDOCUMENTDATE
API_OUTBOUND_DELIVERY	EntityProperty	A_OutbDeliveryHeaderType	BillOfLading	Edm.String	0	0	35			X		X			BILLOFLADING
API_OUTBOUND_DELIVERY	EntityProperty	A_OutbDeliveryHeaderType	CompleteDeliveryIsDefined	Edm.Boolean	0	0	0					X			COMPLETEDELIVERYISDEFINED
API_OUTBOUND_DELIVERY	EntityProperty	A_OutbDeliveryHeaderType	ConfirmationTime	Edm.Time	0	0	0					X			CONFIRMATIONTIME
API_OUTBOUND_DELIVERY	EntityProperty	A_OutbDeliveryHeaderType	CreatedByUser	Edm.String	0	0	12					X			CREATEDBYUSER
API_OUTBOUND_DELIVERY	EntityProperty	A_OutbDeliveryHeaderType	CreationDate	Edm.DateTime	7	0	0					X			CREATIONDATE
API_OUTBOUND_DELIVERY	EntityProperty	A_OutbDeliveryHeaderType	CreationTime	Edm.Time	0	0	0					X			CREATIONTIME
API_OUTBOUND_DELIVERY	EntityProperty	A_OutbDeliveryHeaderType	CustomerGroup	Edm.String	0	0	2					X			CUSTOMERGROUP
API_OUTBOUND_DELIVERY	EntityProperty	A_OutbDeliveryHeaderType	DeliveryBlockReason	Edm.String	0	0	2			X		X			DELIVERYBLOCKREASON
API_OUTBOUND_DELIVERY	EntityProperty	A_OutbDeliveryHeaderType	DeliveryDate	Edm.DateTime	7	0	0			X		X			DELIVERYDATE
API_OUTBOUND_DELIVERY	EntityProperty	A_OutbDeliveryHeaderType	DeliveryDocument	Edm.String	0	0	10	X							DELIVERYDOCUMENT
API_OUTBOUND_DELIVERY	EntityProperty	A_OutbDeliveryHeaderType	DeliveryDocumentBySupplier	Edm.String	0	0	35			X		X			DELIVERYDOCUMENTBYSUPPLIER
API_OUTBOUND_DELIVERY	EntityProperty	A_OutbDeliveryHeaderType	DeliveryDocumentType	Edm.String	0	0	4					X			DELIVERYDOCUMENTTYPE
API_OUTBOUND_DELIVERY	EntityProperty	A_OutbDeliveryHeaderType	DeliveryIsInPlant	Edm.Boolean	0	0	0					X			DELIVERYISINPLANT
API_OUTBOUND_DELIVERY	EntityProperty	A_OutbDeliveryHeaderType	DeliveryPriority	Edm.String	0	0	2			X		X			DELIVERYPRIORITY
API_OUTBOUND_DELIVERY	EntityProperty	A_OutbDeliveryHeaderType	DeliveryTime	Edm.Time	0	0	0			X		X			DELIVERYTIME
API_OUTBOUND_DELIVERY	EntityProperty	A_OutbDeliveryHeaderType	DeliveryVersion	Edm.String	0	0	4					X			DELIVERYVERSION
API_OUTBOUND_DELIVERY	EntityProperty	A_OutbDeliveryHeaderType	DepreciationPercentage	Edm.Decimal	5	2	0					X			DEPRECIATIONPERCENTAGE
API_OUTBOUND_DELIVERY	EntityProperty	A_OutbDeliveryHeaderType	DistrStatusByDecentralizedWrhs	Edm.String	0	0	1					X			DISTRSTATUSBYDECENTRALIZEDWRHS
API_OUTBOUND_DELIVERY	EntityProperty	A_OutbDeliveryHeaderType	DocumentDate	Edm.DateTime	7	0	0					X			DOCUMENTDATE
API_OUTBOUND_DELIVERY	EntityProperty	A_OutbDeliveryHeaderType	ExternalIdentificationType	Edm.String	0	0	1					X			EXTERNALIDENTIFICATIONTYPE
API_OUTBOUND_DELIVERY	EntityProperty	A_OutbDeliveryHeaderType	ExternalTransportSystem	Edm.String	0	0	5					X			EXTERNALTRANSPORTSYSTEM
API_OUTBOUND_DELIVERY	EntityProperty	A_OutbDeliveryHeaderType	FactoryCalendarByCustomer	Edm.String	0	0	2					X			FACTORYCALENDARBYCUSTOMER
API_OUTBOUND_DELIVERY	EntityProperty	A_OutbDeliveryHeaderType	GoodsIssueOrReceiptSlipNumber	Edm.String	0	0	10					X			GOODSISSUEORRECEIPTSLIPNUMBER
API_OUTBOUND_DELIVERY	EntityProperty	A_OutbDeliveryHeaderType	GoodsIssueTime	Edm.Time	0	0	0			X		X			GOODSISSUETIME
API_OUTBOUND_DELIVERY	EntityProperty	A_OutbDeliveryHeaderType	HandlingUnitInStock	Edm.String	0	0	1					X			HANDLINGUNITINSTOCK
API_OUTBOUND_DELIVERY	EntityProperty	A_OutbDeliveryHeaderType	HdrGeneralIncompletionStatus	Edm.String	0	0	1					X			HDRGENERALINCOMPLETIONSTATUS
API_OUTBOUND_DELIVERY	EntityProperty	A_OutbDeliveryHeaderType	HdrGoodsMvtIncompletionStatus	Edm.String	0	0	1					X			HDRGOODSMVTINCOMPLETIONSTATUS
API_OUTBOUND_DELIVERY	EntityProperty	A_OutbDeliveryHeaderType	HeaderBillgIncompletionStatus	Edm.String	0	0	1					X			HEADERBILLGINCOMPLETIONSTATUS
API_OUTBOUND_DELIVERY	EntityProperty	A_OutbDeliveryHeaderType	HeaderBillingBlockReason	Edm.String	0	0	2					X			HEADERBILLINGBLOCKREASON
API_OUTBOUND_DELIVERY	EntityProperty	A_OutbDeliveryHeaderType	HeaderDelivIncompletionStatus	Edm.String	0	0	1					X			HEADERDELIVINCOMPLETIONSTATUS
API_OUTBOUND_DELIVERY	EntityProperty	A_OutbDeliveryHeaderType	HeaderGrossWeight	Edm.Decimal	15	3	0			X		X			HEADERGROSSWEIGHT
API_OUTBOUND_DELIVERY	EntityProperty	A_OutbDeliveryHeaderType	HeaderNetWeight	Edm.Decimal	15	3	0			X		X			HEADERNETWEIGHT
API_OUTBOUND_DELIVERY	EntityProperty	A_OutbDeliveryHeaderType	HeaderPackingIncompletionSts	Edm.String	0	0	1					X			HEADERPACKINGINCOMPLETIONSTS
API_OUTBOUND_DELIVERY	EntityProperty	A_OutbDeliveryHeaderType	HeaderPickgIncompletionStatus	Edm.String	0	0	1					X			HEADERPICKGINCOMPLETIONSTATUS
API_OUTBOUND_DELIVERY	EntityProperty	A_OutbDeliveryHeaderType	HeaderVolume	Edm.Decimal	15	3	0			X		X			HEADERVOLUME
API_OUTBOUND_DELIVERY	EntityProperty	A_OutbDeliveryHeaderType	HeaderVolumeUnit	Edm.String	0	0	3			X		X			HEADERVOLUMEUNIT
API_OUTBOUND_DELIVERY	EntityProperty	A_OutbDeliveryHeaderType	HeaderWeightUnit	Edm.String	0	0	3			X		X			HEADERWEIGHTUNIT
API_OUTBOUND_DELIVERY	EntityProperty	A_OutbDeliveryHeaderType	IncotermsClassification	Edm.String	0	0	3			X		X			INCOTERMSCLASSIFICATION
API_OUTBOUND_DELIVERY	EntityProperty	A_OutbDeliveryHeaderType	IncotermsTransferLocation	Edm.String	0	0	28			X		X			INCOTERMSTRANSFERLOCATION
API_OUTBOUND_DELIVERY	EntityProperty	A_OutbDeliveryHeaderType	IntercompanyBillingDate	Edm.DateTime	7	0	0					X			INTERCOMPANYBILLINGDATE
API_OUTBOUND_DELIVERY	EntityProperty	A_OutbDeliveryHeaderType	InternalFinancialDocument	Edm.String	0	0	10					X			INTERNALFINANCIALDOCUMENT
API_OUTBOUND_DELIVERY	EntityProperty	A_OutbDeliveryHeaderType	IsDeliveryForSingleWarehouse	Edm.String	0	0	1					X			ISDELIVERYFORSINGLEWAREHOUSE
API_OUTBOUND_DELIVERY	EntityProperty	A_OutbDeliveryHeaderType	IsExportDelivery	Edm.String	0	0	1					X			ISEXPORTDELIVERY
API_OUTBOUND_DELIVERY	EntityProperty	A_OutbDeliveryHeaderType	LastChangeDate	Edm.DateTime	7	0	0					X			LASTCHANGEDATE
API_OUTBOUND_DELIVERY	EntityProperty	A_OutbDeliveryHeaderType	LastChangedByUser	Edm.String	0	0	12					X			LASTCHANGEDBYUSER
API_OUTBOUND_DELIVERY	EntityProperty	A_OutbDeliveryHeaderType	LoadingDate	Edm.DateTime	7	0	0			X		X			LOADINGDATE
API_OUTBOUND_DELIVERY	EntityProperty	A_OutbDeliveryHeaderType	LoadingPoint	Edm.String	0	0	2					X			LOADINGPOINT
API_OUTBOUND_DELIVERY	EntityProperty	A_OutbDeliveryHeaderType	LoadingTime	Edm.Time	0	0	0			X		X			LOADINGTIME
API_OUTBOUND_DELIVERY	EntityProperty	A_OutbDeliveryHeaderType	MeansOfTransport	Edm.String	0	0	20			X		X			MEANSOFTRANSPORT
API_OUTBOUND_DELIVERY	EntityProperty	A_OutbDeliveryHeaderType	MeansOfTransportRefMaterial	Edm.String	0	0	40					X			MEANSOFTRANSPORTREFMATERIAL
API_OUTBOUND_DELIVERY	EntityProperty	A_OutbDeliveryHeaderType	MeansOfTransportType	Edm.String	0	0	4			X		X			MEANSOFTRANSPORTTYPE
API_OUTBOUND_DELIVERY	EntityProperty	A_OutbDeliveryHeaderType	OrderCombinationIsAllowed	Edm.Boolean	0	0	0					X			ORDERCOMBINATIONISALLOWED
API_OUTBOUND_DELIVERY	EntityProperty	A_OutbDeliveryHeaderType	OrderID	Edm.String	0	0	12					X			ORDERID
API_OUTBOUND_DELIVERY	EntityProperty	A_OutbDeliveryHeaderType	OverallDelivConfStatus	Edm.String	0	0	1					X			OVERALLDELIVCONFSTATUS
API_OUTBOUND_DELIVERY	EntityProperty	A_OutbDeliveryHeaderType	OverallDelivReltdBillgStatus	Edm.String	0	0	1					X			OVERALLDELIVRELTDBILLGSTATUS
API_OUTBOUND_DELIVERY	EntityProperty	A_OutbDeliveryHeaderType	OverallGoodsMovementStatus	Edm.String	0	0	1					X			OVERALLGOODSMOVEMENTSTATUS
API_OUTBOUND_DELIVERY	EntityProperty	A_OutbDeliveryHeaderType	OverallIntcoBillingStatus	Edm.String	0	0	1					X			OVERALLINTCOBILLINGSTATUS
API_OUTBOUND_DELIVERY	EntityProperty	A_OutbDeliveryHeaderType	OverallPackingStatus	Edm.String	0	0	1					X			OVERALLPACKINGSTATUS
API_OUTBOUND_DELIVERY	EntityProperty	A_OutbDeliveryHeaderType	OverallPickingConfStatus	Edm.String	0	0	1					X			OVERALLPICKINGCONFSTATUS
API_OUTBOUND_DELIVERY	EntityProperty	A_OutbDeliveryHeaderType	OverallPickingStatus	Edm.String	0	0	1					X			OVERALLPICKINGSTATUS
API_OUTBOUND_DELIVERY	EntityProperty	A_OutbDeliveryHeaderType	OverallProofOfDeliveryStatus	Edm.String	0	0	1					X			OVERALLPROOFOFDELIVERYSTATUS
API_OUTBOUND_DELIVERY	EntityProperty	A_OutbDeliveryHeaderType	OverallSDProcessStatus	Edm.String	0	0	1					X			OVERALLSDPROCESSSTATUS
API_OUTBOUND_DELIVERY	EntityProperty	A_OutbDeliveryHeaderType	OverallWarehouseActivityStatus	Edm.String	0	0	1					X			OVERALLWAREHOUSEACTIVITYSTATUS
API_OUTBOUND_DELIVERY	EntityProperty	A_OutbDeliveryHeaderType	OvrlItmDelivIncompletionSts	Edm.String	0	0	1					X			OVRLITMDELIVINCOMPLETIONSTS
API_OUTBOUND_DELIVERY	EntityProperty	A_OutbDeliveryHeaderType	OvrlItmGdsMvtIncompletionSts	Edm.String	0	0	1					X			OVRLITMGDSMVTINCOMPLETIONSTS
API_OUTBOUND_DELIVERY	EntityProperty	A_OutbDeliveryHeaderType	OvrlItmGeneralIncompletionSts	Edm.String	0	0	1					X			OVRLITMGENERALINCOMPLETIONSTS
API_OUTBOUND_DELIVERY	EntityProperty	A_OutbDeliveryHeaderType	OvrlItmPackingIncompletionSts	Edm.String	0	0	1					X			OVRLITMPACKINGINCOMPLETIONSTS
API_OUTBOUND_DELIVERY	EntityProperty	A_OutbDeliveryHeaderType	OvrlItmPickingIncompletionSts	Edm.String	0	0	1					X			OVRLITMPICKINGINCOMPLETIONSTS
API_OUTBOUND_DELIVERY	EntityProperty	A_OutbDeliveryHeaderType	PaymentGuaranteeProcedure	Edm.String	0	0	6					X			PAYMENTGUARANTEEPROCEDURE
API_OUTBOUND_DELIVERY	EntityProperty	A_OutbDeliveryHeaderType	PickedItemsLocation	Edm.String	0	0	20					X			PICKEDITEMSLOCATION
API_OUTBOUND_DELIVERY	EntityProperty	A_OutbDeliveryHeaderType	PickingDate	Edm.DateTime	7	0	0			X		X			PICKINGDATE
API_OUTBOUND_DELIVERY	EntityProperty	A_OutbDeliveryHeaderType	PickingTime	Edm.Time	0	0	0			X		X			PICKINGTIME
API_OUTBOUND_DELIVERY	EntityProperty	A_OutbDeliveryHeaderType	PlannedGoodsIssueDate	Edm.DateTime	7	0	0			X		X			PLANNEDGOODSISSUEDATE
API_OUTBOUND_DELIVERY	EntityProperty	A_OutbDeliveryHeaderType	ProofOfDeliveryDate	Edm.DateTime	7	0	0					X			PROOFOFDELIVERYDATE
API_OUTBOUND_DELIVERY	EntityProperty	A_OutbDeliveryHeaderType	ProposedDeliveryRoute	Edm.String	0	0	6			X		X			PROPOSEDDELIVERYROUTE
API_OUTBOUND_DELIVERY	EntityProperty	A_OutbDeliveryHeaderType	ReceivingPlant	Edm.String	0	0	4					X			RECEIVINGPLANT
API_OUTBOUND_DELIVERY	EntityProperty	A_OutbDeliveryHeaderType	RouteSchedule	Edm.String	0	0	10					X			ROUTESCHEDULE
API_OUTBOUND_DELIVERY	EntityProperty	A_OutbDeliveryHeaderType	SalesDistrict	Edm.String	0	0	6					X			SALESDISTRICT
API_OUTBOUND_DELIVERY	EntityProperty	A_OutbDeliveryHeaderType	SalesOffice	Edm.String	0	0	4					X			SALESOFFICE
API_OUTBOUND_DELIVERY	EntityProperty	A_OutbDeliveryHeaderType	SalesOrganization	Edm.String	0	0	4					X			SALESORGANIZATION
API_OUTBOUND_DELIVERY	EntityProperty	A_OutbDeliveryHeaderType	SDDocumentCategory	Edm.String	0	0	4					X			SDDOCUMENTCATEGORY
API_OUTBOUND_DELIVERY	EntityProperty	A_OutbDeliveryHeaderType	ShipmentBlockReason	Edm.String	0	0	2					X			SHIPMENTBLOCKREASON
API_OUTBOUND_DELIVERY	EntityProperty	A_OutbDeliveryHeaderType	ShippingCondition	Edm.String	0	0	2					X			SHIPPINGCONDITION
API_OUTBOUND_DELIVERY	EntityProperty	A_OutbDeliveryHeaderType	ShippingPoint	Edm.String	0	0	4		X			X			SHIPPINGPOINT
API_OUTBOUND_DELIVERY	EntityProperty	A_OutbDeliveryHeaderType	ShippingType	Edm.String	0	0	2					X			SHIPPINGTYPE
API_OUTBOUND_DELIVERY	EntityProperty	A_OutbDeliveryHeaderType	ShipToParty	Edm.String	0	0	10					X			SHIPTOPARTY
API_OUTBOUND_DELIVERY	EntityProperty	A_OutbDeliveryHeaderType	SoldToParty	Edm.String	0	0	10					X			SOLDTOPARTY
API_OUTBOUND_DELIVERY	EntityProperty	A_OutbDeliveryHeaderType	SpecialProcessingCode	Edm.String	0	0	4					X			SPECIALPROCESSINGCODE
API_OUTBOUND_DELIVERY	EntityProperty	A_OutbDeliveryHeaderType	StatisticsCurrency	Edm.String	0	0	5					X			STATISTICSCURRENCY
API_OUTBOUND_DELIVERY	EntityProperty	A_OutbDeliveryHeaderType	Supplier	Edm.String	0	0	10					X			SUPPLIER
API_OUTBOUND_DELIVERY	EntityProperty	A_OutbDeliveryHeaderType	TotalBlockStatus	Edm.String	0	0	1					X			TOTALBLOCKSTATUS
API_OUTBOUND_DELIVERY	EntityProperty	A_OutbDeliveryHeaderType	TotalCreditCheckStatus	Edm.String	0	0	1					X			TOTALCREDITCHECKSTATUS
API_OUTBOUND_DELIVERY	EntityProperty	A_OutbDeliveryHeaderType	TotalNumberOfPackage	Edm.String	0	0	5					X			TOTALNUMBEROFPACKAGE
API_OUTBOUND_DELIVERY	EntityProperty	A_OutbDeliveryHeaderType	TransactionCurrency	Edm.String	0	0	5					X			TRANSACTIONCURRENCY
API_OUTBOUND_DELIVERY	EntityProperty	A_OutbDeliveryHeaderType	TransportationGroup	Edm.String	0	0	4					X			TRANSPORTATIONGROUP
API_OUTBOUND_DELIVERY	EntityProperty	A_OutbDeliveryHeaderType	TransportationPlanningDate	Edm.DateTime	7	0	0			X		X			TRANSPORTATIONPLANNINGDATE
API_OUTBOUND_DELIVERY	EntityProperty	A_OutbDeliveryHeaderType	TransportationPlanningStatus	Edm.String	0	0	1					X			TRANSPORTATIONPLANNINGSTATUS
API_OUTBOUND_DELIVERY	EntityProperty	A_OutbDeliveryHeaderType	TransportationPlanningTime	Edm.Time	0	0	0			X		X			TRANSPORTATIONPLANNINGTIME
API_OUTBOUND_DELIVERY	EntityProperty	A_OutbDeliveryHeaderType	UnloadingPointName	Edm.String	0	0	25			X		X			UNLOADINGPOINTNAME
API_OUTBOUND_DELIVERY	EntityProperty	A_OutbDeliveryHeaderType	Warehouse	Edm.String	0	0	3					X			WAREHOUSE
API_OUTBOUND_DELIVERY	EntityProperty	A_OutbDeliveryHeaderType	WarehouseGate	Edm.String	0	0	3					X			WAREHOUSEGATE
API_OUTBOUND_DELIVERY	EntityProperty	A_OutbDeliveryHeaderType	WarehouseStagingArea	Edm.String	0	0	10					X			WAREHOUSESTAGINGAREA
API_OUTBOUND_DELIVERY	EntityProperty	A_OutbDeliveryItemType	ActualDeliveredQtyInBaseUnit	Edm.Decimal	13	3	0			X		X			ACTUALDELIVEREDQTYINBASEUNIT
API_OUTBOUND_DELIVERY	EntityProperty	A_OutbDeliveryItemType	DeliveryVersion	Edm.String	0	0	4					X			DELIVERYVERSION
API_OUTBOUND_DELIVERY	EntityProperty	A_OutbDeliveryItemType	ActualDeliveryQuantity	Edm.Decimal	13	3	0		X	X		X			ACTUALDELIVERYQUANTITY
API_OUTBOUND_DELIVERY	EntityProperty	A_OutbDeliveryItemType	AdditionalCustomerGroup1	Edm.String	0	0	3					X			ADDITIONALCUSTOMERGROUP1
API_OUTBOUND_DELIVERY	EntityProperty	A_OutbDeliveryItemType	AdditionalCustomerGroup2	Edm.String	0	0	3					X			ADDITIONALCUSTOMERGROUP2
API_OUTBOUND_DELIVERY	EntityProperty	A_OutbDeliveryItemType	AdditionalCustomerGroup3	Edm.String	0	0	3					X			ADDITIONALCUSTOMERGROUP3
API_OUTBOUND_DELIVERY	EntityProperty	A_OutbDeliveryItemType	AdditionalCustomerGroup4	Edm.String	0	0	3					X			ADDITIONALCUSTOMERGROUP4
API_OUTBOUND_DELIVERY	EntityProperty	A_OutbDeliveryItemType	AdditionalCustomerGroup5	Edm.String	0	0	3					X			ADDITIONALCUSTOMERGROUP5
API_OUTBOUND_DELIVERY	EntityProperty	A_OutbDeliveryItemType	AdditionalMaterialGroup1	Edm.String	0	0	3					X			ADDITIONALMATERIALGROUP1
API_OUTBOUND_DELIVERY	EntityProperty	A_OutbDeliveryItemType	AdditionalMaterialGroup2	Edm.String	0	0	3					X			ADDITIONALMATERIALGROUP2
API_OUTBOUND_DELIVERY	EntityProperty	A_OutbDeliveryItemType	AdditionalMaterialGroup3	Edm.String	0	0	3					X			ADDITIONALMATERIALGROUP3
API_OUTBOUND_DELIVERY	EntityProperty	A_OutbDeliveryItemType	AdditionalMaterialGroup4	Edm.String	0	0	3					X			ADDITIONALMATERIALGROUP4
API_OUTBOUND_DELIVERY	EntityProperty	A_OutbDeliveryItemType	AdditionalMaterialGroup5	Edm.String	0	0	3					X			ADDITIONALMATERIALGROUP5
API_OUTBOUND_DELIVERY	EntityProperty	A_OutbDeliveryItemType	AlternateProductNumber	Edm.String	0	0	40					X			ALTERNATEPRODUCTNUMBER
API_OUTBOUND_DELIVERY	EntityProperty	A_OutbDeliveryItemType	BaseUnit	Edm.String	0	0	3					X			BASEUNIT
API_OUTBOUND_DELIVERY	EntityProperty	A_OutbDeliveryItemType	Batch	Edm.String	0	0	10			X		X			BATCH
API_OUTBOUND_DELIVERY	EntityProperty	A_OutbDeliveryItemType	BatchBySupplier	Edm.String	0	0	15					X			BATCHBYSUPPLIER
API_OUTBOUND_DELIVERY	EntityProperty	A_OutbDeliveryItemType	BatchClassification	Edm.String	0	0	18					X			BATCHCLASSIFICATION
API_OUTBOUND_DELIVERY	EntityProperty	A_OutbDeliveryItemType	BOMExplosion	Edm.String	0	0	8					X			BOMEXPLOSION
API_OUTBOUND_DELIVERY	EntityProperty	A_OutbDeliveryItemType	BusinessArea	Edm.String	0	0	4					X			BUSINESSAREA
API_OUTBOUND_DELIVERY	EntityProperty	A_OutbDeliveryItemType	ConsumptionPosting	Edm.String	0	0	1					X			CONSUMPTIONPOSTING
API_OUTBOUND_DELIVERY	EntityProperty	A_OutbDeliveryItemType	ControllingArea	Edm.String	0	0	4					X			CONTROLLINGAREA
API_OUTBOUND_DELIVERY	EntityProperty	A_OutbDeliveryItemType	CostCenter	Edm.String	0	0	10					X			COSTCENTER
API_OUTBOUND_DELIVERY	EntityProperty	A_OutbDeliveryItemType	CreatedByUser	Edm.String	0	0	12					X			CREATEDBYUSER
API_OUTBOUND_DELIVERY	EntityProperty	A_OutbDeliveryItemType	CreationDate	Edm.DateTime	7	0	0					X			CREATIONDATE
API_OUTBOUND_DELIVERY	EntityProperty	A_OutbDeliveryItemType	CreationTime	Edm.Time	0	0	0					X			CREATIONTIME
API_OUTBOUND_DELIVERY	EntityProperty	A_OutbDeliveryItemType	CustEngineeringChgStatus	Edm.String	0	0	17					X			CUSTENGINEERINGCHGSTATUS
API_OUTBOUND_DELIVERY	EntityProperty	A_OutbDeliveryItemType	DeliveryDocument	Edm.String	0	0	10	X	X						DELIVERYDOCUMENT
API_OUTBOUND_DELIVERY	EntityProperty	A_OutbDeliveryItemType	DeliveryDocumentItem	Edm.String	0	0	6	X							DELIVERYDOCUMENTITEM
API_OUTBOUND_DELIVERY	EntityProperty	A_OutbDeliveryItemType	DeliveryDocumentItemCategory	Edm.String	0	0	4					X			DELIVERYDOCUMENTITEMCATEGORY
API_OUTBOUND_DELIVERY	EntityProperty	A_OutbDeliveryItemType	DeliveryDocumentItemText	Edm.String	0	0	40			X		X			DELIVERYDOCUMENTITEMTEXT
API_OUTBOUND_DELIVERY	EntityProperty	A_OutbDeliveryItemType	DeliveryGroup	Edm.String	0	0	3					X			DELIVERYGROUP
API_OUTBOUND_DELIVERY	EntityProperty	A_OutbDeliveryItemType	DeliveryQuantityUnit	Edm.String	0	0	3		X			X			DELIVERYQUANTITYUNIT
API_OUTBOUND_DELIVERY	EntityProperty	A_OutbDeliveryItemType	DeliveryRelatedBillingStatus	Edm.String	0	0	1					X			DELIVERYRELATEDBILLINGSTATUS
API_OUTBOUND_DELIVERY	EntityProperty	A_OutbDeliveryItemType	DeliveryToBaseQuantityDnmntr	Edm.Decimal	5	0	0					X			DELIVERYTOBASEQUANTITYDNMNTR
API_OUTBOUND_DELIVERY	EntityProperty	A_OutbDeliveryItemType	DeliveryToBaseQuantityNmrtr	Edm.Decimal	5	0	0					X			DELIVERYTOBASEQUANTITYNMRTR
API_OUTBOUND_DELIVERY	EntityProperty	A_OutbDeliveryItemType	DepartmentClassificationByCust	Edm.String	0	0	4					X			DEPARTMENTCLASSIFICATIONBYCUST
API_OUTBOUND_DELIVERY	EntityProperty	A_OutbDeliveryItemType	DistributionChannel	Edm.String	0	0	2					X			DISTRIBUTIONCHANNEL
API_OUTBOUND_DELIVERY	EntityProperty	A_OutbDeliveryItemType	Division	Edm.String	0	0	2					X			DIVISION
API_OUTBOUND_DELIVERY	EntityProperty	A_OutbDeliveryItemType	FixedShipgProcgDurationInDays	Edm.Decimal	5	2	0					X			FIXEDSHIPGPROCGDURATIONINDAYS
API_OUTBOUND_DELIVERY	EntityProperty	A_OutbDeliveryItemType	GLAccount	Edm.String	0	0	10					X			GLACCOUNT
API_OUTBOUND_DELIVERY	EntityProperty	A_OutbDeliveryItemType	GoodsMovementReasonCode	Edm.String	0	0	4					X			GOODSMOVEMENTREASONCODE
API_OUTBOUND_DELIVERY	EntityProperty	A_OutbDeliveryItemType	GoodsMovementStatus	Edm.String	0	0	1					X			GOODSMOVEMENTSTATUS
API_OUTBOUND_DELIVERY	EntityProperty	A_OutbDeliveryItemType	GoodsMovementType	Edm.String	0	0	3					X			GOODSMOVEMENTTYPE
API_OUTBOUND_DELIVERY	EntityProperty	A_OutbDeliveryItemType	HigherLevelItem	Edm.String	0	0	6					X			HIGHERLEVELITEM
API_OUTBOUND_DELIVERY	EntityProperty	A_OutbDeliveryItemType	InspectionLot	Edm.String	0	0	12					X			INSPECTIONLOT
API_OUTBOUND_DELIVERY	EntityProperty	A_OutbDeliveryItemType	InspectionPartialLot	Edm.String	0	0	6					X			INSPECTIONPARTIALLOT
API_OUTBOUND_DELIVERY	EntityProperty	A_OutbDeliveryItemType	IntercompanyBillingStatus	Edm.String	0	0	1					X			INTERCOMPANYBILLINGSTATUS
API_OUTBOUND_DELIVERY	EntityProperty	A_OutbDeliveryItemType	InternationalArticleNumber	Edm.String	0	0	18					X			INTERNATIONALARTICLENUMBER
API_OUTBOUND_DELIVERY	EntityProperty	A_OutbDeliveryItemType	InventorySpecialStockType	Edm.String	0	0	1					X			INVENTORYSPECIALSTOCKTYPE
API_OUTBOUND_DELIVERY	EntityProperty	A_OutbDeliveryItemType	InventoryValuationType	Edm.String	0	0	10			X		X			INVENTORYVALUATIONTYPE
API_OUTBOUND_DELIVERY	EntityProperty	A_OutbDeliveryItemType	IsCompletelyDelivered	Edm.Boolean	0	0	0					X			ISCOMPLETELYDELIVERED
API_OUTBOUND_DELIVERY	EntityProperty	A_OutbDeliveryItemType	IsNotGoodsMovementsRelevant	Edm.String	0	0	1					X			ISNOTGOODSMOVEMENTSRELEVANT
API_OUTBOUND_DELIVERY	EntityProperty	A_OutbDeliveryItemType	IsSeparateValuation	Edm.Boolean	0	0	0					X			ISSEPARATEVALUATION
API_OUTBOUND_DELIVERY	EntityProperty	A_OutbDeliveryItemType	IssgOrRcvgBatch	Edm.String	0	0	10					X			ISSGORRCVGBATCH
API_OUTBOUND_DELIVERY	EntityProperty	A_OutbDeliveryItemType	IssgOrRcvgMaterial	Edm.String	0	0	40					X			ISSGORRCVGMATERIAL
API_OUTBOUND_DELIVERY	EntityProperty	A_OutbDeliveryItemType	IssgOrRcvgSpclStockInd	Edm.String	0	0	1					X			ISSGORRCVGSPCLSTOCKIND
API_OUTBOUND_DELIVERY	EntityProperty	A_OutbDeliveryItemType	IssgOrRcvgStockCategory	Edm.String	0	0	1					X			ISSGORRCVGSTOCKCATEGORY
API_OUTBOUND_DELIVERY	EntityProperty	A_OutbDeliveryItemType	IssgOrRcvgValuationType	Edm.String	0	0	10					X			ISSGORRCVGVALUATIONTYPE
API_OUTBOUND_DELIVERY	EntityProperty	A_OutbDeliveryItemType	IssuingOrReceivingPlant	Edm.String	0	0	4					X			ISSUINGORRECEIVINGPLANT
API_OUTBOUND_DELIVERY	EntityProperty	A_OutbDeliveryItemType	IssuingOrReceivingStorageLoc	Edm.String	0	0	4					X			ISSUINGORRECEIVINGSTORAGELOC
API_OUTBOUND_DELIVERY	EntityProperty	A_OutbDeliveryItemType	ItemBillingBlockReason	Edm.String	0	0	2					X			ITEMBILLINGBLOCKREASON
API_OUTBOUND_DELIVERY	EntityProperty	A_OutbDeliveryItemType	ItemBillingIncompletionStatus	Edm.String	0	0	1					X			ITEMBILLINGINCOMPLETIONSTATUS
API_OUTBOUND_DELIVERY	EntityProperty	A_OutbDeliveryItemType	ItemDeliveryIncompletionStatus	Edm.String	0	0	1					X			ITEMDELIVERYINCOMPLETIONSTATUS
API_OUTBOUND_DELIVERY	EntityProperty	A_OutbDeliveryItemType	ItemGdsMvtIncompletionSts	Edm.String	0	0	1					X			ITEMGDSMVTINCOMPLETIONSTS
API_OUTBOUND_DELIVERY	EntityProperty	A_OutbDeliveryItemType	ItemGeneralIncompletionStatus	Edm.String	0	0	1					X			ITEMGENERALINCOMPLETIONSTATUS
API_OUTBOUND_DELIVERY	EntityProperty	A_OutbDeliveryItemType	ItemGrossWeight	Edm.Decimal	15	3	0			X		X			ITEMGROSSWEIGHT
API_OUTBOUND_DELIVERY	EntityProperty	A_OutbDeliveryItemType	ItemIsBillingRelevant	Edm.String	0	0	1					X			ITEMISBILLINGRELEVANT
API_OUTBOUND_DELIVERY	EntityProperty	A_OutbDeliveryItemType	ItemNetWeight	Edm.Decimal	15	3	0			X		X			ITEMNETWEIGHT
API_OUTBOUND_DELIVERY	EntityProperty	A_OutbDeliveryItemType	ItemPackingIncompletionStatus	Edm.String	0	0	1					X			ITEMPACKINGINCOMPLETIONSTATUS
API_OUTBOUND_DELIVERY	EntityProperty	A_OutbDeliveryItemType	ItemPickingIncompletionStatus	Edm.String	0	0	1					X			ITEMPICKINGINCOMPLETIONSTATUS
API_OUTBOUND_DELIVERY	EntityProperty	A_OutbDeliveryItemType	ItemVolume	Edm.Decimal	15	3	0			X		X			ITEMVOLUME
API_OUTBOUND_DELIVERY	EntityProperty	A_OutbDeliveryItemType	ItemVolumeUnit	Edm.String	0	0	3			X		X			ITEMVOLUMEUNIT
API_OUTBOUND_DELIVERY	EntityProperty	A_OutbDeliveryItemType	ItemWeightUnit	Edm.String	0	0	3			X		X			ITEMWEIGHTUNIT
API_OUTBOUND_DELIVERY	EntityProperty	A_OutbDeliveryItemType	LastChangeDate	Edm.DateTime	7	0	0					X			LASTCHANGEDATE
API_OUTBOUND_DELIVERY	EntityProperty	A_OutbDeliveryItemType	LoadingGroup	Edm.String	0	0	4					X			LOADINGGROUP
API_OUTBOUND_DELIVERY	EntityProperty	A_OutbDeliveryItemType	ManufactureDate	Edm.DateTime	7	0	0			X		X			MANUFACTUREDATE
API_OUTBOUND_DELIVERY	EntityProperty	A_OutbDeliveryItemType	Material	Edm.String	0	0	40					X			MATERIAL
API_OUTBOUND_DELIVERY	EntityProperty	A_OutbDeliveryItemType	MaterialByCustomer	Edm.String	0	0	35			X		X			MATERIALBYCUSTOMER
API_OUTBOUND_DELIVERY	EntityProperty	A_OutbDeliveryItemType	MaterialFreightGroup	Edm.String	0	0	8					X			MATERIALFREIGHTGROUP
API_OUTBOUND_DELIVERY	EntityProperty	A_OutbDeliveryItemType	MaterialGroup	Edm.String	0	0	9					X			MATERIALGROUP
API_OUTBOUND_DELIVERY	EntityProperty	A_OutbDeliveryItemType	MaterialIsBatchManaged	Edm.Boolean	0	0	0					X			MATERIALISBATCHMANAGED
API_OUTBOUND_DELIVERY	EntityProperty	A_OutbDeliveryItemType	MaterialIsIntBatchManaged	Edm.Boolean	0	0	0					X			MATERIALISINTBATCHMANAGED
API_OUTBOUND_DELIVERY	EntityProperty	A_OutbDeliveryItemType	NumberOfSerialNumbers	Edm.Int32	0	0	0					X			NUMBEROFSERIALNUMBERS
API_OUTBOUND_DELIVERY	EntityProperty	A_OutbDeliveryItemType	OrderID	Edm.String	0	0	12					X			ORDERID
API_OUTBOUND_DELIVERY	EntityProperty	A_OutbDeliveryItemType	OrderItem	Edm.String	0	0	4					X			ORDERITEM
API_OUTBOUND_DELIVERY	EntityProperty	A_OutbDeliveryItemType	OriginalDeliveryQuantity	Edm.Decimal	13	3	0					X			ORIGINALDELIVERYQUANTITY
API_OUTBOUND_DELIVERY	EntityProperty	A_OutbDeliveryItemType	OriginallyRequestedMaterial	Edm.String	0	0	40					X			ORIGINALLYREQUESTEDMATERIAL
API_OUTBOUND_DELIVERY	EntityProperty	A_OutbDeliveryItemType	OverdelivTolrtdLmtRatioInPct	Edm.Decimal	3	1	0					X			OVERDELIVTOLRTDLMTRATIOINPCT
API_OUTBOUND_DELIVERY	EntityProperty	A_OutbDeliveryItemType	PackingStatus	Edm.String	0	0	1					X			PACKINGSTATUS
API_OUTBOUND_DELIVERY	EntityProperty	A_OutbDeliveryItemType	PartialDeliveryIsAllowed	Edm.String	0	0	1					X			PARTIALDELIVERYISALLOWED
API_OUTBOUND_DELIVERY	EntityProperty	A_OutbDeliveryItemType	PaymentGuaranteeForm	Edm.String	0	0	2					X			PAYMENTGUARANTEEFORM
API_OUTBOUND_DELIVERY	EntityProperty	A_OutbDeliveryItemType	PickingConfirmationStatus	Edm.String	0	0	1					X			PICKINGCONFIRMATIONSTATUS
API_OUTBOUND_DELIVERY	EntityProperty	A_OutbDeliveryItemType	PickingControl	Edm.String	0	0	1					X			PICKINGCONTROL
API_OUTBOUND_DELIVERY	EntityProperty	A_OutbDeliveryItemType	PickingStatus	Edm.String	0	0	1					X			PICKINGSTATUS
API_OUTBOUND_DELIVERY	EntityProperty	A_OutbDeliveryItemType	Plant	Edm.String	0	0	4					X			PLANT
API_OUTBOUND_DELIVERY	EntityProperty	A_OutbDeliveryItemType	PrimaryPostingSwitch	Edm.String	0	0	1					X			PRIMARYPOSTINGSWITCH
API_OUTBOUND_DELIVERY	EntityProperty	A_OutbDeliveryItemType	ProductAvailabilityDate	Edm.DateTime	7	0	0					X			PRODUCTAVAILABILITYDATE
API_OUTBOUND_DELIVERY	EntityProperty	A_OutbDeliveryItemType	ProductAvailabilityTime	Edm.Time	0	0	0					X			PRODUCTAVAILABILITYTIME
API_OUTBOUND_DELIVERY	EntityProperty	A_OutbDeliveryItemType	ProductConfiguration	Edm.String	0	0	18					X			PRODUCTCONFIGURATION
API_OUTBOUND_DELIVERY	EntityProperty	A_OutbDeliveryItemType	ProductHierarchyNode	Edm.String	0	0	18					X			PRODUCTHIERARCHYNODE
API_OUTBOUND_DELIVERY	EntityProperty	A_OutbDeliveryItemType	ProfitabilitySegment	Edm.String	0	0	10					X			PROFITABILITYSEGMENT
API_OUTBOUND_DELIVERY	EntityProperty	A_OutbDeliveryItemType	ProfitCenter	Edm.String	0	0	10					X			PROFITCENTER
API_OUTBOUND_DELIVERY	EntityProperty	A_OutbDeliveryItemType	ProofOfDeliveryRelevanceCode	Edm.String	0	0	1					X			PROOFOFDELIVERYRELEVANCECODE
API_OUTBOUND_DELIVERY	EntityProperty	A_OutbDeliveryItemType	ProofOfDeliveryStatus	Edm.String	0	0	1					X			PROOFOFDELIVERYSTATUS
API_OUTBOUND_DELIVERY	EntityProperty	A_OutbDeliveryItemType	QuantityIsFixed	Edm.Boolean	0	0	0					X			QUANTITYISFIXED
API_OUTBOUND_DELIVERY	EntityProperty	A_OutbDeliveryItemType	ReceivingPoint	Edm.String	0	0	25					X			RECEIVINGPOINT
API_OUTBOUND_DELIVERY	EntityProperty	A_OutbDeliveryItemType	ReferenceDocumentLogicalSystem	Edm.String	0	0	10					X			REFERENCEDOCUMENTLOGICALSYSTEM
API_OUTBOUND_DELIVERY	EntityProperty	A_OutbDeliveryItemType	ReferenceSDDocument	Edm.String	0	0	10		X			X			REFERENCESDDOCUMENT
API_OUTBOUND_DELIVERY	EntityProperty	A_OutbDeliveryItemType	ReferenceSDDocumentCategory	Edm.String	0	0	4					X			REFERENCESDDOCUMENTCATEGORY
API_OUTBOUND_DELIVERY	EntityProperty	A_OutbDeliveryItemType	ReferenceSDDocumentItem	Edm.String	0	0	6		X			X			REFERENCESDDOCUMENTITEM
API_OUTBOUND_DELIVERY	EntityProperty	A_OutbDeliveryItemType	RetailPromotion	Edm.String	0	0	10					X			RETAILPROMOTION
API_OUTBOUND_DELIVERY	EntityProperty	A_OutbDeliveryItemType	SalesDocumentItemType	Edm.String	0	0	1					X			SALESDOCUMENTITEMTYPE
API_OUTBOUND_DELIVERY	EntityProperty	A_OutbDeliveryItemType	SalesGroup	Edm.String	0	0	3					X			SALESGROUP
API_OUTBOUND_DELIVERY	EntityProperty	A_OutbDeliveryItemType	SalesOffice	Edm.String	0	0	4					X			SALESOFFICE
API_OUTBOUND_DELIVERY	EntityProperty	A_OutbDeliveryItemType	SDDocumentCategory	Edm.String	0	0	4					X			SDDOCUMENTCATEGORY
API_OUTBOUND_DELIVERY	EntityProperty	A_OutbDeliveryItemType	SDProcessStatus	Edm.String	0	0	1					X			SDPROCESSSTATUS
API_OUTBOUND_DELIVERY	EntityProperty	A_OutbDeliveryItemType	ShelfLifeExpirationDate	Edm.DateTime	7	0	0			X		X			SHELFLIFEEXPIRATIONDATE
API_OUTBOUND_DELIVERY	EntityProperty	A_OutbDeliveryItemType	StatisticsDate	Edm.DateTime	7	0	0					X			STATISTICSDATE
API_OUTBOUND_DELIVERY	EntityProperty	A_OutbDeliveryItemType	StockType	Edm.String	0	0	1					X			STOCKTYPE
API_OUTBOUND_DELIVERY	EntityProperty	A_OutbDeliveryItemType	StorageBin	Edm.String	0	0	10					X			STORAGEBIN
API_OUTBOUND_DELIVERY	EntityProperty	A_OutbDeliveryItemType	StorageLocation	Edm.String	0	0	4			X		X			STORAGELOCATION
API_OUTBOUND_DELIVERY	EntityProperty	A_OutbDeliveryItemType	StorageType	Edm.String	0	0	3					X			STORAGETYPE
API_OUTBOUND_DELIVERY	EntityProperty	A_OutbDeliveryItemType	SubsequentMovementType	Edm.String	0	0	3					X			SUBSEQUENTMOVEMENTTYPE
API_OUTBOUND_DELIVERY	EntityProperty	A_OutbDeliveryItemType	TransportationGroup	Edm.String	0	0	4					X			TRANSPORTATIONGROUP
API_OUTBOUND_DELIVERY	EntityProperty	A_OutbDeliveryItemType	UnderdelivTolrtdLmtRatioInPct	Edm.Decimal	3	1	0					X			UNDERDELIVTOLRTDLMTRATIOINPCT
API_OUTBOUND_DELIVERY	EntityProperty	A_OutbDeliveryItemType	UnlimitedOverdeliveryIsAllowed	Edm.Boolean	0	0	0					X			UNLIMITEDOVERDELIVERYISALLOWED
API_OUTBOUND_DELIVERY	EntityProperty	A_OutbDeliveryItemType	VarblShipgProcgDurationInDays	Edm.Decimal	5	2	0					X			VARBLSHIPGPROCGDURATIONINDAYS
API_OUTBOUND_DELIVERY	EntityProperty	A_OutbDeliveryItemType	Warehouse	Edm.String	0	0	3					X			WAREHOUSE
API_OUTBOUND_DELIVERY	EntityProperty	A_OutbDeliveryItemType	WarehouseActivityStatus	Edm.String	0	0	1					X			WAREHOUSEACTIVITYSTATUS
API_OUTBOUND_DELIVERY	EntityProperty	A_OutbDeliveryItemType	WarehouseStagingArea	Edm.String	0	0	10					X			WAREHOUSESTAGINGAREA
API_OUTBOUND_DELIVERY	EntityProperty	A_OutbDeliveryItemType	WarehouseStockCategory	Edm.String	0	0	1					X			WAREHOUSESTOCKCATEGORY
API_OUTBOUND_DELIVERY	EntityProperty	A_OutbDeliveryItemType	WarehouseStorageBin	Edm.String	0	0	10					X			WAREHOUSESTORAGEBIN
API_OUTBOUND_DELIVERY	EntityProperty	A_OutbDeliveryPartnerType	AddressID	Edm.String	0	0	10								ADDRESSID
API_OUTBOUND_DELIVERY	EntityProperty	A_OutbDeliveryPartnerType	ContactPerson	Edm.String	0	0	10								CONTACTPERSON
API_OUTBOUND_DELIVERY	EntityProperty	A_OutbDeliveryPartnerType	Customer	Edm.String	0	0	10								CUSTOMER
API_OUTBOUND_DELIVERY	EntityProperty	A_OutbDeliveryPartnerType	PartnerFunction	Edm.String	0	0	2	X							PARTNERFUNCTION
API_OUTBOUND_DELIVERY	EntityProperty	A_OutbDeliveryPartnerType	Personnel	Edm.String	0	0	8								PERSONNEL
API_OUTBOUND_DELIVERY	EntityProperty	A_OutbDeliveryPartnerType	SDDocument	Edm.String	0	0	10	X							SDDOCUMENT
API_OUTBOUND_DELIVERY	EntityProperty	A_OutbDeliveryPartnerType	SDDocumentItem	Edm.String	0	0	6								SDDOCUMENTITEM
API_OUTBOUND_DELIVERY	EntityProperty	A_OutbDeliveryPartnerType	Supplier	Edm.String	0	0	10								SUPPLIER
API_OUTBOUND_DELIVERY	EntityProperty	A_SerialNmbrDeliveryType	DeliveryDate	Edm.DateTime	0	0	0								DELIVERYDATE
API_OUTBOUND_DELIVERY	EntityProperty	A_SerialNmbrDeliveryType	DeliveryDocument	Edm.String	0	0	10								DELIVERYDOCUMENT
API_OUTBOUND_DELIVERY	EntityProperty	A_SerialNmbrDeliveryType	DeliveryDocumentItem	Edm.String	0	0	6								DELIVERYDOCUMENTITEM
API_OUTBOUND_DELIVERY	EntityProperty	A_SerialNmbrDeliveryType	MaintenanceItemObjectList	Edm.Int32	0	0	0	X							MAINTENANCEITEMOBJECTLIST
API_OUTBOUND_DELIVERY	EntityProperty	A_SerialNmbrDeliveryType	SDDocumentCategory	Edm.String	0	0	4								SDDOCUMENTCATEGORY
API_OUTBOUND_DELIVERY	FunctionParam	ConfirmPickingAllItems	DeliveryDocument	Edm.String	0	0	10								DELIVERYDOCUMENT
API_OUTBOUND_DELIVERY	FunctionParam	ConfirmPickingOneItem	DeliveryDocument	Edm.String	0	0	10								DELIVERYDOCUMENT
API_OUTBOUND_DELIVERY	FunctionParam	ConfirmPickingOneItem	DeliveryDocumentItem	Edm.String	0	0	6								DELIVERYDOCUMENTITEM
API_OUTBOUND_DELIVERY	FunctionParam	PickAllItems	DeliveryDocument	Edm.String	0	0	10								DELIVERYDOCUMENT
API_OUTBOUND_DELIVERY	FunctionParam	PickOneItem	DeliveryDocument	Edm.String	0	0	10								DELIVERYDOCUMENT
API_OUTBOUND_DELIVERY	FunctionParam	PickOneItem	DeliveryDocumentItem	Edm.String	0	0	6								DELIVERYDOCUMENTITEM
API_OUTBOUND_DELIVERY	FunctionParam	PostGoodsIssue	DeliveryDocument	Edm.String	0	0	10								DELIVERYDOCUMENT
API_OUTBOUND_DELIVERY	FunctionParam	ReverseGoodsIssue	ActualGoodsMovementDate	Edm.DateTime	7	0	0								ACTUALGOODSMOVEMENTDATE
API_OUTBOUND_DELIVERY	FunctionParam	ReverseGoodsIssue	DeliveryDocument	Edm.String	0	0	10								DELIVERYDOCUMENT
API_INBOUND_DELIVERY_0002	ComplexProperty	DeliveryMessage	CollectiveProcessing	Edm.String	0	0	10					X			SAMMG
API_INBOUND_DELIVERY_0002	ComplexProperty	DeliveryMessage	DeliveryDocument	Edm.String	0	0	10					X			VBELN
API_INBOUND_DELIVERY_0002	ComplexProperty	DeliveryMessage	DeliveryDocumentItem	Edm.String	0	0	6					X			POSNR
API_INBOUND_DELIVERY_0002	ComplexProperty	DeliveryMessage	ScheduleLine	Edm.String	0	0	4					X			ETENR
API_INBOUND_DELIVERY_0002	ComplexProperty	DeliveryMessage	CollectiveProcessingMsgCounter	Edm.String	0	0	2					X			ZAEHL
API_INBOUND_DELIVERY_0002	ComplexProperty	DeliveryMessage	SystemMessageIdentification	Edm.String	0	0	20					X			MSGID
API_INBOUND_DELIVERY_0002	ComplexProperty	DeliveryMessage	SystemMessageNumber	Edm.String	0	0	3					X			MSGNO
API_INBOUND_DELIVERY_0002	ComplexProperty	DeliveryMessage	SystemMessageType	Edm.String	0	0	1					X			MSGTY
API_INBOUND_DELIVERY_0002	ComplexProperty	DeliveryMessage	SystemMessageVariable1	Edm.String	0	0	50					X			MSGV1
API_INBOUND_DELIVERY_0002	ComplexProperty	DeliveryMessage	SystemMessageVariable2	Edm.String	0	0	50					X			MSGV2
API_INBOUND_DELIVERY_0002	ComplexProperty	DeliveryMessage	SystemMessageVariable3	Edm.String	0	0	50					X			MSGV3
API_INBOUND_DELIVERY_0002	ComplexProperty	DeliveryMessage	SystemMessageVariable4	Edm.String	0	0	50					X			MSGV4
API_INBOUND_DELIVERY_0002	ComplexProperty	DeliveryMessage	CollectiveProcessingType	Edm.String	0	0	1					X			SMART
API_INBOUND_DELIVERY_0002	ComplexProperty	PutawayReport	SystemMessageIdentification	Edm.String	0	0	20					X			MSGID
API_INBOUND_DELIVERY_0002	ComplexProperty	PutawayReport	SystemMessageNumber	Edm.String	0	0	3					X			MSGNO
API_INBOUND_DELIVERY_0002	ComplexProperty	PutawayReport	SystemMessageType	Edm.String	0	0	1					X			MSGTY
API_INBOUND_DELIVERY_0002	ComplexProperty	PutawayReport	SystemMessageVariable1	Edm.String	0	0	50					X			MSGV1
API_INBOUND_DELIVERY_0002	ComplexProperty	PutawayReport	SystemMessageVariable2	Edm.String	0	0	50					X			MSGV2
API_INBOUND_DELIVERY_0002	ComplexProperty	PutawayReport	SystemMessageVariable3	Edm.String	0	0	50					X			MSGV3
API_INBOUND_DELIVERY_0002	ComplexProperty	PutawayReport	SystemMessageVariable4	Edm.String	0	0	50					X			MSGV4
API_INBOUND_DELIVERY_0002	ComplexProperty	PutawayReport	Batch	Edm.String	0	0	10					X			CHARG
API_INBOUND_DELIVERY_0002	ComplexProperty	PutawayReport	DeliveryQuantityUnit	Edm.String	0	0	3					X			VRKME
API_INBOUND_DELIVERY_0002	ComplexProperty	PutawayReport	ActualDeliveryQuantity	Edm.Decimal	13	3	0					X			LFIMG
API_INBOUND_DELIVERY_0002	ComplexProperty	PutawayReport	DeliveryDocumentItemText	Edm.String	0	0	40					X			ARKTX
API_INBOUND_DELIVERY_0002	ComplexProperty	PutawayReport	Material	Edm.String	0	0	40					X			MATNR
API_INBOUND_DELIVERY_0002	ComplexProperty	PutawayReport	DeliveryDocumentItem	Edm.String	0	0	6					X			POSNR
API_INBOUND_DELIVERY_0002	ComplexProperty	PutawayReport	DeliveryDocument	Edm.String	0	0	10					X			VBELN
API_INBOUND_DELIVERY_0002	EntityProperty	A_InbDeliveryAddressType	AddressID	Edm.String	0	0	10	X							ADDRESSID
API_INBOUND_DELIVERY_0002	EntityProperty	A_InbDeliveryAddressType	AdditionalStreetPrefixName	Edm.String	0	0	40								ADDITIONALSTREETPREFIXNAME
API_INBOUND_DELIVERY_0002	EntityProperty	A_InbDeliveryAddressType	AdditionalStreetSuffixName	Edm.String	0	0	40								ADDITIONALSTREETSUFFIXNAME
API_INBOUND_DELIVERY_0002	EntityProperty	A_InbDeliveryAddressType	AddressTimeZone	Edm.String	0	0	6								ADDRESSTIMEZONE
API_INBOUND_DELIVERY_0002	EntityProperty	A_InbDeliveryAddressType	Building	Edm.String	0	0	20								BUILDING
API_INBOUND_DELIVERY_0002	EntityProperty	A_InbDeliveryAddressType	BusinessPartnerName1	Edm.String	0	0	40								BUSINESSPARTNERNAME1
API_INBOUND_DELIVERY_0002	EntityProperty	A_InbDeliveryAddressType	BusinessPartnerName2	Edm.String	0	0	40								BUSINESSPARTNERNAME2
API_INBOUND_DELIVERY_0002	EntityProperty	A_InbDeliveryAddressType	BusinessPartnerName3	Edm.String	0	0	40								BUSINESSPARTNERNAME3
API_INBOUND_DELIVERY_0002	EntityProperty	A_InbDeliveryAddressType	BusinessPartnerName4	Edm.String	0	0	40								BUSINESSPARTNERNAME4
API_INBOUND_DELIVERY_0002	EntityProperty	A_InbDeliveryAddressType	CareOfName	Edm.String	0	0	40								CAREOFNAME
API_INBOUND_DELIVERY_0002	EntityProperty	A_InbDeliveryAddressType	CityCode	Edm.String	0	0	12								CITYCODE
API_INBOUND_DELIVERY_0002	EntityProperty	A_InbDeliveryAddressType	CityName	Edm.String	0	0	40								CITYNAME
API_INBOUND_DELIVERY_0002	EntityProperty	A_InbDeliveryAddressType	CitySearch	Edm.String	0	0	25								CITYSEARCH
API_INBOUND_DELIVERY_0002	EntityProperty	A_InbDeliveryAddressType	CompanyPostalCode	Edm.String	0	0	10								COMPANYPOSTALCODE
API_INBOUND_DELIVERY_0002	EntityProperty	A_InbDeliveryAddressType	CorrespondenceLanguage	Edm.String	0	0	2								CORRESPONDENCELANGUAGE
API_INBOUND_DELIVERY_0002	EntityProperty	A_InbDeliveryAddressType	Country	Edm.String	0	0	3								COUNTRY
API_INBOUND_DELIVERY_0002	EntityProperty	A_InbDeliveryAddressType	County	Edm.String	0	0	40								COUNTY
API_INBOUND_DELIVERY_0002	EntityProperty	A_InbDeliveryAddressType	DeliveryServiceNumber	Edm.String	0	0	10								DELIVERYSERVICENUMBER
API_INBOUND_DELIVERY_0002	EntityProperty	A_InbDeliveryAddressType	DeliveryServiceTypeCode	Edm.String	0	0	4								DELIVERYSERVICETYPECODE
API_INBOUND_DELIVERY_0002	EntityProperty	A_InbDeliveryAddressType	District	Edm.String	0	0	40								DISTRICT
API_INBOUND_DELIVERY_0002	EntityProperty	A_InbDeliveryAddressType	FaxNumber	Edm.String	0	0	30								FAXNUMBER
API_INBOUND_DELIVERY_0002	EntityProperty	A_InbDeliveryAddressType	Floor	Edm.String	0	0	10								FLOOR
API_INBOUND_DELIVERY_0002	EntityProperty	A_InbDeliveryAddressType	FormOfAddress	Edm.String	0	0	4								FORMOFADDRESS
API_INBOUND_DELIVERY_0002	EntityProperty	A_InbDeliveryAddressType	FullName	Edm.String	0	0	80								FULLNAME
API_INBOUND_DELIVERY_0002	EntityProperty	A_InbDeliveryAddressType	HomeCityName	Edm.String	0	0	40								HOMECITYNAME
API_INBOUND_DELIVERY_0002	EntityProperty	A_InbDeliveryAddressType	HouseNumber	Edm.String	0	0	10								HOUSENUMBER
API_INBOUND_DELIVERY_0002	EntityProperty	A_InbDeliveryAddressType	HouseNumberSupplementText	Edm.String	0	0	10								HOUSENUMBERSUPPLEMENTTEXT
API_INBOUND_DELIVERY_0002	EntityProperty	A_InbDeliveryAddressType	Nation	Edm.String	0	0	1								NATION
API_INBOUND_DELIVERY_0002	EntityProperty	A_InbDeliveryAddressType	Person	Edm.String	0	0	10								PERSON
API_INBOUND_DELIVERY_0002	EntityProperty	A_InbDeliveryAddressType	PhoneNumber	Edm.String	0	0	30								PHONENUMBER
API_INBOUND_DELIVERY_0002	EntityProperty	A_InbDeliveryAddressType	POBox	Edm.String	0	0	10								POBOX
API_INBOUND_DELIVERY_0002	EntityProperty	A_InbDeliveryAddressType	POBoxDeviatingCityName	Edm.String	0	0	40								POBOXDEVIATINGCITYNAME
API_INBOUND_DELIVERY_0002	EntityProperty	A_InbDeliveryAddressType	POBoxDeviatingCountry	Edm.String	0	0	3								POBOXDEVIATINGCOUNTRY
API_INBOUND_DELIVERY_0002	EntityProperty	A_InbDeliveryAddressType	POBoxDeviatingRegion	Edm.String	0	0	3								POBOXDEVIATINGREGION
API_INBOUND_DELIVERY_0002	EntityProperty	A_InbDeliveryAddressType	POBoxIsWithoutNumber	Edm.Boolean	0	0	0								POBOXISWITHOUTNUMBER
API_INBOUND_DELIVERY_0002	EntityProperty	A_InbDeliveryAddressType	POBoxLobbyName	Edm.String	0	0	40								POBOXLOBBYNAME
API_INBOUND_DELIVERY_0002	EntityProperty	A_InbDeliveryAddressType	POBoxPostalCode	Edm.String	0	0	10								POBOXPOSTALCODE
API_INBOUND_DELIVERY_0002	EntityProperty	A_InbDeliveryAddressType	PostalCode	Edm.String	0	0	10								POSTALCODE
API_INBOUND_DELIVERY_0002	EntityProperty	A_InbDeliveryAddressType	PrfrdCommMediumType	Edm.String	0	0	3								PRFRDCOMMMEDIUMTYPE
API_INBOUND_DELIVERY_0002	EntityProperty	A_InbDeliveryAddressType	Region	Edm.String	0	0	3								REGION
API_INBOUND_DELIVERY_0002	EntityProperty	A_InbDeliveryAddressType	RoomNumber	Edm.String	0	0	10								ROOMNUMBER
API_INBOUND_DELIVERY_0002	EntityProperty	A_InbDeliveryAddressType	SearchTerm1	Edm.String	0	0	20								SEARCHTERM1
API_INBOUND_DELIVERY_0002	EntityProperty	A_InbDeliveryAddressType	StreetName	Edm.String	0	0	60								STREETNAME
API_INBOUND_DELIVERY_0002	EntityProperty	A_InbDeliveryAddressType	StreetPrefixName	Edm.String	0	0	40								STREETPREFIXNAME
API_INBOUND_DELIVERY_0002	EntityProperty	A_InbDeliveryAddressType	StreetSearch	Edm.String	0	0	25								STREETSEARCH
API_INBOUND_DELIVERY_0002	EntityProperty	A_InbDeliveryAddressType	StreetSuffixName	Edm.String	0	0	40								STREETSUFFIXNAME
API_INBOUND_DELIVERY_0002	EntityProperty	A_InbDeliveryAddressType	TaxJurisdiction	Edm.String	0	0	15								TAXJURISDICTION
API_INBOUND_DELIVERY_0002	EntityProperty	A_InbDeliveryAddressType	TransportZone	Edm.String	0	0	10								TRANSPORTZONE
API_INBOUND_DELIVERY_0002	EntityProperty	A_InbDeliveryDocFlowType	DeliveryVersion	Edm.String	0	0	4					X			DELIVERYVERSION
API_INBOUND_DELIVERY_0002	EntityProperty	A_InbDeliveryDocFlowType	PrecedingDocument	Edm.String	0	0	10	X							PRECEDINGDOCUMENT
API_INBOUND_DELIVERY_0002	EntityProperty	A_InbDeliveryDocFlowType	PrecedingDocumentCategory	Edm.String	0	0	4					X			PRECEDINGDOCUMENTCATEGORY
API_INBOUND_DELIVERY_0002	EntityProperty	A_InbDeliveryDocFlowType	PrecedingDocumentItem	Edm.String	0	0	6	X							PRECEDINGDOCUMENTITEM
API_INBOUND_DELIVERY_0002	EntityProperty	A_InbDeliveryDocFlowType	QuantityInBaseUnit	Edm.Decimal	15	3	0			X		X			QUANTITYINBASEUNIT
API_INBOUND_DELIVERY_0002	EntityProperty	A_InbDeliveryDocFlowType	SDFulfillmentCalculationRule	Edm.String	0	0	1					X			SDFULFILLMENTCALCULATIONRULE
API_INBOUND_DELIVERY_0002	EntityProperty	A_InbDeliveryDocFlowType	SubsequentDocument	Edm.String	0	0	10					X			SUBSEQUENTDOCUMENT
API_INBOUND_DELIVERY_0002	EntityProperty	A_InbDeliveryDocFlowType	SubsequentDocumentCategory	Edm.String	0	0	4	X							SUBSEQUENTDOCUMENTCATEGORY
API_INBOUND_DELIVERY_0002	EntityProperty	A_InbDeliveryDocFlowType	SubsequentDocumentItem	Edm.String	0	0	6					X			SUBSEQUENTDOCUMENTITEM
API_INBOUND_DELIVERY_0002	EntityProperty	A_InbDeliveryDocFlowType	TransferOrderInWrhsMgmtIsConfd	Edm.Boolean	0	0	0					X			TRANSFERORDERINWRHSMGMTISCONFD
API_INBOUND_DELIVERY_0002	EntityProperty	A_InbDeliveryHeaderTextType	DeliveryDocument	Edm.String	0	0	10	X							DELIVERYDOCUMENT
API_INBOUND_DELIVERY_0002	EntityProperty	A_InbDeliveryHeaderTextType	TextElement	Edm.String	0	0	4	X							TEXTID
API_INBOUND_DELIVERY_0002	EntityProperty	A_InbDeliveryHeaderTextType	Language	Edm.String	0	0	2	X					X		LANGUAGE
API_INBOUND_DELIVERY_0002	EntityProperty	A_InbDeliveryHeaderTextType	TextElementDescription	Edm.String	0	0	30								TEXTIDDESCRIPTION
API_INBOUND_DELIVERY_0002	EntityProperty	A_InbDeliveryHeaderTextType	TextElementText	Edm.String	0	0	0								COMPLETETEXTLINE
API_INBOUND_DELIVERY_0002	EntityProperty	A_InbDeliveryHeaderTextType	DeliveryLongTextIsFormatted	Edm.Boolean	0	0	0								ISFORMATTED
API_INBOUND_DELIVERY_0002	EntityProperty	A_InbDeliveryHeaderType	ReceivingLocationTimeZone	Edm.String	0	0	6					X			RECEIVINGLOCATIONTIMEZONE
API_INBOUND_DELIVERY_0002	EntityProperty	A_InbDeliveryHeaderType	ActualDeliveryRoute	Edm.String	0	0	6					X			ACTUALDELIVERYROUTE
API_INBOUND_DELIVERY_0002	EntityProperty	A_InbDeliveryHeaderType	ActualGoodsMovementDate	Edm.DateTime	7	0	0					X			ACTUALGOODSMOVEMENTDATE
API_INBOUND_DELIVERY_0002	EntityProperty	A_InbDeliveryHeaderType	ActualGoodsMovementTime	Edm.Time	0	0	0					X			ACTUALGOODSMOVEMENTTIME
API_INBOUND_DELIVERY_0002	EntityProperty	A_InbDeliveryHeaderType	BillingDocumentDate	Edm.DateTime	7	0	0					X			BILLINGDOCUMENTDATE
API_INBOUND_DELIVERY_0002	EntityProperty	A_InbDeliveryHeaderType	BillOfLading	Edm.String	0	0	35		X			X			BILLOFLADING
API_INBOUND_DELIVERY_0002	EntityProperty	A_InbDeliveryHeaderType	CompleteDeliveryIsDefined	Edm.Boolean	0	0	0					X			COMPLETEDELIVERYISDEFINED
API_INBOUND_DELIVERY_0002	EntityProperty	A_InbDeliveryHeaderType	ConfirmationTime	Edm.Time	0	0	0					X			CONFIRMATIONTIME
API_INBOUND_DELIVERY_0002	EntityProperty	A_InbDeliveryHeaderType	CreatedByUser	Edm.String	0	0	12					X			CREATEDBYUSER
API_INBOUND_DELIVERY_0002	EntityProperty	A_InbDeliveryHeaderType	CreationDate	Edm.DateTime	7	0	0					X			CREATIONDATE
API_INBOUND_DELIVERY_0002	EntityProperty	A_InbDeliveryHeaderType	CreationTime	Edm.Time	0	0	0					X			CREATIONTIME
API_INBOUND_DELIVERY_0002	EntityProperty	A_InbDeliveryHeaderType	CustomerGroup	Edm.String	0	0	2					X			CUSTOMERGROUP
API_INBOUND_DELIVERY_0002	EntityProperty	A_InbDeliveryHeaderType	DeliveryBlockReason	Edm.String	0	0	2					X			DELIVERYBLOCKREASON
API_INBOUND_DELIVERY_0002	EntityProperty	A_InbDeliveryHeaderType	DeliveryDate	Edm.DateTime	7	0	0		X	X		X			DELIVERYDATE
API_INBOUND_DELIVERY_0002	EntityProperty	A_InbDeliveryHeaderType	DeliveryDocument	Edm.String	0	0	10	X							DELIVERYDOCUMENT
API_INBOUND_DELIVERY_0002	EntityProperty	A_InbDeliveryHeaderType	DeliveryDocumentBySupplier	Edm.String	0	0	35		X			X			DELIVERYDOCUMENTBYSUPPLIER
API_INBOUND_DELIVERY_0002	EntityProperty	A_InbDeliveryHeaderType	DeliveryDocumentType	Edm.String	0	0	4					X			DELIVERYDOCUMENTTYPE
API_INBOUND_DELIVERY_0002	EntityProperty	A_InbDeliveryHeaderType	DeliveryIsInPlant	Edm.Boolean	0	0	0					X			DELIVERYISINPLANT
API_INBOUND_DELIVERY_0002	EntityProperty	A_InbDeliveryHeaderType	DeliveryPriority	Edm.String	0	0	2					X			DELIVERYPRIORITY
API_INBOUND_DELIVERY_0002	EntityProperty	A_InbDeliveryHeaderType	DeliveryTime	Edm.Time	0	0	0		X	X		X			DELIVERYTIME
API_INBOUND_DELIVERY_0002	EntityProperty	A_InbDeliveryHeaderType	DeliveryVersion	Edm.String	0	0	4					X			DELIVERYVERSION
API_INBOUND_DELIVERY_0002	EntityProperty	A_InbDeliveryHeaderType	DepreciationPercentage	Edm.Decimal	5	2	0					X			DEPRECIATIONPERCENTAGE
API_INBOUND_DELIVERY_0002	EntityProperty	A_InbDeliveryHeaderType	DistrStatusByDecentralizedWrhs	Edm.String	0	0	1					X			DISTRSTATUSBYDECENTRALIZEDWRHS
API_INBOUND_DELIVERY_0002	EntityProperty	A_InbDeliveryHeaderType	DocumentDate	Edm.DateTime	7	0	0					X			DOCUMENTDATE
API_INBOUND_DELIVERY_0002	EntityProperty	A_InbDeliveryHeaderType	ExternalIdentificationType	Edm.String	0	0	1					X			EXTERNALIDENTIFICATIONTYPE
API_INBOUND_DELIVERY_0002	EntityProperty	A_InbDeliveryHeaderType	ExternalTransportSystem	Edm.String	0	0	5					X			EXTERNALTRANSPORTSYSTEM
API_INBOUND_DELIVERY_0002	EntityProperty	A_InbDeliveryHeaderType	FactoryCalendarByCustomer	Edm.String	0	0	2					X			FACTORYCALENDARBYCUSTOMER
API_INBOUND_DELIVERY_0002	EntityProperty	A_InbDeliveryHeaderType	GoodsIssueOrReceiptSlipNumber	Edm.String	0	0	10					X			GOODSISSUEORRECEIPTSLIPNUMBER
API_INBOUND_DELIVERY_0002	EntityProperty	A_InbDeliveryHeaderType	GoodsIssueTime	Edm.Time	0	0	0					X			GOODSISSUETIME
API_INBOUND_DELIVERY_0002	EntityProperty	A_InbDeliveryHeaderType	HandlingUnitInStock	Edm.String	0	0	1					X			HANDLINGUNITINSTOCK
API_INBOUND_DELIVERY_0002	EntityProperty	A_InbDeliveryHeaderType	HdrGeneralIncompletionStatus	Edm.String	0	0	1					X			HDRGENERALINCOMPLETIONSTATUS
API_INBOUND_DELIVERY_0002	EntityProperty	A_InbDeliveryHeaderType	HdrGoodsMvtIncompletionStatus	Edm.String	0	0	1					X			HDRGOODSMVTINCOMPLETIONSTATUS
API_INBOUND_DELIVERY_0002	EntityProperty	A_InbDeliveryHeaderType	HeaderBillgIncompletionStatus	Edm.String	0	0	1					X			HEADERBILLGINCOMPLETIONSTATUS
API_INBOUND_DELIVERY_0002	EntityProperty	A_InbDeliveryHeaderType	HeaderBillingBlockReason	Edm.String	0	0	2					X			HEADERBILLINGBLOCKREASON
API_INBOUND_DELIVERY_0002	EntityProperty	A_InbDeliveryHeaderType	HeaderDelivIncompletionStatus	Edm.String	0	0	1					X			HEADERDELIVINCOMPLETIONSTATUS
API_INBOUND_DELIVERY_0002	EntityProperty	A_InbDeliveryHeaderType	HeaderGrossWeight	Edm.Decimal	15	3	0					X			HEADERGROSSWEIGHT
API_INBOUND_DELIVERY_0002	EntityProperty	A_InbDeliveryHeaderType	HeaderNetWeight	Edm.Decimal	15	3	0					X			HEADERNETWEIGHT
API_INBOUND_DELIVERY_0002	EntityProperty	A_InbDeliveryHeaderType	HeaderPackingIncompletionSts	Edm.String	0	0	1					X			HEADERPACKINGINCOMPLETIONSTS
API_INBOUND_DELIVERY_0002	EntityProperty	A_InbDeliveryHeaderType	HeaderPickgIncompletionStatus	Edm.String	0	0	1					X			HEADERPICKGINCOMPLETIONSTATUS
API_INBOUND_DELIVERY_0002	EntityProperty	A_InbDeliveryHeaderType	HeaderVolume	Edm.Decimal	15	3	0					X			HEADERVOLUME
API_INBOUND_DELIVERY_0002	EntityProperty	A_InbDeliveryHeaderType	HeaderVolumeUnit	Edm.String	0	0	3					X			HEADERVOLUMEUNIT
API_INBOUND_DELIVERY_0002	EntityProperty	A_InbDeliveryHeaderType	HeaderWeightUnit	Edm.String	0	0	3					X			HEADERWEIGHTUNIT
API_INBOUND_DELIVERY_0002	EntityProperty	A_InbDeliveryHeaderType	IncotermsClassification	Edm.String	0	0	3					X			INCOTERMSCLASSIFICATION
API_INBOUND_DELIVERY_0002	EntityProperty	A_InbDeliveryHeaderType	IncotermsTransferLocation	Edm.String	0	0	28					X			INCOTERMSTRANSFERLOCATION
API_INBOUND_DELIVERY_0002	EntityProperty	A_InbDeliveryHeaderType	IntercompanyBillingDate	Edm.DateTime	7	0	0					X			INTERCOMPANYBILLINGDATE
API_INBOUND_DELIVERY_0002	EntityProperty	A_InbDeliveryHeaderType	InternalFinancialDocument	Edm.String	0	0	10					X			INTERNALFINANCIALDOCUMENT
API_INBOUND_DELIVERY_0002	EntityProperty	A_InbDeliveryHeaderType	IsDeliveryForSingleWarehouse	Edm.String	0	0	1					X			ISDELIVERYFORSINGLEWAREHOUSE
API_INBOUND_DELIVERY_0002	EntityProperty	A_InbDeliveryHeaderType	IsExportDelivery	Edm.String	0	0	1					X			ISEXPORTDELIVERY
API_INBOUND_DELIVERY_0002	EntityProperty	A_InbDeliveryHeaderType	LastChangeDate	Edm.DateTime	7	0	0					X			LASTCHANGEDATE
API_INBOUND_DELIVERY_0002	EntityProperty	A_InbDeliveryHeaderType	LastChangedByUser	Edm.String	0	0	12					X			LASTCHANGEDBYUSER
API_INBOUND_DELIVERY_0002	EntityProperty	A_InbDeliveryHeaderType	LoadingDate	Edm.DateTime	7	0	0					X			LOADINGDATE
API_INBOUND_DELIVERY_0002	EntityProperty	A_InbDeliveryHeaderType	LoadingPoint	Edm.String	0	0	2					X			LOADINGPOINT
API_INBOUND_DELIVERY_0002	EntityProperty	A_InbDeliveryHeaderType	LoadingTime	Edm.Time	0	0	0					X			LOADINGTIME
API_INBOUND_DELIVERY_0002	EntityProperty	A_InbDeliveryHeaderType	MeansOfTransport	Edm.String	0	0	20					X			MEANSOFTRANSPORT
API_INBOUND_DELIVERY_0002	EntityProperty	A_InbDeliveryHeaderType	MeansOfTransportRefMaterial	Edm.String	0	0	40					X			MEANSOFTRANSPORTREFMATERIAL
API_INBOUND_DELIVERY_0002	EntityProperty	A_InbDeliveryHeaderType	MeansOfTransportType	Edm.String	0	0	4					X			MEANSOFTRANSPORTTYPE
API_INBOUND_DELIVERY_0002	EntityProperty	A_InbDeliveryHeaderType	OrderCombinationIsAllowed	Edm.Boolean	0	0	0					X			ORDERCOMBINATIONISALLOWED
API_INBOUND_DELIVERY_0002	EntityProperty	A_InbDeliveryHeaderType	OrderID	Edm.String	0	0	12					X			ORDERID
API_INBOUND_DELIVERY_0002	EntityProperty	A_InbDeliveryHeaderType	OverallDelivConfStatus	Edm.String	0	0	1					X			OVERALLDELIVCONFSTATUS
API_INBOUND_DELIVERY_0002	EntityProperty	A_InbDeliveryHeaderType	OverallDelivReltdBillgStatus	Edm.String	0	0	1					X			OVERALLDELIVRELTDBILLGSTATUS
API_INBOUND_DELIVERY_0002	EntityProperty	A_InbDeliveryHeaderType	OverallGoodsMovementStatus	Edm.String	0	0	1					X			OVERALLGOODSMOVEMENTSTATUS
API_INBOUND_DELIVERY_0002	EntityProperty	A_InbDeliveryHeaderType	OverallIntcoBillingStatus	Edm.String	0	0	1					X			OVERALLINTCOBILLINGSTATUS
API_INBOUND_DELIVERY_0002	EntityProperty	A_InbDeliveryHeaderType	OverallPackingStatus	Edm.String	0	0	1					X			OVERALLPACKINGSTATUS
API_INBOUND_DELIVERY_0002	EntityProperty	A_InbDeliveryHeaderType	OverallPickingConfStatus	Edm.String	0	0	1					X			OVERALLPICKINGCONFSTATUS
API_INBOUND_DELIVERY_0002	EntityProperty	A_InbDeliveryHeaderType	OverallPickingStatus	Edm.String	0	0	1					X			OVERALLPICKINGSTATUS
API_INBOUND_DELIVERY_0002	EntityProperty	A_InbDeliveryHeaderType	OverallProofOfDeliveryStatus	Edm.String	0	0	1					X			OVERALLPROOFOFDELIVERYSTATUS
API_INBOUND_DELIVERY_0002	EntityProperty	A_InbDeliveryHeaderType	OverallSDProcessStatus	Edm.String	0	0	1					X			OVERALLSDPROCESSSTATUS
API_INBOUND_DELIVERY_0002	EntityProperty	A_InbDeliveryHeaderType	OverallWarehouseActivityStatus	Edm.String	0	0	1					X			OVERALLWAREHOUSEACTIVITYSTATUS
API_INBOUND_DELIVERY_0002	EntityProperty	A_InbDeliveryHeaderType	OvrlItmDelivIncompletionSts	Edm.String	0	0	1					X			OVRLITMDELIVINCOMPLETIONSTS
API_INBOUND_DELIVERY_0002	EntityProperty	A_InbDeliveryHeaderType	OvrlItmGdsMvtIncompletionSts	Edm.String	0	0	1					X			OVRLITMGDSMVTINCOMPLETIONSTS
API_INBOUND_DELIVERY_0002	EntityProperty	A_InbDeliveryHeaderType	OvrlItmGeneralIncompletionSts	Edm.String	0	0	1					X			OVRLITMGENERALINCOMPLETIONSTS
API_INBOUND_DELIVERY_0002	EntityProperty	A_InbDeliveryHeaderType	OvrlItmPackingIncompletionSts	Edm.String	0	0	1					X			OVRLITMPACKINGINCOMPLETIONSTS
API_INBOUND_DELIVERY_0002	EntityProperty	A_InbDeliveryHeaderType	OvrlItmPickingIncompletionSts	Edm.String	0	0	1					X			OVRLITMPICKINGINCOMPLETIONSTS
API_INBOUND_DELIVERY_0002	EntityProperty	A_InbDeliveryHeaderType	PaymentGuaranteeProcedure	Edm.String	0	0	6					X			PAYMENTGUARANTEEPROCEDURE
API_INBOUND_DELIVERY_0002	EntityProperty	A_InbDeliveryHeaderType	PickedItemsLocation	Edm.String	0	0	20					X			PICKEDITEMSLOCATION
API_INBOUND_DELIVERY_0002	EntityProperty	A_InbDeliveryHeaderType	PickingDate	Edm.DateTime	7	0	0					X			PICKINGDATE
API_INBOUND_DELIVERY_0002	EntityProperty	A_InbDeliveryHeaderType	PickingTime	Edm.Time	0	0	0					X			PICKINGTIME
API_INBOUND_DELIVERY_0002	EntityProperty	A_InbDeliveryHeaderType	PlannedGoodsIssueDate	Edm.DateTime	7	0	0					X			PLANNEDGOODSISSUEDATE
API_INBOUND_DELIVERY_0002	EntityProperty	A_InbDeliveryHeaderType	ProofOfDeliveryDate	Edm.DateTime	7	0	0					X			PROOFOFDELIVERYDATE
API_INBOUND_DELIVERY_0002	EntityProperty	A_InbDeliveryHeaderType	ProposedDeliveryRoute	Edm.String	0	0	6		X	X		X			PROPOSEDDELIVERYROUTE
API_INBOUND_DELIVERY_0002	EntityProperty	A_InbDeliveryHeaderType	ReceivingPlant	Edm.String	0	0	4					X			RECEIVINGPLANT
API_INBOUND_DELIVERY_0002	EntityProperty	A_InbDeliveryHeaderType	RouteSchedule	Edm.String	0	0	10					X			ROUTESCHEDULE
API_INBOUND_DELIVERY_0002	EntityProperty	A_InbDeliveryHeaderType	SalesDistrict	Edm.String	0	0	6					X			SALESDISTRICT
API_INBOUND_DELIVERY_0002	EntityProperty	A_InbDeliveryHeaderType	SalesOffice	Edm.String	0	0	4					X			SALESOFFICE
API_INBOUND_DELIVERY_0002	EntityProperty	A_InbDeliveryHeaderType	SalesOrganization	Edm.String	0	0	4					X			SALESORGANIZATION
API_INBOUND_DELIVERY_0002	EntityProperty	A_InbDeliveryHeaderType	SDDocumentCategory	Edm.String	0	0	4					X			SDDOCUMENTCATEGORY
API_INBOUND_DELIVERY_0002	EntityProperty	A_InbDeliveryHeaderType	ShipmentBlockReason	Edm.String	0	0	2					X			SHIPMENTBLOCKREASON
API_INBOUND_DELIVERY_0002	EntityProperty	A_InbDeliveryHeaderType	ShippingCondition	Edm.String	0	0	2					X			SHIPPINGCONDITION
API_INBOUND_DELIVERY_0002	EntityProperty	A_InbDeliveryHeaderType	ShippingPoint	Edm.String	0	0	4					X			SHIPPINGPOINT
API_INBOUND_DELIVERY_0002	EntityProperty	A_InbDeliveryHeaderType	ShippingType	Edm.String	0	0	2		X	X		X			SHIPPINGTYPE
API_INBOUND_DELIVERY_0002	EntityProperty	A_InbDeliveryHeaderType	ShipToParty	Edm.String	0	0	10					X			SHIPTOPARTY
API_INBOUND_DELIVERY_0002	EntityProperty	A_InbDeliveryHeaderType	SoldToParty	Edm.String	0	0	10					X			SOLDTOPARTY
API_INBOUND_DELIVERY_0002	EntityProperty	A_InbDeliveryHeaderType	SpecialProcessingCode	Edm.String	0	0	4					X			SPECIALPROCESSINGCODE
API_INBOUND_DELIVERY_0002	EntityProperty	A_InbDeliveryHeaderType	StatisticsCurrency	Edm.String	0	0	5					X			STATISTICSCURRENCY
API_INBOUND_DELIVERY_0002	EntityProperty	A_InbDeliveryHeaderType	Supplier	Edm.String	0	0	10		X			X			SUPPLIER
API_INBOUND_DELIVERY_0002	EntityProperty	A_InbDeliveryHeaderType	TotalBlockStatus	Edm.String	0	0	1					X			TOTALBLOCKSTATUS
API_INBOUND_DELIVERY_0002	EntityProperty	A_InbDeliveryHeaderType	TotalCreditCheckStatus	Edm.String	0	0	1					X			TOTALCREDITCHECKSTATUS
API_INBOUND_DELIVERY_0002	EntityProperty	A_InbDeliveryHeaderType	TotalNumberOfPackage	Edm.String	0	0	5					X			TOTALNUMBEROFPACKAGE
API_INBOUND_DELIVERY_0002	EntityProperty	A_InbDeliveryHeaderType	TransactionCurrency	Edm.String	0	0	5					X			TRANSACTIONCURRENCY
API_INBOUND_DELIVERY_0002	EntityProperty	A_InbDeliveryHeaderType	TransportationGroup	Edm.String	0	0	4					X			TRANSPORTATIONGROUP
API_INBOUND_DELIVERY_0002	EntityProperty	A_InbDeliveryHeaderType	TransportationPlanningDate	Edm.DateTime	7	0	0					X			TRANSPORTATIONPLANNINGDATE
API_INBOUND_DELIVERY_0002	EntityProperty	A_InbDeliveryHeaderType	TransportationPlanningStatus	Edm.String	0	0	1					X			TRANSPORTATIONPLANNINGSTATUS
API_INBOUND_DELIVERY_0002	EntityProperty	A_InbDeliveryHeaderType	TransportationPlanningTime	Edm.Time	0	0	0					X			TRANSPORTATIONPLANNINGTIME
API_INBOUND_DELIVERY_0002	EntityProperty	A_InbDeliveryHeaderType	UnloadingPointName	Edm.String	0	0	25					X			UNLOADINGPOINTNAME
API_INBOUND_DELIVERY_0002	EntityProperty	A_InbDeliveryHeaderType	Warehouse	Edm.String	0	0	3					X			WAREHOUSE
API_INBOUND_DELIVERY_0002	EntityProperty	A_InbDeliveryHeaderType	WarehouseGate	Edm.String	0	0	3					X			WAREHOUSEGATE
API_INBOUND_DELIVERY_0002	EntityProperty	A_InbDeliveryHeaderType	WarehouseStagingArea	Edm.String	0	0	10					X			WAREHOUSESTAGINGAREA
API_INBOUND_DELIVERY_0002	EntityProperty	A_InbDeliveryItemTextType	DeliveryDocument	Edm.String	0	0	10	X							DELIVERYDOCUMENT
API_INBOUND_DELIVERY_0002	EntityProperty	A_InbDeliveryItemTextType	DeliveryDocumentItem	Edm.String	0	0	6	X							DELIVERYDOCUMENTITEM
API_INBOUND_DELIVERY_0002	EntityProperty	A_InbDeliveryItemTextType	TextElement	Edm.String	0	0	4	X							TEXTID
API_INBOUND_DELIVERY_0002	EntityProperty	A_InbDeliveryItemTextType	Language	Edm.String	0	0	2	X					X		LANGUAGE
API_INBOUND_DELIVERY_0002	EntityProperty	A_InbDeliveryItemTextType	TextElementDescription	Edm.String	0	0	30								TEXTIDDESCRIPTION
API_INBOUND_DELIVERY_0002	EntityProperty	A_InbDeliveryItemTextType	TextElementText	Edm.String	0	0	0								COMPLETETEXTLINE
API_INBOUND_DELIVERY_0002	EntityProperty	A_InbDeliveryItemTextType	DeliveryLongTextIsFormatted	Edm.Boolean	0	0	0								ISFORMATTED
API_INBOUND_DELIVERY_0002	EntityProperty	A_InbDeliveryItemType	ActualDeliveredQtyInBaseUnit	Edm.Decimal	13	3	0					X			ACTUALDELIVEREDQTYINBASEUNIT
API_INBOUND_DELIVERY_0002	EntityProperty	A_InbDeliveryItemType	ActualDeliveryQuantity	Edm.Decimal	13	3	0		X	X		X			ACTUALDELIVERYQUANTITY
API_INBOUND_DELIVERY_0002	EntityProperty	A_InbDeliveryItemType	AdditionalCustomerGroup1	Edm.String	0	0	3					X			ADDITIONALCUSTOMERGROUP1
API_INBOUND_DELIVERY_0002	EntityProperty	A_InbDeliveryItemType	AdditionalCustomerGroup2	Edm.String	0	0	3					X			ADDITIONALCUSTOMERGROUP2
API_INBOUND_DELIVERY_0002	EntityProperty	A_InbDeliveryItemType	AdditionalCustomerGroup3	Edm.String	0	0	3					X			ADDITIONALCUSTOMERGROUP3
API_INBOUND_DELIVERY_0002	EntityProperty	A_InbDeliveryItemType	AdditionalCustomerGroup4	Edm.String	0	0	3					X			ADDITIONALCUSTOMERGROUP4
API_INBOUND_DELIVERY_0002	EntityProperty	A_InbDeliveryItemType	AdditionalCustomerGroup5	Edm.String	0	0	3					X			ADDITIONALCUSTOMERGROUP5
API_INBOUND_DELIVERY_0002	EntityProperty	A_InbDeliveryItemType	AdditionalMaterialGroup1	Edm.String	0	0	3					X			ADDITIONALMATERIALGROUP1
API_INBOUND_DELIVERY_0002	EntityProperty	A_InbDeliveryItemType	AdditionalMaterialGroup2	Edm.String	0	0	3					X			ADDITIONALMATERIALGROUP2
API_INBOUND_DELIVERY_0002	EntityProperty	A_InbDeliveryItemType	AdditionalMaterialGroup3	Edm.String	0	0	3					X			ADDITIONALMATERIALGROUP3
API_INBOUND_DELIVERY_0002	EntityProperty	A_InbDeliveryItemType	AdditionalMaterialGroup4	Edm.String	0	0	3					X			ADDITIONALMATERIALGROUP4
API_INBOUND_DELIVERY_0002	EntityProperty	A_InbDeliveryItemType	AdditionalMaterialGroup5	Edm.String	0	0	3					X			ADDITIONALMATERIALGROUP5
API_INBOUND_DELIVERY_0002	EntityProperty	A_InbDeliveryItemType	AlternateProductNumber	Edm.String	0	0	40					X			ALTERNATEPRODUCTNUMBER
API_INBOUND_DELIVERY_0002	EntityProperty	A_InbDeliveryItemType	BaseUnit	Edm.String	0	0	3					X			BASEUNIT
API_INBOUND_DELIVERY_0002	EntityProperty	A_InbDeliveryItemType	Batch	Edm.String	0	0	10					X			BATCH
API_INBOUND_DELIVERY_0002	EntityProperty	A_InbDeliveryItemType	BatchBySupplier	Edm.String	0	0	15					X			BATCHBYSUPPLIER
API_INBOUND_DELIVERY_0002	EntityProperty	A_InbDeliveryItemType	BatchClassification	Edm.String	0	0	18					X			BATCHCLASSIFICATION
API_INBOUND_DELIVERY_0002	EntityProperty	A_InbDeliveryItemType	BOMExplosion	Edm.String	0	0	8					X			BOMEXPLOSION
API_INBOUND_DELIVERY_0002	EntityProperty	A_InbDeliveryItemType	BusinessArea	Edm.String	0	0	4					X			BUSINESSAREA
API_INBOUND_DELIVERY_0002	EntityProperty	A_InbDeliveryItemType	ConsumptionPosting	Edm.String	0	0	1					X			CONSUMPTIONPOSTING
API_INBOUND_DELIVERY_0002	EntityProperty	A_InbDeliveryItemType	ControllingArea	Edm.String	0	0	4					X			CONTROLLINGAREA
API_INBOUND_DELIVERY_0002	EntityProperty	A_InbDeliveryItemType	CostCenter	Edm.String	0	0	10					X			COSTCENTER
API_INBOUND_DELIVERY_0002	EntityProperty	A_InbDeliveryItemType	CreatedByUser	Edm.String	0	0	12					X			CREATEDBYUSER
API_INBOUND_DELIVERY_0002	EntityProperty	A_InbDeliveryItemType	CreationDate	Edm.DateTime	7	0	0					X			CREATIONDATE
API_INBOUND_DELIVERY_0002	EntityProperty	A_InbDeliveryItemType	CreationTime	Edm.Time	0	0	0					X			CREATIONTIME
API_INBOUND_DELIVERY_0002	EntityProperty	A_InbDeliveryItemType	CustEngineeringChgStatus	Edm.String	0	0	17					X			CUSTENGINEERINGCHGSTATUS
API_INBOUND_DELIVERY_0002	EntityProperty	A_InbDeliveryItemType	DeliveryDocument	Edm.String	0	0	10	X	X						DELIVERYDOCUMENT
API_INBOUND_DELIVERY_0002	EntityProperty	A_InbDeliveryItemType	DeliveryDocumentItem	Edm.String	0	0	6	X							DELIVERYDOCUMENTITEM
API_INBOUND_DELIVERY_0002	EntityProperty	A_InbDeliveryItemType	DeliveryDocumentItemCategory	Edm.String	0	0	4					X			DELIVERYDOCUMENTITEMCATEGORY
API_INBOUND_DELIVERY_0002	EntityProperty	A_InbDeliveryItemType	DeliveryDocumentItemText	Edm.String	0	0	40					X			DELIVERYDOCUMENTITEMTEXT
API_INBOUND_DELIVERY_0002	EntityProperty	A_InbDeliveryItemType	DeliveryGroup	Edm.String	0	0	3					X			DELIVERYGROUP
API_INBOUND_DELIVERY_0002	EntityProperty	A_InbDeliveryItemType	DeliveryQuantityUnit	Edm.String	0	0	3		X			X			DELIVERYQUANTITYUNIT
API_INBOUND_DELIVERY_0002	EntityProperty	A_InbDeliveryItemType	DeliveryRelatedBillingStatus	Edm.String	0	0	1					X			DELIVERYRELATEDBILLINGSTATUS
API_INBOUND_DELIVERY_0002	EntityProperty	A_InbDeliveryItemType	DeliveryToBaseQuantityDnmntr	Edm.Decimal	5	0	0					X			DELIVERYTOBASEQUANTITYDNMNTR
API_INBOUND_DELIVERY_0002	EntityProperty	A_InbDeliveryItemType	DeliveryToBaseQuantityNmrtr	Edm.Decimal	5	0	0					X			DELIVERYTOBASEQUANTITYNMRTR
API_INBOUND_DELIVERY_0002	EntityProperty	A_InbDeliveryItemType	DepartmentClassificationByCust	Edm.String	0	0	4					X			DEPARTMENTCLASSIFICATIONBYCUST
API_INBOUND_DELIVERY_0002	EntityProperty	A_InbDeliveryItemType	DistributionChannel	Edm.String	0	0	2					X			DISTRIBUTIONCHANNEL
API_INBOUND_DELIVERY_0002	EntityProperty	A_InbDeliveryItemType	Division	Edm.String	0	0	2					X			DIVISION
API_INBOUND_DELIVERY_0002	EntityProperty	A_InbDeliveryItemType	FixedShipgProcgDurationInDays	Edm.Decimal	5	2	0					X			FIXEDSHIPGPROCGDURATIONINDAYS
API_INBOUND_DELIVERY_0002	EntityProperty	A_InbDeliveryItemType	GLAccount	Edm.String	0	0	10					X			GLACCOUNT
API_INBOUND_DELIVERY_0002	EntityProperty	A_InbDeliveryItemType	GoodsMovementReasonCode	Edm.String	0	0	4					X			GOODSMOVEMENTREASONCODE
API_INBOUND_DELIVERY_0002	EntityProperty	A_InbDeliveryItemType	GoodsMovementStatus	Edm.String	0	0	1					X			GOODSMOVEMENTSTATUS
API_INBOUND_DELIVERY_0002	EntityProperty	A_InbDeliveryItemType	GoodsMovementType	Edm.String	0	0	3					X			GOODSMOVEMENTTYPE
API_INBOUND_DELIVERY_0002	EntityProperty	A_InbDeliveryItemType	HigherLevelItem	Edm.String	0	0	6					X			HIGHERLEVELITEM
API_INBOUND_DELIVERY_0002	EntityProperty	A_InbDeliveryItemType	InspectionLot	Edm.String	0	0	12					X			INSPECTIONLOT
API_INBOUND_DELIVERY_0002	EntityProperty	A_InbDeliveryItemType	InspectionPartialLot	Edm.String	0	0	6					X			INSPECTIONPARTIALLOT
API_INBOUND_DELIVERY_0002	EntityProperty	A_InbDeliveryItemType	IntercompanyBillingStatus	Edm.String	0	0	1					X			INTERCOMPANYBILLINGSTATUS
API_INBOUND_DELIVERY_0002	EntityProperty	A_InbDeliveryItemType	InternationalArticleNumber	Edm.String	0	0	18					X			INTERNATIONALARTICLENUMBER
API_INBOUND_DELIVERY_0002	EntityProperty	A_InbDeliveryItemType	InventorySpecialStockType	Edm.String	0	0	1					X			INVENTORYSPECIALSTOCKTYPE
API_INBOUND_DELIVERY_0002	EntityProperty	A_InbDeliveryItemType	InventoryValuationType	Edm.String	0	0	10					X			INVENTORYVALUATIONTYPE
API_INBOUND_DELIVERY_0002	EntityProperty	A_InbDeliveryItemType	IsCompletelyDelivered	Edm.Boolean	0	0	0					X			ISCOMPLETELYDELIVERED
API_INBOUND_DELIVERY_0002	EntityProperty	A_InbDeliveryItemType	IsNotGoodsMovementsRelevant	Edm.String	0	0	1					X			ISNOTGOODSMOVEMENTSRELEVANT
API_INBOUND_DELIVERY_0002	EntityProperty	A_InbDeliveryItemType	IsSeparateValuation	Edm.Boolean	0	0	0					X			ISSEPARATEVALUATION
API_INBOUND_DELIVERY_0002	EntityProperty	A_InbDeliveryItemType	IssgOrRcvgBatch	Edm.String	0	0	10					X			ISSGORRCVGBATCH
API_INBOUND_DELIVERY_0002	EntityProperty	A_InbDeliveryItemType	IssgOrRcvgMaterial	Edm.String	0	0	40					X			ISSGORRCVGMATERIAL
API_INBOUND_DELIVERY_0002	EntityProperty	A_InbDeliveryItemType	IssgOrRcvgSpclStockInd	Edm.String	0	0	1					X			ISSGORRCVGSPCLSTOCKIND
API_INBOUND_DELIVERY_0002	EntityProperty	A_InbDeliveryItemType	IssgOrRcvgStockCategory	Edm.String	0	0	1					X			ISSGORRCVGSTOCKCATEGORY
API_INBOUND_DELIVERY_0002	EntityProperty	A_InbDeliveryItemType	IssgOrRcvgValuationType	Edm.String	0	0	10					X			ISSGORRCVGVALUATIONTYPE
API_INBOUND_DELIVERY_0002	EntityProperty	A_InbDeliveryItemType	IssuingOrReceivingPlant	Edm.String	0	0	4					X			ISSUINGORRECEIVINGPLANT
API_INBOUND_DELIVERY_0002	EntityProperty	A_InbDeliveryItemType	IssuingOrReceivingStorageLoc	Edm.String	0	0	4					X			ISSUINGORRECEIVINGSTORAGELOC
API_INBOUND_DELIVERY_0002	EntityProperty	A_InbDeliveryItemType	ItemBillingBlockReason	Edm.String	0	0	2					X			ITEMBILLINGBLOCKREASON
API_INBOUND_DELIVERY_0002	EntityProperty	A_InbDeliveryItemType	ItemBillingIncompletionStatus	Edm.String	0	0	1					X			ITEMBILLINGINCOMPLETIONSTATUS
API_INBOUND_DELIVERY_0002	EntityProperty	A_InbDeliveryItemType	ItemDeliveryIncompletionStatus	Edm.String	0	0	1					X			ITEMDELIVERYINCOMPLETIONSTATUS
API_INBOUND_DELIVERY_0002	EntityProperty	A_InbDeliveryItemType	ItemGdsMvtIncompletionSts	Edm.String	0	0	1					X			ITEMGDSMVTINCOMPLETIONSTS
API_INBOUND_DELIVERY_0002	EntityProperty	A_InbDeliveryItemType	ItemGeneralIncompletionStatus	Edm.String	0	0	1					X			ITEMGENERALINCOMPLETIONSTATUS
API_INBOUND_DELIVERY_0002	EntityProperty	A_InbDeliveryItemType	ItemGrossWeight	Edm.Decimal	15	3	0					X			ITEMGROSSWEIGHT
API_INBOUND_DELIVERY_0002	EntityProperty	A_InbDeliveryItemType	ItemIsBillingRelevant	Edm.String	0	0	1					X			ITEMISBILLINGRELEVANT
API_INBOUND_DELIVERY_0002	EntityProperty	A_InbDeliveryItemType	ItemNetWeight	Edm.Decimal	15	3	0					X			ITEMNETWEIGHT
API_INBOUND_DELIVERY_0002	EntityProperty	A_InbDeliveryItemType	ItemPackingIncompletionStatus	Edm.String	0	0	1					X			ITEMPACKINGINCOMPLETIONSTATUS
API_INBOUND_DELIVERY_0002	EntityProperty	A_InbDeliveryItemType	ItemPickingIncompletionStatus	Edm.String	0	0	1					X			ITEMPICKINGINCOMPLETIONSTATUS
API_INBOUND_DELIVERY_0002	EntityProperty	A_InbDeliveryItemType	ItemVolume	Edm.Decimal	15	3	0					X			ITEMVOLUME
API_INBOUND_DELIVERY_0002	EntityProperty	A_InbDeliveryItemType	ItemVolumeUnit	Edm.String	0	0	3					X			ITEMVOLUMEUNIT
API_INBOUND_DELIVERY_0002	EntityProperty	A_InbDeliveryItemType	ItemWeightUnit	Edm.String	0	0	3					X			ITEMWEIGHTUNIT
API_INBOUND_DELIVERY_0002	EntityProperty	A_InbDeliveryItemType	LastChangeDate	Edm.DateTime	7	0	0					X			LASTCHANGEDATE
API_INBOUND_DELIVERY_0002	EntityProperty	A_InbDeliveryItemType	LoadingGroup	Edm.String	0	0	4					X			LOADINGGROUP
API_INBOUND_DELIVERY_0002	EntityProperty	A_InbDeliveryItemType	ManufactureDate	Edm.DateTime	7	0	0					X			MANUFACTUREDATE
API_INBOUND_DELIVERY_0002	EntityProperty	A_InbDeliveryItemType	Material	Edm.String	0	0	40		X			X			MATERIAL
API_INBOUND_DELIVERY_0002	EntityProperty	A_InbDeliveryItemType	MaterialByCustomer	Edm.String	0	0	35					X			MATERIALBYCUSTOMER
API_INBOUND_DELIVERY_0002	EntityProperty	A_InbDeliveryItemType	MaterialFreightGroup	Edm.String	0	0	8					X			MATERIALFREIGHTGROUP
API_INBOUND_DELIVERY_0002	EntityProperty	A_InbDeliveryItemType	MaterialGroup	Edm.String	0	0	9					X			MATERIALGROUP
API_INBOUND_DELIVERY_0002	EntityProperty	A_InbDeliveryItemType	MaterialIsBatchManaged	Edm.Boolean	0	0	0					X			MATERIALISBATCHMANAGED
API_INBOUND_DELIVERY_0002	EntityProperty	A_InbDeliveryItemType	MaterialIsIntBatchManaged	Edm.Boolean	0	0	0					X			MATERIALISINTBATCHMANAGED
API_INBOUND_DELIVERY_0002	EntityProperty	A_InbDeliveryItemType	NumberOfSerialNumbers	Edm.Int32	0	0	0					X			NUMBEROFSERIALNUMBERS
API_INBOUND_DELIVERY_0002	EntityProperty	A_InbDeliveryItemType	OrderID	Edm.String	0	0	12					X			ORDERID
API_INBOUND_DELIVERY_0002	EntityProperty	A_InbDeliveryItemType	OrderItem	Edm.String	0	0	4					X			ORDERITEM
API_INBOUND_DELIVERY_0002	EntityProperty	A_InbDeliveryItemType	OriginalDeliveryQuantity	Edm.Decimal	13	3	0					X			ORIGINALDELIVERYQUANTITY
API_INBOUND_DELIVERY_0002	EntityProperty	A_InbDeliveryItemType	OriginallyRequestedMaterial	Edm.String	0	0	40					X			ORIGINALLYREQUESTEDMATERIAL
API_INBOUND_DELIVERY_0002	EntityProperty	A_InbDeliveryItemType	OverdelivTolrtdLmtRatioInPct	Edm.Decimal	3	1	0					X			OVERDELIVTOLRTDLMTRATIOINPCT
API_INBOUND_DELIVERY_0002	EntityProperty	A_InbDeliveryItemType	PackingStatus	Edm.String	0	0	1					X			PACKINGSTATUS
API_INBOUND_DELIVERY_0002	EntityProperty	A_InbDeliveryItemType	PartialDeliveryIsAllowed	Edm.String	0	0	1					X			PARTIALDELIVERYISALLOWED
API_INBOUND_DELIVERY_0002	EntityProperty	A_InbDeliveryItemType	PaymentGuaranteeForm	Edm.String	0	0	2					X			PAYMENTGUARANTEEFORM
API_INBOUND_DELIVERY_0002	EntityProperty	A_InbDeliveryItemType	PickingConfirmationStatus	Edm.String	0	0	1					X			PICKINGCONFIRMATIONSTATUS
API_INBOUND_DELIVERY_0002	EntityProperty	A_InbDeliveryItemType	PickingControl	Edm.String	0	0	1					X			PICKINGCONTROL
API_INBOUND_DELIVERY_0002	EntityProperty	A_InbDeliveryItemType	PickingStatus	Edm.String	0	0	1					X			PICKINGSTATUS
API_INBOUND_DELIVERY_0002	EntityProperty	A_InbDeliveryItemType	Plant	Edm.String	0	0	4		X			X			PLANT
API_INBOUND_DELIVERY_0002	EntityProperty	A_InbDeliveryItemType	PrimaryPostingSwitch	Edm.String	0	0	1					X			PRIMARYPOSTINGSWITCH
API_INBOUND_DELIVERY_0002	EntityProperty	A_InbDeliveryItemType	ProductAvailabilityDate	Edm.DateTime	7	0	0					X			PRODUCTAVAILABILITYDATE
API_INBOUND_DELIVERY_0002	EntityProperty	A_InbDeliveryItemType	ProductAvailabilityTime	Edm.Time	0	0	0					X			PRODUCTAVAILABILITYTIME
API_INBOUND_DELIVERY_0002	EntityProperty	A_InbDeliveryItemType	ProductConfiguration	Edm.String	0	0	18					X			PRODUCTCONFIGURATION
API_INBOUND_DELIVERY_0002	EntityProperty	A_InbDeliveryItemType	ProductHierarchyNode	Edm.String	0	0	18					X			PRODUCTHIERARCHYNODE
API_INBOUND_DELIVERY_0002	EntityProperty	A_InbDeliveryItemType	ProfitabilitySegment	Edm.String	0	0	10					X			PROFITABILITYSEGMENT
API_INBOUND_DELIVERY_0002	EntityProperty	A_InbDeliveryItemType	ProfitCenter	Edm.String	0	0	10					X			PROFITCENTER
API_INBOUND_DELIVERY_0002	EntityProperty	A_InbDeliveryItemType	ProofOfDeliveryRelevanceCode	Edm.String	0	0	1					X			PROOFOFDELIVERYRELEVANCECODE
API_INBOUND_DELIVERY_0002	EntityProperty	A_InbDeliveryItemType	ProofOfDeliveryStatus	Edm.String	0	0	1					X			PROOFOFDELIVERYSTATUS
API_INBOUND_DELIVERY_0002	EntityProperty	A_InbDeliveryItemType	QuantityIsFixed	Edm.Boolean	0	0	0					X			QUANTITYISFIXED
API_INBOUND_DELIVERY_0002	EntityProperty	A_InbDeliveryItemType	ReceivingPoint	Edm.String	0	0	25					X			RECEIVINGPOINT
API_INBOUND_DELIVERY_0002	EntityProperty	A_InbDeliveryItemType	ReferenceDocumentLogicalSystem	Edm.String	0	0	10					X			REFERENCEDOCUMENTLOGICALSYSTEM
API_INBOUND_DELIVERY_0002	EntityProperty	A_InbDeliveryItemType	ReferenceSDDocument	Edm.String	0	0	10		X			X			REFERENCESDDOCUMENT
API_INBOUND_DELIVERY_0002	EntityProperty	A_InbDeliveryItemType	ReferenceSDDocumentCategory	Edm.String	0	0	4					X			REFERENCESDDOCUMENTCATEGORY
API_INBOUND_DELIVERY_0002	EntityProperty	A_InbDeliveryItemType	ReferenceSDDocumentItem	Edm.String	0	0	6		X			X			REFERENCESDDOCUMENTITEM
API_INBOUND_DELIVERY_0002	EntityProperty	A_InbDeliveryItemType	DeliveryDocumentItemBySupplier	Edm.String	0	0	6					X			DELIVERYDOCUMENTITEMBYSUPPLIER
API_INBOUND_DELIVERY_0002	EntityProperty	A_InbDeliveryItemType	RetailPromotion	Edm.String	0	0	10					X			RETAILPROMOTION
API_INBOUND_DELIVERY_0002	EntityProperty	A_InbDeliveryItemType	SalesDocumentItemType	Edm.String	0	0	1					X			SALESDOCUMENTITEMTYPE
API_INBOUND_DELIVERY_0002	EntityProperty	A_InbDeliveryItemType	SalesGroup	Edm.String	0	0	3					X			SALESGROUP
API_INBOUND_DELIVERY_0002	EntityProperty	A_InbDeliveryItemType	SalesOffice	Edm.String	0	0	4					X			SALESOFFICE
API_INBOUND_DELIVERY_0002	EntityProperty	A_InbDeliveryItemType	SDDocumentCategory	Edm.String	0	0	4					X			SDDOCUMENTCATEGORY
API_INBOUND_DELIVERY_0002	EntityProperty	A_InbDeliveryItemType	SDProcessStatus	Edm.String	0	0	1					X			SDPROCESSSTATUS
API_INBOUND_DELIVERY_0002	EntityProperty	A_InbDeliveryItemType	ShelfLifeExpirationDate	Edm.DateTime	7	0	0					X			SHELFLIFEEXPIRATIONDATE
API_INBOUND_DELIVERY_0002	EntityProperty	A_InbDeliveryItemType	StatisticsDate	Edm.DateTime	7	0	0					X			STATISTICSDATE
API_INBOUND_DELIVERY_0002	EntityProperty	A_InbDeliveryItemType	StockType	Edm.String	0	0	1					X			STOCKTYPE
API_INBOUND_DELIVERY_0002	EntityProperty	A_InbDeliveryItemType	StorageBin	Edm.String	0	0	10					X			STORAGEBIN
API_INBOUND_DELIVERY_0002	EntityProperty	A_InbDeliveryItemType	StorageLocation	Edm.String	0	0	4					X			STORAGELOCATION
API_INBOUND_DELIVERY_0002	EntityProperty	A_InbDeliveryItemType	StorageType	Edm.String	0	0	3					X			STORAGETYPE
API_INBOUND_DELIVERY_0002	EntityProperty	A_InbDeliveryItemType	SubsequentMovementType	Edm.String	0	0	3					X			SUBSEQUENTMOVEMENTTYPE
API_INBOUND_DELIVERY_0002	EntityProperty	A_InbDeliveryItemType	TransportationGroup	Edm.String	0	0	4					X			TRANSPORTATIONGROUP
API_INBOUND_DELIVERY_0002	EntityProperty	A_InbDeliveryItemType	UnderdelivTolrtdLmtRatioInPct	Edm.Decimal	3	1	0					X			UNDERDELIVTOLRTDLMTRATIOINPCT
API_INBOUND_DELIVERY_0002	EntityProperty	A_InbDeliveryItemType	UnlimitedOverdeliveryIsAllowed	Edm.Boolean	0	0	0					X			UNLIMITEDOVERDELIVERYISALLOWED
API_INBOUND_DELIVERY_0002	EntityProperty	A_InbDeliveryItemType	VarblShipgProcgDurationInDays	Edm.Decimal	5	2	0					X			VARBLSHIPGPROCGDURATIONINDAYS
API_INBOUND_DELIVERY_0002	EntityProperty	A_InbDeliveryItemType	Warehouse	Edm.String	0	0	3					X			WAREHOUSE
API_INBOUND_DELIVERY_0002	EntityProperty	A_InbDeliveryItemType	WarehouseActivityStatus	Edm.String	0	0	1					X			WAREHOUSEACTIVITYSTATUS
API_INBOUND_DELIVERY_0002	EntityProperty	A_InbDeliveryItemType	WarehouseStagingArea	Edm.String	0	0	10					X			WAREHOUSESTAGINGAREA
API_INBOUND_DELIVERY_0002	EntityProperty	A_InbDeliveryItemType	DeliveryVersion	Edm.String	0	0	4					X			DELIVERYVERSION
API_INBOUND_DELIVERY_0002	EntityProperty	A_InbDeliveryItemType	WarehouseStockCategory	Edm.String	0	0	1					X			WAREHOUSESTOCKCATEGORY
API_INBOUND_DELIVERY_0002	EntityProperty	A_InbDeliveryItemType	WarehouseStorageBin	Edm.String	0	0	10					X			WAREHOUSESTORAGEBIN
API_INBOUND_DELIVERY_0002	EntityProperty	A_InbDeliveryItemType	StockSegment	Edm.String	0	0	40					X			STOCKSEGMENT
API_INBOUND_DELIVERY_0002	EntityProperty	A_InbDeliveryItemType	RequirementSegment	Edm.String	0	0	40					X			REQUIREMENTSEGMENT
API_INBOUND_DELIVERY_0002	EntityProperty	A_InbDeliveryItemType	ProductSeasonYear	Edm.String	0	0	4					X			PRODUCTSEASONYEAR
API_INBOUND_DELIVERY_0002	EntityProperty	A_InbDeliveryItemType	ProductSeason	Edm.String	0	0	10					X			PRODUCTSEASON
API_INBOUND_DELIVERY_0002	EntityProperty	A_InbDeliveryItemType	ProductCollection	Edm.String	0	0	10					X			PRODUCTCOLLECTION
API_INBOUND_DELIVERY_0002	EntityProperty	A_InbDeliveryItemType	ProductTheme	Edm.String	0	0	10					X			PRODUCTTHEME
API_INBOUND_DELIVERY_0002	EntityProperty	A_InbDeliveryItemType	ProductCharacteristic1	Edm.String	0	0	18					X			PRODUCTCHARACTERISTIC1
API_INBOUND_DELIVERY_0002	EntityProperty	A_InbDeliveryItemType	ProductCharacteristic2	Edm.String	0	0	18					X			PRODUCTCHARACTERISTIC2
API_INBOUND_DELIVERY_0002	EntityProperty	A_InbDeliveryItemType	ProductCharacteristic3	Edm.String	0	0	18					X			PRODUCTCHARACTERISTIC3
API_INBOUND_DELIVERY_0002	EntityProperty	A_InbDeliveryPartnerType	AddressID	Edm.String	0	0	10								ADDRESSID
API_INBOUND_DELIVERY_0002	EntityProperty	A_InbDeliveryPartnerType	ContactPerson	Edm.String	0	0	10								CONTACTPERSON
API_INBOUND_DELIVERY_0002	EntityProperty	A_InbDeliveryPartnerType	Customer	Edm.String	0	0	10								CUSTOMER
API_INBOUND_DELIVERY_0002	EntityProperty	A_InbDeliveryPartnerType	PartnerFunction	Edm.String	0	0	2	X							PARTNERFUNCTION
API_INBOUND_DELIVERY_0002	EntityProperty	A_InbDeliveryPartnerType	Personnel	Edm.String	0	0	8								PERSONNEL
API_INBOUND_DELIVERY_0002	EntityProperty	A_InbDeliveryPartnerType	SDDocument	Edm.String	0	0	10	X							SDDOCUMENT
API_INBOUND_DELIVERY_0002	EntityProperty	A_InbDeliveryPartnerType	SDDocumentItem	Edm.String	0	0	6								SDDOCUMENTITEM
API_INBOUND_DELIVERY_0002	EntityProperty	A_InbDeliveryPartnerType	Supplier	Edm.String	0	0	10								SUPPLIER
API_INBOUND_DELIVERY_0002	EntityProperty	A_InbDeliverySerialNmbrType	DeliveryDate	Edm.DateTime	7	0	0								DELIVERYDATE
API_INBOUND_DELIVERY_0002	EntityProperty	A_InbDeliverySerialNmbrType	DeliveryDocument	Edm.String	0	0	10								DELIVERYDOCUMENT
API_INBOUND_DELIVERY_0002	EntityProperty	A_InbDeliverySerialNmbrType	DeliveryDocumentItem	Edm.String	0	0	6								DELIVERYDOCUMENTITEM
API_INBOUND_DELIVERY_0002	EntityProperty	A_InbDeliverySerialNmbrType	MaintenanceItemObjectList	Edm.Int64	0	0	0	X							MAINTENANCEITEMOBJECTLIST
API_INBOUND_DELIVERY_0002	EntityProperty	A_InbDeliverySerialNmbrType	SDDocumentCategory	Edm.String	0	0	4								SDDOCUMENTCATEGORY
API_INBOUND_DELIVERY_0002	EntityProperty	A_InbDeliveryValAddedSrvcType	ValAddedSrvcHasToBeOrdered	Edm.Boolean	0	0	0								VALADDEDSRVCHASTOBEORDERED
API_INBOUND_DELIVERY_0002	EntityProperty	A_InbDeliveryValAddedSrvcType	ValAddedSrvcIncrement	Edm.String	0	0	0								VALADDEDSRVCINCREMENT
API_INBOUND_DELIVERY_0002	EntityProperty	A_InbDeliveryValAddedSrvcType	ValAddedSrvcIsCreatedManually	Edm.String	0	0	0								VALADDEDSRVCISCREATEDMANUALLY
API_INBOUND_DELIVERY_0002	EntityProperty	A_InbDeliveryValAddedSrvcType	ValAddedSrvcItemGroup	Edm.String	0	0	0	X							VALADDEDSRVCITEMGROUP
API_INBOUND_DELIVERY_0002	EntityProperty	A_InbDeliveryValAddedSrvcType	ValAddedSrvcItemNumber	Edm.String	0	0	0	X							VALADDEDSRVCITEMNUMBER
API_INBOUND_DELIVERY_0002	EntityProperty	A_InbDeliveryValAddedSrvcType	ValAddedSrvcItemNumberInMM	Edm.String	0	0	0								VALADDEDSRVCITEMNUMBERINMM
API_INBOUND_DELIVERY_0002	EntityProperty	A_InbDeliveryValAddedSrvcType	ValAddedSrvcMMRefDocItem	Edm.String	0	0	0								VALADDEDSRVCMMREFDOCITEM
API_INBOUND_DELIVERY_0002	EntityProperty	A_InbDeliveryValAddedSrvcType	ValAddedSrvcMMRefDocNmbr	Edm.String	0	0	0								VALADDEDSRVCMMREFDOCNMBR
API_INBOUND_DELIVERY_0002	EntityProperty	A_InbDeliveryValAddedSrvcType	ValAddedSrvcTransactionNumber	Edm.String	0	0	0	X							VALADDEDSRVCTRANSACTIONNUMBER
API_INBOUND_DELIVERY_0002	EntityProperty	A_InbDeliveryValAddedSrvcType	ValueAddedServiceChargeCode	Edm.String	0	0	0								VALUEADDEDSERVICECHARGECODE
API_INBOUND_DELIVERY_0002	EntityProperty	A_InbDeliveryValAddedSrvcType	ValueAddedServiceDeletionCode	Edm.String	0	0	0								VALUEADDEDSERVICEDELETIONCODE
API_INBOUND_DELIVERY_0002	EntityProperty	A_InbDeliveryValAddedSrvcType	ValueAddedServiceProduct	Edm.String	0	0	0								VALUEADDEDSERVICEPRODUCT
API_INBOUND_DELIVERY_0002	EntityProperty	A_InbDeliveryValAddedSrvcType	ValueAddedServiceText1	Edm.String	0	0	0								VALUEADDEDSERVICETEXT1
API_INBOUND_DELIVERY_0002	EntityProperty	A_InbDeliveryValAddedSrvcType	ValueAddedServiceText2	Edm.String	0	0	0								VALUEADDEDSERVICETEXT2
API_INBOUND_DELIVERY_0002	EntityProperty	A_InbDeliveryValAddedSrvcType	Valueaddedservicetext3	Edm.String	0	0	20								VALUEADDEDSERVICETEXT3
API_INBOUND_DELIVERY_0002	EntityProperty	A_InbDeliveryValAddedSrvcType	Valueaddedservicelongtext	Edm.String	0	0	132								VALUEADDEDSERVICELONGTEXT
API_INBOUND_DELIVERY_0002	EntityProperty	A_InbDeliveryValAddedSrvcType	ValueAddedServiceType	Edm.String	0	0	0	X							VALUEADDEDSERVICETYPE
API_INBOUND_DELIVERY_0002	EntityProperty	A_InbDeliveryValAddedSrvcType	ValueAddedSubServiceType	Edm.String	0	0	0	X							VALUEADDEDSUBSERVICETYPE
API_INBOUND_DELIVERY_0002	EntityProperty	A_MaintenanceItemObjListType	Assembly	Edm.String	0	0	40								ASSEMBLY
API_INBOUND_DELIVERY_0002	EntityProperty	A_MaintenanceItemObjListType	Equipment	Edm.String	0	0	18								EQUIPMENT
API_INBOUND_DELIVERY_0002	EntityProperty	A_MaintenanceItemObjListType	FunctionalLocation	Edm.String	0	0	40								FUNCTIONALLOCATION
API_INBOUND_DELIVERY_0002	EntityProperty	A_MaintenanceItemObjListType	MaintenanceItemObject	Edm.Int32	0	0	0	X							MAINTENANCEITEMOBJECT
API_INBOUND_DELIVERY_0002	EntityProperty	A_MaintenanceItemObjListType	MaintenanceItemObjectList	Edm.Int64	0	0	0	X							MAINTENANCEITEMOBJECTLIST
API_INBOUND_DELIVERY_0002	EntityProperty	A_MaintenanceItemObjListType	MaintenanceNotification	Edm.String	0	0	12								MAINTENANCENOTIFICATION
API_INBOUND_DELIVERY_0002	EntityProperty	A_MaintenanceItemObjListType	MaintObjectLocAcctAssgmtNmbr	Edm.String	0	0	12								MAINTOBJECTLOCACCTASSGMTNMBR
API_INBOUND_DELIVERY_0002	EntityProperty	A_MaintenanceItemObjListType	Material	Edm.String	0	0	40								MATERIAL
API_INBOUND_DELIVERY_0002	EntityProperty	A_MaintenanceItemObjListType	SerialNumber	Edm.String	0	0	18		X						SERIALNUMBER
API_INBOUND_DELIVERY_0002	FunctionParam	AddSerialNumberToDeliveryItem	DeliveryDocument	Edm.String	0	0	10								DELIVERYDOCUMENT
API_INBOUND_DELIVERY_0002	FunctionParam	AddSerialNumberToDeliveryItem	DeliveryDocumentItem	Edm.String	0	0	6								DELIVERYDOCUMENTITEM
API_INBOUND_DELIVERY_0002	FunctionParam	AddSerialNumberToDeliveryItem	SerialNumber	Edm.String	0	0	18								SERIALNUMBER
API_INBOUND_DELIVERY_0002	FunctionParam	ConfirmPutawayAllItems	DeliveryDocument	Edm.String	0	0	10								DELIVERYDOCUMENT
API_INBOUND_DELIVERY_0002	FunctionParam	ConfirmPutawayOneItem	DeliveryDocument	Edm.String	0	0	10								DELIVERYDOCUMENT
API_INBOUND_DELIVERY_0002	FunctionParam	ConfirmPutawayOneItem	DeliveryDocumentItem	Edm.String	0	0	6								DELIVERYDOCUMENTITEM
API_INBOUND_DELIVERY_0002	FunctionParam	DeleteAllSerialNumbersFromDeliveryItem	DeliveryDocument	Edm.String	0	0	10								DELIVERYDOCUMENT
API_INBOUND_DELIVERY_0002	FunctionParam	DeleteAllSerialNumbersFromDeliveryItem	DeliveryDocumentItem	Edm.String	0	0	6								DELIVERYDOCUMENTITEM
API_INBOUND_DELIVERY_0002	FunctionParam	DeleteSerialNumberFromDeliveryItem	DeliveryDocument	Edm.String	0	0	10								DELIVERYDOCUMENT
API_INBOUND_DELIVERY_0002	FunctionParam	DeleteSerialNumberFromDeliveryItem	DeliveryDocumentItem	Edm.String	0	0	6								DELIVERYDOCUMENTITEM
API_INBOUND_DELIVERY_0002	FunctionParam	DeleteSerialNumberFromDeliveryItem	SerialNumber	Edm.String	0	0	18								SERIALNUMBER
API_INBOUND_DELIVERY_0002	FunctionParam	PostGoodsReceipt	DeliveryDocument	Edm.String	0	0	10								DELIVERYDOCUMENT
API_INBOUND_DELIVERY_0002	FunctionParam	PutawayAllItems	DeliveryDocument	Edm.String	0	0	10								DELIVERYDOCUMENT
API_INBOUND_DELIVERY_0002	FunctionParam	PutawayOneItemWithBaseQuantity	ActualDeliveredQtyInBaseUnit	Edm.Decimal	13	3	0							BaseUnit	ACTUALDELIVEREDQTYINBASEUNIT
API_INBOUND_DELIVERY_0002	FunctionParam	PutawayOneItemWithBaseQuantity	BaseUnit	Edm.String	0	0	3								BASEUNIT
API_INBOUND_DELIVERY_0002	FunctionParam	PutawayOneItemWithBaseQuantity	DeliveryDocument	Edm.String	0	0	10								DELIVERYDOCUMENT
API_INBOUND_DELIVERY_0002	FunctionParam	PutawayOneItemWithBaseQuantity	DeliveryDocumentItem	Edm.String	0	0	6								DELIVERYDOCUMENTITEM
API_INBOUND_DELIVERY_0002	FunctionParam	PutawayOneItemWithSalesQuantity	ActualDeliveryQuantity	Edm.Decimal	13	3	0							DeliveryQuantityUnit	ACTUALDELIVERYQUANTITY
API_INBOUND_DELIVERY_0002	FunctionParam	PutawayOneItemWithSalesQuantity	DeliveryDocument	Edm.String	0	0	10								DELIVERYDOCUMENT
API_INBOUND_DELIVERY_0002	FunctionParam	PutawayOneItemWithSalesQuantity	DeliveryDocumentItem	Edm.String	0	0	6								DELIVERYDOCUMENTITEM
API_INBOUND_DELIVERY_0002	FunctionParam	PutawayOneItemWithSalesQuantity	DeliveryQuantityUnit	Edm.String	0	0	3								DELIVERYQUANTITYUNIT
API_INBOUND_DELIVERY_0002	FunctionParam	PutawayOneItem	DeliveryDocument	Edm.String	0	0	10								DELIVERYDOCUMENT
API_INBOUND_DELIVERY_0002	FunctionParam	PutawayOneItem	DeliveryDocumentItem	Edm.String	0	0	6								DELIVERYDOCUMENTITEM
API_INBOUND_DELIVERY_0002	FunctionParam	ReverseGoodsReceipt	ActualGoodsMovementDate	Edm.DateTime	7	0	0								ACTUALGOODSMOVEMENTDATE
API_INBOUND_DELIVERY_0002	FunctionParam	ReverseGoodsReceipt	DeliveryDocument	Edm.String	0	0	10								DELIVERYDOCUMENT
API_INBOUND_DELIVERY_0002	FunctionParam	SetPutawayQuantityWithBaseQuantity	ActualDeliveredQtyInBaseUnit	Edm.Decimal	13	3	0							BaseUnit	ACTUALDELIVEREDQTYINBASEUNIT
API_INBOUND_DELIVERY_0002	FunctionParam	SetPutawayQuantityWithBaseQuantity	BaseUnit	Edm.String	0	0	3								BASEUNIT
API_INBOUND_DELIVERY_0002	FunctionParam	SetPutawayQuantityWithBaseQuantity	DeliveryDocument	Edm.String	0	0	10								DELIVERYDOCUMENT
API_INBOUND_DELIVERY_0002	FunctionParam	SetPutawayQuantityWithBaseQuantity	DeliveryDocumentItem	Edm.String	0	0	6								DELIVERYDOCUMENTITEM
API_INBOUND_DELIVERY	ComplexProperty	DeliveryMessage	CollectiveProcessing	Edm.String	0	0	10					X			SAMMG
API_INBOUND_DELIVERY	ComplexProperty	DeliveryMessage	DeliveryDocument	Edm.String	0	0	10					X			VBELN
API_INBOUND_DELIVERY	ComplexProperty	DeliveryMessage	DeliveryDocumentItem	Edm.String	0	0	6					X			POSNR
API_INBOUND_DELIVERY	ComplexProperty	DeliveryMessage	ScheduleLine	Edm.String	0	0	4					X			ETENR
API_INBOUND_DELIVERY	ComplexProperty	DeliveryMessage	CollectiveProcessingMsgCounter	Edm.String	0	0	2					X			ZAEHL
API_INBOUND_DELIVERY	ComplexProperty	DeliveryMessage	SystemMessageIdentification	Edm.String	0	0	20					X			MSGID
API_INBOUND_DELIVERY	ComplexProperty	DeliveryMessage	SystemMessageNumber	Edm.String	0	0	3					X			MSGNO
API_INBOUND_DELIVERY	ComplexProperty	DeliveryMessage	SystemMessageType	Edm.String	0	0	1					X			MSGTY
API_INBOUND_DELIVERY	ComplexProperty	DeliveryMessage	SystemMessageVariable1	Edm.String	0	0	50					X			MSGV1
API_INBOUND_DELIVERY	ComplexProperty	DeliveryMessage	SystemMessageVariable2	Edm.String	0	0	50					X			MSGV2
API_INBOUND_DELIVERY	ComplexProperty	DeliveryMessage	SystemMessageVariable3	Edm.String	0	0	50					X			MSGV3
API_INBOUND_DELIVERY	ComplexProperty	DeliveryMessage	SystemMessageVariable4	Edm.String	0	0	50					X			MSGV4
API_INBOUND_DELIVERY	ComplexProperty	DeliveryMessage	CollectiveProcessingType	Edm.String	0	0	1					X			SMART
API_INBOUND_DELIVERY	ComplexProperty	PutawayReport	SystemMessageIdentification	Edm.String	0	0	20					X			MSGID
API_INBOUND_DELIVERY	ComplexProperty	PutawayReport	SystemMessageNumber	Edm.String	0	0	3					X			MSGNO
API_INBOUND_DELIVERY	ComplexProperty	PutawayReport	SystemMessageType	Edm.String	0	0	1					X			MSGTY
API_INBOUND_DELIVERY	ComplexProperty	PutawayReport	SystemMessageVariable1	Edm.String	0	0	50					X			MSGV1
API_INBOUND_DELIVERY	ComplexProperty	PutawayReport	SystemMessageVariable2	Edm.String	0	0	50					X			MSGV2
API_INBOUND_DELIVERY	ComplexProperty	PutawayReport	SystemMessageVariable3	Edm.String	0	0	50					X			MSGV3
API_INBOUND_DELIVERY	ComplexProperty	PutawayReport	SystemMessageVariable4	Edm.String	0	0	50					X			MSGV4
API_INBOUND_DELIVERY	ComplexProperty	PutawayReport	Batch	Edm.String	0	0	10					X			CHARG
API_INBOUND_DELIVERY	ComplexProperty	PutawayReport	DeliveryQuantityUnit	Edm.String	0	0	3					X			VRKME
API_INBOUND_DELIVERY	ComplexProperty	PutawayReport	ActualDeliveryQuantity	Edm.Decimal	13	3	0					X			LFIMG
API_INBOUND_DELIVERY	ComplexProperty	PutawayReport	DeliveryDocumentItemText	Edm.String	0	0	40					X			ARKTX
API_INBOUND_DELIVERY	ComplexProperty	PutawayReport	Material	Edm.String	0	0	40					X			MATNR
API_INBOUND_DELIVERY	ComplexProperty	PutawayReport	DeliveryDocumentItem	Edm.String	0	0	6					X			POSNR
API_INBOUND_DELIVERY	ComplexProperty	PutawayReport	DeliveryDocument	Edm.String	0	0	10					X			VBELN
API_INBOUND_DELIVERY	EntityProperty	A_InbDeliveryAddressType	AddressID	Edm.String	0	0	10	X							ADDRESSID
API_INBOUND_DELIVERY	EntityProperty	A_InbDeliveryAddressType	AdditionalStreetPrefixName	Edm.String	0	0	40								ADDITIONALSTREETPREFIXNAME
API_INBOUND_DELIVERY	EntityProperty	A_InbDeliveryAddressType	AdditionalStreetSuffixName	Edm.String	0	0	40								ADDITIONALSTREETSUFFIXNAME
API_INBOUND_DELIVERY	EntityProperty	A_InbDeliveryAddressType	AddressTimeZone	Edm.String	0	0	6								ADDRESSTIMEZONE
API_INBOUND_DELIVERY	EntityProperty	A_InbDeliveryAddressType	Building	Edm.String	0	0	20								BUILDING
API_INBOUND_DELIVERY	EntityProperty	A_InbDeliveryAddressType	BusinessPartnerName1	Edm.String	0	0	40								BUSINESSPARTNERNAME1
API_INBOUND_DELIVERY	EntityProperty	A_InbDeliveryAddressType	BusinessPartnerName2	Edm.String	0	0	40								BUSINESSPARTNERNAME2
API_INBOUND_DELIVERY	EntityProperty	A_InbDeliveryAddressType	BusinessPartnerName3	Edm.String	0	0	40								BUSINESSPARTNERNAME3
API_INBOUND_DELIVERY	EntityProperty	A_InbDeliveryAddressType	BusinessPartnerName4	Edm.String	0	0	40								BUSINESSPARTNERNAME4
API_INBOUND_DELIVERY	EntityProperty	A_InbDeliveryAddressType	CareOfName	Edm.String	0	0	40								CAREOFNAME
API_INBOUND_DELIVERY	EntityProperty	A_InbDeliveryAddressType	CityCode	Edm.String	0	0	12								CITYCODE
API_INBOUND_DELIVERY	EntityProperty	A_InbDeliveryAddressType	CityName	Edm.String	0	0	40								CITYNAME
API_INBOUND_DELIVERY	EntityProperty	A_InbDeliveryAddressType	CitySearch	Edm.String	0	0	25								CITYSEARCH
API_INBOUND_DELIVERY	EntityProperty	A_InbDeliveryAddressType	CompanyPostalCode	Edm.String	0	0	10								COMPANYPOSTALCODE
API_INBOUND_DELIVERY	EntityProperty	A_InbDeliveryAddressType	CorrespondenceLanguage	Edm.String	0	0	2								CORRESPONDENCELANGUAGE
API_INBOUND_DELIVERY	EntityProperty	A_InbDeliveryAddressType	Country	Edm.String	0	0	3								COUNTRY
API_INBOUND_DELIVERY	EntityProperty	A_InbDeliveryAddressType	County	Edm.String	0	0	40								COUNTY
API_INBOUND_DELIVERY	EntityProperty	A_InbDeliveryAddressType	DeliveryServiceNumber	Edm.String	0	0	10								DELIVERYSERVICENUMBER
API_INBOUND_DELIVERY	EntityProperty	A_InbDeliveryAddressType	DeliveryServiceTypeCode	Edm.String	0	0	4								DELIVERYSERVICETYPECODE
API_INBOUND_DELIVERY	EntityProperty	A_InbDeliveryAddressType	District	Edm.String	0	0	40								DISTRICT
API_INBOUND_DELIVERY	EntityProperty	A_InbDeliveryAddressType	FaxNumber	Edm.String	0	0	30								FAXNUMBER
API_INBOUND_DELIVERY	EntityProperty	A_InbDeliveryAddressType	Floor	Edm.String	0	0	10								FLOOR
API_INBOUND_DELIVERY	EntityProperty	A_InbDeliveryAddressType	FormOfAddress	Edm.String	0	0	4								FORMOFADDRESS
API_INBOUND_DELIVERY	EntityProperty	A_InbDeliveryAddressType	FullName	Edm.String	0	0	80								FULLNAME
API_INBOUND_DELIVERY	EntityProperty	A_InbDeliveryAddressType	HomeCityName	Edm.String	0	0	40								HOMECITYNAME
API_INBOUND_DELIVERY	EntityProperty	A_InbDeliveryAddressType	HouseNumber	Edm.String	0	0	10								HOUSENUMBER
API_INBOUND_DELIVERY	EntityProperty	A_InbDeliveryAddressType	HouseNumberSupplementText	Edm.String	0	0	10								HOUSENUMBERSUPPLEMENTTEXT
API_INBOUND_DELIVERY	EntityProperty	A_InbDeliveryAddressType	Nation	Edm.String	0	0	1								NATION
API_INBOUND_DELIVERY	EntityProperty	A_InbDeliveryAddressType	Person	Edm.String	0	0	10								PERSON
API_INBOUND_DELIVERY	EntityProperty	A_InbDeliveryAddressType	PhoneNumber	Edm.String	0	0	30								PHONENUMBER
API_INBOUND_DELIVERY	EntityProperty	A_InbDeliveryAddressType	POBox	Edm.String	0	0	10								POBOX
API_INBOUND_DELIVERY	EntityProperty	A_InbDeliveryAddressType	POBoxDeviatingCityName	Edm.String	0	0	40								POBOXDEVIATINGCITYNAME
API_INBOUND_DELIVERY	EntityProperty	A_InbDeliveryAddressType	POBoxDeviatingCountry	Edm.String	0	0	3								POBOXDEVIATINGCOUNTRY
API_INBOUND_DELIVERY	EntityProperty	A_InbDeliveryAddressType	POBoxDeviatingRegion	Edm.String	0	0	3								POBOXDEVIATINGREGION
API_INBOUND_DELIVERY	EntityProperty	A_InbDeliveryAddressType	POBoxIsWithoutNumber	Edm.Boolean	0	0	0								POBOXISWITHOUTNUMBER
API_INBOUND_DELIVERY	EntityProperty	A_InbDeliveryAddressType	POBoxLobbyName	Edm.String	0	0	40								POBOXLOBBYNAME
API_INBOUND_DELIVERY	EntityProperty	A_InbDeliveryAddressType	POBoxPostalCode	Edm.String	0	0	10								POBOXPOSTALCODE
API_INBOUND_DELIVERY	EntityProperty	A_InbDeliveryAddressType	PostalCode	Edm.String	0	0	10								POSTALCODE
API_INBOUND_DELIVERY	EntityProperty	A_InbDeliveryAddressType	PrfrdCommMediumType	Edm.String	0	0	3								PRFRDCOMMMEDIUMTYPE
API_INBOUND_DELIVERY	EntityProperty	A_InbDeliveryAddressType	Region	Edm.String	0	0	3								REGION
API_INBOUND_DELIVERY	EntityProperty	A_InbDeliveryAddressType	RoomNumber	Edm.String	0	0	10								ROOMNUMBER
API_INBOUND_DELIVERY	EntityProperty	A_InbDeliveryAddressType	SearchTerm1	Edm.String	0	0	20								SEARCHTERM1
API_INBOUND_DELIVERY	EntityProperty	A_InbDeliveryAddressType	StreetName	Edm.String	0	0	60								STREETNAME
API_INBOUND_DELIVERY	EntityProperty	A_InbDeliveryAddressType	StreetPrefixName	Edm.String	0	0	40								STREETPREFIXNAME
API_INBOUND_DELIVERY	EntityProperty	A_InbDeliveryAddressType	StreetSearch	Edm.String	0	0	25								STREETSEARCH
API_INBOUND_DELIVERY	EntityProperty	A_InbDeliveryAddressType	StreetSuffixName	Edm.String	0	0	40								STREETSUFFIXNAME
API_INBOUND_DELIVERY	EntityProperty	A_InbDeliveryAddressType	TaxJurisdiction	Edm.String	0	0	15								TAXJURISDICTION
API_INBOUND_DELIVERY	EntityProperty	A_InbDeliveryAddressType	TransportZone	Edm.String	0	0	10								TRANSPORTZONE
API_INBOUND_DELIVERY	EntityProperty	A_InbDeliveryDocFlowType	DeliveryVersion	Edm.String	0	0	4					X			DELIVERYVERSION
API_INBOUND_DELIVERY	EntityProperty	A_InbDeliveryDocFlowType	PrecedingDocument	Edm.String	0	0	10	X							PRECEDINGDOCUMENT
API_INBOUND_DELIVERY	EntityProperty	A_InbDeliveryDocFlowType	PrecedingDocumentCategory	Edm.String	0	0	4					X			PRECEDINGDOCUMENTCATEGORY
API_INBOUND_DELIVERY	EntityProperty	A_InbDeliveryDocFlowType	PrecedingDocumentItem	Edm.String	0	0	6	X							PRECEDINGDOCUMENTITEM
API_INBOUND_DELIVERY	EntityProperty	A_InbDeliveryDocFlowType	QuantityInBaseUnit	Edm.Decimal	15	3	0			X		X			QUANTITYINBASEUNIT
API_INBOUND_DELIVERY	EntityProperty	A_InbDeliveryDocFlowType	SDFulfillmentCalculationRule	Edm.String	0	0	1					X			SDFULFILLMENTCALCULATIONRULE
API_INBOUND_DELIVERY	EntityProperty	A_InbDeliveryDocFlowType	SubsequentDocument	Edm.String	0	0	10					X			SUBSEQUENTDOCUMENT
API_INBOUND_DELIVERY	EntityProperty	A_InbDeliveryDocFlowType	SubsequentDocumentCategory	Edm.String	0	0	4	X							SUBSEQUENTDOCUMENTCATEGORY
API_INBOUND_DELIVERY	EntityProperty	A_InbDeliveryDocFlowType	SubsequentDocumentItem	Edm.String	0	0	6					X			SUBSEQUENTDOCUMENTITEM
API_INBOUND_DELIVERY	EntityProperty	A_InbDeliveryDocFlowType	TransferOrderInWrhsMgmtIsConfd	Edm.Boolean	0	0	0					X			TRANSFERORDERINWRHSMGMTISCONFD
API_INBOUND_DELIVERY	EntityProperty	A_InbDeliveryHeaderType	ActualDeliveryRoute	Edm.String	0	0	6					X			ACTUALDELIVERYROUTE
API_INBOUND_DELIVERY	EntityProperty	A_InbDeliveryHeaderType	ActualGoodsMovementDate	Edm.DateTime	7	0	0					X			ACTUALGOODSMOVEMENTDATE
API_INBOUND_DELIVERY	EntityProperty	A_InbDeliveryHeaderType	ActualGoodsMovementTime	Edm.Time	0	0	0					X			ACTUALGOODSMOVEMENTTIME
API_INBOUND_DELIVERY	EntityProperty	A_InbDeliveryHeaderType	BillingDocumentDate	Edm.DateTime	7	0	0					X			BILLINGDOCUMENTDATE
API_INBOUND_DELIVERY	EntityProperty	A_InbDeliveryHeaderType	BillOfLading	Edm.String	0	0	35					X			BILLOFLADING
API_INBOUND_DELIVERY	EntityProperty	A_InbDeliveryHeaderType	CompleteDeliveryIsDefined	Edm.Boolean	0	0	0					X			COMPLETEDELIVERYISDEFINED
API_INBOUND_DELIVERY	EntityProperty	A_InbDeliveryHeaderType	ConfirmationTime	Edm.Time	0	0	0					X			CONFIRMATIONTIME
API_INBOUND_DELIVERY	EntityProperty	A_InbDeliveryHeaderType	CreatedByUser	Edm.String	0	0	12					X			CREATEDBYUSER
API_INBOUND_DELIVERY	EntityProperty	A_InbDeliveryHeaderType	CreationDate	Edm.DateTime	7	0	0					X			CREATIONDATE
API_INBOUND_DELIVERY	EntityProperty	A_InbDeliveryHeaderType	CreationTime	Edm.Time	0	0	0					X			CREATIONTIME
API_INBOUND_DELIVERY	EntityProperty	A_InbDeliveryHeaderType	CustomerGroup	Edm.String	0	0	2					X			CUSTOMERGROUP
API_INBOUND_DELIVERY	EntityProperty	A_InbDeliveryHeaderType	DeliveryBlockReason	Edm.String	0	0	2					X			DELIVERYBLOCKREASON
API_INBOUND_DELIVERY	EntityProperty	A_InbDeliveryHeaderType	DeliveryDate	Edm.DateTime	7	0	0					X			DELIVERYDATE
API_INBOUND_DELIVERY	EntityProperty	A_InbDeliveryHeaderType	DeliveryDocument	Edm.String	0	0	10	X							DELIVERYDOCUMENT
API_INBOUND_DELIVERY	EntityProperty	A_InbDeliveryHeaderType	DeliveryDocumentBySupplier	Edm.String	0	0	35					X			DELIVERYDOCUMENTBYSUPPLIER
API_INBOUND_DELIVERY	EntityProperty	A_InbDeliveryHeaderType	DeliveryDocumentType	Edm.String	0	0	4					X			DELIVERYDOCUMENTTYPE
API_INBOUND_DELIVERY	EntityProperty	A_InbDeliveryHeaderType	DeliveryIsInPlant	Edm.Boolean	0	0	0					X			DELIVERYISINPLANT
API_INBOUND_DELIVERY	EntityProperty	A_InbDeliveryHeaderType	DeliveryPriority	Edm.String	0	0	2					X			DELIVERYPRIORITY
API_INBOUND_DELIVERY	EntityProperty	A_InbDeliveryHeaderType	DeliveryTime	Edm.Time	0	0	0					X			DELIVERYTIME
API_INBOUND_DELIVERY	EntityProperty	A_InbDeliveryHeaderType	DeliveryVersion	Edm.String	0	0	4					X			DELIVERYVERSION
API_INBOUND_DELIVERY	EntityProperty	A_InbDeliveryHeaderType	DepreciationPercentage	Edm.Decimal	5	2	0					X			DEPRECIATIONPERCENTAGE
API_INBOUND_DELIVERY	EntityProperty	A_InbDeliveryHeaderType	DistrStatusByDecentralizedWrhs	Edm.String	0	0	1					X			DISTRSTATUSBYDECENTRALIZEDWRHS
API_INBOUND_DELIVERY	EntityProperty	A_InbDeliveryHeaderType	DocumentDate	Edm.DateTime	7	0	0					X			DOCUMENTDATE
API_INBOUND_DELIVERY	EntityProperty	A_InbDeliveryHeaderType	ExternalIdentificationType	Edm.String	0	0	1					X			EXTERNALIDENTIFICATIONTYPE
API_INBOUND_DELIVERY	EntityProperty	A_InbDeliveryHeaderType	ExternalTransportSystem	Edm.String	0	0	5					X			EXTERNALTRANSPORTSYSTEM
API_INBOUND_DELIVERY	EntityProperty	A_InbDeliveryHeaderType	FactoryCalendarByCustomer	Edm.String	0	0	2					X			FACTORYCALENDARBYCUSTOMER
API_INBOUND_DELIVERY	EntityProperty	A_InbDeliveryHeaderType	GoodsIssueOrReceiptSlipNumber	Edm.String	0	0	10					X			GOODSISSUEORRECEIPTSLIPNUMBER
API_INBOUND_DELIVERY	EntityProperty	A_InbDeliveryHeaderType	GoodsIssueTime	Edm.Time	0	0	0					X			GOODSISSUETIME
API_INBOUND_DELIVERY	EntityProperty	A_InbDeliveryHeaderType	HandlingUnitInStock	Edm.String	0	0	1					X			HANDLINGUNITINSTOCK
API_INBOUND_DELIVERY	EntityProperty	A_InbDeliveryHeaderType	HdrGeneralIncompletionStatus	Edm.String	0	0	1					X			HDRGENERALINCOMPLETIONSTATUS
API_INBOUND_DELIVERY	EntityProperty	A_InbDeliveryHeaderType	HdrGoodsMvtIncompletionStatus	Edm.String	0	0	1					X			HDRGOODSMVTINCOMPLETIONSTATUS
API_INBOUND_DELIVERY	EntityProperty	A_InbDeliveryHeaderType	HeaderBillgIncompletionStatus	Edm.String	0	0	1					X			HEADERBILLGINCOMPLETIONSTATUS
API_INBOUND_DELIVERY	EntityProperty	A_InbDeliveryHeaderType	HeaderBillingBlockReason	Edm.String	0	0	2					X			HEADERBILLINGBLOCKREASON
API_INBOUND_DELIVERY	EntityProperty	A_InbDeliveryHeaderType	HeaderDelivIncompletionStatus	Edm.String	0	0	1					X			HEADERDELIVINCOMPLETIONSTATUS
API_INBOUND_DELIVERY	EntityProperty	A_InbDeliveryHeaderType	HeaderGrossWeight	Edm.Decimal	15	3	0					X			HEADERGROSSWEIGHT
API_INBOUND_DELIVERY	EntityProperty	A_InbDeliveryHeaderType	HeaderNetWeight	Edm.Decimal	15	3	0					X			HEADERNETWEIGHT
API_INBOUND_DELIVERY	EntityProperty	A_InbDeliveryHeaderType	HeaderPackingIncompletionSts	Edm.String	0	0	1					X			HEADERPACKINGINCOMPLETIONSTS
API_INBOUND_DELIVERY	EntityProperty	A_InbDeliveryHeaderType	HeaderPickgIncompletionStatus	Edm.String	0	0	1					X			HEADERPICKGINCOMPLETIONSTATUS
API_INBOUND_DELIVERY	EntityProperty	A_InbDeliveryHeaderType	HeaderVolume	Edm.Decimal	15	3	0					X			HEADERVOLUME
API_INBOUND_DELIVERY	EntityProperty	A_InbDeliveryHeaderType	HeaderVolumeUnit	Edm.String	0	0	3					X			HEADERVOLUMEUNIT
API_INBOUND_DELIVERY	EntityProperty	A_InbDeliveryHeaderType	HeaderWeightUnit	Edm.String	0	0	3					X			HEADERWEIGHTUNIT
API_INBOUND_DELIVERY	EntityProperty	A_InbDeliveryHeaderType	IncotermsClassification	Edm.String	0	0	3					X			INCOTERMSCLASSIFICATION
API_INBOUND_DELIVERY	EntityProperty	A_InbDeliveryHeaderType	IncotermsTransferLocation	Edm.String	0	0	28					X			INCOTERMSTRANSFERLOCATION
API_INBOUND_DELIVERY	EntityProperty	A_InbDeliveryHeaderType	IntercompanyBillingDate	Edm.DateTime	7	0	0					X			INTERCOMPANYBILLINGDATE
API_INBOUND_DELIVERY	EntityProperty	A_InbDeliveryHeaderType	InternalFinancialDocument	Edm.String	0	0	10					X			INTERNALFINANCIALDOCUMENT
API_INBOUND_DELIVERY	EntityProperty	A_InbDeliveryHeaderType	IsDeliveryForSingleWarehouse	Edm.String	0	0	1					X			ISDELIVERYFORSINGLEWAREHOUSE
API_INBOUND_DELIVERY	EntityProperty	A_InbDeliveryHeaderType	IsExportDelivery	Edm.String	0	0	1					X			ISEXPORTDELIVERY
API_INBOUND_DELIVERY	EntityProperty	A_InbDeliveryHeaderType	LastChangeDate	Edm.DateTime	7	0	0					X			LASTCHANGEDATE
API_INBOUND_DELIVERY	EntityProperty	A_InbDeliveryHeaderType	LastChangedByUser	Edm.String	0	0	12					X			LASTCHANGEDBYUSER
API_INBOUND_DELIVERY	EntityProperty	A_InbDeliveryHeaderType	LoadingDate	Edm.DateTime	7	0	0					X			LOADINGDATE
API_INBOUND_DELIVERY	EntityProperty	A_InbDeliveryHeaderType	LoadingPoint	Edm.String	0	0	2					X			LOADINGPOINT
API_INBOUND_DELIVERY	EntityProperty	A_InbDeliveryHeaderType	LoadingTime	Edm.Time	0	0	0					X			LOADINGTIME
API_INBOUND_DELIVERY	EntityProperty	A_InbDeliveryHeaderType	MeansOfTransport	Edm.String	0	0	20					X			MEANSOFTRANSPORT
API_INBOUND_DELIVERY	EntityProperty	A_InbDeliveryHeaderType	MeansOfTransportRefMaterial	Edm.String	0	0	40					X			MEANSOFTRANSPORTREFMATERIAL
API_INBOUND_DELIVERY	EntityProperty	A_InbDeliveryHeaderType	MeansOfTransportType	Edm.String	0	0	4					X			MEANSOFTRANSPORTTYPE
API_INBOUND_DELIVERY	EntityProperty	A_InbDeliveryHeaderType	OrderCombinationIsAllowed	Edm.Boolean	0	0	0					X			ORDERCOMBINATIONISALLOWED
API_INBOUND_DELIVERY	EntityProperty	A_InbDeliveryHeaderType	OrderID	Edm.String	0	0	12					X			ORDERID
API_INBOUND_DELIVERY	EntityProperty	A_InbDeliveryHeaderType	OverallDelivConfStatus	Edm.String	0	0	1					X			OVERALLDELIVCONFSTATUS
API_INBOUND_DELIVERY	EntityProperty	A_InbDeliveryHeaderType	OverallDelivReltdBillgStatus	Edm.String	0	0	1					X			OVERALLDELIVRELTDBILLGSTATUS
API_INBOUND_DELIVERY	EntityProperty	A_InbDeliveryHeaderType	OverallGoodsMovementStatus	Edm.String	0	0	1					X			OVERALLGOODSMOVEMENTSTATUS
API_INBOUND_DELIVERY	EntityProperty	A_InbDeliveryHeaderType	OverallIntcoBillingStatus	Edm.String	0	0	1					X			OVERALLINTCOBILLINGSTATUS
API_INBOUND_DELIVERY	EntityProperty	A_InbDeliveryHeaderType	OverallPackingStatus	Edm.String	0	0	1					X			OVERALLPACKINGSTATUS
API_INBOUND_DELIVERY	EntityProperty	A_InbDeliveryHeaderType	OverallPickingConfStatus	Edm.String	0	0	1					X			OVERALLPICKINGCONFSTATUS
API_INBOUND_DELIVERY	EntityProperty	A_InbDeliveryHeaderType	OverallPickingStatus	Edm.String	0	0	1					X			OVERALLPICKINGSTATUS
API_INBOUND_DELIVERY	EntityProperty	A_InbDeliveryHeaderType	OverallProofOfDeliveryStatus	Edm.String	0	0	1					X			OVERALLPROOFOFDELIVERYSTATUS
API_INBOUND_DELIVERY	EntityProperty	A_InbDeliveryHeaderType	OverallSDProcessStatus	Edm.String	0	0	1					X			OVERALLSDPROCESSSTATUS
API_INBOUND_DELIVERY	EntityProperty	A_InbDeliveryHeaderType	OverallWarehouseActivityStatus	Edm.String	0	0	1					X			OVERALLWAREHOUSEACTIVITYSTATUS
API_INBOUND_DELIVERY	EntityProperty	A_InbDeliveryHeaderType	OvrlItmDelivIncompletionSts	Edm.String	0	0	1					X			OVRLITMDELIVINCOMPLETIONSTS
API_INBOUND_DELIVERY	EntityProperty	A_InbDeliveryHeaderType	OvrlItmGdsMvtIncompletionSts	Edm.String	0	0	1					X			OVRLITMGDSMVTINCOMPLETIONSTS
API_INBOUND_DELIVERY	EntityProperty	A_InbDeliveryHeaderType	OvrlItmGeneralIncompletionSts	Edm.String	0	0	1					X			OVRLITMGENERALINCOMPLETIONSTS
API_INBOUND_DELIVERY	EntityProperty	A_InbDeliveryHeaderType	OvrlItmPackingIncompletionSts	Edm.String	0	0	1					X			OVRLITMPACKINGINCOMPLETIONSTS
API_INBOUND_DELIVERY	EntityProperty	A_InbDeliveryHeaderType	OvrlItmPickingIncompletionSts	Edm.String	0	0	1					X			OVRLITMPICKINGINCOMPLETIONSTS
API_INBOUND_DELIVERY	EntityProperty	A_InbDeliveryHeaderType	PaymentGuaranteeProcedure	Edm.String	0	0	6					X			PAYMENTGUARANTEEPROCEDURE
API_INBOUND_DELIVERY	EntityProperty	A_InbDeliveryHeaderType	PickedItemsLocation	Edm.String	0	0	20					X			PICKEDITEMSLOCATION
API_INBOUND_DELIVERY	EntityProperty	A_InbDeliveryHeaderType	PickingDate	Edm.DateTime	7	0	0					X			PICKINGDATE
API_INBOUND_DELIVERY	EntityProperty	A_InbDeliveryHeaderType	PickingTime	Edm.Time	0	0	0					X			PICKINGTIME
API_INBOUND_DELIVERY	EntityProperty	A_InbDeliveryHeaderType	PlannedGoodsIssueDate	Edm.DateTime	7	0	0					X			PLANNEDGOODSISSUEDATE
API_INBOUND_DELIVERY	EntityProperty	A_InbDeliveryHeaderType	ProofOfDeliveryDate	Edm.DateTime	7	0	0					X			PROOFOFDELIVERYDATE
API_INBOUND_DELIVERY	EntityProperty	A_InbDeliveryHeaderType	ProposedDeliveryRoute	Edm.String	0	0	6					X			PROPOSEDDELIVERYROUTE
API_INBOUND_DELIVERY	EntityProperty	A_InbDeliveryHeaderType	ReceivingPlant	Edm.String	0	0	4					X			RECEIVINGPLANT
API_INBOUND_DELIVERY	EntityProperty	A_InbDeliveryHeaderType	RouteSchedule	Edm.String	0	0	10					X			ROUTESCHEDULE
API_INBOUND_DELIVERY	EntityProperty	A_InbDeliveryHeaderType	SalesDistrict	Edm.String	0	0	6					X			SALESDISTRICT
API_INBOUND_DELIVERY	EntityProperty	A_InbDeliveryHeaderType	SalesOffice	Edm.String	0	0	4					X			SALESOFFICE
API_INBOUND_DELIVERY	EntityProperty	A_InbDeliveryHeaderType	SalesOrganization	Edm.String	0	0	4					X			SALESORGANIZATION
API_INBOUND_DELIVERY	EntityProperty	A_InbDeliveryHeaderType	SDDocumentCategory	Edm.String	0	0	4					X			SDDOCUMENTCATEGORY
API_INBOUND_DELIVERY	EntityProperty	A_InbDeliveryHeaderType	ShipmentBlockReason	Edm.String	0	0	2					X			SHIPMENTBLOCKREASON
API_INBOUND_DELIVERY	EntityProperty	A_InbDeliveryHeaderType	ShippingCondition	Edm.String	0	0	2					X			SHIPPINGCONDITION
API_INBOUND_DELIVERY	EntityProperty	A_InbDeliveryHeaderType	ShippingPoint	Edm.String	0	0	4					X			SHIPPINGPOINT
API_INBOUND_DELIVERY	EntityProperty	A_InbDeliveryHeaderType	ShippingType	Edm.String	0	0	2					X			SHIPPINGTYPE
API_INBOUND_DELIVERY	EntityProperty	A_InbDeliveryHeaderType	ShipToParty	Edm.String	0	0	10					X			SHIPTOPARTY
API_INBOUND_DELIVERY	EntityProperty	A_InbDeliveryHeaderType	SoldToParty	Edm.String	0	0	10					X			SOLDTOPARTY
API_INBOUND_DELIVERY	EntityProperty	A_InbDeliveryHeaderType	SpecialProcessingCode	Edm.String	0	0	4					X			SPECIALPROCESSINGCODE
API_INBOUND_DELIVERY	EntityProperty	A_InbDeliveryHeaderType	StatisticsCurrency	Edm.String	0	0	5					X			STATISTICSCURRENCY
API_INBOUND_DELIVERY	EntityProperty	A_InbDeliveryHeaderType	Supplier	Edm.String	0	0	10		X			X			SUPPLIER
API_INBOUND_DELIVERY	EntityProperty	A_InbDeliveryHeaderType	TotalBlockStatus	Edm.String	0	0	1					X			TOTALBLOCKSTATUS
API_INBOUND_DELIVERY	EntityProperty	A_InbDeliveryHeaderType	TotalCreditCheckStatus	Edm.String	0	0	1					X			TOTALCREDITCHECKSTATUS
API_INBOUND_DELIVERY	EntityProperty	A_InbDeliveryHeaderType	TotalNumberOfPackage	Edm.String	0	0	5					X			TOTALNUMBEROFPACKAGE
API_INBOUND_DELIVERY	EntityProperty	A_InbDeliveryHeaderType	TransactionCurrency	Edm.String	0	0	5					X			TRANSACTIONCURRENCY
API_INBOUND_DELIVERY	EntityProperty	A_InbDeliveryHeaderType	TransportationGroup	Edm.String	0	0	4					X			TRANSPORTATIONGROUP
API_INBOUND_DELIVERY	EntityProperty	A_InbDeliveryHeaderType	TransportationPlanningDate	Edm.DateTime	7	0	0					X			TRANSPORTATIONPLANNINGDATE
API_INBOUND_DELIVERY	EntityProperty	A_InbDeliveryHeaderType	TransportationPlanningStatus	Edm.String	0	0	1					X			TRANSPORTATIONPLANNINGSTATUS
API_INBOUND_DELIVERY	EntityProperty	A_InbDeliveryHeaderType	TransportationPlanningTime	Edm.Time	0	0	0					X			TRANSPORTATIONPLANNINGTIME
API_INBOUND_DELIVERY	EntityProperty	A_InbDeliveryHeaderType	UnloadingPointName	Edm.String	0	0	25					X			UNLOADINGPOINTNAME
API_INBOUND_DELIVERY	EntityProperty	A_InbDeliveryHeaderType	Warehouse	Edm.String	0	0	3					X			WAREHOUSE
API_INBOUND_DELIVERY	EntityProperty	A_InbDeliveryHeaderType	WarehouseGate	Edm.String	0	0	3					X			WAREHOUSEGATE
API_INBOUND_DELIVERY	EntityProperty	A_InbDeliveryHeaderType	WarehouseStagingArea	Edm.String	0	0	10					X			WAREHOUSESTAGINGAREA
API_INBOUND_DELIVERY	EntityProperty	A_InbDeliveryItemType	ActualDeliveredQtyInBaseUnit	Edm.Decimal	13	3	0					X			ACTUALDELIVEREDQTYINBASEUNIT
API_INBOUND_DELIVERY	EntityProperty	A_InbDeliveryItemType	ActualDeliveryQuantity	Edm.Decimal	13	3	0		X	X		X			ACTUALDELIVERYQUANTITY
API_INBOUND_DELIVERY	EntityProperty	A_InbDeliveryItemType	AdditionalCustomerGroup1	Edm.String	0	0	3					X			ADDITIONALCUSTOMERGROUP1
API_INBOUND_DELIVERY	EntityProperty	A_InbDeliveryItemType	AdditionalCustomerGroup2	Edm.String	0	0	3					X			ADDITIONALCUSTOMERGROUP2
API_INBOUND_DELIVERY	EntityProperty	A_InbDeliveryItemType	AdditionalCustomerGroup3	Edm.String	0	0	3					X			ADDITIONALCUSTOMERGROUP3
API_INBOUND_DELIVERY	EntityProperty	A_InbDeliveryItemType	AdditionalCustomerGroup4	Edm.String	0	0	3					X			ADDITIONALCUSTOMERGROUP4
API_INBOUND_DELIVERY	EntityProperty	A_InbDeliveryItemType	AdditionalCustomerGroup5	Edm.String	0	0	3					X			ADDITIONALCUSTOMERGROUP5
API_INBOUND_DELIVERY	EntityProperty	A_InbDeliveryItemType	AdditionalMaterialGroup1	Edm.String	0	0	3					X			ADDITIONALMATERIALGROUP1
API_INBOUND_DELIVERY	EntityProperty	A_InbDeliveryItemType	AdditionalMaterialGroup2	Edm.String	0	0	3					X			ADDITIONALMATERIALGROUP2
API_INBOUND_DELIVERY	EntityProperty	A_InbDeliveryItemType	AdditionalMaterialGroup3	Edm.String	0	0	3					X			ADDITIONALMATERIALGROUP3
API_INBOUND_DELIVERY	EntityProperty	A_InbDeliveryItemType	AdditionalMaterialGroup4	Edm.String	0	0	3					X			ADDITIONALMATERIALGROUP4
API_INBOUND_DELIVERY	EntityProperty	A_InbDeliveryItemType	AdditionalMaterialGroup5	Edm.String	0	0	3					X			ADDITIONALMATERIALGROUP5
API_INBOUND_DELIVERY	EntityProperty	A_InbDeliveryItemType	AlternateProductNumber	Edm.String	0	0	40					X			ALTERNATEPRODUCTNUMBER
API_INBOUND_DELIVERY	EntityProperty	A_InbDeliveryItemType	BaseUnit	Edm.String	0	0	3					X			BASEUNIT
API_INBOUND_DELIVERY	EntityProperty	A_InbDeliveryItemType	Batch	Edm.String	0	0	10					X			BATCH
API_INBOUND_DELIVERY	EntityProperty	A_InbDeliveryItemType	BatchBySupplier	Edm.String	0	0	15					X			BATCHBYSUPPLIER
API_INBOUND_DELIVERY	EntityProperty	A_InbDeliveryItemType	BatchClassification	Edm.String	0	0	18					X			BATCHCLASSIFICATION
API_INBOUND_DELIVERY	EntityProperty	A_InbDeliveryItemType	BOMExplosion	Edm.String	0	0	8					X			BOMEXPLOSION
API_INBOUND_DELIVERY	EntityProperty	A_InbDeliveryItemType	BusinessArea	Edm.String	0	0	4					X			BUSINESSAREA
API_INBOUND_DELIVERY	EntityProperty	A_InbDeliveryItemType	ConsumptionPosting	Edm.String	0	0	1					X			CONSUMPTIONPOSTING
API_INBOUND_DELIVERY	EntityProperty	A_InbDeliveryItemType	ControllingArea	Edm.String	0	0	4					X			CONTROLLINGAREA
API_INBOUND_DELIVERY	EntityProperty	A_InbDeliveryItemType	CostCenter	Edm.String	0	0	10					X			COSTCENTER
API_INBOUND_DELIVERY	EntityProperty	A_InbDeliveryItemType	CreatedByUser	Edm.String	0	0	12					X			CREATEDBYUSER
API_INBOUND_DELIVERY	EntityProperty	A_InbDeliveryItemType	CreationDate	Edm.DateTime	7	0	0					X			CREATIONDATE
API_INBOUND_DELIVERY	EntityProperty	A_InbDeliveryItemType	CreationTime	Edm.Time	0	0	0					X			CREATIONTIME
API_INBOUND_DELIVERY	EntityProperty	A_InbDeliveryItemType	CustEngineeringChgStatus	Edm.String	0	0	17					X			CUSTENGINEERINGCHGSTATUS
API_INBOUND_DELIVERY	EntityProperty	A_InbDeliveryItemType	DeliveryDocument	Edm.String	0	0	10	X	X						DELIVERYDOCUMENT
API_INBOUND_DELIVERY	EntityProperty	A_InbDeliveryItemType	DeliveryDocumentItem	Edm.String	0	0	6	X							DELIVERYDOCUMENTITEM
API_INBOUND_DELIVERY	EntityProperty	A_InbDeliveryItemType	DeliveryDocumentItemCategory	Edm.String	0	0	4					X			DELIVERYDOCUMENTITEMCATEGORY
API_INBOUND_DELIVERY	EntityProperty	A_InbDeliveryItemType	DeliveryDocumentItemText	Edm.String	0	0	40					X			DELIVERYDOCUMENTITEMTEXT
API_INBOUND_DELIVERY	EntityProperty	A_InbDeliveryItemType	DeliveryGroup	Edm.String	0	0	3					X			DELIVERYGROUP
API_INBOUND_DELIVERY	EntityProperty	A_InbDeliveryItemType	DeliveryQuantityUnit	Edm.String	0	0	3		X			X			DELIVERYQUANTITYUNIT
API_INBOUND_DELIVERY	EntityProperty	A_InbDeliveryItemType	DeliveryRelatedBillingStatus	Edm.String	0	0	1					X			DELIVERYRELATEDBILLINGSTATUS
API_INBOUND_DELIVERY	EntityProperty	A_InbDeliveryItemType	DeliveryToBaseQuantityDnmntr	Edm.Decimal	5	0	0					X			DELIVERYTOBASEQUANTITYDNMNTR
API_INBOUND_DELIVERY	EntityProperty	A_InbDeliveryItemType	DeliveryToBaseQuantityNmrtr	Edm.Decimal	5	0	0					X			DELIVERYTOBASEQUANTITYNMRTR
API_INBOUND_DELIVERY	EntityProperty	A_InbDeliveryItemType	DepartmentClassificationByCust	Edm.String	0	0	4					X			DEPARTMENTCLASSIFICATIONBYCUST
API_INBOUND_DELIVERY	EntityProperty	A_InbDeliveryItemType	DistributionChannel	Edm.String	0	0	2					X			DISTRIBUTIONCHANNEL
API_INBOUND_DELIVERY	EntityProperty	A_InbDeliveryItemType	Division	Edm.String	0	0	2					X			DIVISION
API_INBOUND_DELIVERY	EntityProperty	A_InbDeliveryItemType	FixedShipgProcgDurationInDays	Edm.Decimal	5	2	0					X			FIXEDSHIPGPROCGDURATIONINDAYS
API_INBOUND_DELIVERY	EntityProperty	A_InbDeliveryItemType	GLAccount	Edm.String	0	0	10					X			GLACCOUNT
API_INBOUND_DELIVERY	EntityProperty	A_InbDeliveryItemType	GoodsMovementReasonCode	Edm.String	0	0	4					X			GOODSMOVEMENTREASONCODE
API_INBOUND_DELIVERY	EntityProperty	A_InbDeliveryItemType	GoodsMovementStatus	Edm.String	0	0	1					X			GOODSMOVEMENTSTATUS
API_INBOUND_DELIVERY	EntityProperty	A_InbDeliveryItemType	GoodsMovementType	Edm.String	0	0	3					X			GOODSMOVEMENTTYPE
API_INBOUND_DELIVERY	EntityProperty	A_InbDeliveryItemType	HigherLevelItem	Edm.String	0	0	6					X			HIGHERLEVELITEM
API_INBOUND_DELIVERY	EntityProperty	A_InbDeliveryItemType	InspectionLot	Edm.String	0	0	12					X			INSPECTIONLOT
API_INBOUND_DELIVERY	EntityProperty	A_InbDeliveryItemType	InspectionPartialLot	Edm.String	0	0	6					X			INSPECTIONPARTIALLOT
API_INBOUND_DELIVERY	EntityProperty	A_InbDeliveryItemType	IntercompanyBillingStatus	Edm.String	0	0	1					X			INTERCOMPANYBILLINGSTATUS
API_INBOUND_DELIVERY	EntityProperty	A_InbDeliveryItemType	InternationalArticleNumber	Edm.String	0	0	18					X			INTERNATIONALARTICLENUMBER
API_INBOUND_DELIVERY	EntityProperty	A_InbDeliveryItemType	InventorySpecialStockType	Edm.String	0	0	1					X			INVENTORYSPECIALSTOCKTYPE
API_INBOUND_DELIVERY	EntityProperty	A_InbDeliveryItemType	InventoryValuationType	Edm.String	0	0	10					X			INVENTORYVALUATIONTYPE
API_INBOUND_DELIVERY	EntityProperty	A_InbDeliveryItemType	IsCompletelyDelivered	Edm.Boolean	0	0	0					X			ISCOMPLETELYDELIVERED
API_INBOUND_DELIVERY	EntityProperty	A_InbDeliveryItemType	IsNotGoodsMovementsRelevant	Edm.String	0	0	1					X			ISNOTGOODSMOVEMENTSRELEVANT
API_INBOUND_DELIVERY	EntityProperty	A_InbDeliveryItemType	IsSeparateValuation	Edm.Boolean	0	0	0					X			ISSEPARATEVALUATION
API_INBOUND_DELIVERY	EntityProperty	A_InbDeliveryItemType	IssgOrRcvgBatch	Edm.String	0	0	10					X			ISSGORRCVGBATCH
API_INBOUND_DELIVERY	EntityProperty	A_InbDeliveryItemType	IssgOrRcvgMaterial	Edm.String	0	0	40					X			ISSGORRCVGMATERIAL
API_INBOUND_DELIVERY	EntityProperty	A_InbDeliveryItemType	IssgOrRcvgSpclStockInd	Edm.String	0	0	1					X			ISSGORRCVGSPCLSTOCKIND
API_INBOUND_DELIVERY	EntityProperty	A_InbDeliveryItemType	IssgOrRcvgStockCategory	Edm.String	0	0	1					X			ISSGORRCVGSTOCKCATEGORY
API_INBOUND_DELIVERY	EntityProperty	A_InbDeliveryItemType	IssgOrRcvgValuationType	Edm.String	0	0	10					X			ISSGORRCVGVALUATIONTYPE
API_INBOUND_DELIVERY	EntityProperty	A_InbDeliveryItemType	IssuingOrReceivingPlant	Edm.String	0	0	4					X			ISSUINGORRECEIVINGPLANT
API_INBOUND_DELIVERY	EntityProperty	A_InbDeliveryItemType	IssuingOrReceivingStorageLoc	Edm.String	0	0	4					X			ISSUINGORRECEIVINGSTORAGELOC
API_INBOUND_DELIVERY	EntityProperty	A_InbDeliveryItemType	ItemBillingBlockReason	Edm.String	0	0	2					X			ITEMBILLINGBLOCKREASON
API_INBOUND_DELIVERY	EntityProperty	A_InbDeliveryItemType	ItemBillingIncompletionStatus	Edm.String	0	0	1					X			ITEMBILLINGINCOMPLETIONSTATUS
API_INBOUND_DELIVERY	EntityProperty	A_InbDeliveryItemType	ItemDeliveryIncompletionStatus	Edm.String	0	0	1					X			ITEMDELIVERYINCOMPLETIONSTATUS
API_INBOUND_DELIVERY	EntityProperty	A_InbDeliveryItemType	ItemGdsMvtIncompletionSts	Edm.String	0	0	1					X			ITEMGDSMVTINCOMPLETIONSTS
API_INBOUND_DELIVERY	EntityProperty	A_InbDeliveryItemType	ItemGeneralIncompletionStatus	Edm.String	0	0	1					X			ITEMGENERALINCOMPLETIONSTATUS
API_INBOUND_DELIVERY	EntityProperty	A_InbDeliveryItemType	ItemGrossWeight	Edm.Decimal	15	3	0					X			ITEMGROSSWEIGHT
API_INBOUND_DELIVERY	EntityProperty	A_InbDeliveryItemType	ItemIsBillingRelevant	Edm.String	0	0	1					X			ITEMISBILLINGRELEVANT
API_INBOUND_DELIVERY	EntityProperty	A_InbDeliveryItemType	ItemNetWeight	Edm.Decimal	15	3	0					X			ITEMNETWEIGHT
API_INBOUND_DELIVERY	EntityProperty	A_InbDeliveryItemType	ItemPackingIncompletionStatus	Edm.String	0	0	1					X			ITEMPACKINGINCOMPLETIONSTATUS
API_INBOUND_DELIVERY	EntityProperty	A_InbDeliveryItemType	ItemPickingIncompletionStatus	Edm.String	0	0	1					X			ITEMPICKINGINCOMPLETIONSTATUS
API_INBOUND_DELIVERY	EntityProperty	A_InbDeliveryItemType	ItemVolume	Edm.Decimal	15	3	0					X			ITEMVOLUME
API_INBOUND_DELIVERY	EntityProperty	A_InbDeliveryItemType	ItemVolumeUnit	Edm.String	0	0	3					X			ITEMVOLUMEUNIT
API_INBOUND_DELIVERY	EntityProperty	A_InbDeliveryItemType	ItemWeightUnit	Edm.String	0	0	3					X			ITEMWEIGHTUNIT
API_INBOUND_DELIVERY	EntityProperty	A_InbDeliveryItemType	LastChangeDate	Edm.DateTime	7	0	0					X			LASTCHANGEDATE
API_INBOUND_DELIVERY	EntityProperty	A_InbDeliveryItemType	LoadingGroup	Edm.String	0	0	4					X			LOADINGGROUP
API_INBOUND_DELIVERY	EntityProperty	A_InbDeliveryItemType	ManufactureDate	Edm.DateTime	7	0	0					X			MANUFACTUREDATE
API_INBOUND_DELIVERY	EntityProperty	A_InbDeliveryItemType	Material	Edm.String	0	0	40		X			X			MATERIAL
API_INBOUND_DELIVERY	EntityProperty	A_InbDeliveryItemType	MaterialByCustomer	Edm.String	0	0	35					X			MATERIALBYCUSTOMER
API_INBOUND_DELIVERY	EntityProperty	A_InbDeliveryItemType	MaterialFreightGroup	Edm.String	0	0	8					X			MATERIALFREIGHTGROUP
API_INBOUND_DELIVERY	EntityProperty	A_InbDeliveryItemType	MaterialGroup	Edm.String	0	0	9					X			MATERIALGROUP
API_INBOUND_DELIVERY	EntityProperty	A_InbDeliveryItemType	MaterialIsBatchManaged	Edm.Boolean	0	0	0					X			MATERIALISBATCHMANAGED
API_INBOUND_DELIVERY	EntityProperty	A_InbDeliveryItemType	MaterialIsIntBatchManaged	Edm.Boolean	0	0	0					X			MATERIALISINTBATCHMANAGED
API_INBOUND_DELIVERY	EntityProperty	A_InbDeliveryItemType	NumberOfSerialNumbers	Edm.Int32	0	0	0					X			NUMBEROFSERIALNUMBERS
API_INBOUND_DELIVERY	EntityProperty	A_InbDeliveryItemType	OrderID	Edm.String	0	0	12					X			ORDERID
API_INBOUND_DELIVERY	EntityProperty	A_InbDeliveryItemType	OrderItem	Edm.String	0	0	4					X			ORDERITEM
API_INBOUND_DELIVERY	EntityProperty	A_InbDeliveryItemType	OriginalDeliveryQuantity	Edm.Decimal	13	3	0					X			ORIGINALDELIVERYQUANTITY
API_INBOUND_DELIVERY	EntityProperty	A_InbDeliveryItemType	OriginallyRequestedMaterial	Edm.String	0	0	40					X			ORIGINALLYREQUESTEDMATERIAL
API_INBOUND_DELIVERY	EntityProperty	A_InbDeliveryItemType	OverdelivTolrtdLmtRatioInPct	Edm.Decimal	3	1	0					X			OVERDELIVTOLRTDLMTRATIOINPCT
API_INBOUND_DELIVERY	EntityProperty	A_InbDeliveryItemType	PackingStatus	Edm.String	0	0	1					X			PACKINGSTATUS
API_INBOUND_DELIVERY	EntityProperty	A_InbDeliveryItemType	PartialDeliveryIsAllowed	Edm.String	0	0	1					X			PARTIALDELIVERYISALLOWED
API_INBOUND_DELIVERY	EntityProperty	A_InbDeliveryItemType	PaymentGuaranteeForm	Edm.String	0	0	2					X			PAYMENTGUARANTEEFORM
API_INBOUND_DELIVERY	EntityProperty	A_InbDeliveryItemType	PickingConfirmationStatus	Edm.String	0	0	1					X			PICKINGCONFIRMATIONSTATUS
API_INBOUND_DELIVERY	EntityProperty	A_InbDeliveryItemType	PickingControl	Edm.String	0	0	1					X			PICKINGCONTROL
API_INBOUND_DELIVERY	EntityProperty	A_InbDeliveryItemType	PickingStatus	Edm.String	0	0	1					X			PICKINGSTATUS
API_INBOUND_DELIVERY	EntityProperty	A_InbDeliveryItemType	Plant	Edm.String	0	0	4		X			X			PLANT
API_INBOUND_DELIVERY	EntityProperty	A_InbDeliveryItemType	PrimaryPostingSwitch	Edm.String	0	0	1					X			PRIMARYPOSTINGSWITCH
API_INBOUND_DELIVERY	EntityProperty	A_InbDeliveryItemType	ProductAvailabilityDate	Edm.DateTime	7	0	0					X			PRODUCTAVAILABILITYDATE
API_INBOUND_DELIVERY	EntityProperty	A_InbDeliveryItemType	ProductAvailabilityTime	Edm.Time	0	0	0					X			PRODUCTAVAILABILITYTIME
API_INBOUND_DELIVERY	EntityProperty	A_InbDeliveryItemType	ProductConfiguration	Edm.String	0	0	18					X			PRODUCTCONFIGURATION
API_INBOUND_DELIVERY	EntityProperty	A_InbDeliveryItemType	ProductHierarchyNode	Edm.String	0	0	18					X			PRODUCTHIERARCHYNODE
API_INBOUND_DELIVERY	EntityProperty	A_InbDeliveryItemType	ProfitabilitySegment	Edm.String	0	0	10					X			PROFITABILITYSEGMENT
API_INBOUND_DELIVERY	EntityProperty	A_InbDeliveryItemType	ProfitCenter	Edm.String	0	0	10					X			PROFITCENTER
API_INBOUND_DELIVERY	EntityProperty	A_InbDeliveryItemType	ProofOfDeliveryRelevanceCode	Edm.String	0	0	1					X			PROOFOFDELIVERYRELEVANCECODE
API_INBOUND_DELIVERY	EntityProperty	A_InbDeliveryItemType	ProofOfDeliveryStatus	Edm.String	0	0	1					X			PROOFOFDELIVERYSTATUS
API_INBOUND_DELIVERY	EntityProperty	A_InbDeliveryItemType	QuantityIsFixed	Edm.Boolean	0	0	0					X			QUANTITYISFIXED
API_INBOUND_DELIVERY	EntityProperty	A_InbDeliveryItemType	ReceivingPoint	Edm.String	0	0	25					X			RECEIVINGPOINT
API_INBOUND_DELIVERY	EntityProperty	A_InbDeliveryItemType	ReferenceDocumentLogicalSystem	Edm.String	0	0	10					X			REFERENCEDOCUMENTLOGICALSYSTEM
API_INBOUND_DELIVERY	EntityProperty	A_InbDeliveryItemType	ReferenceSDDocument	Edm.String	0	0	10		X			X			REFERENCESDDOCUMENT
API_INBOUND_DELIVERY	EntityProperty	A_InbDeliveryItemType	ReferenceSDDocumentCategory	Edm.String	0	0	4					X			REFERENCESDDOCUMENTCATEGORY
API_INBOUND_DELIVERY	EntityProperty	A_InbDeliveryItemType	ReferenceSDDocumentItem	Edm.String	0	0	6		X			X			REFERENCESDDOCUMENTITEM
API_INBOUND_DELIVERY	EntityProperty	A_InbDeliveryItemType	RetailPromotion	Edm.String	0	0	10					X			RETAILPROMOTION
API_INBOUND_DELIVERY	EntityProperty	A_InbDeliveryItemType	SalesDocumentItemType	Edm.String	0	0	1					X			SALESDOCUMENTITEMTYPE
API_INBOUND_DELIVERY	EntityProperty	A_InbDeliveryItemType	SalesGroup	Edm.String	0	0	3					X			SALESGROUP
API_INBOUND_DELIVERY	EntityProperty	A_InbDeliveryItemType	SalesOffice	Edm.String	0	0	4					X			SALESOFFICE
API_INBOUND_DELIVERY	EntityProperty	A_InbDeliveryItemType	SDDocumentCategory	Edm.String	0	0	4					X			SDDOCUMENTCATEGORY
API_INBOUND_DELIVERY	EntityProperty	A_InbDeliveryItemType	SDProcessStatus	Edm.String	0	0	1					X			SDPROCESSSTATUS
API_INBOUND_DELIVERY	EntityProperty	A_InbDeliveryItemType	ShelfLifeExpirationDate	Edm.DateTime	7	0	0					X			SHELFLIFEEXPIRATIONDATE
API_INBOUND_DELIVERY	EntityProperty	A_InbDeliveryItemType	StatisticsDate	Edm.DateTime	7	0	0					X			STATISTICSDATE
API_INBOUND_DELIVERY	EntityProperty	A_InbDeliveryItemType	StockType	Edm.String	0	0	1					X			STOCKTYPE
API_INBOUND_DELIVERY	EntityProperty	A_InbDeliveryItemType	StorageBin	Edm.String	0	0	10					X			STORAGEBIN
API_INBOUND_DELIVERY	EntityProperty	A_InbDeliveryItemType	StorageLocation	Edm.String	0	0	4					X			STORAGELOCATION
API_INBOUND_DELIVERY	EntityProperty	A_InbDeliveryItemType	StorageType	Edm.String	0	0	3					X			STORAGETYPE
API_INBOUND_DELIVERY	EntityProperty	A_InbDeliveryItemType	SubsequentMovementType	Edm.String	0	0	3					X			SUBSEQUENTMOVEMENTTYPE
API_INBOUND_DELIVERY	EntityProperty	A_InbDeliveryItemType	TransportationGroup	Edm.String	0	0	4					X			TRANSPORTATIONGROUP
API_INBOUND_DELIVERY	EntityProperty	A_InbDeliveryItemType	UnderdelivTolrtdLmtRatioInPct	Edm.Decimal	3	1	0					X			UNDERDELIVTOLRTDLMTRATIOINPCT
API_INBOUND_DELIVERY	EntityProperty	A_InbDeliveryItemType	UnlimitedOverdeliveryIsAllowed	Edm.Boolean	0	0	0					X			UNLIMITEDOVERDELIVERYISALLOWED
API_INBOUND_DELIVERY	EntityProperty	A_InbDeliveryItemType	VarblShipgProcgDurationInDays	Edm.Decimal	5	2	0					X			VARBLSHIPGPROCGDURATIONINDAYS
API_INBOUND_DELIVERY	EntityProperty	A_InbDeliveryItemType	Warehouse	Edm.String	0	0	3					X			WAREHOUSE
API_INBOUND_DELIVERY	EntityProperty	A_InbDeliveryItemType	WarehouseActivityStatus	Edm.String	0	0	1					X			WAREHOUSEACTIVITYSTATUS
API_INBOUND_DELIVERY	EntityProperty	A_InbDeliveryItemType	WarehouseStagingArea	Edm.String	0	0	10					X			WAREHOUSESTAGINGAREA
API_INBOUND_DELIVERY	EntityProperty	A_InbDeliveryItemType	DeliveryVersion	Edm.String	0	0	4					X			DELIVERYVERSION
API_INBOUND_DELIVERY	EntityProperty	A_InbDeliveryItemType	WarehouseStockCategory	Edm.String	0	0	1					X			WAREHOUSESTOCKCATEGORY
API_INBOUND_DELIVERY	EntityProperty	A_InbDeliveryItemType	WarehouseStorageBin	Edm.String	0	0	10					X			WAREHOUSESTORAGEBIN
API_INBOUND_DELIVERY	EntityProperty	A_InbDeliveryPartnerType	AddressID	Edm.String	0	0	10								ADDRESSID
API_INBOUND_DELIVERY	EntityProperty	A_InbDeliveryPartnerType	ContactPerson	Edm.String	0	0	10								CONTACTPERSON
API_INBOUND_DELIVERY	EntityProperty	A_InbDeliveryPartnerType	Customer	Edm.String	0	0	10								CUSTOMER
API_INBOUND_DELIVERY	EntityProperty	A_InbDeliveryPartnerType	PartnerFunction	Edm.String	0	0	2	X							PARTNERFUNCTION
API_INBOUND_DELIVERY	EntityProperty	A_InbDeliveryPartnerType	Personnel	Edm.String	0	0	8								PERSONNEL
API_INBOUND_DELIVERY	EntityProperty	A_InbDeliveryPartnerType	SDDocument	Edm.String	0	0	10	X							SDDOCUMENT
API_INBOUND_DELIVERY	EntityProperty	A_InbDeliveryPartnerType	SDDocumentItem	Edm.String	0	0	6								SDDOCUMENTITEM
API_INBOUND_DELIVERY	EntityProperty	A_InbDeliveryPartnerType	Supplier	Edm.String	0	0	10								SUPPLIER
API_INBOUND_DELIVERY	EntityProperty	A_InbDeliverySerialNmbrType	DeliveryDate	Edm.DateTime	7	0	0								DELIVERYDATE
API_INBOUND_DELIVERY	EntityProperty	A_InbDeliverySerialNmbrType	DeliveryDocument	Edm.String	0	0	10								DELIVERYDOCUMENT
API_INBOUND_DELIVERY	EntityProperty	A_InbDeliverySerialNmbrType	DeliveryDocumentItem	Edm.String	0	0	6								DELIVERYDOCUMENTITEM
API_INBOUND_DELIVERY	EntityProperty	A_InbDeliverySerialNmbrType	MaintenanceItemObjectList	Edm.Int32	0	0	0	X							MAINTENANCEITEMOBJECTLIST
API_INBOUND_DELIVERY	EntityProperty	A_InbDeliverySerialNmbrType	SDDocumentCategory	Edm.String	0	0	4								SDDOCUMENTCATEGORY
API_INBOUND_DELIVERY	EntityProperty	A_MaintenanceItemObjListType	Assembly	Edm.String	0	0	40								ASSEMBLY
API_INBOUND_DELIVERY	EntityProperty	A_MaintenanceItemObjListType	Equipment	Edm.String	0	0	18								EQUIPMENT
API_INBOUND_DELIVERY	EntityProperty	A_MaintenanceItemObjListType	FunctionalLocation	Edm.String	0	0	40								FUNCTIONALLOCATION
API_INBOUND_DELIVERY	EntityProperty	A_MaintenanceItemObjListType	MaintenanceItemObject	Edm.Int32	0	0	0	X							MAINTENANCEITEMOBJECT
API_INBOUND_DELIVERY	EntityProperty	A_MaintenanceItemObjListType	MaintenanceItemObjectList	Edm.Int32	0	0	0	X							MAINTENANCEITEMOBJECTLIST
API_INBOUND_DELIVERY	EntityProperty	A_MaintenanceItemObjListType	MaintenanceNotification	Edm.String	0	0	12								MAINTENANCENOTIFICATION
API_INBOUND_DELIVERY	EntityProperty	A_MaintenanceItemObjListType	MaintObjectLocAcctAssgmtNmbr	Edm.String	0	0	12								MAINTOBJECTLOCACCTASSGMTNMBR
API_INBOUND_DELIVERY	EntityProperty	A_MaintenanceItemObjListType	Material	Edm.String	0	0	40								MATERIAL
API_INBOUND_DELIVERY	EntityProperty	A_MaintenanceItemObjListType	SerialNumber	Edm.String	0	0	18		X						SERIALNUMBER
API_INBOUND_DELIVERY	FunctionParam	ConfirmPutawayAllItems	DeliveryDocument	Edm.String	0	0	10								DELIVERYDOCUMENT
API_INBOUND_DELIVERY	FunctionParam	ConfirmPutawayOneItem	DeliveryDocument	Edm.String	0	0	10								DELIVERYDOCUMENT
API_INBOUND_DELIVERY	FunctionParam	ConfirmPutawayOneItem	DeliveryDocumentItem	Edm.String	0	0	6								DELIVERYDOCUMENTITEM
API_INBOUND_DELIVERY	FunctionParam	PostGoodsReceipt	DeliveryDocument	Edm.String	0	0	10								DELIVERYDOCUMENT
API_INBOUND_DELIVERY	FunctionParam	PutawayAllItems	DeliveryDocument	Edm.String	0	0	10								DELIVERYDOCUMENT
API_INBOUND_DELIVERY	FunctionParam	PutawayOneItem	DeliveryDocument	Edm.String	0	0	10								DELIVERYDOCUMENT
API_INBOUND_DELIVERY	FunctionParam	PutawayOneItem	DeliveryDocumentItem	Edm.String	0	0	6								DELIVERYDOCUMENTITEM
API_INBOUND_DELIVERY	FunctionParam	ReverseGoodsReceipt	ActualGoodsMovementDate	Edm.DateTime	7	0	0								ACTUALGOODSMOVEMENTDATE
API_INBOUND_DELIVERY	FunctionParam	ReverseGoodsReceipt	DeliveryDocument	Edm.String	0	0	10								DELIVERYDOCUMENT
API_MATERIAL_DOCUMENT	EntityProperty	A_MaterialDocumentItemType	AccountAssignmentCategory	Edm.String	0	0	1								ACCOUNTASSIGNMENTCATEGORY
API_MATERIAL_DOCUMENT	EntityProperty	A_MaterialDocumentItemType	Batch	Edm.String	0	0	10								BATCH
API_MATERIAL_DOCUMENT	EntityProperty	A_MaterialDocumentItemType	CompanyCodeCurrency	Edm.String	0	0	5								COMPANYCODECURRENCY
API_MATERIAL_DOCUMENT	EntityProperty	A_MaterialDocumentItemType	ControllingArea	Edm.String	0	0	4								CONTROLLINGAREA
API_MATERIAL_DOCUMENT	EntityProperty	A_MaterialDocumentItemType	CostCenter	Edm.String	0	0	10								COSTCENTER
API_MATERIAL_DOCUMENT	EntityProperty	A_MaterialDocumentItemType	CostObject	Edm.String	0	0	12								COSTOBJECT
API_MATERIAL_DOCUMENT	EntityProperty	A_MaterialDocumentItemType	CrossPlantConfigurableProduct	Edm.String	0	0	40								CROSSPLANTCONFIGURABLEPRODUCT
API_MATERIAL_DOCUMENT	EntityProperty	A_MaterialDocumentItemType	Customer	Edm.String	0	0	10								CUSTOMER
API_MATERIAL_DOCUMENT	EntityProperty	A_MaterialDocumentItemType	Delivery	Edm.String	0	0	10								DELIVERY
API_MATERIAL_DOCUMENT	EntityProperty	A_MaterialDocumentItemType	DeliveryItem	Edm.String	0	0	6								DELIVERYITEM
API_MATERIAL_DOCUMENT	EntityProperty	A_MaterialDocumentItemType	EntryUnit	Edm.String	0	0	3								ENTRYUNIT
API_MATERIAL_DOCUMENT	EntityProperty	A_MaterialDocumentItemType	EWMStorageBin	Edm.String	0	0	18								EWMSTORAGEBIN
API_MATERIAL_DOCUMENT	EntityProperty	A_MaterialDocumentItemType	EWMWarehouse	Edm.String	0	0	4								EWMWAREHOUSE
API_MATERIAL_DOCUMENT	EntityProperty	A_MaterialDocumentItemType	FiscalYear	Edm.String	0	0	4								FISCALYEAR
API_MATERIAL_DOCUMENT	EntityProperty	A_MaterialDocumentItemType	FiscalYearPeriod	Edm.String	0	0	7								FISCALYEARPERIOD
API_MATERIAL_DOCUMENT	EntityProperty	A_MaterialDocumentItemType	FiscalYearVariant	Edm.String	0	0	2								FISCALYEARVARIANT
API_MATERIAL_DOCUMENT	EntityProperty	A_MaterialDocumentItemType	FixedAsset	Edm.String	0	0	4								FIXEDASSET
API_MATERIAL_DOCUMENT	EntityProperty	A_MaterialDocumentItemType	FunctionalArea	Edm.String	0	0	16								FUNCTIONALAREA
API_MATERIAL_DOCUMENT	EntityProperty	A_MaterialDocumentItemType	GdsMvtExtAmtInCoCodeCrcy	Edm.Decimal	14	3	0								GDSMVTEXTAMTINCOCODECRCY
API_MATERIAL_DOCUMENT	EntityProperty	A_MaterialDocumentItemType	GLAccount	Edm.String	0	0	10								GLACCOUNT
API_MATERIAL_DOCUMENT	EntityProperty	A_MaterialDocumentItemType	GoodsMovementIsCancelled	Edm.Boolean	0	0	0								GOODSMOVEMENTISCANCELLED
API_MATERIAL_DOCUMENT	EntityProperty	A_MaterialDocumentItemType	GoodsMovementReasonCode	Edm.String	0	0	4								GOODSMOVEMENTREASONCODE
API_MATERIAL_DOCUMENT	EntityProperty	A_MaterialDocumentItemType	GoodsMovementRefDocType	Edm.String	0	0	1								GOODSMOVEMENTREFDOCTYPE
API_MATERIAL_DOCUMENT	EntityProperty	A_MaterialDocumentItemType	GoodsMovementType	Edm.String	0	0	3								GOODSMOVEMENTTYPE
API_MATERIAL_DOCUMENT	EntityProperty	A_MaterialDocumentItemType	HierarchyNodeLevel	Edm.String	0	0	2								HIERARCHYNODELEVEL
API_MATERIAL_DOCUMENT	EntityProperty	A_MaterialDocumentItemType	InventorySpecialStockType	Edm.String	0	0	1								INVENTORYSPECIALSTOCKTYPE
API_MATERIAL_DOCUMENT	EntityProperty	A_MaterialDocumentItemType	InventoryStockType	Edm.String	0	0	2								INVENTORYSTOCKTYPE
API_MATERIAL_DOCUMENT	EntityProperty	A_MaterialDocumentItemType	InventoryUsabilityCode	Edm.String	0	0	1								INVENTORYUSABILITYCODE
API_MATERIAL_DOCUMENT	EntityProperty	A_MaterialDocumentItemType	InventoryValuationType	Edm.String	0	0	10								INVENTORYVALUATIONTYPE
API_MATERIAL_DOCUMENT	EntityProperty	A_MaterialDocumentItemType	InvtryMgmtRefDocumentItem	Edm.String	0	0	4								INVTRYMGMTREFDOCUMENTITEM
API_MATERIAL_DOCUMENT	EntityProperty	A_MaterialDocumentItemType	InvtryMgmtReferenceDocument	Edm.String	0	0	10								INVTRYMGMTREFERENCEDOCUMENT
API_MATERIAL_DOCUMENT	EntityProperty	A_MaterialDocumentItemType	IsAutomaticallyCreated	Edm.String	0	0	1								ISAUTOMATICALLYCREATED
API_MATERIAL_DOCUMENT	EntityProperty	A_MaterialDocumentItemType	IsCompletelyDelivered	Edm.Boolean	0	0	0								ISCOMPLETELYDELIVERED
API_MATERIAL_DOCUMENT	EntityProperty	A_MaterialDocumentItemType	IssgOrRcvgBatch	Edm.String	0	0	10								ISSGORRCVGBATCH
API_MATERIAL_DOCUMENT	EntityProperty	A_MaterialDocumentItemType	IssgOrRcvgMaterial	Edm.String	0	0	40								ISSGORRCVGMATERIAL
API_MATERIAL_DOCUMENT	EntityProperty	A_MaterialDocumentItemType	IssgOrRcvgSpclStockInd	Edm.String	0	0	1								ISSGORRCVGSPCLSTOCKIND
API_MATERIAL_DOCUMENT	EntityProperty	A_MaterialDocumentItemType	IssgOrRcvgStockSegment	Edm.String	0	0	40								ISSGORRCVGSTOCKSEGMENT
API_MATERIAL_DOCUMENT	EntityProperty	A_MaterialDocumentItemType	IssuingOrReceivingPlant	Edm.String	0	0	4								ISSUINGORRECEIVINGPLANT
API_MATERIAL_DOCUMENT	EntityProperty	A_MaterialDocumentItemType	IssuingOrReceivingStockType	Edm.String	0	0	2								ISSUINGORRECEIVINGSTOCKTYPE
API_MATERIAL_DOCUMENT	EntityProperty	A_MaterialDocumentItemType	IssuingOrReceivingStorageLoc	Edm.String	0	0	4								ISSUINGORRECEIVINGSTORAGELOC
API_MATERIAL_DOCUMENT	EntityProperty	A_MaterialDocumentItemType	IssuingOrReceivingValType	Edm.String	0	0	10								ISSUINGORRECEIVINGVALTYPE
API_MATERIAL_DOCUMENT	EntityProperty	A_MaterialDocumentItemType	ManufactureDate	Edm.DateTime	0	0	0								MANUFACTUREDATE
API_MATERIAL_DOCUMENT	EntityProperty	A_MaterialDocumentItemType	ManufacturingOrder	Edm.String	0	0	12								MANUFACTURINGORDER
API_MATERIAL_DOCUMENT	EntityProperty	A_MaterialDocumentItemType	ManufacturingOrderItem	Edm.String	0	0	4								MANUFACTURINGORDERITEM
API_MATERIAL_DOCUMENT	EntityProperty	A_MaterialDocumentItemType	MasterFixedAsset	Edm.String	0	0	12								MASTERFIXEDASSET
API_MATERIAL_DOCUMENT	EntityProperty	A_MaterialDocumentItemType	Material	Edm.String	0	0	40								MATERIAL
API_MATERIAL_DOCUMENT	EntityProperty	A_MaterialDocumentItemType	MaterialBaseUnit	Edm.String	0	0	3								MATERIALBASEUNIT
API_MATERIAL_DOCUMENT	EntityProperty	A_MaterialDocumentItemType	MaterialDocument	Edm.String	0	0	10	X							MATERIALDOCUMENT
API_MATERIAL_DOCUMENT	EntityProperty	A_MaterialDocumentItemType	MaterialDocumentItem	Edm.String	0	0	4	X							MATERIALDOCUMENTITEM
API_MATERIAL_DOCUMENT	EntityProperty	A_MaterialDocumentItemType	MaterialDocumentItemText	Edm.String	0	0	50								MATERIALDOCUMENTITEMTEXT
API_MATERIAL_DOCUMENT	EntityProperty	A_MaterialDocumentItemType	MaterialDocumentLine	Edm.String	0	0	6								MATERIALDOCUMENTLINE
API_MATERIAL_DOCUMENT	EntityProperty	A_MaterialDocumentItemType	MaterialDocumentParentLine	Edm.String	0	0	6								MATERIALDOCUMENTPARENTLINE
API_MATERIAL_DOCUMENT	EntityProperty	A_MaterialDocumentItemType	MaterialDocumentPostingType	Edm.String	0	0	1								MATERIALDOCUMENTPOSTINGTYPE
API_MATERIAL_DOCUMENT	EntityProperty	A_MaterialDocumentItemType	MaterialDocumentYear	Edm.String	0	0	4	X							MATERIALDOCUMENTYEAR
API_MATERIAL_DOCUMENT	EntityProperty	A_MaterialDocumentItemType	Plant	Edm.String	0	0	4								PLANT
API_MATERIAL_DOCUMENT	EntityProperty	A_MaterialDocumentItemType	ProductCharacteristic1	Edm.String	0	0	18								PRODUCTCHARACTERISTIC1
API_MATERIAL_DOCUMENT	EntityProperty	A_MaterialDocumentItemType	ProductCharacteristic2	Edm.String	0	0	18								PRODUCTCHARACTERISTIC2
API_MATERIAL_DOCUMENT	EntityProperty	A_MaterialDocumentItemType	ProductCharacteristic3	Edm.String	0	0	18								PRODUCTCHARACTERISTIC3
API_MATERIAL_DOCUMENT	EntityProperty	A_MaterialDocumentItemType	ProductCollection	Edm.String	0	0	10								PRODUCTCOLLECTION
API_MATERIAL_DOCUMENT	EntityProperty	A_MaterialDocumentItemType	ProductSeason	Edm.String	0	0	10								PRODUCTSEASON
API_MATERIAL_DOCUMENT	EntityProperty	A_MaterialDocumentItemType	ProductSeasonYear	Edm.String	0	0	4								PRODUCTSEASONYEAR
API_MATERIAL_DOCUMENT	EntityProperty	A_MaterialDocumentItemType	ProductTheme	Edm.String	0	0	10								PRODUCTTHEME
API_MATERIAL_DOCUMENT	EntityProperty	A_MaterialDocumentItemType	ProfitabilitySegment	Edm.String	0	0	10								PROFITABILITYSEGMENT
API_MATERIAL_DOCUMENT	EntityProperty	A_MaterialDocumentItemType	ProfitCenter	Edm.String	0	0	10								PROFITCENTER
API_MATERIAL_DOCUMENT	EntityProperty	A_MaterialDocumentItemType	PurchaseOrder	Edm.String	0	0	10								PURCHASEORDER
API_MATERIAL_DOCUMENT	EntityProperty	A_MaterialDocumentItemType	PurchaseOrderItem	Edm.String	0	0	5								PURCHASEORDERITEM
API_MATERIAL_DOCUMENT	EntityProperty	A_MaterialDocumentItemType	QuantityInBaseUnit	Edm.Decimal	13	3	0								QUANTITYINBASEUNIT
API_MATERIAL_DOCUMENT	EntityProperty	A_MaterialDocumentItemType	QuantityInEntryUnit	Edm.Decimal	13	3	0								QUANTITYINENTRYUNIT
API_MATERIAL_DOCUMENT	EntityProperty	A_MaterialDocumentItemType	ReferenceDocumentFiscalYear	Edm.String	0	0	4								REFERENCEDOCUMENTFISCALYEAR
API_MATERIAL_DOCUMENT	EntityProperty	A_MaterialDocumentItemType	Reservation	Edm.String	0	0	10								RESERVATION
API_MATERIAL_DOCUMENT	EntityProperty	A_MaterialDocumentItemType	ReservationIsFinallyIssued	Edm.Boolean	0	0	0								RESERVATIONISFINALLYISSUED
API_MATERIAL_DOCUMENT	EntityProperty	A_MaterialDocumentItemType	ReservationItem	Edm.String	0	0	4								RESERVATIONITEM
API_MATERIAL_DOCUMENT	EntityProperty	A_MaterialDocumentItemType	ReversedMaterialDocument	Edm.String	0	0	10								REVERSEDMATERIALDOCUMENT
API_MATERIAL_DOCUMENT	EntityProperty	A_MaterialDocumentItemType	ReversedMaterialDocumentItem	Edm.String	0	0	4								REVERSEDMATERIALDOCUMENTITEM
API_MATERIAL_DOCUMENT	EntityProperty	A_MaterialDocumentItemType	ReversedMaterialDocumentYear	Edm.String	0	0	4								REVERSEDMATERIALDOCUMENTYEAR
API_MATERIAL_DOCUMENT	EntityProperty	A_MaterialDocumentItemType	SalesOrder	Edm.String	0	0	10								SALESORDER
API_MATERIAL_DOCUMENT	EntityProperty	A_MaterialDocumentItemType	SalesOrderItem	Edm.String	0	0	6								SALESORDERITEM
API_MATERIAL_DOCUMENT	EntityProperty	A_MaterialDocumentItemType	SalesOrderScheduleLine	Edm.String	0	0	4								SALESORDERSCHEDULELINE
API_MATERIAL_DOCUMENT	EntityProperty	A_MaterialDocumentItemType	SerialNumbersAreCreatedAutomly	Edm.Boolean	0	0	0								SERIALNUMBERSARECREATEDAUTOMLY
API_MATERIAL_DOCUMENT	EntityProperty	A_MaterialDocumentItemType	ShelfLifeExpirationDate	Edm.DateTime	0	0	0								SHELFLIFEEXPIRATIONDATE
API_MATERIAL_DOCUMENT	EntityProperty	A_MaterialDocumentItemType	SlsPrcAmtInclVATInCoCodeCrcy	Edm.Decimal	14	3	0								SLSPRCAMTINCLVATINCOCODECRCY
API_MATERIAL_DOCUMENT	EntityProperty	A_MaterialDocumentItemType	SpecialStockIdfgSalesOrder	Edm.String	0	0	10								SPECIALSTOCKIDFGSALESORDER
API_MATERIAL_DOCUMENT	EntityProperty	A_MaterialDocumentItemType	SpecialStockIdfgSalesOrderItem	Edm.String	0	0	6								SPECIALSTOCKIDFGSALESORDERITEM
API_MATERIAL_DOCUMENT	EntityProperty	A_MaterialDocumentItemType	SpecialStockIdfgWBSElement	Edm.String	0	0	24								SPECIALSTOCKIDFGWBSELEMENT
API_MATERIAL_DOCUMENT	EntityProperty	A_MaterialDocumentItemType	StockSegment	Edm.String	0	0	40								STOCKSEGMENT
API_MATERIAL_DOCUMENT	EntityProperty	A_MaterialDocumentItemType	StorageLocation	Edm.String	0	0	4								STORAGELOCATION
API_MATERIAL_DOCUMENT	EntityProperty	A_MaterialDocumentItemType	Supplier	Edm.String	0	0	10								SUPPLIER
API_MATERIAL_DOCUMENT	EntityProperty	A_MaterialDocumentItemType	UnloadingPointName	Edm.String	0	0	25								UNLOADINGPOINTNAME
API_MATERIAL_DOCUMENT	EntityProperty	A_MaterialDocumentItemType	WBSElement	Edm.String	0	0	24								WBSELEMENT
API_MATERIAL_DOCUMENT	EntityProperty	A_SerialNumberMaterialDocumentType	Material	Edm.String	0	0	40	X							MATERIAL
API_MATERIAL_DOCUMENT	EntityProperty	A_SerialNumberMaterialDocumentType	MaterialDocument	Edm.String	0	0	10	X							MATERIALDOCUMENT
API_MATERIAL_DOCUMENT	EntityProperty	A_SerialNumberMaterialDocumentType	MaterialDocumentItem	Edm.String	0	0	4	X							MATERIALDOCUMENTITEM
API_MATERIAL_DOCUMENT	EntityProperty	A_SerialNumberMaterialDocumentType	MaterialDocumentYear	Edm.String	0	0	4	X							MATERIALDOCUMENTYEAR
API_MATERIAL_DOCUMENT	EntityProperty	A_SerialNumberMaterialDocumentType	SerialNumber	Edm.String	0	0	18	X							SERIALNUMBER
API_MATERIAL_DOCUMENT	EntityProperty	A_MaterialDocumentHeaderType	CreatedByUser	Edm.String	0	0	12								CREATEDBYUSER
API_MATERIAL_DOCUMENT	EntityProperty	A_MaterialDocumentHeaderType	CreationDate	Edm.DateTime	0	0	0								CREATIONDATE
API_MATERIAL_DOCUMENT	EntityProperty	A_MaterialDocumentHeaderType	CreationTime	Edm.Time	0	0	0								CREATIONTIME
API_MATERIAL_DOCUMENT	EntityProperty	A_MaterialDocumentHeaderType	CtrlPostgForExtWhseMgmtSyst	Edm.String	0	0	1								CTRLPOSTGFOREXTWHSEMGMTSYST
API_MATERIAL_DOCUMENT	EntityProperty	A_MaterialDocumentHeaderType	DocumentDate	Edm.DateTime	0	0	0								DOCUMENTDATE
API_MATERIAL_DOCUMENT	EntityProperty	A_MaterialDocumentHeaderType	GoodsMovementCode	Edm.String	0	0	2								GOODSMOVEMENTCODE
API_MATERIAL_DOCUMENT	EntityProperty	A_MaterialDocumentHeaderType	InventoryTransactionType	Edm.String	0	0	2								INVENTORYTRANSACTIONTYPE
API_MATERIAL_DOCUMENT	EntityProperty	A_MaterialDocumentHeaderType	ManualPrintIsTriggered	Edm.String	0	0	1								MANUALPRINTISTRIGGERED
API_MATERIAL_DOCUMENT	EntityProperty	A_MaterialDocumentHeaderType	MaterialDocument	Edm.String	0	0	10	X							MATERIALDOCUMENT
API_MATERIAL_DOCUMENT	EntityProperty	A_MaterialDocumentHeaderType	MaterialDocumentHeaderText	Edm.String	0	0	25								MATERIALDOCUMENTHEADERTEXT
API_MATERIAL_DOCUMENT	EntityProperty	A_MaterialDocumentHeaderType	MaterialDocumentYear	Edm.String	0	0	4	X							MATERIALDOCUMENTYEAR
API_MATERIAL_DOCUMENT	EntityProperty	A_MaterialDocumentHeaderType	PostingDate	Edm.DateTime	0	0	0								POSTINGDATE
API_MATERIAL_DOCUMENT	EntityProperty	A_MaterialDocumentHeaderType	ReferenceDocument	Edm.String	0	0	16								REFERENCEDOCUMENT
API_MATERIAL_DOCUMENT	EntityProperty	A_MaterialDocumentHeaderType	VersionForPrintingSlip	Edm.String	0	0	1								VERSIONFORPRINTINGSLIP
MMIM_GR4PO_DL	EntityProperty	I_SalesOrderItemStdVHType	SalesOrder	Edm.String	0	0	10	X							SALESORDER
MMIM_GR4PO_DL	EntityProperty	I_SalesOrderItemStdVHType	SalesOrderItem	Edm.String	0	0	6	X							SALESORDERITEM
MMIM_GR4PO_DL	EntityProperty	I_SalesOrderItemStdVHType	SalesOrderItemText	Edm.String	0	0	40								SALESORDERITEMTEXT
MMIM_GR4PO_DL	FunctionParam	C_BatchTPValidation	Batch	Edm.String	0	0	10								BATCH
MMIM_GR4PO_DL	FunctionParam	C_BatchTPValidation	DraftUUID	Edm.Guid	0	0	0								DRAFTUUID
MMIM_GR4PO_DL	FunctionParam	C_BatchTPValidation	IsActiveEntity	Edm.Boolean	0	0	0								ISACTIVEENTITY
MMIM_GR4PO_DL	FunctionParam	C_BatchTPValidation	Material	Edm.String	0	0	40								MATERIAL
MMIM_GR4PO_DL	FunctionParam	C_BatchTPValidation	Plant	Edm.String	0	0	4								PLANT
MMIM_GR4PO_DL	FunctionParam	C_BatchTPValidation	SideEffectsQualifier	Edm.String	0	0	0								SIDEEFFECTSQUALIFIER
MMIM_GR4PO_DL	EntityProperty	C_SerialNumbersForGdsMvtVHType	Batch	Edm.String	0	0	10								BATCH
MMIM_GR4PO_DL	EntityProperty	C_SerialNumbersForGdsMvtVHType	Equipment	Edm.String	0	0	18	X							EQUIPMENT
MMIM_GR4PO_DL	EntityProperty	C_SerialNumbersForGdsMvtVHType	EquipmentHasStockInformation	Edm.Boolean	0	0	0								EQUIPMENTHASSTOCKINFORMATION
MMIM_GR4PO_DL	EntityProperty	C_SerialNumbersForGdsMvtVHType	InventorySpecialStockType	Edm.String	0	0	1								INVENTORYSPECIALSTOCKTYPE
MMIM_GR4PO_DL	EntityProperty	C_SerialNumbersForGdsMvtVHType	InventoryStockType	Edm.String	0	0	2								INVENTORYSTOCKTYPE
MMIM_GR4PO_DL	EntityProperty	C_SerialNumbersForGdsMvtVHType	Material	Edm.String	0	0	40	X							MATERIAL
MMIM_GR4PO_DL	EntityProperty	C_SerialNumbersForGdsMvtVHType	Plant	Edm.String	0	0	4								PLANT
MMIM_GR4PO_DL	EntityProperty	C_SerialNumbersForGdsMvtVHType	SalesOrder	Edm.String	0	0	10								SALESORDER
MMIM_GR4PO_DL	EntityProperty	C_SerialNumbersForGdsMvtVHType	SalesOrderItem	Edm.String	0	0	6								SALESORDERITEM
MMIM_GR4PO_DL	EntityProperty	C_SerialNumbersForGdsMvtVHType	SerialNumber	Edm.String	0	0	18	X							SERIALNUMBER
MMIM_GR4PO_DL	EntityProperty	C_SerialNumbersForGdsMvtVHType	SpecialStockIdfgSupplier	Edm.String	0	0	10								SPECIALSTOCKIDFGSUPPLIER
MMIM_GR4PO_DL	EntityProperty	C_SerialNumbersForGdsMvtVHType	StockIdentifyingBatch	Edm.String	0	0	10								STOCKIDENTIFYINGBATCH
MMIM_GR4PO_DL	EntityProperty	C_SerialNumbersForGdsMvtVHType	StorageLocation	Edm.String	0	0	4								STORAGELOCATION
MMIM_GR4PO_DL	EntityProperty	C_SerialNumbersForGdsMvtVHType	WBSElement	Edm.String	0	0	24								WBSELEMENT
MMIM_GR4PO_DL	FunctionParam	BatchCreate	Batch	Edm.String	0	0	10								CHARGE
MMIM_GR4PO_DL	FunctionParam	BatchCreate	Material	Edm.String	0	0	40								MATNR
MMIM_GR4PO_DL	FunctionParam	BatchCreate	Plant	Edm.String	0	0	4								WERKS
MMIM_GR4PO_DL	FunctionParam	BatchCreate	StorageLocation	Edm.String	0	0	4								LGORT
MMIM_GR4PO_DL	EntityProperty	MMIMInventSpecialStockTypeVHType	InventorySpecialStockType	Edm.String	0	0	1	X							INVENTORYSPECIALSTOCKTYPE
MMIM_GR4PO_DL	EntityProperty	MMIMInventSpecialStockTypeVHType	InventorySpecialStockTypeName	Edm.String	0	0	20								INVENTORYSPECIALSTOCKTYPENAME
MMIM_GR4PO_DL	ComplexProperty	ShelfLifeExpirationDateType	Material	Edm.String	0	0	40								MATNR
MMIM_GR4PO_DL	ComplexProperty	ShelfLifeExpirationDateType	Plant	Edm.String	0	0	4								WERKS
MMIM_GR4PO_DL	ComplexProperty	ShelfLifeExpirationDateType	StorageLocation	Edm.String	0	0	4								LGORT
MMIM_GR4PO_DL	ComplexProperty	ShelfLifeExpirationDateType	Batch	Edm.String	0	0	10								CHARGE
MMIM_GR4PO_DL	ComplexProperty	ShelfLifeExpirationDateType	MovementType	Edm.String	0	0	3								BWART
MMIM_GR4PO_DL	ComplexProperty	ShelfLifeExpirationDateType	InboundDelivery	Edm.String	0	0	12								VBELN_VL
MMIM_GR4PO_DL	ComplexProperty	ShelfLifeExpirationDateType	DeliveryDocumentItem	Edm.String	0	0	6								POSNR
MMIM_GR4PO_DL	ComplexProperty	ShelfLifeExpirationDateType	ManufactureDate	Edm.DateTime	7	0	0					X			HSDAT
MMIM_GR4PO_DL	ComplexProperty	ShelfLifeExpirationDateType	ShelfLifeExpirationDate	Edm.DateTime	7	0	0					X			VFDAT
MMIM_GR4PO_DL	EntityProperty	MMIMSalesOrderVHType	AuthorizationGroup	Edm.String	0	0	4								AUTHORIZATIONGROUP
MMIM_GR4PO_DL	EntityProperty	MMIMSalesOrderVHType	Customer	Edm.String	0	0	10								CUSTOMER
MMIM_GR4PO_DL	EntityProperty	MMIMSalesOrderVHType	IsBusinessPurposeCompleted	Edm.String	0	0	1								ISBUSINESSPURPOSECOMPLETED
MMIM_GR4PO_DL	EntityProperty	MMIMSalesOrderVHType	Material	Edm.String	0	0	40								MATERIAL
MMIM_GR4PO_DL	EntityProperty	MMIMSalesOrderVHType	Plant	Edm.String	0	0	4								PLANT
MMIM_GR4PO_DL	EntityProperty	MMIMSalesOrderVHType	SalesOrder	Edm.String	0	0	10	X							SALESORDER
MMIM_GR4PO_DL	EntityProperty	MMIMSalesOrderVHType	SalesOrderItem	Edm.String	0	0	6	X							SALESORDERITEM
MMIM_GR4PO_DL	EntityProperty	MMIMSalesOrderVHType	SalesOrderType	Edm.String	0	0	4								SALESORDERTYPE
MMIM_GR4PO_DL	EntityProperty	MMIMSalesOrderVHType	SoldToParty	Edm.String	0	0	10								SOLDTOPARTY
MMIM_GR4PO_DL	EntityProperty	MMIMProductionOrderVHType	Material	Edm.String	0	0	40								MATERIAL
MMIM_GR4PO_DL	EntityProperty	MMIMProductionOrderVHType	MaterialName	Edm.String	0	0	40								MATERIALNAME
MMIM_GR4PO_DL	EntityProperty	MMIMProductionOrderVHType	OrderCategory	Edm.String	0	0	2								ORDERCATEGORY
MMIM_GR4PO_DL	EntityProperty	MMIMProductionOrderVHType	OrderID	Edm.String	0	0	12	X							ORDERID
MMIM_GR4PO_DL	EntityProperty	MMIMProductionOrderVHType	OrderItem	Edm.String	0	0	4	X							ORDERITEM
MMIM_GR4PO_DL	EntityProperty	MMIMProductionOrderVHType	OrderType	Edm.String	0	0	4								ORDERTYPE
MMIM_GR4PO_DL	EntityProperty	MMIMProductionOrderVHType	OrderTypeName	Edm.String	0	0	40								ORDERTYPENAME
MMIM_GR4PO_DL	EntityProperty	MMIMProductionOrderVHType	PlannedEndDate	Edm.DateTime	0	0	0								PLANNEDENDDATE
MMIM_GR4PO_DL	EntityProperty	MMIMProductionOrderVHType	PlannedPlant	Edm.String	0	0	4								PLANNEDPLANT
MMIM_GR4PO_DL	EntityProperty	MMIMProductionOrderVHType	PlannedPlantName	Edm.String	0	0	30								PLANNEDPLANTNAME
MMIM_GR4PO_DL	EntityProperty	MMIMProductionOrderVHType	PlannedStartDate	Edm.DateTime	0	0	0								PLANNEDSTARTDATE
MMIM_GR4PO_DL	EntityProperty	MMIMProductionOrderVHType	ProductionPlant	Edm.String	0	0	4								PRODUCTIONPLANT
MMIM_GR4PO_DL	EntityProperty	MMIMProductionOrderVHType	ProductionPlantName	Edm.String	0	0	30								PRODUCTIONPLANTNAME
MMIM_GR4PO_DL	FunctionParam	C_BatchTPActivation	Batch	Edm.String	0	0	10								BATCH
MMIM_GR4PO_DL	FunctionParam	C_BatchTPActivation	DraftUUID	Edm.Guid	0	0	0								DRAFTUUID
MMIM_GR4PO_DL	FunctionParam	C_BatchTPActivation	IsActiveEntity	Edm.Boolean	0	0	0								ISACTIVEENTITY
MMIM_GR4PO_DL	FunctionParam	C_BatchTPActivation	Material	Edm.String	0	0	40								MATERIAL
MMIM_GR4PO_DL	FunctionParam	C_BatchTPActivation	Plant	Edm.String	0	0	4								PLANT
MMIM_GR4PO_DL	ComplexProperty	ComponentMatQtyType	InboundDelivery	Edm.String	0	0	12								LE_VBELN
MMIM_GR4PO_DL	ComplexProperty	ComponentMatQtyType	DeliveryDocumentItem	Edm.String	0	0	6								POSNR
MMIM_GR4PO_DL	ComplexProperty	ComponentMatQtyType	SourceOfGR	Edm.String	0	0	10								SOURCE_OF_GR
MMIM_GR4PO_DL	ComplexProperty	ComponentMatQtyType	AccountAssignmentNumber	Edm.String	0	0	2								SEQ_NUMBER
MMIM_GR4PO_DL	ComplexProperty	ComponentMatQtyType	Material	Edm.String	0	0	40								MATNR
MMIM_GR4PO_DL	ComplexProperty	ComponentMatQtyType	MaterialName	Edm.String	0	0	40								MAKTX
MMIM_GR4PO_DL	ComplexProperty	ComponentMatQtyType	Plant	Edm.String	0	0	4								WERKS
MMIM_GR4PO_DL	ComplexProperty	ComponentMatQtyType	PlantName	Edm.String	0	0	30								WERKS_NAME
MMIM_GR4PO_DL	ComplexProperty	ComponentMatQtyType	Batch	Edm.String	0	0	10								CHARG
MMIM_GR4PO_DL	ComplexProperty	ComponentMatQtyType	ControlOfBatchTableField	Edm.String	0	0	5								BATCH_FIELD_CONTROL
MMIM_GR4PO_DL	ComplexProperty	ComponentMatQtyType	MovementType	Edm.String	0	0	3								BWART
MMIM_GR4PO_DL	ComplexProperty	ComponentMatQtyType	OpenQuantity	Edm.Decimal	13	3	0								OFMNG
MMIM_GR4PO_DL	ComplexProperty	ComponentMatQtyType	UnitOfMeasure	Edm.String	0	0	3								OFMNGME
MMIM_GR4PO_DL	ComplexProperty	ComponentMatQtyType	QuantityInEntryUnit	Edm.Decimal	13	3	0								ERFMG
MMIM_GR4PO_DL	ComplexProperty	ComponentMatQtyType	EntryUnit	Edm.String	0	0	3								ERFME
MMIM_GR4PO_DL	ComplexProperty	ComponentMatQtyType	ComponentID	Edm.String	0	0	6								COMPONENTID
MMIM_GR4PO_DL	ComplexProperty	ComponentMatQtyType	QuantityInBaseUnit	Edm.Decimal	13	3	0								MENGE
MMIM_GR4PO_DL	ComplexProperty	ComponentMatQtyType	MaterialBaseUnit	Edm.String	0	0	3								MEINS
MMIM_GR4PO_DL	ComplexProperty	ComponentMatQtyType	ControlOfSerialNoTableField	Edm.String	0	0	4								SERIAL_FIELD_CONTROL
MMIM_GR4PO_DL	ComplexProperty	ComponentMatQtyType	InventoryValuationType	Edm.String	0	0	10								VALUATION_TYPE
MMIM_GR4PO_DL	ComplexProperty	ComponentMatQtyType	ControlOfValuationType	Edm.String	0	0	5								VALUA_TYPE_FIELD_CONTROL
MMIM_GR4PO_DL	EntityProperty	I_SalesOrderStdVHType	SalesOrder	Edm.String	0	0	10	X							SALESORDER
MMIM_GR4PO_DL	FunctionParam	ConversionQty	Batch	Edm.String	0	0	10								CHARG
MMIM_GR4PO_DL	FunctionParam	ConversionQty	DeliveryDocumentItem	Edm.String	0	0	6								POSNR
MMIM_GR4PO_DL	FunctionParam	ConversionQty	EntryUnit	Edm.String	0	0	3								ERFME
MMIM_GR4PO_DL	FunctionParam	ConversionQty	InboundDelivery	Edm.String	0	0	12								LE_VBELN
MMIM_GR4PO_DL	FunctionParam	ConversionQty	Material	Edm.String	0	0	40								MATERIAL
MMIM_GR4PO_DL	FunctionParam	ConversionQty	OrderUnit	Edm.String	0	0	3								ORDMGME
MMIM_GR4PO_DL	FunctionParam	ConversionQty	Plant	Edm.String	0	0	4								WERKS
MMIM_GR4PO_DL	FunctionParam	ConversionQty	QuantityInEntryUnit	Edm.Decimal	13	3	0								ERFMG
MMIM_GR4PO_DL	FunctionParam	ConversionQty	SourceOfGR	Edm.String	0	0	10								SOURCE_OF_GR
MMIM_GR4PO_DL	FunctionParam	ShelfLifeExpirationDate	DeliveryDocumentItem	Edm.String	0	0	6								POSNR
MMIM_GR4PO_DL	FunctionParam	ShelfLifeExpirationDate	InboundDelivery	Edm.String	0	0	12								VBELN_VL
MMIM_GR4PO_DL	FunctionParam	ShelfLifeExpirationDate	ManufactureDate	Edm.DateTime	7	0	0								MANUFACTUREDATE
MMIM_GR4PO_DL	FunctionParam	ShelfLifeExpirationDate	Material	Edm.String	0	0	40								MATERIAL
MMIM_GR4PO_DL	FunctionParam	ShelfLifeExpirationDate	MovementType	Edm.String	0	0	3								BWART
MMIM_GR4PO_DL	FunctionParam	ShelfLifeExpirationDate	Plant	Edm.String	0	0	4								WERKS
MMIM_GR4PO_DL	FunctionParam	ShelfLifeExpirationDate	SourceOfGR	Edm.String	0	0	10								SOURCE_OF_GR
MMIM_GR4PO_DL	FunctionParam	ShelfLifeExpirationDate	StorageLocation	Edm.String	0	0	4								LGORT
MMIM_GR4PO_DL	FunctionParam	C_BatchTPPreparation	Batch	Edm.String	0	0	10								BATCH
MMIM_GR4PO_DL	FunctionParam	C_BatchTPPreparation	DraftUUID	Edm.Guid	0	0	0								DRAFTUUID
MMIM_GR4PO_DL	FunctionParam	C_BatchTPPreparation	IsActiveEntity	Edm.Boolean	0	0	0								ISACTIVEENTITY
MMIM_GR4PO_DL	FunctionParam	C_BatchTPPreparation	Material	Edm.String	0	0	40								MATERIAL
MMIM_GR4PO_DL	FunctionParam	C_BatchTPPreparation	Plant	Edm.String	0	0	4								PLANT
MMIM_GR4PO_DL	FunctionParam	C_BatchTPPreparation	SideEffectsQualifier	Edm.String	0	0	0								SIDEEFFECTSQUALIFIER
MMIM_GR4PO_DL	EntityProperty	I_ProductStdVHType	Product	Edm.String	0	0	40	X							PRODUCT
MMIM_GR4PO_DL	EntityProperty	I_ProductStdVHType	Product_Text	Edm.String	0	0	40								T_PRODUCT
MMIM_GR4PO_DL	EntityProperty	I_ProductStdVHType	ProductExternalID	Edm.String	0	0	40								PRODUCTEXTERNALID
MMIM_GR4PO_DL	EntityProperty	I_DraftAdministrativeDataType	CreatedByUser	Edm.String	0	0	12								CREATEDBYUSER
MMIM_GR4PO_DL	EntityProperty	I_DraftAdministrativeDataType	CreatedByUserDescription	Edm.String	0	0	80								CREATEDBYUSERDESCRIPTION
MMIM_GR4PO_DL	EntityProperty	I_DraftAdministrativeDataType	CreationDateTime	Edm.DateTimeOffset	7	0	0								CREATIONDATETIME
MMIM_GR4PO_DL	EntityProperty	I_DraftAdministrativeDataType	DraftAccessType	Edm.String	0	0	1								DRAFTACCESSTYPE
MMIM_GR4PO_DL	EntityProperty	I_DraftAdministrativeDataType	DraftEntityType	Edm.String	0	0	30	X							DRAFTENTITYTYPE
MMIM_GR4PO_DL	EntityProperty	I_DraftAdministrativeDataType	DraftIsCreatedByMe	Edm.Boolean	0	0	0								DRAFTISCREATEDBYME
MMIM_GR4PO_DL	EntityProperty	I_DraftAdministrativeDataType	DraftIsKeptByUser	Edm.Boolean	0	0	0								DRAFTISKEPTBYUSER
MMIM_GR4PO_DL	EntityProperty	I_DraftAdministrativeDataType	DraftIsLastChangedByMe	Edm.Boolean	0	0	0								DRAFTISLASTCHANGEDBYME
MMIM_GR4PO_DL	EntityProperty	I_DraftAdministrativeDataType	DraftIsProcessedByMe	Edm.Boolean	0	0	0								DRAFTISPROCESSEDBYME
MMIM_GR4PO_DL	EntityProperty	I_DraftAdministrativeDataType	DraftUUID	Edm.Guid	0	0	0	X							DRAFTUUID
MMIM_GR4PO_DL	EntityProperty	I_DraftAdministrativeDataType	EnqueueStartDateTime	Edm.DateTimeOffset	7	0	0								ENQUEUESTARTDATETIME
MMIM_GR4PO_DL	EntityProperty	I_DraftAdministrativeDataType	InProcessByUser	Edm.String	0	0	12								INPROCESSBYUSER
MMIM_GR4PO_DL	EntityProperty	I_DraftAdministrativeDataType	InProcessByUserDescription	Edm.String	0	0	80								INPROCESSBYUSERDESCRIPTION
MMIM_GR4PO_DL	EntityProperty	I_DraftAdministrativeDataType	LastChangeDateTime	Edm.DateTimeOffset	7	0	0								LASTCHANGEDATETIME
MMIM_GR4PO_DL	EntityProperty	I_DraftAdministrativeDataType	LastChangedByUser	Edm.String	0	0	12								LASTCHANGEDBYUSER
MMIM_GR4PO_DL	EntityProperty	I_DraftAdministrativeDataType	LastChangedByUserDescription	Edm.String	0	0	80								LASTCHANGEDBYUSERDESCRIPTION
MMIM_GR4PO_DL	EntityProperty	I_DraftAdministrativeDataType	ProcessingStartDateTime	Edm.DateTimeOffset	7	0	0								PROCESSINGSTARTDATETIME
MMIM_GR4PO_DL	EntityProperty	I_Supplier_VHType	AuthorizationGroup	Edm.String	0	0	4								AUTHORIZATIONGROUP
MMIM_GR4PO_DL	EntityProperty	I_Supplier_VHType	BusinessPartner	Edm.String	0	0	10								BUSINESSPARTNER
MMIM_GR4PO_DL	EntityProperty	I_Supplier_VHType	BusinessPartnerType	Edm.String	0	0	4								BUSINESSPARTNERTYPE
MMIM_GR4PO_DL	EntityProperty	I_Supplier_VHType	IsBusinessPurposeCompleted	Edm.String	0	0	1								ISBUSINESSPURPOSECOMPLETED
MMIM_GR4PO_DL	EntityProperty	I_Supplier_VHType	Supplier	Edm.String	0	0	10	X							SUPPLIER
MMIM_GR4PO_DL	EntityProperty	I_Supplier_VHType	SupplierAccountGroup	Edm.String	0	0	4								SUPPLIERACCOUNTGROUP
MMIM_GR4PO_DL	EntityProperty	I_Supplier_VHType	SupplierName	Edm.String	0	0	35								SUPPLIERNAME
MMIM_GR4PO_DL	EntityProperty	MMIMSupplierGeneralVHType	AuthorizationGroup	Edm.String	0	0	4								AUTHORIZATIONGROUP
MMIM_GR4PO_DL	EntityProperty	MMIMSupplierGeneralVHType	CityName	Edm.String	0	0	35								CITYNAME
MMIM_GR4PO_DL	EntityProperty	MMIMSupplierGeneralVHType	CompanyCode	Edm.String	0	0	4	X							COMPANYCODE
MMIM_GR4PO_DL	EntityProperty	MMIMSupplierGeneralVHType	Country	Edm.String	0	0	3								COUNTRY
MMIM_GR4PO_DL	EntityProperty	MMIMSupplierGeneralVHType	IsBusinessPurposeCompleted	Edm.String	0	0	1								ISBUSINESSPURPOSECOMPLETED
MMIM_GR4PO_DL	EntityProperty	MMIMSupplierGeneralVHType	PostalCode	Edm.String	0	0	10								POSTALCODE
MMIM_GR4PO_DL	EntityProperty	MMIMSupplierGeneralVHType	Supplier	Edm.String	0	0	10	X							SUPPLIER
MMIM_GR4PO_DL	EntityProperty	MMIMSupplierGeneralVHType	SupplierAccountGroup	Edm.String	0	0	4								SUPPLIERACCOUNTGROUP
MMIM_GR4PO_DL	EntityProperty	MMIMSupplierGeneralVHType	SupplierName	Edm.String	0	0	35								SUPPLIERNAME
MMIM_GR4PO_DL	EntityProperty	GR4PO_DL_SerialNumber	InboundDelivery	Edm.String	0	0	12	X							LE_VBELN
MMIM_GR4PO_DL	EntityProperty	GR4PO_DL_SerialNumber	DeliveryDocumentItem	Edm.String	0	0	6	X							POSNR
MMIM_GR4PO_DL	EntityProperty	GR4PO_DL_SerialNumber	SourceOfGR	Edm.String	0	0	10	X							SOURCE_OF_GR
MMIM_GR4PO_DL	EntityProperty	GR4PO_DL_SerialNumber	ParentItem	Edm.String	0	0	3	X							PARENTITEM
MMIM_GR4PO_DL	EntityProperty	GR4PO_DL_SerialNumber	ParentComponentID	Edm.String	0	0	6	X							PARENTCOMPONENTID
MMIM_GR4PO_DL	EntityProperty	GR4PO_DL_SerialNumber	Serialno	Edm.String	0	0	18								SERIALNO
MMIM_GR4PO_DL	EntityProperty	MMIMBatchesVHType	AuthorizationGroup	Edm.String	0	0	4								AUTHORIZATIONGROUP
MMIM_GR4PO_DL	EntityProperty	MMIMBatchesVHType	Batch	Edm.String	0	0	10	X							BATCH
MMIM_GR4PO_DL	EntityProperty	MMIMBatchesVHType	ManufactureDate	Edm.DateTime	0	0	0								MANUFACTUREDATE
MMIM_GR4PO_DL	EntityProperty	MMIMBatchesVHType	Material	Edm.String	0	0	40	X							MATERIAL
MMIM_GR4PO_DL	EntityProperty	MMIMBatchesVHType	Plant	Edm.String	0	0	4	X							PLANT
MMIM_GR4PO_DL	EntityProperty	MMIMBatchesVHType	ShelfLifeExpirationDate	Edm.DateTime	0	0	0								SHELFLIFEEXPIRATIONDATE
MMIM_GR4PO_DL	EntityProperty	C_BatchTPType	Activation_ac	Edm.Boolean	0	0	0					X			A_ACTIVATION
MMIM_GR4PO_DL	EntityProperty	C_BatchTPType	AuthorizationGroup	Edm.String	0	0	4								AUTHORIZATIONGROUP
MMIM_GR4PO_DL	EntityProperty	C_BatchTPType	Batch	Edm.String	0	0	10	X							BATCH
MMIM_GR4PO_DL	EntityProperty	C_BatchTPType	BatchBySupplier	Edm.String	0	0	15								BATCHBYSUPPLIER
MMIM_GR4PO_DL	EntityProperty	C_BatchTPType	BatchBySupplier_fc	Edm.Byte	0	0	0					X			F_BATCHBYSUPPLIER
MMIM_GR4PO_DL	EntityProperty	C_BatchTPType	BatchForEdit	Edm.String	0	0	10								BATCHFOREDIT
MMIM_GR4PO_DL	EntityProperty	C_BatchTPType	BatchForEdit_fc	Edm.Byte	0	0	0					X			F_BATCHFOREDIT
MMIM_GR4PO_DL	EntityProperty	C_BatchTPType	BatchIdentifyingPlant	Edm.String	0	0	4								BATCHIDENTIFYINGPLANT
MMIM_GR4PO_DL	EntityProperty	C_BatchTPType	BatchIsMarkedForDeletion	Edm.Boolean	0	0	0								BATCHISMARKEDFORDELETION
MMIM_GR4PO_DL	EntityProperty	C_BatchTPType	BatchRestrictionStatus	Edm.String	0	0	1								BATCHRESTRICTIONSTATUS
MMIM_GR4PO_DL	EntityProperty	C_BatchTPType	BatchRestrictionStatus_fc	Edm.Byte	0	0	0					X			F_BATCHRESTRICTIONSTATUS
MMIM_GR4PO_DL	EntityProperty	C_BatchTPType	BatchRestrictionStsCriticality	Edm.Byte	0	0	0								BATCHRESTRICTIONSTSCRITICALITY
MMIM_GR4PO_DL	EntityProperty	C_BatchTPType	BatchShortDescription	Edm.String	0	0	40								BATCHSHORTDESCRIPTION
MMIM_GR4PO_DL	EntityProperty	C_BatchTPType	ClassificationSideEffect	Edm.String	0	0	100								CLASSIFICATIONSIDEEFFECT
MMIM_GR4PO_DL	EntityProperty	C_BatchTPType	ClfnObjectID	Edm.String	0	0	90								CLFNOBJECTID
MMIM_GR4PO_DL	EntityProperty	C_BatchTPType	ClfnObjectInternalID	Edm.String	0	0	18								CLFNOBJECTINTERNALID
MMIM_GR4PO_DL	EntityProperty	C_BatchTPType	CountryOfOrigin	Edm.String	0	0	3								COUNTRYOFORIGIN
MMIM_GR4PO_DL	EntityProperty	C_BatchTPType	CountryOfOrigin_fc	Edm.Byte	0	0	0					X			F_COUNTRYOFORIGIN
MMIM_GR4PO_DL	EntityProperty	C_BatchTPType	DefinitionOfBatchLevel	Edm.String	0	0	1								DEFINITIONOFBATCHLEVEL
MMIM_GR4PO_DL	EntityProperty	C_BatchTPType	Delete_mc	Edm.Boolean	0	0	0					X			M_DELETE
MMIM_GR4PO_DL	EntityProperty	C_BatchTPType	DraftEntityCreationDateTime	Edm.DateTimeOffset	7	0	0				X		X		DRAFTENTITYCREATIONDATETIME
MMIM_GR4PO_DL	EntityProperty	C_BatchTPType	DraftEntityLastChangeDateTime	Edm.DateTimeOffset	7	0	0				X		X		DRAFTENTITYLASTCHANGEDATETIME
MMIM_GR4PO_DL	EntityProperty	C_BatchTPType	DraftUUID	Edm.Guid	0	0	0	X			X		X		DRAFTUUID
MMIM_GR4PO_DL	EntityProperty	C_BatchTPType	Edit_ac	Edm.Boolean	0	0	0					X			A_EDIT
MMIM_GR4PO_DL	EntityProperty	C_BatchTPType	FreeDefinedDate1	Edm.DateTime	0	0	0								FREEDEFINEDDATE1
MMIM_GR4PO_DL	EntityProperty	C_BatchTPType	FreeDefinedDate1_fc	Edm.Byte	0	0	0					X			F_FREEDEFINEDDATE1
MMIM_GR4PO_DL	EntityProperty	C_BatchTPType	FreeDefinedDate2	Edm.DateTime	0	0	0								FREEDEFINEDDATE2
MMIM_GR4PO_DL	EntityProperty	C_BatchTPType	FreeDefinedDate2_fc	Edm.Byte	0	0	0					X			F_FREEDEFINEDDATE2
MMIM_GR4PO_DL	EntityProperty	C_BatchTPType	FreeDefinedDate3	Edm.DateTime	0	0	0								FREEDEFINEDDATE3
MMIM_GR4PO_DL	EntityProperty	C_BatchTPType	FreeDefinedDate3_fc	Edm.Byte	0	0	0					X			F_FREEDEFINEDDATE3
MMIM_GR4PO_DL	EntityProperty	C_BatchTPType	FreeDefinedDate4	Edm.DateTime	0	0	0								FREEDEFINEDDATE4
MMIM_GR4PO_DL	EntityProperty	C_BatchTPType	FreeDefinedDate4_fc	Edm.Byte	0	0	0					X			F_FREEDEFINEDDATE4
MMIM_GR4PO_DL	EntityProperty	C_BatchTPType	FreeDefinedDate5	Edm.DateTime	0	0	0								FREEDEFINEDDATE5
MMIM_GR4PO_DL	EntityProperty	C_BatchTPType	FreeDefinedDate5_fc	Edm.Byte	0	0	0					X			F_FREEDEFINEDDATE5
MMIM_GR4PO_DL	EntityProperty	C_BatchTPType	FreeDefinedDate6	Edm.DateTime	0	0	0								FREEDEFINEDDATE6
MMIM_GR4PO_DL	EntityProperty	C_BatchTPType	FreeDefinedDate6_fc	Edm.Byte	0	0	0					X			F_FREEDEFINEDDATE6
MMIM_GR4PO_DL	EntityProperty	C_BatchTPType	HasActiveEntity	Edm.Boolean	0	0	0				X		X		HASACTIVEENTITY
MMIM_GR4PO_DL	EntityProperty	C_BatchTPType	HasDraftEntity	Edm.Boolean	0	0	0				X		X		HASDRAFTENTITY
MMIM_GR4PO_DL	EntityProperty	C_BatchTPType	InventoryValuationType	Edm.String	0	0	10								INVENTORYVALUATIONTYPE
MMIM_GR4PO_DL	EntityProperty	C_BatchTPType	InventoryValuationType_fc	Edm.Byte	0	0	0					X			F_INVENTORYVALUATIONTYPE
MMIM_GR4PO_DL	EntityProperty	C_BatchTPType	IsActiveEntity	Edm.Boolean	0	0	0	X			X		X		ISACTIVEENTITY
MMIM_GR4PO_DL	EntityProperty	C_BatchTPType	IsSubordinateBatch	Edm.Boolean	0	0	0								ISSUBORDINATEBATCH
MMIM_GR4PO_DL	EntityProperty	C_BatchTPType	ManufactureDate	Edm.DateTime	0	0	0								MANUFACTUREDATE
MMIM_GR4PO_DL	EntityProperty	C_BatchTPType	ManufactureDate_fc	Edm.Byte	0	0	0					X			F_MANUFACTUREDATE
MMIM_GR4PO_DL	EntityProperty	C_BatchTPType	Material	Edm.String	0	0	40	X							MATERIAL
MMIM_GR4PO_DL	EntityProperty	C_BatchTPType	MaterialForEdit	Edm.String	0	0	40								MATERIALFOREDIT
MMIM_GR4PO_DL	EntityProperty	C_BatchTPType	MaterialForEdit_fc	Edm.Byte	0	0	0					X			F_MATERIALFOREDIT
MMIM_GR4PO_DL	EntityProperty	C_BatchTPType	MatlBatchIsInRstrcdUseStock	Edm.Boolean	0	0	0								MATLBATCHISINRSTRCDUSESTOCK
MMIM_GR4PO_DL	EntityProperty	C_BatchTPType	NextInspectionDate	Edm.DateTime	0	0	0								NEXTINSPECTIONDATE
MMIM_GR4PO_DL	EntityProperty	C_BatchTPType	NextInspectionDate_fc	Edm.Byte	0	0	0					X			F_NEXTINSPECTIONDATE
MMIM_GR4PO_DL	EntityProperty	C_BatchTPType	ObjectTypeDatabaseTable	Edm.String	0	0	30								OBJECTTYPEDATABASETABLE
MMIM_GR4PO_DL	EntityProperty	C_BatchTPType	Plant	Edm.String	0	0	4	X							PLANT
MMIM_GR4PO_DL	EntityProperty	C_BatchTPType	PlantForEdit	Edm.String	0	0	4						X		PLANTFOREDIT
MMIM_GR4PO_DL	EntityProperty	C_BatchTPType	PlantForEdit_fc	Edm.Byte	0	0	0					X			F_PLANTFOREDIT
MMIM_GR4PO_DL	EntityProperty	C_BatchTPType	Preparation_ac	Edm.Boolean	0	0	0					X			A_PREPARATION
MMIM_GR4PO_DL	EntityProperty	C_BatchTPType	RegionOfOrigin	Edm.String	0	0	3								REGIONOFORIGIN
MMIM_GR4PO_DL	EntityProperty	C_BatchTPType	RegionOfOrigin_fc	Edm.Byte	0	0	0					X			F_REGIONOFORIGIN
MMIM_GR4PO_DL	EntityProperty	C_BatchTPType	ShelfLifeExpirationDate	Edm.DateTime	0	0	0								SHELFLIFEEXPIRATIONDATE
MMIM_GR4PO_DL	EntityProperty	C_BatchTPType	ShelfLifeExpirationDate_fc	Edm.Byte	0	0	0					X			F_SHELFLIFEEXPIRATIONDATE
MMIM_GR4PO_DL	EntityProperty	C_BatchTPType	Supplier	Edm.String	0	0	10								SUPPLIER
MMIM_GR4PO_DL	EntityProperty	C_BatchTPType	Supplier_fc	Edm.Byte	0	0	0					X			F_SUPPLIER
MMIM_GR4PO_DL	EntityProperty	C_BatchTPType	Update_mc	Edm.Boolean	0	0	0					X			M_UPDATE
MMIM_GR4PO_DL	EntityProperty	C_BatchTPType	Validation_ac	Edm.Boolean	0	0	0					X			A_VALIDATION
MMIM_GR4PO_DL	EntityProperty	MMIMWBSElementVHType	ControllingArea	Edm.String	0	0	4								CONTROLLINGAREA
MMIM_GR4PO_DL	EntityProperty	MMIMWBSElementVHType	FreeDefinedAttribute01	Edm.String	0	0	20								FREEDEFINEDATTRIBUTE01
MMIM_GR4PO_DL	EntityProperty	MMIMWBSElementVHType	FreeDefinedAttribute02	Edm.String	0	0	20								FREEDEFINEDATTRIBUTE02
MMIM_GR4PO_DL	EntityProperty	MMIMWBSElementVHType	FreeDefinedAttribute03	Edm.String	0	0	10								FREEDEFINEDATTRIBUTE03
MMIM_GR4PO_DL	EntityProperty	MMIMWBSElementVHType	FreeDefinedAttribute04	Edm.String	0	0	10								FREEDEFINEDATTRIBUTE04
MMIM_GR4PO_DL	EntityProperty	MMIMWBSElementVHType	FreeDefinedIndicator1	Edm.Boolean	0	0	0								FREEDEFINEDINDICATOR1
MMIM_GR4PO_DL	EntityProperty	MMIMWBSElementVHType	FreeDefinedIndicator2	Edm.Boolean	0	0	0								FREEDEFINEDINDICATOR2
MMIM_GR4PO_DL	EntityProperty	MMIMWBSElementVHType	Plant	Edm.String	0	0	4								PLANT
MMIM_GR4PO_DL	EntityProperty	MMIMWBSElementVHType	ProfitCenter	Edm.String	0	0	10								PROFITCENTER
MMIM_GR4PO_DL	EntityProperty	MMIMWBSElementVHType	Project	Edm.String	0	0	24								PROJECT
MMIM_GR4PO_DL	EntityProperty	MMIMWBSElementVHType	ProjectDescription	Edm.String	0	0	40								PROJECTDESCRIPTION
MMIM_GR4PO_DL	EntityProperty	MMIMWBSElementVHType	ProjectType	Edm.String	0	0	2								PROJECTTYPE
MMIM_GR4PO_DL	EntityProperty	MMIMWBSElementVHType	RespCostCenterControllingArea	Edm.String	0	0	4								RESPCOSTCENTERCONTROLLINGAREA
MMIM_GR4PO_DL	EntityProperty	MMIMWBSElementVHType	ResponsibleCostCenter	Edm.String	0	0	10								RESPONSIBLECOSTCENTER
MMIM_GR4PO_DL	EntityProperty	MMIMWBSElementVHType	ResponsiblePerson	Edm.String	0	0	8								RESPONSIBLEPERSON
MMIM_GR4PO_DL	EntityProperty	MMIMWBSElementVHType	ResponsiblePersonName	Edm.String	0	0	25								RESPONSIBLEPERSONNAME
MMIM_GR4PO_DL	EntityProperty	MMIMWBSElementVHType	WBSDescription	Edm.String	0	0	40								WBSDESCRIPTION
MMIM_GR4PO_DL	EntityProperty	MMIMWBSElementVHType	WBSElement	Edm.String	0	0	24	X							WBSELEMENT
MMIM_GR4PO_DL	ComplexProperty	ValidationFunctionResult	IsValid	Edm.Boolean	0	0	0								ISVALID
MMIM_GR4PO_DL	FunctionParam	C_BatchTPEdit	Batch	Edm.String	0	0	10								BATCH
MMIM_GR4PO_DL	FunctionParam	C_BatchTPEdit	DraftUUID	Edm.Guid	0	0	0								DRAFTUUID
MMIM_GR4PO_DL	FunctionParam	C_BatchTPEdit	IsActiveEntity	Edm.Boolean	0	0	0								ISACTIVEENTITY
MMIM_GR4PO_DL	FunctionParam	C_BatchTPEdit	Material	Edm.String	0	0	40								MATERIAL
MMIM_GR4PO_DL	FunctionParam	C_BatchTPEdit	Plant	Edm.String	0	0	4								PLANT
MMIM_GR4PO_DL	FunctionParam	C_BatchTPEdit	PreserveChanges	Edm.Boolean	0	0	0								PRESERVE_CHANGES
MMIM_GR4PO_DL	EntityProperty	MMIMSUPPLIERBATCHVHType	AuthorizationGroup	Edm.String	0	0	4								AUTHORIZATIONGROUP
MMIM_GR4PO_DL	EntityProperty	MMIMSUPPLIERBATCHVHType	Batch	Edm.String	0	0	10	X							BATCH
MMIM_GR4PO_DL	EntityProperty	MMIMSUPPLIERBATCHVHType	BatchBySupplier	Edm.String	0	0	15								BATCHBYSUPPLIER
MMIM_GR4PO_DL	EntityProperty	MMIMSUPPLIERBATCHVHType	Material	Edm.String	0	0	40	X							MATERIAL
MMIM_GR4PO_DL	EntityProperty	MMIMSUPPLIERBATCHVHType	Plant	Edm.String	0	0	4	X							PLANT
MMIM_GR4PO_DL	EntityProperty	MMIMSUPPLIERBATCHVHType	Supplier	Edm.String	0	0	10								SUPPLIER
MMIM_GR4PO_DL	ComplexProperty	MatlPlntControlDpdtFieldsType	Material	Edm.String	0	0	40								MATNR
MMIM_GR4PO_DL	ComplexProperty	MatlPlntControlDpdtFieldsType	Plant	Edm.String	0	0	4								WERKS
MMIM_GR4PO_DL	ComplexProperty	MatlPlntControlDpdtFieldsType	SourceOfGr	Edm.String	0	0	10								SOURCE_OF_GR
MMIM_GR4PO_DL	ComplexProperty	MatlPlntControlDpdtFieldsType	ControlOfBatchTableField	Edm.String	0	0	5								BATCH_FIELD_CONTROL
MMIM_GR4PO_DL	ComplexProperty	MatlPlntControlDpdtFieldsType	StockType	Edm.String	0	0	1								INSMK
MMIM_GR4PO_DL	ComplexProperty	MatlPlntControlDpdtFieldsType	StockTypeName	Edm.String	0	0	60								DDTEXT
MMIM_GR4PO_DL	ComplexProperty	MatlPlntControlDpdtFieldsType	ControlOfReasonCodeTableField	Edm.String	0	0	5								REASON_FIELD_CONTROL
MMIM_GR4PO_DL	ComplexProperty	MatlPlntControlDpdtFieldsType	ControlOfExpirationDate	Edm.String	0	0	5								EXPIRATION_FIELD_CONTROL
MMIM_GR4PO_DL	ComplexProperty	MatlPlntControlDpdtFieldsType	ControlOfManufactureDate	Edm.String	0	0	5								MANUFACTURE_FIELD_CONTROL
MMIM_GR4PO_DL	ComplexProperty	MatlPlntControlDpdtFieldsType	StorLocAutoCreationIsAllowed	Edm.Boolean	0	0	1								XLAUT
MMIM_GR4PO_DL	ComplexProperty	MatlPlntControlDpdtFieldsType	ControlOfValuationType	Edm.String	0	0	5								VALUA_TYPE_FIELD_CONTROL
MMIM_GR4PO_DL	ComplexProperty	MatlPlntControlDpdtFieldsType	ControlOfSerialNoTableField	Edm.String	0	0	4								SERIAL_FIELD_CONTROL
MMIM_GR4PO_DL	ComplexProperty	MatlPlntControlDpdtFieldsType	MovementType	Edm.String	0	0	3								BWART
MMIM_GR4PO_DL	ComplexProperty	ConversionQtyType	InboundDelivery	Edm.String	0	0	12								LE_VBELN
MMIM_GR4PO_DL	ComplexProperty	ConversionQtyType	DeliveryDocumentItem	Edm.String	0	0	6								POSNR
MMIM_GR4PO_DL	ComplexProperty	ConversionQtyType	SourceOfGR	Edm.String	0	0	10								SOURCE_OF_GR
MMIM_GR4PO_DL	ComplexProperty	ConversionQtyType	Material	Edm.String	0	0	40								MATNR
MMIM_GR4PO_DL	ComplexProperty	ConversionQtyType	QuantityInBaseUnit	Edm.Decimal	13	3	0								MENGE
MMIM_GR4PO_DL	ComplexProperty	ConversionQtyType	MaterialBaseUnit	Edm.String	0	0	3								MEINS
MMIM_GR4PO_DL	EntityProperty	GR4PO_DL_Header	InboundDelivery	Edm.String	0	0	12	X					X		LE_VBELN
MMIM_GR4PO_DL	EntityProperty	GR4PO_DL_Header	SourceOfGR	Edm.String	0	0	10	X							SOURCE_OF_GR
MMIM_GR4PO_DL	EntityProperty	GR4PO_DL_Header	OrderCategory	Edm.String	0	0	2								AUTYP
MMIM_GR4PO_DL	EntityProperty	GR4PO_DL_Header	PurchasingDocumentCategory	Edm.String	0	0	1								BSTYP
MMIM_GR4PO_DL	EntityProperty	GR4PO_DL_Header	PurchasingDocumentType	Edm.String	0	0	4								BSART
MMIM_GR4PO_DL	EntityProperty	GR4PO_DL_Header	PurchasingDocumentTypeName	Edm.String	0	0	20								BATXT
MMIM_GR4PO_DL	EntityProperty	GR4PO_DL_Header	DocumentDate	Edm.DateTime	7	0	0					X			BLDAT
MMIM_GR4PO_DL	EntityProperty	GR4PO_DL_Header	PostingDate	Edm.DateTime	7	0	0					X			BUDAT
MMIM_GR4PO_DL	EntityProperty	GR4PO_DL_Header	DeliveryDocumentByVendor	Edm.String	0	0	16								LFSNR
MMIM_GR4PO_DL	EntityProperty	GR4PO_DL_Header	BillOfLading	Edm.String	0	0	16								FRBNR
MMIM_GR4PO_DL	EntityProperty	GR4PO_DL_Header	Vendor	Edm.String	0	0	10								LIFNR
MMIM_GR4PO_DL	EntityProperty	GR4PO_DL_Header	VendorName	Edm.String	0	0	35						X		NAME1_GP
MMIM_GR4PO_DL	EntityProperty	GR4PO_DL_Header	SupplyingPlant	Edm.String	0	0	4						X		RESWK
MMIM_GR4PO_DL	EntityProperty	GR4PO_DL_Header	SupplyingPlantName	Edm.String	0	0	30						X		NAME1_WERK
MMIM_GR4PO_DL	EntityProperty	GR4PO_DL_Header	DeliveryDocumentBySupplier	Edm.String	0	0	35						X		LIFEX
MMIM_GR4PO_DL	EntityProperty	GR4PO_DL_Header	MaterialDocumentHeaderText	Edm.String	0	0	25								BKTXT
MMIM_GR4PO_DL	EntityProperty	GR4PO_DL_Header	Temp_Key	Edm.String	0	0	90								TEMP_KEY
MMIM_GR4PO_DL	EntityProperty	GR4PO_DL_Header	VersionForPrintingSlip	Edm.String	0	0	1								WEVER
MMIM_GR4PO_DL	EntityProperty	GR4PO_DL_Header	OrderType	Edm.String	0	0	4								AUFART
MMIM_GR4PO_DL	EntityProperty	GR4PO_DL_Header	OrderTypeName	Edm.String	0	0	40								AUARTTEXT
MMIM_GR4PO_DL	EntityProperty	GR4PO_DL_Header	MfgOrderPlannedStartDate	Edm.DateTime	0	0	8					X			PM_ORDGSTRP
MMIM_GR4PO_DL	EntityProperty	GR4PO_DL_Header	MfgOrderPlannedEndDate	Edm.DateTime	0	0	8					X			CO_GLTRP
MMIM_GR4PO_DL	EntityProperty	GR4PO_DL_Header	MaterialDocument	Edm.String	0	0	10					X			MBLNR
MMIM_GR4PO_DL	EntityProperty	GR4PO_DL_Header	MaterialDocumentYear	Edm.String	0	0	4					X			MJAHR
MMIM_GR4PO_DL	EntityProperty	GR4PO_DL_Header	ControlOfPrintingField	Edm.String	0	0	5								PRINTING_FIELD_CONTROL
MMIM_GR4PO_DL	EntityProperty	GR4PO_DL_Header	ControlOfBillOfLadingField	Edm.String	0	0	5								BILL_OF_LADING_FIELD_CONTROL
MMIM_GR4PO_DL	EntityProperty	GR4PO_DL_Header	ControlOfNoteField	Edm.String	0	0	5								NOTE_FIELD_CONTROL
MMIM_GR4PO_DL	EntityProperty	GR4PO_DL_Header	ControlOfDeliveryNoteField	Edm.String	0	0	0								DELIVERY_NOTE_FIELD_CONTROL
MMIM_GR4PO_DL	EntityProperty	GR4PO_DL_Item	InboundDelivery	Edm.String	0	0	12	X							LE_VBELN
MMIM_GR4PO_DL	EntityProperty	GR4PO_DL_Item	DeliveryDocumentItem	Edm.String	0	0	6	X							POSNR
MMIM_GR4PO_DL	EntityProperty	GR4PO_DL_Item	SourceOfGR	Edm.String	0	0	10	X							SOURCE_OF_GR
MMIM_GR4PO_DL	EntityProperty	GR4PO_DL_Item	SubItem	Edm.String	0	0	3								SUBITEM
MMIM_GR4PO_DL	EntityProperty	GR4PO_DL_Item	AcctAssignmentCategory	Edm.String	0	0	1								KNTTP
MMIM_GR4PO_DL	EntityProperty	GR4PO_DL_Item	AcctAssignmentCategoryName	Edm.String	0	0	20								KNTTX
MMIM_GR4PO_DL	EntityProperty	GR4PO_DL_Item	Plant	Edm.String	0	0	4								WERKS
MMIM_GR4PO_DL	EntityProperty	GR4PO_DL_Item	PlantName	Edm.String	0	0	30								WERKS_NAME
MMIM_GR4PO_DL	EntityProperty	GR4PO_DL_Item	StorageLocation	Edm.String	0	0	4								LGORT
MMIM_GR4PO_DL	EntityProperty	GR4PO_DL_Item	StorageLocationName	Edm.String	0	0	16								LGOBE
MMIM_GR4PO_DL	EntityProperty	GR4PO_DL_Item	WarehouseStorageBin	Edm.String	0	0	10								LGPBE
MMIM_GR4PO_DL	EntityProperty	GR4PO_DL_Item	Material	Edm.String	0	0	40								MATNR
MMIM_GR4PO_DL	EntityProperty	GR4PO_DL_Item	MaterialName	Edm.String	0	0	40								MAKTX
MMIM_GR4PO_DL	EntityProperty	GR4PO_DL_Item	PurchaseOrderItemText	Edm.String	0	0	40								TXZ01
MMIM_GR4PO_DL	EntityProperty	GR4PO_DL_Item	Batch	Edm.String	0	0	10								CHARG
MMIM_GR4PO_DL	EntityProperty	GR4PO_DL_Item	BatchBySupplier	Edm.String	0	0	15								LICHA
MMIM_GR4PO_DL	EntityProperty	GR4PO_DL_Item	OrderedQuantity	Edm.Decimal	13	3	0								ORDMG
MMIM_GR4PO_DL	EntityProperty	GR4PO_DL_Item	OrderedQuantityUnit	Edm.String	0	0	3								ORDMGME
MMIM_GR4PO_DL	EntityProperty	GR4PO_DL_Item	OpenQuantity	Edm.Decimal	13	3	0								OFMNG
MMIM_GR4PO_DL	EntityProperty	GR4PO_DL_Item	UnitOfMeasure	Edm.String	0	0	3								OFMNGME
MMIM_GR4PO_DL	EntityProperty	GR4PO_DL_Item	NonVltdGRBlockedStockQty	Edm.Decimal	13	3	0								WESBS
MMIM_GR4PO_DL	EntityProperty	GR4PO_DL_Item	QuantityInEntryUnit	Edm.Decimal	13	3	0								ERFMG
MMIM_GR4PO_DL	EntityProperty	GR4PO_DL_Item	GoodsReceiptQty	Edm.Decimal	13	3	0								WEMNG
MMIM_GR4PO_DL	EntityProperty	GR4PO_DL_Item	EntryUnit	Edm.String	0	0	3								ERFME
MMIM_GR4PO_DL	EntityProperty	GR4PO_DL_Item	StockType	Edm.String	0	0	1								INSMK
MMIM_GR4PO_DL	EntityProperty	GR4PO_DL_Item	StockTypeName	Edm.String	0	0	17								FTEXT
MMIM_GR4PO_DL	EntityProperty	GR4PO_DL_Item	GoodsMovementType	Edm.String	0	0	3								BWART
MMIM_GR4PO_DL	EntityProperty	GR4PO_DL_Item	Project	Edm.String	0	0	24								PSPID
MMIM_GR4PO_DL	EntityProperty	GR4PO_DL_Item	ProjectDescription	Edm.String	0	0	40								PS_POST_PROJ
MMIM_GR4PO_DL	EntityProperty	GR4PO_DL_Item	WBSElement	Edm.String	0	0	24								POSID
MMIM_GR4PO_DL	EntityProperty	GR4PO_DL_Item	WBSElementDescription	Edm.String	0	0	40								PS_POST_WBSE
MMIM_GR4PO_DL	EntityProperty	GR4PO_DL_Item	GLAccount	Edm.String	0	0	10								SAKTO
MMIM_GR4PO_DL	EntityProperty	GR4PO_DL_Item	GLAccountName	Edm.String	0	0	20								SAKTO_TEXT
MMIM_GR4PO_DL	EntityProperty	GR4PO_DL_Item	UnloadingPointName	Edm.String	0	0	25								ABLAD
MMIM_GR4PO_DL	EntityProperty	GR4PO_DL_Item	GoodsRecipientName	Edm.String	0	0	12								WEMPF
MMIM_GR4PO_DL	EntityProperty	GR4PO_DL_Item	DeliveryCompleted	Edm.String	0	0	1								ELIKZ
MMIM_GR4PO_DL	EntityProperty	GR4PO_DL_Item	IsReturnsItem	Edm.Boolean	0	0	0					X			RETPO
MMIM_GR4PO_DL	EntityProperty	GR4PO_DL_Item	FunctionalArea	Edm.String	0	0	16								FUNC_AREA
MMIM_GR4PO_DL	EntityProperty	GR4PO_DL_Item	FunctionalAreaName	Edm.String	0	0	25								FUNC_AREA_TEXT
MMIM_GR4PO_DL	EntityProperty	GR4PO_DL_Item	ProfitCenter	Edm.String	0	0	10								PRCTR
MMIM_GR4PO_DL	EntityProperty	GR4PO_DL_Item	ProfitCenterName	Edm.String	0	0	20								KTEXT_PRCTR
MMIM_GR4PO_DL	EntityProperty	GR4PO_DL_Item	CostCenter	Edm.String	0	0	10								KOSTL
MMIM_GR4PO_DL	EntityProperty	GR4PO_DL_Item	CostCenterName	Edm.String	0	0	20								KTEXT_KOSTL
MMIM_GR4PO_DL	EntityProperty	GR4PO_DL_Item	SalesOrder	Edm.String	0	0	10								KDAUF
MMIM_GR4PO_DL	EntityProperty	GR4PO_DL_Item	SalesOrderItem	Edm.String	0	0	6								KDPOS
MMIM_GR4PO_DL	EntityProperty	GR4PO_DL_Item	DocumentItemText	Edm.String	0	0	50								SGTXT
MMIM_GR4PO_DL	EntityProperty	GR4PO_DL_Item	OrderID	Edm.String	0	0	12								AUFNR
MMIM_GR4PO_DL	EntityProperty	GR4PO_DL_Item	InventorySpecialStockType	Edm.String	0	0	1								SOBKZ
MMIM_GR4PO_DL	EntityProperty	GR4PO_DL_Item	InventorySpecialStockTypeName	Edm.String	0	0	20								SOTXT
MMIM_GR4PO_DL	EntityProperty	GR4PO_DL_Item	IsConsumptionMovement	Edm.Boolean	0	0	0								IS_CONSUMPTION_MVT
MMIM_GR4PO_DL	EntityProperty	GR4PO_DL_Item	GoodsReceiptIsNonValuated	Edm.Boolean	0	0	0								WEUNB
MMIM_GR4PO_DL	EntityProperty	GR4PO_DL_Item	GoodsMovementReasonCode	Edm.String	0	0	4								GRUND
MMIM_GR4PO_DL	EntityProperty	GR4PO_DL_Item	AssetNumber	Edm.String	0	0	12								ASSET_NO
MMIM_GR4PO_DL	EntityProperty	GR4PO_DL_Item	AssetNumberName	Edm.String	0	0	50								ASSET_TEXT
MMIM_GR4PO_DL	EntityProperty	GR4PO_DL_Item	SubAssetNumber	Edm.String	0	0	4								SUB_NUMBER
MMIM_GR4PO_DL	EntityProperty	GR4PO_DL_Item	ShelfLifeExpirationDate	Edm.DateTime	7	0	0					X			VFDAT
MMIM_GR4PO_DL	EntityProperty	GR4PO_DL_Item	ManufactureDate	Edm.DateTime	7	0	0					X			HSDAT
MMIM_GR4PO_DL	EntityProperty	GR4PO_DL_Item	HasMultipleAccountAssignment	Edm.Boolean	0	0	0								XMACC
MMIM_GR4PO_DL	EntityProperty	GR4PO_DL_Item	AccountAssignmentNumber	Edm.String	0	0	2	X							SEQ_NUMBER
MMIM_GR4PO_DL	EntityProperty	GR4PO_DL_Item	MultipleAcctAssgmtDistribution	Edm.String	0	0	1								VRTKZ
MMIM_GR4PO_DL	EntityProperty	GR4PO_DL_Item	MultipleAcctAssgmtDistrName	Edm.String	0	0	60								VRTKZ_TEXT
MMIM_GR4PO_DL	EntityProperty	GR4PO_DL_Item	PartialInvoiceDistribution	Edm.String	0	0	1								TWRKZ
MMIM_GR4PO_DL	EntityProperty	GR4PO_DL_Item	PartialInvoiceDistributionName	Edm.String	0	0	60								TWRKZ_TEXT
MMIM_GR4PO_DL	EntityProperty	GR4PO_DL_Item	MultipleAcctAssgmtDistrPercent	Edm.Decimal	3	1	0								VPROZ
MMIM_GR4PO_DL	EntityProperty	GR4PO_DL_Item	MultipleAcctAssgmtDistrQty	Edm.Decimal	13	3	0								ORDMG_MULTI
MMIM_GR4PO_DL	EntityProperty	GR4PO_DL_Item	ProductionPlant	Edm.String	0	0	4								PROD_PLANT
MMIM_GR4PO_DL	EntityProperty	GR4PO_DL_Item	ProductionPlantName	Edm.String	0	0	30								PRODWERKNAME
MMIM_GR4PO_DL	EntityProperty	GR4PO_DL_Item	PlannedPlant	Edm.String	0	0	4								PLANNED_PLANT
MMIM_GR4PO_DL	EntityProperty	GR4PO_DL_Item	PlannedPlantName	Edm.String	0	0	30								PLANNEDPLANTNAME
MMIM_GR4PO_DL	EntityProperty	GR4PO_DL_Item	Supplier	Edm.String	0	0	10								LIFNR
MMIM_GR4PO_DL	EntityProperty	GR4PO_DL_Item	CreateSerialNoAutomatic	Edm.Boolean	0	0	0								XSAUT
MMIM_GR4PO_DL	EntityProperty	GR4PO_DL_Item	ControlOfPSMFields	Edm.String	0	0	7								PSM_FIELDS_CONTROL
MMIM_GR4PO_DL	EntityProperty	GR4PO_DL_Item	Fund	Edm.String	0	0	10								GEBER
MMIM_GR4PO_DL	EntityProperty	GR4PO_DL_Item	FundName	Edm.String	0	0	20								GEBER_TXT
MMIM_GR4PO_DL	EntityProperty	GR4PO_DL_Item	Grant	Edm.String	0	0	20								GRANT_NBR
MMIM_GR4PO_DL	EntityProperty	GR4PO_DL_Item	GrantName	Edm.String	0	0	20								GRANT_NBR_TXT
MMIM_GR4PO_DL	EntityProperty	GR4PO_DL_Item	BudgetPeriod	Edm.String	0	0	10								BUDGET_PERIOD
MMIM_GR4PO_DL	EntityProperty	GR4PO_DL_Item	BudgetPeriodName	Edm.String	0	0	35								BUDGET_PERIOD_TXT
MMIM_GR4PO_DL	EntityProperty	GR4PO_DL_Item	FundsCenter	Edm.String	0	0	16								FUNDS_CENTER
MMIM_GR4PO_DL	EntityProperty	GR4PO_DL_Item	FundsCenterName	Edm.String	0	0	20								FUNDS_CENTER_TXT
MMIM_GR4PO_DL	EntityProperty	GR4PO_DL_Item	CommitmentItem	Edm.String	0	0	14								COMMITMENT_ITEM
MMIM_GR4PO_DL	EntityProperty	GR4PO_DL_Item	CommitmentItemName	Edm.String	0	0	20								COMMITMENT_ITEM_TXT
MMIM_GR4PO_DL	EntityProperty	GR4PO_DL_Item	FundedProgram	Edm.String	0	0	24								FUNDED_PROGRAM
MMIM_GR4PO_DL	EntityProperty	GR4PO_DL_Item	FundedProgramName	Edm.String	0	0	20								FUNDED_PROGRAM_TXT
MMIM_GR4PO_DL	EntityProperty	GR4PO_DL_Item	QuantityInBaseUnit	Edm.Decimal	13	3	0								MENGE
MMIM_GR4PO_DL	EntityProperty	GR4PO_DL_Item	MaterialBaseUnit	Edm.String	0	0	3								MEINS
MMIM_GR4PO_DL	EntityProperty	GR4PO_DL_Item	InventoryValuationType	Edm.String	0	0	10								VALUATION_TYPE
MMIM_GR4PO_DL	EntityProperty	GR4PO_DL_Item	ControlOfValuationType	Edm.String	0	0	5								VALUA_TYPE_FIELD_CONTROL
MMIM_GR4PO_DL	EntityProperty	GR4PO_DL_Item	ReferenceLineID	Edm.String	0	0	6	X							REF_LINE_ID
MMIM_GR4PO_DL	EntityProperty	GR4PO_DL_Item	ReferenceDocument	Edm.String	0	0	10								LFBNR
MMIM_GR4PO_DL	EntityProperty	GR4PO_DL_Item	ReferenceDocumentYear	Edm.String	0	0	4								LFBJA
MMIM_GR4PO_DL	EntityProperty	GR4PO_DL_Item	ReferenceDocumentItem	Edm.String	0	0	6								LFPOS
MMIM_GR4PO_DL	EntityProperty	GR4PO_DL_Item	IsComponentChangedByBAdI	Edm.Boolean	0	0	0								IS_COMPONENT_CHANGED
MMIM_GR4PO_DL	EntityProperty	GR4PO_DL_Item	ServiceDocument	Edm.String	0	0	10								SERVICE_DOC
MMIM_GR4PO_DL	EntityProperty	GR4PO_DL_Item	ServiceDocumentItem	Edm.String	0	0	6								SERVICE_DOC_ITEM
MMIM_GR4PO_DL	EntityProperty	GR4PO_DL_Item	ServiceDocumentType	Edm.String	0	0	4								SERVICE_DOC_TYPE
MMIM_GR4PO_DL	EntityProperty	GR4PO_DL_Item	ServiceDocumentTypeText	Edm.String	0	0	40								SERVICE_DOC_TYPE_TXT
MMIM_GR4PO_DL	EntityProperty	GR4PO_DL_Item	MaterialBatchIsExisting	Edm.String	0	0	1								BATCH_EXIST
MMIM_GR4PO_DL	EntityProperty	GR4PO_DL_SubItem	InboundDelivery	Edm.String	0	0	12	X							LE_VBELN
MMIM_GR4PO_DL	EntityProperty	GR4PO_DL_SubItem	DeliveryDocumentItem	Edm.String	0	0	6	X							POSNR
MMIM_GR4PO_DL	EntityProperty	GR4PO_DL_SubItem	SourceOfGR	Edm.String	0	0	10	X							SOURCE_OF_GR
MMIM_GR4PO_DL	EntityProperty	GR4PO_DL_SubItem	AccountAssignmentNumber	Edm.String	0	0	2	X							SEQ_NUMBER
MMIM_GR4PO_DL	EntityProperty	GR4PO_DL_SubItem	ReferenceLineID	Edm.String	0	0	6	X							PARENT_REF_LINE_ID
MMIM_GR4PO_DL	EntityProperty	GR4PO_DL_SubItem	ParentItem	Edm.String	0	0	3	X							PARENTITEM
MMIM_GR4PO_DL	EntityProperty	GR4PO_DL_SubItem	Material	Edm.String	0	0	40	X							MATNR
MMIM_GR4PO_DL	EntityProperty	GR4PO_DL_SubItem	MaterialName	Edm.String	0	0	40								MAKTX
MMIM_GR4PO_DL	EntityProperty	GR4PO_DL_SubItem	Plant	Edm.String	0	0	4	X							WERKS
MMIM_GR4PO_DL	EntityProperty	GR4PO_DL_SubItem	PlantName	Edm.String	0	0	30								WERKS_NAME
MMIM_GR4PO_DL	EntityProperty	GR4PO_DL_SubItem	Batch	Edm.String	0	0	10	X							CHARG
MMIM_GR4PO_DL	EntityProperty	GR4PO_DL_SubItem	ControlOfBatchTableField	Edm.String	0	0	5								BATCH_FIELD_CONTROL
MMIM_GR4PO_DL	EntityProperty	GR4PO_DL_SubItem	MovementType	Edm.String	0	0	3								BWART
MMIM_GR4PO_DL	EntityProperty	GR4PO_DL_SubItem	OpenQuantity	Edm.Decimal	13	3	0								OFMNG
MMIM_GR4PO_DL	EntityProperty	GR4PO_DL_SubItem	UnitOfMeasure	Edm.String	0	0	3								OFMNGME
MMIM_GR4PO_DL	EntityProperty	GR4PO_DL_SubItem	QuantityInEntryUnit	Edm.Decimal	13	3	0								ERFMG
MMIM_GR4PO_DL	EntityProperty	GR4PO_DL_SubItem	EntryUnit	Edm.String	0	0	3								ERFME
MMIM_GR4PO_DL	EntityProperty	GR4PO_DL_SubItem	IssuedQuantity	Edm.Decimal	13	3	0								WAMNG
MMIM_GR4PO_DL	EntityProperty	GR4PO_DL_SubItem	InventoryValuationType	Edm.String	0	0	10								VALUATION_TYPE
MMIM_GR4PO_DL	EntityProperty	GR4PO_DL_SubItem	ControlOfValuationType	Edm.String	0	0	5								VALUA_TYPE_FIELD_CONTROL
MMIM_GR4PO_DL	EntityProperty	GR4PO_DL_SubItem	ComponentID	Edm.String	0	0	6	X							COMPONENTID
MMIM_GR4PO_DL	EntityProperty	GR4PO_DL_SubItem	QuantityInBaseUnit	Edm.Decimal	13	3	0								MENGE
MMIM_GR4PO_DL	EntityProperty	GR4PO_DL_SubItem	MaterialBaseUnit	Edm.String	0	0	3								MEINS
MMIM_GR4PO_DL	EntityProperty	GR4PO_DL_SubItem	ControlOfSerialNoTableField	Edm.String	0	0	4								SERIAL_FIELD_CONTROL
MMIM_GR4PO_DL	EntityProperty	GR4PO_DL_SubItem	CreateSerialNoAutomatic	Edm.Boolean	0	0	0								XSAUT
MMIM_GR4PO_DL	EntityProperty	GR4PO_DL_SubItem	SalesOrder	Edm.String	0	0	10								KDAUF
MMIM_GR4PO_DL	EntityProperty	GR4PO_DL_SubItem	SalesOrderItem	Edm.String	0	0	6								KDPOS
MMIM_GR4PO_DL	EntityProperty	GR4PO_DL_SubItem	Project	Edm.String	0	0	24								PSPID
MMIM_GR4PO_DL	EntityProperty	GR4PO_DL_SubItem	ProjectDescription	Edm.String	0	0	40								PS_POST_PROJ
MMIM_GR4PO_DL	EntityProperty	GR4PO_DL_SubItem	InventorySpecialStockType	Edm.String	0	0	1								SOBKZ
MMIM_GR4PO_DL	EntityProperty	GR4PO_DL_SubItem	InventorySpecialStockTypeName	Edm.String	0	0	20								SOTXT
MMIM_GR4PO_DL	EntityProperty	GR4PO_DL_SubItem	ShelfLifeExirationDate	Edm.DateTime	7	0	0					X			VFDAT
MMIM_GR4PO_DL	EntityProperty	GR4PO_DL_SubItem	ManufactureDate	Edm.DateTime	7	0	0					X			HSDAT
MMIM_GR4PO_DL	EntityProperty	GR4PO_DL_SubItem	GoodsMovementReasonCode	Edm.String	0	0	4								GRUND
MMIM_GR4PO_DL	EntityProperty	GR4PO_DL_SubItem	StorageLocation	Edm.String	0	0	4								LGORT
MMIM_GR4PO_DL	EntityProperty	GR4PO_DL_SubItem	WBSElement	Edm.String	0	0	24								POSID
MMIM_GR4PO_DL	EntityProperty	GR4PO_DL_SubItem	WBSElementDescription	Edm.String	0	0	40								PS_POST_WBSE
MMIM_GR4PO_DL	EntityProperty	GR4PO_DOC_Ref	InboundDelivery	Edm.String	0	0	12	X							LE_VBELN
MMIM_GR4PO_DL	EntityProperty	GR4PO_DOC_Ref	SourceOfGr	Edm.String	0	0	10	X							SOURCE_OF_GR
MMIM_GR4PO_DL	EntityProperty	GR4PO_DOC_Ref	DocNo	Edm.String	0	0	10	X							DOC_NO
MMIM_GR4PO_DL	EntityProperty	GR4PO_DOC_Ref	DocYear	Edm.String	0	0	4	X							DOC_YEAR
MMIM_GR4PO_DL	EntityProperty	GR4PO_DOC_Ref	SemanticObject	Edm.String	0	0	40	X							SEMANTIC_OBJECT
MMIM_GR4PO_DL	EntityProperty	GR4PO_DOC_Ref	SemanticAction	Edm.String	0	0	40	X							SEMANTIC_ACTION
MMIM_GR4PO_DL	EntityProperty	GR4PO_DOC_Ref	SemanticParam	Edm.String	0	0	0								SEMANTIC_PARAM
MMIM_GR4PO_DL	EntityProperty	GR4PO_DOC_Ref	DocTypeTxt	Edm.String	0	0	100								DOC_TYPE_TXT
MMIM_GR4PO_DL	EntityProperty	GR4PO_DOC_Ref	DocCrtSuccess	Edm.String	0	0	1								DOC_CRT_SUCCESS
MMIM_GR4PO_DL	EntityProperty	GR4PO_DOC_Ref	ServiceName	Edm.String	0	0	40								SERVICE_NAME
MMIM_GR4PO_DL	EntityProperty	GR4PO_DOC_Ref	NaviTarget	Edm.String	0	0	40								NAVI_TARGET
MMIM_GR4PO_DL	EntityProperty	GR4PO_DOC_Ref	NaviPath	Edm.String	0	0	200								NAVI_PATH
MMIM_GR4PO_DL	EntityProperty	HMmimGr4inbdel	DeliveryDocument	Edm.String	0	0	10	X							DELIVERYDOCUMENT
MMIM_GR4PO_DL	EntityProperty	HMmimGr4inbdel	DeliveryDocumentItem	Edm.String	0	0	6	X							DELIVERYDOCUMENTITEM
MMIM_GR4PO_DL	EntityProperty	HMmimGr4inbdel	Supplier	Edm.String	0	0	10								SUPPLIER
MMIM_GR4PO_DL	EntityProperty	HMmimGr4inbdel	SupplierName	Edm.String	0	0	35								SUPPLIERNAME
MMIM_GR4PO_DL	EntityProperty	HMmimGr4inbdel	DeliveryDocumentBySupplier	Edm.String	0	0	35								DELIVERYDOCUMENTBYSUPPLIER
MMIM_GR4PO_DL	EntityProperty	HMmimGr4inbdel	PurchaseOrder	Edm.String	0	0	10								PURCHASEORDER
MMIM_GR4PO_DL	EntityProperty	HMmimGr4inbdel	PurchaseOrderItem	Edm.String	0	0	5								PURCHASEORDERITEM
MMIM_GR4PO_DL	EntityProperty	HMmimGr4inbdel	SupplierCityName	Edm.String	0	0	35								SUPPLIERCITYNAME
MMIM_GR4PO_DL	EntityProperty	HMmimGr4inbdel	Material	Edm.String	0	0	40								MATERIAL
MMIM_GR4PO_DL	EntityProperty	HMmimGr4inbdel	DeliveryDocumentItemText	Edm.String	0	0	40								DELIVERYDOCUMENTITEMTEXT
MMIM_GR4PO_DL	EntityProperty	HMmimGr4inbdel	Plant	Edm.String	0	0	4								PLANT
MMIM_GR4PO_DL	EntityProperty	HMmimGr4inbdel	PlantName	Edm.String	0	0	30								PLANTNAME
MMIM_GR4PO_DL	EntityProperty	HMmimGr4inbdel	PurchasingOrganization	Edm.String	0	0	4								PURCHASINGORGANIZATION
MMIM_GR4PO_DL	EntityProperty	HMmimGr4inbdel	PurchasingGroup	Edm.String	0	0	3								PURCHASINGGROUP
MMIM_GR4PO_DL	EntityProperty	HMmimGr4inbdel	ShippingPoint	Edm.String	0	0	4								SHIPPINGPOINT
MMIM_GR4PO_DL	EntityProperty	HMmimGr4inbdel	ShippingPointName	Edm.String	0	0	30								SHIPPINGPOINTNAME
MMIM_GR4PO_DL	EntityProperty	MaterialBatchHelp	InboundDelivery	Edm.String	0	0	12	X							LE_VBELN
MMIM_GR4PO_DL	EntityProperty	MaterialBatchHelp	DeliveryDocumentItem	Edm.String	0	0	6	X							POSNR
MMIM_GR4PO_DL	EntityProperty	MaterialBatchHelp	Material	Edm.String	0	0	40	X							MATNR
MMIM_GR4PO_DL	EntityProperty	MaterialBatchHelp	Plant	Edm.String	0	0	4	X							WERKS
MMIM_GR4PO_DL	EntityProperty	MaterialBatchHelp	StorageLocation	Edm.String	0	0	4	X							LGORT
MMIM_GR4PO_DL	EntityProperty	MaterialBatchHelp	Batch	Edm.String	0	0	10	X							CHARG_SID
MMIM_GR4PO_DL	EntityProperty	MaterialBatchHelp	ShelfLifeExpirationDate	Edm.DateTime	7	0	0					X			VFDAT
MMIM_GR4PO_DL	EntityProperty	MaterialBatchHelp	ManufactureDate	Edm.DateTime	7	0	0					X			HSDAT
MMIM_GR4PO_DL	EntityProperty	MaterialBatchHelp	PostingDate	Edm.DateTime	7	0	0					X			BUDAT
MMIM_GR4PO_DL	EntityProperty	MaterialBatchHelp	SourceOfGR	Edm.String	0	0	10								SOURCE_OF_GR
MMIM_GR4PO_DL	EntityProperty	MaterialBatchHelp	GoodsMovementType	Edm.String	0	0	3								BWART
MMIM_GR4PO_DL	EntityProperty	MaterialBatchHelp	CurrentStock	Edm.Decimal	13	3	0								LABST
MMIM_GR4PO_DL	EntityProperty	MaterialBatchHelp	QualityInspectionStockQuantity	Edm.Decimal	13	3	0								INSME
MMIM_GR4PO_DL	EntityProperty	MaterialBatchHelp	ReturnsBlockedStockQuantity	Edm.Decimal	13	3	0								RETME
MMIM_GR4PO_DL	EntityProperty	MaterialBatchHelp	TransferStockStorageLocQty	Edm.Decimal	13	3	0								UMLME
MMIM_GR4PO_DL	EntityProperty	MaterialBatchHelp	BlockedStockQuantity	Edm.Decimal	13	3	0								SPEME
MMIM_GR4PO_DL	EntityProperty	MaterialBatchHelp	RestrictedStockQuantity	Edm.Decimal	13	3	0								EINME
MMIM_GR4PO_DL	EntityProperty	MaterialBatchHelp	GoodsReceiptBlockedStockQty	Edm.Decimal	13	3	0								BWESB
MMIM_GR4PO_DL	EntityProperty	MaterialBatchHelp	BaseUnit	Edm.String	0	0	3								MEINS
MMIM_GR4PO_DL	EntityProperty	MaterialBatchHelp	InventoryValuationType	Edm.String	0	0	10								VALUATION_TYPE
MMIM_GR4PO_DL	EntityProperty	MaterialBatchHelp	BatchBySupplier	Edm.String	0	0	15								LICHA
MMIM_GR4PO_DL	EntityProperty	MaterialBatchHelp	MaterialBatchIsExisting	Edm.Boolean	0	0	0								BATCH_EXIST
MMIM_GR4PO_DL	EntityProperty	PoHelp	PurchaseOrder	Edm.String	0	0	10	X							PURCHASEORDER
MMIM_GR4PO_DL	EntityProperty	PoHelp	PurchaseOrderItem	Edm.String	0	0	5	X							PURCHASEORDERITEM
MMIM_GR4PO_DL	EntityProperty	PoHelp	Supplier	Edm.String	0	0	10								SUPPLIER
MMIM_GR4PO_DL	EntityProperty	PoHelp	SupplierName	Edm.String	0	0	35								SUPPLIERNAME
MMIM_GR4PO_DL	EntityProperty	PoHelp	SupplierCityName	Edm.String	0	0	35								SUPPLIERCITYNAME
MMIM_GR4PO_DL	EntityProperty	PoHelp	SupplyingPlant	Edm.String	0	0	4								SUPPLYINGPLANT
MMIM_GR4PO_DL	EntityProperty	PoHelp	SupplyingPlantName	Edm.String	0	0	30								SUPPLYINGPLANTNAME
MMIM_GR4PO_DL	EntityProperty	PoHelp	Material	Edm.String	0	0	40								MATERIAL
MMIM_GR4PO_DL	EntityProperty	PoHelp	PurchaseOrderItemText	Edm.String	0	0	40								PURCHASEORDERITEMTEXT
MMIM_GR4PO_DL	EntityProperty	PoHelp	PurchasingDocumentType	Edm.String	0	0	4								PURCHASINGDOCUMENTTYPE
MMIM_GR4PO_DL	EntityProperty	PoHelp	PurchasingDocumentTypeName	Edm.String	0	0	20								PURCHASINGDOCUMENTTYPENAME
MMIM_GR4PO_DL	EntityProperty	PoHelp	PurchasingDocumentCategory	Edm.String	0	0	1								PURCHASINGDOCUMENTCATEGORY
MMIM_GR4PO_DL	EntityProperty	PoHelp	PurchasingDocumentCategoryName	Edm.String	0	0	40								PURCHASINGDOCUMENTCATEGORYNAME
MMIM_GR4PO_DL	EntityProperty	PoHelp	PurOrdPurchasingOrganization	Edm.String	0	0	4								PURORDPURCHASINGORGANIZATION
MMIM_GR4PO_DL	EntityProperty	PoHelp	PurOrdPurchasingGroup	Edm.String	0	0	3								PURORDPURCHASINGGROUP
MMIM_GR4PO_DL	EntityProperty	PoHelp	Plant	Edm.String	0	0	4								PLANT
MMIM_GR4PO_DL	EntityProperty	PoHelp	IsCompletelyDelivered	Edm.String	0	0	1								ISCOMPLETELYDELIVERED
MMIM_GR4PO_DL	EntityProperty	PoHelp	PurchasingDocumentItemCategory	Edm.String	0	0	1								PURCHASINGDOCUMENTITEMCATEGORY
MMIM_GR4PO_DL	EntityProperty	StockTypeIndicator	InboundDelivery	Edm.String	0	0	12	X							LE_VBELN
MMIM_GR4PO_DL	EntityProperty	StockTypeIndicator	DeliveryDocumentItem	Edm.String	0	0	6	X							POSNR
MMIM_GR4PO_DL	EntityProperty	StockTypeIndicator	SourceOfGR	Edm.String	0	0	10	X							SOURCE_OF_GR
MMIM_GR4PO_DL	EntityProperty	StockTypeIndicator	AccountAssignmentNumber	Edm.String	0	0	2	X							SEQ_NUMBER
MMIM_GR4PO_DL	EntityProperty	StockTypeIndicator	ReferenceLineID	Edm.String	0	0	6	X							PARENT_REF_LINE_ID
MMIM_GR4PO_DL	EntityProperty	StockTypeIndicator	ParentComponentID	Edm.String	0	0	6	X							PARENTCOMPONENTID
MMIM_GR4PO_DL	EntityProperty	StockTypeIndicator	ControlOfBatchTableField	Edm.String	0	0	5								BATCH_FIELD_CONTROL
MMIM_GR4PO_DL	EntityProperty	StockTypeIndicator	StockType	Edm.String	0	0	1	X							INSMK
MMIM_GR4PO_DL	EntityProperty	StockTypeIndicator	StockTypeName	Edm.String	0	0	60								DDTEXT
MMIM_GR4PO_DL	EntityProperty	StockTypeIndicator	MovementType	Edm.String	0	0	3								BWART
MMIM_GR4PO_DL	EntityProperty	StockTypeIndicator	ControlOfReasonCodeTableField	Edm.String	0	0	5								REASON_FIELD_CONTROL
MMIM_GR4PO_DL	EntityProperty	StockTypeIndicator	ControlOfExpirationDate	Edm.String	0	0	5								EXPIRATION_FIELD_CONTROL
MMIM_GR4PO_DL	EntityProperty	StockTypeIndicator	ControlOfManufactureDate	Edm.String	0	0	5								MANUFACTURE_FIELD_CONTROL
MMIM_GR4PO_DL	EntityProperty	StockTypeIndicator	StorLocAutoCreationIsAllowed	Edm.Boolean	0	0	0								XLAUT
MMIM_GR4PO_DL	EntityProperty	StockTypeIndicator	ControlOfSupplierBatch	Edm.String	0	0	5								SUPPLIERBATCH_FIELD_CONTROL
MMIM_GR4PO_DL	EntityProperty	StockTypeIndicator	ControlOfSerialNoTableField	Edm.String	0	0	4								SERIAL_FIELD_CONTROL
MMIM_GR4PO_DL	EntityProperty	I_Customer_VHType	AuthorizationGroup	Edm.String	0	0	4								AUTHORIZATIONGROUP
MMIM_GR4PO_DL	EntityProperty	I_Customer_VHType	BusinessPartner	Edm.String	0	0	10								BUSINESSPARTNER
MMIM_GR4PO_DL	EntityProperty	I_Customer_VHType	BusinessPartnerType	Edm.String	0	0	4								BUSINESSPARTNERTYPE
MMIM_GR4PO_DL	EntityProperty	I_Customer_VHType	CityName	Edm.String	0	0	35								CITYNAME
MMIM_GR4PO_DL	EntityProperty	I_Customer_VHType	Country	Edm.String	0	0	3								COUNTRY
MMIM_GR4PO_DL	EntityProperty	I_Customer_VHType	Customer	Edm.String	0	0	10	X							CUSTOMER
MMIM_GR4PO_DL	EntityProperty	I_Customer_VHType	CustomerAccountGroup	Edm.String	0	0	4								CUSTOMERACCOUNTGROUP
MMIM_GR4PO_DL	EntityProperty	I_Customer_VHType	CustomerName	Edm.String	0	0	80								CUSTOMERNAME
MMIM_GR4PO_DL	EntityProperty	I_Customer_VHType	IsBusinessPurposeCompleted	Edm.String	0	0	1								ISBUSINESSPURPOSECOMPLETED
MMIM_GR4PO_DL	EntityProperty	I_Customer_VHType	IsCompetitor	Edm.Boolean	0	0	0								ISCOMPETITOR
MMIM_GR4PO_DL	EntityProperty	I_Customer_VHType	OrganizationBPName1	Edm.String	0	0	35								ORGANIZATIONBPNAME1
MMIM_GR4PO_DL	EntityProperty	I_Customer_VHType	OrganizationBPName2	Edm.String	0	0	35								ORGANIZATIONBPNAME2
MMIM_GR4PO_DL	EntityProperty	I_Customer_VHType	PostalCode	Edm.String	0	0	10								POSTALCODE
MMIM_GR4PO_DL	EntityProperty	I_Customer_VHType	StreetName	Edm.String	0	0	35								STREETNAME
MMIM_GR4PO_DL	FunctionParam	MatlPlntControlDpdtFields	Material	Edm.String	0	0	40								MATERIAL
MMIM_GR4PO_DL	FunctionParam	MatlPlntControlDpdtFields	Plant	Edm.String	0	0	4								PLANT
MMIM_GR4PO_DL	FunctionParam	MatlPlntControlDpdtFields	SourceOfGR	Edm.String	0	0	10								SOURCEOFGR
MMIM_GR4PO_DL	EntityProperty	MMIMSupplierMaterialVHType	AuthorizationGroup	Edm.String	0	0	4								AUTHORIZATIONGROUP
MMIM_GR4PO_DL	EntityProperty	MMIMSupplierMaterialVHType	CityName	Edm.String	0	0	35								CITYNAME
MMIM_GR4PO_DL	EntityProperty	MMIMSupplierMaterialVHType	CompanyCode	Edm.String	0	0	4	X							COMPANYCODE
MMIM_GR4PO_DL	EntityProperty	MMIMSupplierMaterialVHType	Country	Edm.String	0	0	3								COUNTRY
MMIM_GR4PO_DL	EntityProperty	MMIMSupplierMaterialVHType	IsBusinessPurposeCompleted	Edm.String	0	0	1								ISBUSINESSPURPOSECOMPLETED
MMIM_GR4PO_DL	EntityProperty	MMIMSupplierMaterialVHType	Material	Edm.String	0	0	40								MATERIAL
MMIM_GR4PO_DL	EntityProperty	MMIMSupplierMaterialVHType	Plant	Edm.String	0	0	4	X							PLANT
MMIM_GR4PO_DL	EntityProperty	MMIMSupplierMaterialVHType	PostalCode	Edm.String	0	0	10								POSTALCODE
MMIM_GR4PO_DL	EntityProperty	MMIMSupplierMaterialVHType	PurchasingGroup	Edm.String	0	0	3								PURCHASINGGROUP
MMIM_GR4PO_DL	EntityProperty	MMIMSupplierMaterialVHType	PurchasingInfoRecordCategory	Edm.String	0	0	1								PURCHASINGINFORECORDCATEGORY
MMIM_GR4PO_DL	EntityProperty	MMIMSupplierMaterialVHType	PurchasingOrganization	Edm.String	0	0	4								PURCHASINGORGANIZATION
MMIM_GR4PO_DL	EntityProperty	MMIMSupplierMaterialVHType	Supplier	Edm.String	0	0	10	X							SUPPLIER
MMIM_GR4PO_DL	EntityProperty	MMIMSupplierMaterialVHType	SupplierName	Edm.String	0	0	35								SUPPLIERNAME
MMIM_GR4PO_DL	FunctionParam	ComponentMatQty	DeliveryDocumentItem	Edm.String	0	0	6								POSNR
MMIM_GR4PO_DL	FunctionParam	ComponentMatQty	EntryUnit	Edm.String	0	0	3								ERFME
MMIM_GR4PO_DL	FunctionParam	ComponentMatQty	InboundDelivery	Edm.String	0	0	12								VBELN_VL
MMIM_GR4PO_DL	FunctionParam	ComponentMatQty	Material	Edm.String	0	0	40								MATERIAL
MMIM_GR4PO_DL	FunctionParam	ComponentMatQty	OrderUnit	Edm.String	0	0	3								ORDMGME
MMIM_GR4PO_DL	FunctionParam	ComponentMatQty	QuantityInEntryUnit	Edm.Decimal	13	3	0								ERFMG
MMIM_GR4PO_DL	FunctionParam	ComponentMatQty	SourceOfGR	Edm.String	0	0	10								SOURCE_OF_GR
MMIM_GR4PO_DL	EntityProperty	I_MaterialStdVHType	Material	Edm.String	0	0	40	X							MATERIAL
MMIM_GR4PO_DL	EntityProperty	I_MaterialStdVHType	Material_Text	Edm.String	0	0	40								T_MATERIAL
MMIM_GR4PO_DL	EntityProperty	I_CompanyCodeStdVHType	CompanyCode	Edm.String	0	0	4	X							COMPANYCODE
MMIM_GR4PO_DL	EntityProperty	I_CompanyCodeStdVHType	CompanyCodeName	Edm.String	0	0	25								COMPANYCODENAME
MMIM_GR4PO_DL	EntityProperty	GoodsMovementReason	MovementType	Edm.String	0	0	3	X							BWART
MMIM_GR4PO_DL	EntityProperty	GoodsMovementReason	GoodsMovementReasonCode	Edm.String	0	0	4	X							GRUND
MMIM_GR4PO_DL	EntityProperty	GoodsMovementReason	GoodsMovementReasonName	Edm.String	0	0	20								GRTXT
MMIM_MATDOC	EntityProperty	C_MM_SalesOrderItemValueHelpType	AuthorizationGroup	Edm.String	0	0	4								AUTHORIZATIONGROUP
MMIM_MATDOC	EntityProperty	C_MM_SalesOrderItemValueHelpType	CreatedByUser	Edm.String	0	0	12								CREATEDBYUSER
MMIM_MATDOC	EntityProperty	C_MM_SalesOrderItemValueHelpType	DistributionChannel	Edm.String	0	0	2								DISTRIBUTIONCHANNEL
MMIM_MATDOC	EntityProperty	C_MM_SalesOrderItemValueHelpType	Division	Edm.String	0	0	2								DIVISION
MMIM_MATDOC	EntityProperty	C_MM_SalesOrderItemValueHelpType	Material	Edm.String	0	0	40								MATERIAL
MMIM_MATDOC	EntityProperty	C_MM_SalesOrderItemValueHelpType	OrganizationDivision	Edm.String	0	0	2								ORGANIZATIONDIVISION
MMIM_MATDOC	EntityProperty	C_MM_SalesOrderItemValueHelpType	ProductionPlant	Edm.String	0	0	4								PRODUCTIONPLANT
MMIM_MATDOC	EntityProperty	C_MM_SalesOrderItemValueHelpType	SalesGroup	Edm.String	0	0	3								SALESGROUP
MMIM_MATDOC	EntityProperty	C_MM_SalesOrderItemValueHelpType	SalesOffice	Edm.String	0	0	4								SALESOFFICE
MMIM_MATDOC	EntityProperty	C_MM_SalesOrderItemValueHelpType	SalesOrder	Edm.String	0	0	10	X							SALESORDER
MMIM_MATDOC	EntityProperty	C_MM_SalesOrderItemValueHelpType	SalesOrderItem	Edm.String	0	0	6	X							SALESORDERITEM
MMIM_MATDOC	EntityProperty	C_MM_SalesOrderItemValueHelpType	SalesOrderItemText	Edm.String	0	0	40								SALESORDERITEMTEXT
MMIM_MATDOC	EntityProperty	C_MM_SalesOrderItemValueHelpType	SalesOrderType	Edm.String	0	0	4								SALESORDERTYPE
MMIM_MATDOC	EntityProperty	C_MM_SalesOrderItemValueHelpType	SalesOrganization	Edm.String	0	0	4								SALESORGANIZATION
MMIM_MATDOC	EntityProperty	C_MM_SalesOrderItemValueHelpType	SoldToParty	Edm.String	0	0	10								SOLDTOPARTY
MMIM_MATDOC	EntityProperty	I_ProfitCenterStdVHType	ControllingArea	Edm.String	0	0	4	X							CONTROLLINGAREA
MMIM_MATDOC	EntityProperty	I_ProfitCenterStdVHType	ProfitCenter	Edm.String	0	0	10	X							PROFITCENTER
MMIM_MATDOC	EntityProperty	I_ProfitCenterStdVHType	ProfitCenter_Text	Edm.String	0	0	20								T_PROFITCENTER
MMIM_MATDOC	EntityProperty	I_ProfitCenterStdVHType	ValidityEndDate	Edm.DateTime	0	0	0	X							VALIDITYENDDATE
MMIM_MATDOC	EntityProperty	I_ProfitCenterStdVHType	ValidityStartDate	Edm.DateTime	0	0	0								VALIDITYSTARTDATE
MMIM_MATDOC	EntityProperty	GoodsMovementReason	MovementType	Edm.String	0	0	3	X							BWART
MMIM_MATDOC	EntityProperty	GoodsMovementReason	GoodsMovementReasonCode	Edm.String	0	0	4	X							GRUND
MMIM_MATDOC	EntityProperty	GoodsMovementReason	GoodsMovementReasonName	Edm.String	0	0	20								GRTXT
MMIM_MATDOC	ComplexProperty	ShelfLifeExpirationDateType	Material	Edm.String	0	0	40								MATNR
MMIM_MATDOC	ComplexProperty	ShelfLifeExpirationDateType	Plant	Edm.String	0	0	4								WERKS
MMIM_MATDOC	ComplexProperty	ShelfLifeExpirationDateType	StorageLocation	Edm.String	0	0	4								LGORT
MMIM_MATDOC	ComplexProperty	ShelfLifeExpirationDateType	MovementType	Edm.String	0	0	3								BWART
MMIM_MATDOC	ComplexProperty	ShelfLifeExpirationDateType	ManufactureDate	Edm.DateTime	7	0	0					X			HSDAT
MMIM_MATDOC	ComplexProperty	ShelfLifeExpirationDateType	ShelfLifeExpirationDate	Edm.DateTime	7	0	0					X			VFDAT
MMIM_MATDOC	EntityProperty	SalesOrderTransVHelp	SalesOrder	Edm.String	0	0	10	X							SALESORDER
MMIM_MATDOC	EntityProperty	SalesOrderTransVHelp	SalesOrderItem	Edm.String	0	0	6	X							SALESORDERITEM
MMIM_MATDOC	EntityProperty	SalesOrderTransVHelp	CreatedByUser	Edm.String	0	0	12								CREATEDBYUSER
MMIM_MATDOC	EntityProperty	SalesOrderTransVHelp	Material	Edm.String	0	0	40								MATERIAL
MMIM_MATDOC	EntityProperty	SalesOrderTransVHelp	ProductionPlant	Edm.String	0	0	4								PRODUCTIONPLANT
MMIM_MATDOC	EntityProperty	SalesOrderTransVHelp	SalesOrderItemText	Edm.String	0	0	40								SALESORDERITEMTEXT
MMIM_MATDOC	EntityProperty	SalesOrderTransVHelp	SoldToParty	Edm.String	0	0	10								SOLDTOPARTY
MMIM_MATDOC	EntityProperty	SalesOrderTransVHelp	SalesOrganization	Edm.String	0	0	4								SALESORGANIZATION
MMIM_MATDOC	EntityProperty	SalesOrderTransVHelp	DistributionChannel	Edm.String	0	0	2								DISTRIBUTIONCHANNEL
MMIM_MATDOC	EntityProperty	SalesOrderTransVHelp	Division	Edm.String	0	0	2								DIVISION
MMIM_MATDOC	EntityProperty	SalesOrderTransVHelp	SalesOrderType	Edm.String	0	0	4								SALESORDERTYPE
MMIM_MATDOC	EntityProperty	SalesOrderTransVHelp	SalesGroup	Edm.String	0	0	3								SALESGROUP
MMIM_MATDOC	EntityProperty	SalesOrderTransVHelp	SalesOffice	Edm.String	0	0	4								SALESOFFICE
MMIM_MATDOC	EntityProperty	WBSElementTransVHelp	WBSElement	Edm.String	0	0	24	X							WBSELEMENT
MMIM_MATDOC	EntityProperty	WBSElementTransVHelp	WBSDescription	Edm.String	0	0	40								WBSDESCRIPTION
MMIM_MATDOC	EntityProperty	WBSElementTransVHelp	Project	Edm.String	0	0	24								PROJECT
MMIM_MATDOC	EntityProperty	WBSElementTransVHelp	ProjectDescription	Edm.String	0	0	40								PROJECTDESCRIPTION
MMIM_MATDOC	EntityProperty	I_ChartOfAccountsStdVHType	ChartOfAccounts	Edm.String	0	0	4	X							CHARTOFACCOUNTS
MMIM_MATDOC	EntityProperty	I_ChartOfAccountsStdVHType	ChartOfAccounts_Text	Edm.String	0	0	50								T_CHARTOFACCOUNTS
MMIM_MATDOC	EntityProperty	I_MaterialStdVHType	Material	Edm.String	0	0	40	X							MATERIAL
MMIM_MATDOC	EntityProperty	I_MaterialStdVHType	Material_Text	Edm.String	0	0	40								T_MATERIAL
MMIM_MATDOC	EntityProperty	MMIM_WBSELEMENTVALUEHELPType	Project	Edm.String	0	0	24								PROJECT
MMIM_MATDOC	EntityProperty	MMIM_WBSELEMENTVALUEHELPType	ProjectDescription	Edm.String	0	0	40								PROJECTDESCRIPTION
MMIM_MATDOC	EntityProperty	MMIM_WBSELEMENTVALUEHELPType	WBSDescription	Edm.String	0	0	40								WBSDESCRIPTION
MMIM_MATDOC	EntityProperty	MMIM_WBSELEMENTVALUEHELPType	WBSElement	Edm.String	0	0	24	X							WBSELEMENT
MMIM_MATDOC	EntityProperty	MMIM_WBSELEMENTVALUEHELPType	WBSElementIsBillingElement	Edm.Boolean	0	0	0								WBSELEMENTISBILLINGELEMENT
MMIM_MATDOC	EntityProperty	MMIM_WBSELEMENTVALUEHELPType	WBSIsAccountAssignmentElement	Edm.Boolean	0	0	0								WBSISACCOUNTASSIGNMENTELEMENT
MMIM_MATDOC	EntityProperty	MatDocItemSerialNum	MaterialDocument	Edm.String	0	0	10	X							MBLNR
MMIM_MATDOC	EntityProperty	MatDocItemSerialNum	MaterialDocumentYear	Edm.String	0	0	4	X							MJAHR
MMIM_MATDOC	EntityProperty	MatDocItemSerialNum	MaterialDocumentItem	Edm.String	0	0	4	X							ZEILE
MMIM_MATDOC	EntityProperty	MatDocItemSerialNum	SerialNumber	Edm.String	0	0	18	X							SERIALNUMBER
MMIM_MATDOC	EntityProperty	I_Customer_VHType	AuthorizationGroup	Edm.String	0	0	4								AUTHORIZATIONGROUP
MMIM_MATDOC	EntityProperty	I_Customer_VHType	BusinessPartner	Edm.String	0	0	10								BUSINESSPARTNER
MMIM_MATDOC	EntityProperty	I_Customer_VHType	BusinessPartnerType	Edm.String	0	0	4								BUSINESSPARTNERTYPE
MMIM_MATDOC	EntityProperty	I_Customer_VHType	CityName	Edm.String	0	0	35								CITYNAME
MMIM_MATDOC	EntityProperty	I_Customer_VHType	Country	Edm.String	0	0	3								COUNTRY
MMIM_MATDOC	EntityProperty	I_Customer_VHType	Customer	Edm.String	0	0	10	X							CUSTOMER
MMIM_MATDOC	EntityProperty	I_Customer_VHType	CustomerAccountGroup	Edm.String	0	0	4								CUSTOMERACCOUNTGROUP
MMIM_MATDOC	EntityProperty	I_Customer_VHType	CustomerName	Edm.String	0	0	80								CUSTOMERNAME
MMIM_MATDOC	EntityProperty	I_Customer_VHType	IsBusinessPurposeCompleted	Edm.String	0	0	1								ISBUSINESSPURPOSECOMPLETED
MMIM_MATDOC	EntityProperty	I_Customer_VHType	IsCompetitor	Edm.Boolean	0	0	0								ISCOMPETITOR
MMIM_MATDOC	EntityProperty	I_Customer_VHType	OrganizationBPName1	Edm.String	0	0	35								ORGANIZATIONBPNAME1
MMIM_MATDOC	EntityProperty	I_Customer_VHType	OrganizationBPName2	Edm.String	0	0	35								ORGANIZATIONBPNAME2
MMIM_MATDOC	EntityProperty	I_Customer_VHType	PostalCode	Edm.String	0	0	10								POSTALCODE
MMIM_MATDOC	EntityProperty	I_Customer_VHType	StreetName	Edm.String	0	0	35								STREETNAME
MMIM_MATDOC	FunctionParam	ShelfLifeExpirationDate	ManufactureDate	Edm.DateTime	7	0	0								MANUFACTUREDATE
MMIM_MATDOC	FunctionParam	ShelfLifeExpirationDate	Material	Edm.String	0	0	40								MATERIAL
MMIM_MATDOC	FunctionParam	ShelfLifeExpirationDate	MovementType	Edm.String	0	0	3								BWART
MMIM_MATDOC	FunctionParam	ShelfLifeExpirationDate	Plant	Edm.String	0	0	4								WERKS
MMIM_MATDOC	FunctionParam	ShelfLifeExpirationDate	StorageLocation	Edm.String	0	0	4								LGORT
MMIM_MATDOC	EntityProperty	I_ControllingAreaType	BusinessProcessStandardHier	Edm.String	0	0	12								BUSINESSPROCESSSTANDARDHIER
MMIM_MATDOC	EntityProperty	I_ControllingAreaType	ChartOfAccounts	Edm.String	0	0	4								CHARTOFACCOUNTS
MMIM_MATDOC	EntityProperty	I_ControllingAreaType	ChartOfAccounts_Text	Edm.String	0	0	50								T_CHARTOFACCOUNTS
MMIM_MATDOC	EntityProperty	I_ControllingAreaType	ControllingArea	Edm.String	0	0	4	X							CONTROLLINGAREA
MMIM_MATDOC	EntityProperty	I_ControllingAreaType	ControllingAreaCurrency	Edm.String	0	0	5								CONTROLLINGAREACURRENCY
MMIM_MATDOC	EntityProperty	I_ControllingAreaType	ControllingAreaCurrencyRole	Edm.String	0	0	2								CONTROLLINGAREACURRENCYROLE
MMIM_MATDOC	EntityProperty	I_ControllingAreaType	ControllingAreaName	Edm.String	0	0	25								CONTROLLINGAREANAME
MMIM_MATDOC	EntityProperty	I_ControllingAreaType	ControllingAreaResponsibleUser	Edm.String	0	0	12								CONTROLLINGAREARESPONSIBLEUSER
MMIM_MATDOC	EntityProperty	I_ControllingAreaType	CostCenterStandardHierarchy	Edm.String	0	0	12								COSTCENTERSTANDARDHIERARCHY
MMIM_MATDOC	EntityProperty	I_ControllingAreaType	CreditDownPaymentDefaultGLAcct	Edm.String	0	0	10								CREDITDOWNPAYMENTDEFAULTGLACCT
MMIM_MATDOC	EntityProperty	I_ControllingAreaType	CtrlgStdFinStatementVersion	Edm.String	0	0	42								CTRLGSTDFINSTATEMENTVERSION
MMIM_MATDOC	EntityProperty	I_ControllingAreaType	CtrlgStdFinStatementVersion_Text	Edm.String	0	0	50								T_CTRLGSTDFINSTATEMENTVERSION
MMIM_MATDOC	EntityProperty	I_ControllingAreaType	DebitDownPaymentDefaultGLAcct	Edm.String	0	0	10								DEBITDOWNPAYMENTDEFAULTGLACCT
MMIM_MATDOC	EntityProperty	I_ControllingAreaType	DefaultProfitCenter	Edm.String	0	0	10								DEFAULTPROFITCENTER
MMIM_MATDOC	EntityProperty	I_ControllingAreaType	FinancialManagementArea	Edm.String	0	0	4								FINANCIALMANAGEMENTAREA
MMIM_MATDOC	EntityProperty	I_ControllingAreaType	FiscalYearVariant	Edm.String	0	0	2								FISCALYEARVARIANT
MMIM_MATDOC	EntityProperty	I_ControllingAreaType	OperatingConcern	Edm.String	0	0	4								OPERATINGCONCERN
MMIM_MATDOC	EntityProperty	I_ControllingAreaType	ProfitCenterAccountingCurrency	Edm.String	0	0	5								PROFITCENTERACCOUNTINGCURRENCY
MMIM_MATDOC	EntityProperty	I_ControllingAreaType	ProfitCenterStandardHierarchy	Edm.String	0	0	12								PROFITCENTERSTANDARDHIERARCHY
MMIM_MATDOC	FunctionParam	AuthorityCheckPost	Application	Edm.String	0	0	20								CHAR20
MMIM_MATDOC	FunctionParam	AuthorityCheckPost	Material	Edm.String	0	0	40								MATNR
MMIM_MATDOC	FunctionParam	AuthorityCheckPost	Plant	Edm.String	0	0	4								CHAR4
MMIM_MATDOC	ComplexProperty	CheckTableType	StockTypeSource	Edm.String	0	0	2								LBBSA_FROM
MMIM_MATDOC	ComplexProperty	CheckTableType	StockTypeSourceAssignmentRef	Edm.String	0	0	30								LBBSA_FROM_REF
MMIM_MATDOC	ComplexProperty	CheckTableType	StockTypeTarget	Edm.String	0	0	2								LBBSA_TO
MMIM_MATDOC	ComplexProperty	CheckTableType	StockTypeTargetAssignmentRef	Edm.String	0	0	30								LBBSA_TO_REF
MMIM_MATDOC	ComplexProperty	CheckTableType	SpecialStockTypeSource	Edm.String	0	0	1								SOBKZ_FROM
MMIM_MATDOC	ComplexProperty	CheckTableType	SpecialStockTypeTarget	Edm.String	0	0	1								SOBKZ_TO
MMIM_MATDOC	ComplexProperty	CheckTableType	MovementType	Edm.String	0	0	3								BWART
MMIM_MATDOC	ComplexProperty	CheckTableType	SupplyingPlant	Edm.String	0	0	4								RESWK
MMIM_MATDOC	ComplexProperty	CheckTableType	Plant	Edm.String	0	0	4								WERKS
MMIM_MATDOC	ComplexProperty	CheckTableType	PlantGroup	Edm.String	0	0	4								WERKS_GROUP
MMIM_MATDOC	ComplexProperty	CheckTableType	StorageLocation	Edm.String	0	0	4								LGORT
MMIM_MATDOC	ComplexProperty	CheckTableType	Allowed	Edm.String	0	0	1								ALLOWED
MMIM_MATDOC	ComplexProperty	CheckTableType	ControlOfReasonCodeTableField	Edm.String	0	0	5								REASON_FIELD_CONTROL
MMIM_MATDOC	ComplexProperty	CheckTableType	StorLocAutoCreationIsAllowed	Edm.Boolean	0	0	0								XLAUT
MMIM_MATDOC	ComplexProperty	CheckTableType	PrintingIsAllowed	Edm.Boolean	0	0	0								PRINTING_IS_ALLOWED
MMIM_MATDOC	ComplexProperty	CheckTableType	ControlOfExpirationDate	Edm.String	0	0	5								EXPIRATION_FIELD_CONTROL
MMIM_MATDOC	ComplexProperty	CheckTableType	ControlOfManufactureDate	Edm.String	0	0	5								MANUFACTURE_FIELD_CONTROL
MMIM_MATDOC	EntityProperty	CostCenterHelp	Plant	Edm.String	0	0	4	X							WERKS
MMIM_MATDOC	EntityProperty	CostCenterHelp	CostCenter	Edm.String	0	0	10	X							KOSTL
MMIM_MATDOC	EntityProperty	CostCenterHelp	CostCenterName	Edm.String	0	0	20								KTEXT
MMIM_MATDOC	EntityProperty	ManagedStockType	Code	Edm.String	0	0	1	X							DOMVALUE_L
MMIM_MATDOC	EntityProperty	ManagedStockType	Text	Edm.String	0	0	60								DDTEXT
MMIM_MATDOC	EntityProperty	ManagedStockType	MovementType	Edm.String	0	0	4								BWART
MMIM_MATDOC	EntityProperty	ManagedStockType	StockTypeAssignmentReference	Edm.String	0	0	30								INSMK_REF
MMIM_MATDOC	EntityProperty	MatDocHeader	MaterialDocument	Edm.String	0	0	10	X							MBLNR
MMIM_MATDOC	EntityProperty	MatDocHeader	MaterialDocumentYear	Edm.String	0	0	4	X							MJAHR
MMIM_MATDOC	EntityProperty	MatDocHeader	PostingDate	Edm.DateTime	7	0	0					X			BUDAT
MMIM_MATDOC	EntityProperty	MatDocHeader	DocumentDate	Edm.DateTime	7	0	0					X			BLDAT
MMIM_MATDOC	EntityProperty	MatDocHeader	Temp_key	Edm.String	0	0	90								TEMP_KEY
MMIM_MATDOC	EntityProperty	MatDocHeader	ControlSignificance	Edm.String	0	0	1,000								CHECKVALUE
MMIM_MATDOC	EntityProperty	MatDocHeader	VersionForPrintingSlip	Edm.String	0	0	1								WEVER
MMIM_MATDOC	EntityProperty	MatDocHeader	MaterialDocumentHeaderText	Edm.String	0	0	25								BKTXT
MMIM_MATDOC	EntityProperty	MatDocItem	MaterialDocument	Edm.String	0	0	10	X							MBLNR
MMIM_MATDOC	EntityProperty	MatDocItem	MaterialDocumentYear	Edm.String	0	0	4	X							MJAHR
MMIM_MATDOC	EntityProperty	MatDocItem	MaterialDocumentItem	Edm.String	0	0	4	X							ZEILE
MMIM_MATDOC	EntityProperty	MatDocItem	AssignmentReference	Edm.String	0	0	4								REFROW
MMIM_MATDOC	EntityProperty	MatDocItem	MovementType	Edm.String	0	0	1								MANAGED_STOCK_TYPE
MMIM_MATDOC	EntityProperty	MatDocItem	Plant	Edm.String	0	0	4								WERKS
MMIM_MATDOC	EntityProperty	MatDocItem	StorageLocation	Edm.String	0	0	4								LGORT
MMIM_MATDOC	EntityProperty	MatDocItem	Batch	Edm.String	0	0	10								CHARG
MMIM_MATDOC	EntityProperty	MatDocItem	InventorySpecialStockType	Edm.String	0	0	1								SOBKZ
MMIM_MATDOC	EntityProperty	MatDocItem	Supplier	Edm.String	0	0	10								VENDOR
MMIM_MATDOC	EntityProperty	MatDocItem	SalesOrder	Edm.String	0	0	10								VAL_SALES_ORD
MMIM_MATDOC	EntityProperty	MatDocItem	SalesOrderItem	Edm.String	0	0	6								VAL_S_ORD_ITEM
MMIM_MATDOC	EntityProperty	MatDocItem	WBSElement	Edm.String	0	0	24								VAL_WBS_ELEM
MMIM_MATDOC	EntityProperty	MatDocItem	StockType	Edm.String	0	0	2								INSMK
MMIM_MATDOC	EntityProperty	MatDocItem	StockTypeAssignmentReference	Edm.String	0	0	30								INSMK_REF
MMIM_MATDOC	EntityProperty	MatDocItem	Material	Edm.String	0	0	40								MATNR
MMIM_MATDOC	EntityProperty	MatDocItem	QuantityInEntryUnit	Edm.Decimal	13	3	0								ERFMG
MMIM_MATDOC	EntityProperty	MatDocItem	EntryUnit	Edm.String	0	0	3								ERFME
MMIM_MATDOC	EntityProperty	MatDocItem	GLAccount	Edm.String	0	0	10								SAKTO
MMIM_MATDOC	EntityProperty	MatDocItem	CostCenter	Edm.String	0	0	10								KOSTL
MMIM_MATDOC	EntityProperty	MatDocItem	CurrentStock	Edm.Decimal	13	3	0								LABST
MMIM_MATDOC	EntityProperty	MatDocItem	BlockedStockQuantity	Edm.Decimal	13	3	0								SPEME
MMIM_MATDOC	EntityProperty	MatDocItem	DocumentItemText	Edm.String	0	0	50								SGTXT
MMIM_MATDOC	EntityProperty	MatDocItem	GoodsMovementReasonCode	Edm.String	0	0	4								GRUND
MMIM_MATDOC	EntityProperty	MatDocItem	ManufactureDate	Edm.DateTime	7	0	0					X			HSDAT
MMIM_MATDOC	EntityProperty	MatDocItem	ShelfLifeExpirationDate	Edm.DateTime	7	0	0					X			VFDAT
MMIM_MATDOC	EntityProperty	MatDocItem	CreateSerialNoAutomatic	Edm.Boolean	0	0	0								XSAUT
LE_SHP_OD_CREATE	EntityProperty	C_OutboundDeliveryCreateType	CompleteDeliveryIsDefined	Edm.Boolean	0	0	0								COMPLETEDELIVERYISDEFINED
LE_SHP_OD_CREATE	EntityProperty	C_OutboundDeliveryCreateType	DeliveryBlockReason	Edm.String	0	0	2	X							DELIVERYBLOCKREASON
LE_SHP_OD_CREATE	EntityProperty	C_OutboundDeliveryCreateType	DeliveryCreationDate	Edm.DateTime	0	0	0	X							DELIVERYCREATIONDATE
LE_SHP_OD_CREATE	EntityProperty	C_OutboundDeliveryCreateType	DeliveryCreationSelToDate	Edm.DateTime	0	0	0								DELIVERYCREATIONSELTODATE
LE_SHP_OD_CREATE	EntityProperty	C_OutboundDeliveryCreateType	DeliveryPriority	Edm.String	0	0	2	X							DELIVERYPRIORITY
LE_SHP_OD_CREATE	EntityProperty	C_OutboundDeliveryCreateType	DistributionChannel	Edm.String	0	0	2								DISTRIBUTIONCHANNEL
LE_SHP_OD_CREATE	EntityProperty	C_OutboundDeliveryCreateType	Division	Edm.String	0	0	2								DIVISION
LE_SHP_OD_CREATE	EntityProperty	C_OutboundDeliveryCreateType	DocRelationshipUUID	Edm.String	0	0	40								DOCRELATIONSHIPUUID
LE_SHP_OD_CREATE	EntityProperty	C_OutboundDeliveryCreateType	ForwardingAgent	Edm.String	0	0	10	X							FORWARDINGAGENT
LE_SHP_OD_CREATE	EntityProperty	C_OutboundDeliveryCreateType	GoodsIssueDate	Edm.DateTime	0	0	0	X							GOODSISSUEDATE
LE_SHP_OD_CREATE	EntityProperty	C_OutboundDeliveryCreateType	HeaderGrossWeight	Edm.Decimal	15	3	0								HEADERGROSSWEIGHT
LE_SHP_OD_CREATE	EntityProperty	C_OutboundDeliveryCreateType	HeaderVolume	Edm.Decimal	15	3	0								HEADERVOLUME
LE_SHP_OD_CREATE	EntityProperty	C_OutboundDeliveryCreateType	HeaderVolumeUnit	Edm.String	0	0	3								HEADERVOLUMEUNIT
LE_SHP_OD_CREATE	EntityProperty	C_OutboundDeliveryCreateType	HeaderWeightUnit	Edm.String	0	0	3								HEADERWEIGHTUNIT
LE_SHP_OD_CREATE	EntityProperty	C_OutboundDeliveryCreateType	OrderCombinationIsAllowed	Edm.Boolean	0	0	0								ORDERCOMBINATIONISALLOWED
LE_SHP_OD_CREATE	EntityProperty	C_OutboundDeliveryCreateType	OverallChmlCmplncStatus	Edm.String	0	0	1								OVERALLCHMLCMPLNCSTATUS
LE_SHP_OD_CREATE	EntityProperty	C_OutboundDeliveryCreateType	OverallDangerousGoodsStatus	Edm.String	0	0	1								OVERALLDANGEROUSGOODSSTATUS
LE_SHP_OD_CREATE	EntityProperty	C_OutboundDeliveryCreateType	OverallSafetyDataSheetStatus	Edm.String	0	0	1								OVERALLSAFETYDATASHEETSTATUS
LE_SHP_OD_CREATE	EntityProperty	C_OutboundDeliveryCreateType	OvrlChmlCmplncStsCriticality	Edm.Byte	0	0	0								OVRLCHMLCMPLNCSTSCRITICALITY
LE_SHP_OD_CREATE	EntityProperty	C_OutboundDeliveryCreateType	OvrlDngrsGdsStsCriticality	Edm.Byte	0	0	0								OVRLDNGRSGDSSTSCRITICALITY
LE_SHP_OD_CREATE	EntityProperty	C_OutboundDeliveryCreateType	OvrlSftyDataSheetStsCritlty	Edm.Byte	0	0	0								OVRLSFTYDATASHEETSTSCRITLTY
LE_SHP_OD_CREATE	EntityProperty	C_OutboundDeliveryCreateType	ProcessingTimeInDays	Edm.Decimal	5	2	0								PROCESSINGTIMEINDAYS
LE_SHP_OD_CREATE	EntityProperty	C_OutboundDeliveryCreateType	Route	Edm.String	0	0	6	X							ROUTE
LE_SHP_OD_CREATE	EntityProperty	C_OutboundDeliveryCreateType	SalesDocumentType	Edm.String	0	0	4								SALESDOCUMENTTYPE
LE_SHP_OD_CREATE	EntityProperty	C_OutboundDeliveryCreateType	SalesGroup	Edm.String	0	0	3								SALESGROUP
LE_SHP_OD_CREATE	EntityProperty	C_OutboundDeliveryCreateType	SalesOffice	Edm.String	0	0	4								SALESOFFICE
LE_SHP_OD_CREATE	EntityProperty	C_OutboundDeliveryCreateType	SalesOrganization	Edm.String	0	0	4								SALESORGANIZATION
LE_SHP_OD_CREATE	EntityProperty	C_OutboundDeliveryCreateType	SDDocument	Edm.String	0	0	10	X							SDDOCUMENT
LE_SHP_OD_CREATE	EntityProperty	C_OutboundDeliveryCreateType	SDDocumentCategory	Edm.String	0	0	4								SDDOCUMENTCATEGORY
LE_SHP_OD_CREATE	EntityProperty	C_OutboundDeliveryCreateType	SDDocumentCategoryName	Edm.String	0	0	25								SDDOCUMENTCATEGORYNAME
LE_SHP_OD_CREATE	EntityProperty	C_OutboundDeliveryCreateType	ShippingPoint	Edm.String	0	0	4	X							SHIPPINGPOINT
LE_SHP_OD_CREATE	EntityProperty	C_OutboundDeliveryCreateType	ShipToParty	Edm.String	0	0	10	X							SHIPTOPARTY
LE_SHP_OD_CREATE	EntityProperty	C_OutboundDeliveryCreateType	ShipToPartyAddressID	Edm.String	0	0	10								SHIPTOPARTYADDRESSID
LE_SHP_OD_CREATE	EntityProperty	C_OutboundDeliveryCreateType	ShipToPartyName	Edm.String	0	0	80								SHIPTOPARTYNAME
LE_SHP_OD_CREATE	EntityProperty	C_OutboundDeliveryCreateType	SlsOrdIsRelevantForTranspMgmt	Edm.Boolean	0	0	0								SLSORDISRELEVANTFORTRANSPMGMT
LE_SHP_OD_CREATE	EntityProperty	C_OutboundDeliveryCreateType	SoldToParty	Edm.String	0	0	10								SOLDTOPARTY
LE_SHP_OD_CREATE	EntityProperty	C_OutboundDeliveryCreateType	SoldToPartyAddressID	Edm.String	0	0	10								SOLDTOPARTYADDRESSID
LE_SHP_OD_CREATE	EntityProperty	C_OutboundDeliveryCreateType	SoldToPartyName	Edm.String	0	0	80								SOLDTOPARTYNAME
LE_SHP_OD_CREATE	EntityProperty	C_SDDocumentVHType	CreatedByUser	Edm.String	0	0	12								CREATEDBYUSER
LE_SHP_OD_CREATE	EntityProperty	C_SDDocumentVHType	CreationDate	Edm.DateTime	0	0	0								CREATIONDATE
LE_SHP_OD_CREATE	EntityProperty	C_SDDocumentVHType	DistributionChannel	Edm.String	0	0	2								DISTRIBUTIONCHANNEL
LE_SHP_OD_CREATE	EntityProperty	C_SDDocumentVHType	OrganizationDivision	Edm.String	0	0	2								ORGANIZATIONDIVISION
LE_SHP_OD_CREATE	EntityProperty	C_SDDocumentVHType	SalesDocument	Edm.String	0	0	10	X							SALESDOCUMENT
LE_SHP_OD_CREATE	EntityProperty	C_SDDocumentVHType	SalesDocumentDate	Edm.DateTime	0	0	0								SALESDOCUMENTDATE
LE_SHP_OD_CREATE	EntityProperty	C_SDDocumentVHType	SalesOrganization	Edm.String	0	0	4								SALESORGANIZATION
LE_SHP_OD_CREATE	EntityProperty	C_SDDocumentVHType	SoldToParty	Edm.String	0	0	10								SOLDTOPARTY
LE_SHP_OD_CREATE	EntityProperty	I_ControllingObjectStdVHType	ControllingObject	Edm.String	0	0	22	X							CONTROLLINGOBJECT
LE_SHP_OD_CREATE	EntityProperty	I_BusinessAreaStdVHType	BusinessArea	Edm.String	0	0	4	X							BUSINESSAREA
LE_SHP_OD_CREATE	EntityProperty	I_BusinessAreaStdVHType	BusinessArea_Text	Edm.String	0	0	30								T_BUSINESSAREA
LE_SHP_OD_CREATE	EntityProperty	C_DeliveryShipToPartyVHType	AddressID	Edm.String	0	0	10	X							ADDRESSID
LE_SHP_OD_CREATE	EntityProperty	C_DeliveryShipToPartyVHType	AuthorizationGroup	Edm.String	0	0	4								AUTHORIZATIONGROUP
LE_SHP_OD_CREATE	EntityProperty	C_DeliveryShipToPartyVHType	BusinessPartnerName1	Edm.String	0	0	40								BUSINESSPARTNERNAME1
LE_SHP_OD_CREATE	EntityProperty	C_DeliveryShipToPartyVHType	BusinessPartnerName2	Edm.String	0	0	40								BUSINESSPARTNERNAME2
LE_SHP_OD_CREATE	EntityProperty	C_DeliveryShipToPartyVHType	CityName	Edm.String	0	0	40								CITYNAME
LE_SHP_OD_CREATE	EntityProperty	C_DeliveryShipToPartyVHType	Country	Edm.String	0	0	3								COUNTRY
LE_SHP_OD_CREATE	EntityProperty	C_DeliveryShipToPartyVHType	Customer	Edm.String	0	0	10	X							CUSTOMER
LE_SHP_OD_CREATE	EntityProperty	C_DeliveryShipToPartyVHType	CustomerAccountGroup	Edm.String	0	0	4								CUSTOMERACCOUNTGROUP
LE_SHP_OD_CREATE	EntityProperty	C_DeliveryShipToPartyVHType	CustomerName	Edm.String	0	0	80								CUSTOMERNAME
LE_SHP_OD_CREATE	EntityProperty	C_DeliveryShipToPartyVHType	IsBusinessPurposeCompleted	Edm.String	0	0	1								ISBUSINESSPURPOSECOMPLETED
LE_SHP_OD_CREATE	EntityProperty	C_DeliveryShipToPartyVHType	PostalCode	Edm.String	0	0	10								POSTALCODE
LE_SHP_OD_CREATE	EntityProperty	C_DeliveryShipToPartyVHType	StreetName	Edm.String	0	0	60								STREETNAME
LE_SHP_OD_CREATE	EntityProperty	I_CustomerType	AddressID	Edm.String	0	0	10								ADDRESSID
LE_SHP_OD_CREATE	EntityProperty	I_CustomerType	AlternativePayeeIsAllowed	Edm.Boolean	0	0	0								ALTERNATIVEPAYEEISALLOWED
LE_SHP_OD_CREATE	EntityProperty	I_CustomerType	AlternativePayerAccount	Edm.String	0	0	10								ALTERNATIVEPAYERACCOUNT
LE_SHP_OD_CREATE	EntityProperty	I_CustomerType	AuthorizationGroup	Edm.String	0	0	4								AUTHORIZATIONGROUP
LE_SHP_OD_CREATE	EntityProperty	I_CustomerType	BillingIsBlockedForCustomer	Edm.String	0	0	2								BILLINGISBLOCKEDFORCUSTOMER
LE_SHP_OD_CREATE	EntityProperty	I_CustomerType	BR_SUFRAMACode	Edm.String	0	0	9								BR_SUFRAMACODE
LE_SHP_OD_CREATE	EntityProperty	I_CustomerType	BusinessType	Edm.String	0	0	30								BUSINESSTYPE
LE_SHP_OD_CREATE	EntityProperty	I_CustomerType	CityCode	Edm.String	0	0	4								CITYCODE
LE_SHP_OD_CREATE	EntityProperty	I_CustomerType	CityName	Edm.String	0	0	35								CITYNAME
LE_SHP_OD_CREATE	EntityProperty	I_CustomerType	Country	Edm.String	0	0	3								COUNTRY
LE_SHP_OD_CREATE	EntityProperty	I_CustomerType	County	Edm.String	0	0	3								COUNTY
LE_SHP_OD_CREATE	EntityProperty	I_CustomerType	CreatedByUser	Edm.String	0	0	12								CREATEDBYUSER
LE_SHP_OD_CREATE	EntityProperty	I_CustomerType	CreationDate	Edm.DateTime	0	0	0								CREATIONDATE
LE_SHP_OD_CREATE	EntityProperty	I_CustomerType	Customer	Edm.String	0	0	10	X							CUSTOMER
LE_SHP_OD_CREATE	EntityProperty	I_CustomerType	CustomerAccountGroup	Edm.String	0	0	4								CUSTOMERACCOUNTGROUP
LE_SHP_OD_CREATE	EntityProperty	I_CustomerType	CustomerClassification	Edm.String	0	0	2								CUSTOMERCLASSIFICATION
LE_SHP_OD_CREATE	EntityProperty	I_CustomerType	CustomerClassification_Text	Edm.String	0	0	20								T_CUSTOMERCLASSIFICATION
LE_SHP_OD_CREATE	EntityProperty	I_CustomerType	CustomerCorporateGroup	Edm.String	0	0	10								CUSTOMERCORPORATEGROUP
LE_SHP_OD_CREATE	EntityProperty	I_CustomerType	CustomerFullName	Edm.String	0	0	220								CUSTOMERFULLNAME
LE_SHP_OD_CREATE	EntityProperty	I_CustomerType	CustomerHasUnloadingPoint	Edm.Boolean	0	0	0								CUSTOMERHASUNLOADINGPOINT
LE_SHP_OD_CREATE	EntityProperty	I_CustomerType	CustomerName	Edm.String	0	0	80								CUSTOMERNAME
LE_SHP_OD_CREATE	EntityProperty	I_CustomerType	CustomerWorkingTimeCalendar	Edm.String	0	0	2								CUSTOMERWORKINGTIMECALENDAR
LE_SHP_OD_CREATE	EntityProperty	I_CustomerType	DataMediumExchangeIndicator	Edm.String	0	0	1								DATAMEDIUMEXCHANGEINDICATOR
LE_SHP_OD_CREATE	EntityProperty	I_CustomerType	DeletionIndicator	Edm.Boolean	0	0	0								DELETIONINDICATOR
LE_SHP_OD_CREATE	EntityProperty	I_CustomerType	DeliveryDateTypeRule	Edm.String	0	0	1								DELIVERYDATETYPERULE
LE_SHP_OD_CREATE	EntityProperty	I_CustomerType	DeliveryIsBlocked	Edm.String	0	0	2								DELIVERYISBLOCKED
LE_SHP_OD_CREATE	EntityProperty	I_CustomerType	ExpressTrainStationName	Edm.String	0	0	25								EXPRESSTRAINSTATIONNAME
LE_SHP_OD_CREATE	EntityProperty	I_CustomerType	FaxNumber	Edm.String	0	0	31								FAXNUMBER
LE_SHP_OD_CREATE	EntityProperty	I_CustomerType	FiscalAddress	Edm.String	0	0	10								FISCALADDRESS
LE_SHP_OD_CREATE	EntityProperty	I_CustomerType	FreeDefinedAttribute01	Edm.String	0	0	2								FREEDEFINEDATTRIBUTE01
LE_SHP_OD_CREATE	EntityProperty	I_CustomerType	FreeDefinedAttribute02	Edm.String	0	0	2								FREEDEFINEDATTRIBUTE02
LE_SHP_OD_CREATE	EntityProperty	I_CustomerType	FreeDefinedAttribute03	Edm.String	0	0	2								FREEDEFINEDATTRIBUTE03
LE_SHP_OD_CREATE	EntityProperty	I_CustomerType	FreeDefinedAttribute04	Edm.String	0	0	2								FREEDEFINEDATTRIBUTE04
LE_SHP_OD_CREATE	EntityProperty	I_CustomerType	FreeDefinedAttribute05	Edm.String	0	0	2								FREEDEFINEDATTRIBUTE05
LE_SHP_OD_CREATE	EntityProperty	I_CustomerType	FreeDefinedAttribute06	Edm.String	0	0	3								FREEDEFINEDATTRIBUTE06
LE_SHP_OD_CREATE	EntityProperty	I_CustomerType	FreeDefinedAttribute07	Edm.String	0	0	3								FREEDEFINEDATTRIBUTE07
LE_SHP_OD_CREATE	EntityProperty	I_CustomerType	FreeDefinedAttribute08	Edm.String	0	0	3								FREEDEFINEDATTRIBUTE08
LE_SHP_OD_CREATE	EntityProperty	I_CustomerType	FreeDefinedAttribute09	Edm.String	0	0	3								FREEDEFINEDATTRIBUTE09
LE_SHP_OD_CREATE	EntityProperty	I_CustomerType	FreeDefinedAttribute10	Edm.String	0	0	3								FREEDEFINEDATTRIBUTE10
LE_SHP_OD_CREATE	EntityProperty	I_CustomerType	Industry	Edm.String	0	0	4								INDUSTRY
LE_SHP_OD_CREATE	EntityProperty	I_CustomerType	IndustryCode1	Edm.String	0	0	10								INDUSTRYCODE1
LE_SHP_OD_CREATE	EntityProperty	I_CustomerType	IndustryCode2	Edm.String	0	0	10								INDUSTRYCODE2
LE_SHP_OD_CREATE	EntityProperty	I_CustomerType	IndustryCode3	Edm.String	0	0	10								INDUSTRYCODE3
LE_SHP_OD_CREATE	EntityProperty	I_CustomerType	IndustryCode4	Edm.String	0	0	10								INDUSTRYCODE4
LE_SHP_OD_CREATE	EntityProperty	I_CustomerType	IndustryCode5	Edm.String	0	0	10								INDUSTRYCODE5
LE_SHP_OD_CREATE	EntityProperty	I_CustomerType	IndustryType	Edm.String	0	0	30								INDUSTRYTYPE
LE_SHP_OD_CREATE	EntityProperty	I_CustomerType	InternationalLocationNumber1	Edm.String	0	0	7								INTERNATIONALLOCATIONNUMBER1
LE_SHP_OD_CREATE	EntityProperty	I_CustomerType	InternationalLocationNumber2	Edm.String	0	0	5								INTERNATIONALLOCATIONNUMBER2
LE_SHP_OD_CREATE	EntityProperty	I_CustomerType	InternationalLocationNumber3	Edm.String	0	0	1								INTERNATIONALLOCATIONNUMBER3
LE_SHP_OD_CREATE	EntityProperty	I_CustomerType	IsBusinessPurposeCompleted	Edm.String	0	0	1								ISBUSINESSPURPOSECOMPLETED
LE_SHP_OD_CREATE	EntityProperty	I_CustomerType	IsCompetitor	Edm.Boolean	0	0	0								ISCOMPETITOR
LE_SHP_OD_CREATE	EntityProperty	I_CustomerType	IsOneTimeAccount	Edm.Boolean	0	0	0								ISONETIMEACCOUNT
LE_SHP_OD_CREATE	EntityProperty	I_CustomerType	Language	Edm.String	0	0	2								LANGUAGE
LE_SHP_OD_CREATE	EntityProperty	I_CustomerType	NFPartnerIsNaturalPerson	Edm.String	0	0	1								NFPARTNERISNATURALPERSON
LE_SHP_OD_CREATE	EntityProperty	I_CustomerType	NielsenRegion	Edm.String	0	0	2								NIELSENREGION
LE_SHP_OD_CREATE	EntityProperty	I_CustomerType	OrderIsBlockedForCustomer	Edm.String	0	0	2								ORDERISBLOCKEDFORCUSTOMER
LE_SHP_OD_CREATE	EntityProperty	I_CustomerType	OrganizationBPName1	Edm.String	0	0	35								ORGANIZATIONBPNAME1
LE_SHP_OD_CREATE	EntityProperty	I_CustomerType	OrganizationBPName2	Edm.String	0	0	35								ORGANIZATIONBPNAME2
LE_SHP_OD_CREATE	EntityProperty	I_CustomerType	PaymentReason	Edm.String	0	0	4								PAYMENTREASON
LE_SHP_OD_CREATE	EntityProperty	I_CustomerType	PostalCode	Edm.String	0	0	10								POSTALCODE
LE_SHP_OD_CREATE	EntityProperty	I_CustomerType	PostingIsBlocked	Edm.Boolean	0	0	0								POSTINGISBLOCKED
LE_SHP_OD_CREATE	EntityProperty	I_CustomerType	Region	Edm.String	0	0	3								REGION
LE_SHP_OD_CREATE	EntityProperty	I_CustomerType	ResponsibleType	Edm.String	0	0	2								RESPONSIBLETYPE
LE_SHP_OD_CREATE	EntityProperty	I_CustomerType	SortField	Edm.String	0	0	10								SORTFIELD
LE_SHP_OD_CREATE	EntityProperty	I_CustomerType	StreetName	Edm.String	0	0	35								STREETNAME
LE_SHP_OD_CREATE	EntityProperty	I_CustomerType	Supplier	Edm.String	0	0	10								SUPPLIER
LE_SHP_OD_CREATE	EntityProperty	I_CustomerType	TaxInvoiceRepresentativeName	Edm.String	0	0	10								TAXINVOICEREPRESENTATIVENAME
LE_SHP_OD_CREATE	EntityProperty	I_CustomerType	TaxJurisdiction	Edm.String	0	0	15								TAXJURISDICTION
LE_SHP_OD_CREATE	EntityProperty	I_CustomerType	TaxNumber1	Edm.String	0	0	16								TAXNUMBER1
LE_SHP_OD_CREATE	EntityProperty	I_CustomerType	TaxNumber2	Edm.String	0	0	11								TAXNUMBER2
LE_SHP_OD_CREATE	EntityProperty	I_CustomerType	TaxNumber3	Edm.String	0	0	18								TAXNUMBER3
LE_SHP_OD_CREATE	EntityProperty	I_CustomerType	TaxNumber4	Edm.String	0	0	18								TAXNUMBER4
LE_SHP_OD_CREATE	EntityProperty	I_CustomerType	TaxNumber5	Edm.String	0	0	60								TAXNUMBER5
LE_SHP_OD_CREATE	EntityProperty	I_CustomerType	TaxNumber6	Edm.String	0	0	20								TAXNUMBER6
LE_SHP_OD_CREATE	EntityProperty	I_CustomerType	TaxNumberType	Edm.String	0	0	2								TAXNUMBERTYPE
LE_SHP_OD_CREATE	EntityProperty	I_CustomerType	TelephoneNumber1	Edm.String	0	0	16								TELEPHONENUMBER1
LE_SHP_OD_CREATE	EntityProperty	I_CustomerType	TelephoneNumber2	Edm.String	0	0	16								TELEPHONENUMBER2
LE_SHP_OD_CREATE	EntityProperty	I_CustomerType	TradingPartner	Edm.String	0	0	6								TRADINGPARTNER
LE_SHP_OD_CREATE	EntityProperty	I_CustomerType	TrainStationName	Edm.String	0	0	25								TRAINSTATIONNAME
LE_SHP_OD_CREATE	EntityProperty	I_CustomerType	TW_CollvBillingIsSupported	Edm.String	0	0	1								TW_COLLVBILLINGISSUPPORTED
LE_SHP_OD_CREATE	EntityProperty	I_CustomerType	VATLiability	Edm.Boolean	0	0	0								VATLIABILITY
LE_SHP_OD_CREATE	EntityProperty	I_CustomerType	VATRegistration	Edm.String	0	0	20								VATREGISTRATION
LE_SHP_OD_CREATE	EntityProperty	C_ShippingPointVHType	ActiveDepartureCountry	Edm.String	0	0	3								ACTIVEDEPARTURECOUNTRY
LE_SHP_OD_CREATE	EntityProperty	C_ShippingPointVHType	ShippingPoint	Edm.String	0	0	4	X							SHIPPINGPOINT
LE_SHP_OD_CREATE	EntityProperty	C_ShippingPointVHType	ShippingPoint_Text	Edm.String	0	0	30								T_SHIPPINGPOINT
LE_SHP_OD_CREATE	EntityProperty	C_ShippingPointVHType	ShippingPointName	Edm.String	0	0	30								SHIPPINGPOINTNAME
LE_SHP_OD_CREATE	EntityProperty	I_DeliveryPriorityType	DeliveryPriority	Edm.String	0	0	2	X							DELIVERYPRIORITY
LE_SHP_OD_CREATE	EntityProperty	I_DeliveryPriorityType	DeliveryPriority_Text	Edm.String	0	0	20								T_DELIVERYPRIORITY
LE_SHP_OD_CREATE	EntityProperty	I_DeliveryPriorityType	DeliveryPriorityDesc	Edm.String	0	0	30								DELIVERYPRIORITYDESC
LE_SHP_OD_CREATE	EntityProperty	I_ShippingPointType	ActiveDepartureCountry	Edm.String	0	0	3								ACTIVEDEPARTURECOUNTRY
LE_SHP_OD_CREATE	EntityProperty	I_ShippingPointType	AddressID	Edm.String	0	0	10								ADDRESSID
LE_SHP_OD_CREATE	EntityProperty	I_ShippingPointType	PickingConfirmation	Edm.String	0	0	1								PICKINGCONFIRMATION
LE_SHP_OD_CREATE	EntityProperty	I_ShippingPointType	ShippingPoint	Edm.String	0	0	4	X							SHIPPINGPOINT
LE_SHP_OD_CREATE	EntityProperty	I_ShippingPointType	ShippingPoint_Text	Edm.String	0	0	30								T_SHIPPINGPOINT
LE_SHP_OD_CREATE	EntityProperty	OutboundDeliveryCreationResponse	DocRelationshipUUID	Edm.String	0	0	0								DOCRELATIONSHIPUUID
LE_SHP_OD_CREATE	EntityProperty	OutboundDeliveryCreationResponse	Sammg	Edm.String	0	0	10	X							SAMMG
LE_SHP_OD_CREATE	EntityProperty	OutboundDeliveryCreationResponse	SDDocument	Edm.String	0	0	10					X			SDDOCUMENT
LE_SHP_OD_CREATE	EntityProperty	OutboundDeliveryCreationResponse	NoOfIssues	Edm.Int32	0	0	0								NO_OF_ISSUES
LE_SHP_OD_CREATE	EntityProperty	OutboundDeliveryCreationResponse	NoErrors	Edm.Int32	0	0	0								NO_ERRORS
LE_SHP_OD_CREATE	EntityProperty	OutboundDeliveryCreationResponse	NoOfDeliveries	Edm.Int32	0	0	0								NO_OF_DELIVERIES
LE_SHP_OD_CREATE	EntityProperty	OutboundDeliveryCreationResponse	LogCreateDate	Edm.DateTime	7	0	0								LOG_CREATE_DATE
LE_SHP_OD_CREATE	EntityProperty	OutboundDeliveryCreationResponse	Vstel	Edm.String	0	0	4								VSTEL
LE_SHP_OD_CREATE	EntityProperty	OutboundDeliveryCreationResponse	VstelName	Edm.String	0	0	30								VSTEL_NAME
LE_SHP_OD_CREATE	EntityProperty	I_CreditControlAreaStdVHType	CreditControlArea	Edm.String	0	0	4	X							CREDITCONTROLAREA
LE_SHP_OD_CREATE	EntityProperty	I_CreditControlAreaStdVHType	CreditControlArea_Text	Edm.String	0	0	35								T_CREDITCONTROLAREA
LE_SHP_OD_CREATE	EntityProperty	I_DivisionType	Division	Edm.String	0	0	2	X							DIVISION
LE_SHP_OD_CREATE	EntityProperty	I_DivisionType	Division_Text	Edm.String	0	0	20								T_DIVISION
LE_SHP_OD_CREATE	EntityProperty	I_DivisionType	DivisionOID	Edm.String	0	0	128								DIVISIONOID
LE_SHP_OD_CREATE	EntityProperty	I_OvrlSftyDataSheetStsType	OverallSafetyDataSheetStatus	Edm.String	0	0	1	X							OVERALLSAFETYDATASHEETSTATUS
LE_SHP_OD_CREATE	EntityProperty	I_OvrlSftyDataSheetStsType	OverallSafetyDataSheetStatus_Text	Edm.String	0	0	60								T_OVERALLSAFETYDATASHEETSTATUS
LE_SHP_OD_CREATE	EntityProperty	C_SDDocCatOutbDelivSlsOrdVHType	SDDocumentCategory	Edm.String	0	0	4	X							SDDOCUMENTCATEGORY
LE_SHP_OD_CREATE	EntityProperty	C_SDDocCatOutbDelivSlsOrdVHType	SDDocumentCategory_Text	Edm.String	0	0	60								T_SDDOCUMENTCATEGORY
LE_SHP_OD_CREATE	EntityProperty	I_SalesOrganizationType	AddressID	Edm.String	0	0	10								ADDRESSID
LE_SHP_OD_CREATE	EntityProperty	I_SalesOrganizationType	CompanyCode	Edm.String	0	0	4								COMPANYCODE
LE_SHP_OD_CREATE	EntityProperty	I_SalesOrganizationType	IntercompanyBillingCustomer	Edm.String	0	0	10								INTERCOMPANYBILLINGCUSTOMER
LE_SHP_OD_CREATE	EntityProperty	I_SalesOrganizationType	SalesOrganization	Edm.String	0	0	4	X							SALESORGANIZATION
LE_SHP_OD_CREATE	EntityProperty	I_SalesOrganizationType	SalesOrganization_Text	Edm.String	0	0	20								T_SALESORGANIZATION
LE_SHP_OD_CREATE	EntityProperty	I_SalesOrganizationType	SalesOrganizationCurrency	Edm.String	0	0	5								SALESORGANIZATIONCURRENCY
LE_SHP_OD_CREATE	EntityProperty	I_OverallChmlCmplncStatusType	OverallChmlCmplncStatus	Edm.String	0	0	1	X							OVERALLCHMLCMPLNCSTATUS
LE_SHP_OD_CREATE	EntityProperty	I_OverallChmlCmplncStatusType	OverallChmlCmplncStatus_Text	Edm.String	0	0	60								T_OVERALLCHMLCMPLNCSTATUS
LE_SHP_OD_CREATE	EntityProperty	I_SalesDocumentType	AccountingDocExternalReference	Edm.String	0	0	16								ACCOUNTINGDOCEXTERNALREFERENCE
LE_SHP_OD_CREATE	EntityProperty	I_SalesDocumentType	AccountingExchangeRate	Edm.Decimal	9	5	0								ACCOUNTINGEXCHANGERATE
LE_SHP_OD_CREATE	EntityProperty	I_SalesDocumentType	AdditionalCustomerGroup1	Edm.String	0	0	3								ADDITIONALCUSTOMERGROUP1
LE_SHP_OD_CREATE	EntityProperty	I_SalesDocumentType	AdditionalCustomerGroup2	Edm.String	0	0	3								ADDITIONALCUSTOMERGROUP2
LE_SHP_OD_CREATE	EntityProperty	I_SalesDocumentType	AdditionalCustomerGroup3	Edm.String	0	0	3								ADDITIONALCUSTOMERGROUP3
LE_SHP_OD_CREATE	EntityProperty	I_SalesDocumentType	AdditionalCustomerGroup4	Edm.String	0	0	3								ADDITIONALCUSTOMERGROUP4
LE_SHP_OD_CREATE	EntityProperty	I_SalesDocumentType	AdditionalCustomerGroup5	Edm.String	0	0	3								ADDITIONALCUSTOMERGROUP5
LE_SHP_OD_CREATE	EntityProperty	I_SalesDocumentType	AdditionalValueDays	Edm.String	0	0	2								ADDITIONALVALUEDAYS
LE_SHP_OD_CREATE	EntityProperty	I_SalesDocumentType	AgrmtValdtyEndDate	Edm.DateTime	0	0	0								AGRMTVALDTYENDDATE
LE_SHP_OD_CREATE	EntityProperty	I_SalesDocumentType	AgrmtValdtyStartDate	Edm.DateTime	0	0	0								AGRMTVALDTYSTARTDATE
LE_SHP_OD_CREATE	EntityProperty	I_SalesDocumentType	AlternativePricingDate	Edm.DateTime	0	0	0								ALTERNATIVEPRICINGDATE
LE_SHP_OD_CREATE	EntityProperty	I_SalesDocumentType	AssignmentReference	Edm.String	0	0	18								ASSIGNMENTREFERENCE
LE_SHP_OD_CREATE	EntityProperty	I_SalesDocumentType	BillingCompanyCode	Edm.String	0	0	4								BILLINGCOMPANYCODE
LE_SHP_OD_CREATE	EntityProperty	I_SalesDocumentType	BillingDocumentDate	Edm.DateTime	0	0	0								BILLINGDOCUMENTDATE
LE_SHP_OD_CREATE	EntityProperty	I_SalesDocumentType	BillingPlan	Edm.String	0	0	10								BILLINGPLAN
LE_SHP_OD_CREATE	EntityProperty	I_SalesDocumentType	BindingPeriodValidityEndDate	Edm.DateTime	0	0	0								BINDINGPERIODVALIDITYENDDATE
LE_SHP_OD_CREATE	EntityProperty	I_SalesDocumentType	BindingPeriodValidityStartDate	Edm.DateTime	0	0	0								BINDINGPERIODVALIDITYSTARTDATE
LE_SHP_OD_CREATE	EntityProperty	I_SalesDocumentType	BusinessArea	Edm.String	0	0	4								BUSINESSAREA
LE_SHP_OD_CREATE	EntityProperty	I_SalesDocumentType	BusinessArea_Text	Edm.String	0	0	30								T_BUSINESSAREA
LE_SHP_OD_CREATE	EntityProperty	I_SalesDocumentType	BusinessSolutionOrder	Edm.String	0	0	10								BUSINESSSOLUTIONORDER
LE_SHP_OD_CREATE	EntityProperty	I_SalesDocumentType	CanclnDocByContrPartner	Edm.String	0	0	20								CANCLNDOCBYCONTRPARTNER
LE_SHP_OD_CREATE	EntityProperty	I_SalesDocumentType	CentralCreditCheckStatus	Edm.String	0	0	1								CENTRALCREDITCHECKSTATUS
LE_SHP_OD_CREATE	EntityProperty	I_SalesDocumentType	CentralCreditChkTechErrSts	Edm.String	0	0	1								CENTRALCREDITCHKTECHERRSTS
LE_SHP_OD_CREATE	EntityProperty	I_SalesDocumentType	CompleteDeliveryIsDefined	Edm.Boolean	0	0	0								COMPLETEDELIVERYISDEFINED
LE_SHP_OD_CREATE	EntityProperty	I_SalesDocumentType	ContractAccount	Edm.String	0	0	12								CONTRACTACCOUNT
LE_SHP_OD_CREATE	EntityProperty	I_SalesDocumentType	ContractDownPaymentStatus	Edm.String	0	0	1								CONTRACTDOWNPAYMENTSTATUS
LE_SHP_OD_CREATE	EntityProperty	I_SalesDocumentType	ContractManualCompletion	Edm.String	0	0	1								CONTRACTMANUALCOMPLETION
LE_SHP_OD_CREATE	EntityProperty	I_SalesDocumentType	ContractPartnerCanclnDocDate	Edm.DateTime	0	0	0								CONTRACTPARTNERCANCLNDOCDATE
LE_SHP_OD_CREATE	EntityProperty	I_SalesDocumentType	ControllingArea	Edm.String	0	0	4								CONTROLLINGAREA
LE_SHP_OD_CREATE	EntityProperty	I_SalesDocumentType	ControllingAreaCurrency	Edm.String	0	0	5								CONTROLLINGAREACURRENCY
LE_SHP_OD_CREATE	EntityProperty	I_SalesDocumentType	ControllingObject	Edm.String	0	0	22								CONTROLLINGOBJECT
LE_SHP_OD_CREATE	EntityProperty	I_SalesDocumentType	CorrespncExternalReference	Edm.String	0	0	12								CORRESPNCEXTERNALREFERENCE
LE_SHP_OD_CREATE	EntityProperty	I_SalesDocumentType	CostCenter	Edm.String	0	0	10								COSTCENTER
LE_SHP_OD_CREATE	EntityProperty	I_SalesDocumentType	CostCenterBusinessArea	Edm.String	0	0	4								COSTCENTERBUSINESSAREA
LE_SHP_OD_CREATE	EntityProperty	I_SalesDocumentType	CostCenterBusinessArea_Text	Edm.String	0	0	30								T_COSTCENTERBUSINESSAREA
LE_SHP_OD_CREATE	EntityProperty	I_SalesDocumentType	CreatedByUser	Edm.String	0	0	12								CREATEDBYUSER
LE_SHP_OD_CREATE	EntityProperty	I_SalesDocumentType	CreationDate	Edm.DateTime	0	0	0								CREATIONDATE
LE_SHP_OD_CREATE	EntityProperty	I_SalesDocumentType	CreationTime	Edm.Time	0	0	0								CREATIONTIME
LE_SHP_OD_CREATE	EntityProperty	I_SalesDocumentType	CreditBlockReleaseDate	Edm.DateTime	0	0	0								CREDITBLOCKRELEASEDATE
LE_SHP_OD_CREATE	EntityProperty	I_SalesDocumentType	CreditControlArea	Edm.String	0	0	4								CREDITCONTROLAREA
LE_SHP_OD_CREATE	EntityProperty	I_SalesDocumentType	CreditControlArea_Text	Edm.String	0	0	35								T_CREDITCONTROLAREA
LE_SHP_OD_CREATE	EntityProperty	I_SalesDocumentType	CustomerAccountAssignmentGroup	Edm.String	0	0	2								CUSTOMERACCOUNTASSIGNMENTGROUP
LE_SHP_OD_CREATE	EntityProperty	I_SalesDocumentType	CustomerCreditAccount	Edm.String	0	0	10								CUSTOMERCREDITACCOUNT
LE_SHP_OD_CREATE	EntityProperty	I_SalesDocumentType	CustomerGroup	Edm.String	0	0	2								CUSTOMERGROUP
LE_SHP_OD_CREATE	EntityProperty	I_SalesDocumentType	CustomerPaymentTerms	Edm.String	0	0	4								CUSTOMERPAYMENTTERMS
LE_SHP_OD_CREATE	EntityProperty	I_SalesDocumentType	CustomerPriceGroup	Edm.String	0	0	2								CUSTOMERPRICEGROUP
LE_SHP_OD_CREATE	EntityProperty	I_SalesDocumentType	CustomerPurchaseOrderDate	Edm.DateTime	0	0	0								CUSTOMERPURCHASEORDERDATE
LE_SHP_OD_CREATE	EntityProperty	I_SalesDocumentType	CustomerPurchaseOrderSuplmnt	Edm.String	0	0	4								CUSTOMERPURCHASEORDERSUPLMNT
LE_SHP_OD_CREATE	EntityProperty	I_SalesDocumentType	CustomerPurchaseOrderType	Edm.String	0	0	4								CUSTOMERPURCHASEORDERTYPE
LE_SHP_OD_CREATE	EntityProperty	I_SalesDocumentType	CustomerRebateAgreement	Edm.String	0	0	10								CUSTOMERREBATEAGREEMENT
LE_SHP_OD_CREATE	EntityProperty	I_SalesDocumentType	CustomerTaxClassification1	Edm.String	0	0	1								CUSTOMERTAXCLASSIFICATION1
LE_SHP_OD_CREATE	EntityProperty	I_SalesDocumentType	CustomerTaxClassification2	Edm.String	0	0	1								CUSTOMERTAXCLASSIFICATION2
LE_SHP_OD_CREATE	EntityProperty	I_SalesDocumentType	CustomerTaxClassification3	Edm.String	0	0	1								CUSTOMERTAXCLASSIFICATION3
LE_SHP_OD_CREATE	EntityProperty	I_SalesDocumentType	CustomerTaxClassification4	Edm.String	0	0	1								CUSTOMERTAXCLASSIFICATION4
LE_SHP_OD_CREATE	EntityProperty	I_SalesDocumentType	CustomerTaxClassification5	Edm.String	0	0	1								CUSTOMERTAXCLASSIFICATION5
LE_SHP_OD_CREATE	EntityProperty	I_SalesDocumentType	CustomerTaxClassification6	Edm.String	0	0	1								CUSTOMERTAXCLASSIFICATION6
LE_SHP_OD_CREATE	EntityProperty	I_SalesDocumentType	CustomerTaxClassification7	Edm.String	0	0	1								CUSTOMERTAXCLASSIFICATION7
LE_SHP_OD_CREATE	EntityProperty	I_SalesDocumentType	CustomerTaxClassification8	Edm.String	0	0	1								CUSTOMERTAXCLASSIFICATION8
LE_SHP_OD_CREATE	EntityProperty	I_SalesDocumentType	CustomerTaxClassification9	Edm.String	0	0	1								CUSTOMERTAXCLASSIFICATION9
LE_SHP_OD_CREATE	EntityProperty	I_SalesDocumentType	DeliveryBlockReason	Edm.String	0	0	2								DELIVERYBLOCKREASON
LE_SHP_OD_CREATE	EntityProperty	I_SalesDocumentType	DeliveryDateTypeRule	Edm.String	0	0	1								DELIVERYDATETYPERULE
LE_SHP_OD_CREATE	EntityProperty	I_SalesDocumentType	DelivSchedTypeMRPRlvnceCode	Edm.String	0	0	1								DELIVSCHEDTYPEMRPRLVNCECODE
LE_SHP_OD_CREATE	EntityProperty	I_SalesDocumentType	DistributionChannel	Edm.String	0	0	2								DISTRIBUTIONCHANNEL
LE_SHP_OD_CREATE	EntityProperty	I_SalesDocumentType	EquipmentDeliveryAccptcDate	Edm.DateTime	0	0	0								EQUIPMENTDELIVERYACCPTCDATE
LE_SHP_OD_CREATE	EntityProperty	I_SalesDocumentType	EquipmentDismantlingDate	Edm.DateTime	0	0	0								EQUIPMENTDISMANTLINGDATE
LE_SHP_OD_CREATE	EntityProperty	I_SalesDocumentType	EquipmentInstallationDate	Edm.DateTime	0	0	0								EQUIPMENTINSTALLATIONDATE
LE_SHP_OD_CREATE	EntityProperty	I_SalesDocumentType	ExchangeRateDate	Edm.DateTime	0	0	0								EXCHANGERATEDATE
LE_SHP_OD_CREATE	EntityProperty	I_SalesDocumentType	ExchangeRateType	Edm.String	0	0	4								EXCHANGERATETYPE
LE_SHP_OD_CREATE	EntityProperty	I_SalesDocumentType	ExprtInsurCreditCheckStatus	Edm.String	0	0	1								EXPRTINSURCREDITCHECKSTATUS
LE_SHP_OD_CREATE	EntityProperty	I_SalesDocumentType	ExternalDocLastChangeDateTime	Edm.DateTimeOffset	7	0	0								EXTERNALDOCLASTCHANGEDATETIME
LE_SHP_OD_CREATE	EntityProperty	I_SalesDocumentType	ExternalDocumentID	Edm.String	0	0	40								EXTERNALDOCUMENTID
LE_SHP_OD_CREATE	EntityProperty	I_SalesDocumentType	FashionCancelDate	Edm.DateTime	0	0	0								FASHIONCANCELDATE
LE_SHP_OD_CREATE	EntityProperty	I_SalesDocumentType	FinDocCreditCheckStatus	Edm.String	0	0	1								FINDOCCREDITCHECKSTATUS
LE_SHP_OD_CREATE	EntityProperty	I_SalesDocumentType	FiscalPeriod	Edm.String	0	0	3								FISCALPERIOD
LE_SHP_OD_CREATE	EntityProperty	I_SalesDocumentType	FiscalYear	Edm.String	0	0	4								FISCALYEAR
LE_SHP_OD_CREATE	EntityProperty	I_SalesDocumentType	FixedValueDate	Edm.DateTime	0	0	0								FIXEDVALUEDATE
LE_SHP_OD_CREATE	EntityProperty	I_SalesDocumentType	HdrGeneralIncompletionStatus	Edm.String	0	0	1								HDRGENERALINCOMPLETIONSTATUS
LE_SHP_OD_CREATE	EntityProperty	I_SalesDocumentType	HdrOrderProbabilityInPercent	Edm.String	0	0	3								HDRORDERPROBABILITYINPERCENT
LE_SHP_OD_CREATE	EntityProperty	I_SalesDocumentType	HeaderBillgIncompletionStatus	Edm.String	0	0	1								HEADERBILLGINCOMPLETIONSTATUS
LE_SHP_OD_CREATE	EntityProperty	I_SalesDocumentType	HeaderBillingBlockReason	Edm.String	0	0	2								HEADERBILLINGBLOCKREASON
LE_SHP_OD_CREATE	EntityProperty	I_SalesDocumentType	HeaderDelivIncompletionStatus	Edm.String	0	0	1								HEADERDELIVINCOMPLETIONSTATUS
LE_SHP_OD_CREATE	EntityProperty	I_SalesDocumentType	IncotermsClassification	Edm.String	0	0	3								INCOTERMSCLASSIFICATION
LE_SHP_OD_CREATE	EntityProperty	I_SalesDocumentType	IncotermsLocation1	Edm.String	0	0	70								INCOTERMSLOCATION1
LE_SHP_OD_CREATE	EntityProperty	I_SalesDocumentType	IncotermsLocation2	Edm.String	0	0	70								INCOTERMSLOCATION2
LE_SHP_OD_CREATE	EntityProperty	I_SalesDocumentType	IncotermsTransferLocation	Edm.String	0	0	28								INCOTERMSTRANSFERLOCATION
LE_SHP_OD_CREATE	EntityProperty	I_SalesDocumentType	IncotermsVersion	Edm.String	0	0	4								INCOTERMSVERSION
LE_SHP_OD_CREATE	EntityProperty	I_SalesDocumentType	IsEUTriangularDeal	Edm.Boolean	0	0	0								ISEUTRIANGULARDEAL
LE_SHP_OD_CREATE	EntityProperty	I_SalesDocumentType	LastChangeDate	Edm.DateTime	0	0	0								LASTCHANGEDATE
LE_SHP_OD_CREATE	EntityProperty	I_SalesDocumentType	LastChangeDateTime	Edm.DateTimeOffset	7	0	0								LASTCHANGEDATETIME
LE_SHP_OD_CREATE	EntityProperty	I_SalesDocumentType	LastChangedByUser	Edm.String	0	0	12								LASTCHANGEDBYUSER
LE_SHP_OD_CREATE	EntityProperty	I_SalesDocumentType	LastCustomerContactDate	Edm.DateTime	0	0	0								LASTCUSTOMERCONTACTDATE
LE_SHP_OD_CREATE	EntityProperty	I_SalesDocumentType	MasterSalesContract	Edm.String	0	0	10								MASTERSALESCONTRACT
LE_SHP_OD_CREATE	EntityProperty	I_SalesDocumentType	MatlUsageIndicator	Edm.String	0	0	3								MATLUSAGEINDICATOR
LE_SHP_OD_CREATE	EntityProperty	I_SalesDocumentType	MaxDocValueCreditCheckStatus	Edm.String	0	0	1								MAXDOCVALUECREDITCHECKSTATUS
LE_SHP_OD_CREATE	EntityProperty	I_SalesDocumentType	NextCreditCheckDate	Edm.DateTime	0	0	0								NEXTCREDITCHECKDATE
LE_SHP_OD_CREATE	EntityProperty	I_SalesDocumentType	NextShippingDate	Edm.DateTime	0	0	0								NEXTSHIPPINGDATE
LE_SHP_OD_CREATE	EntityProperty	I_SalesDocumentType	NmbrOfSalesContractValdtyPerd	Edm.String	0	0	3								NMBROFSALESCONTRACTVALDTYPERD
LE_SHP_OD_CREATE	EntityProperty	I_SalesDocumentType	OmniChnlSalesPromotionStatus	Edm.String	0	0	1								OMNICHNLSALESPROMOTIONSTATUS
LE_SHP_OD_CREATE	EntityProperty	I_SalesDocumentType	OrderID	Edm.String	0	0	12								ORDERID
LE_SHP_OD_CREATE	EntityProperty	I_SalesDocumentType	OrganizationDivision	Edm.String	0	0	2								ORGANIZATIONDIVISION
LE_SHP_OD_CREATE	EntityProperty	I_SalesDocumentType	OverallBillingBlockStatus	Edm.String	0	0	1								OVERALLBILLINGBLOCKSTATUS
LE_SHP_OD_CREATE	EntityProperty	I_SalesDocumentType	OverallChmlCmplncStatus	Edm.String	0	0	1								OVERALLCHMLCMPLNCSTATUS
LE_SHP_OD_CREATE	EntityProperty	I_SalesDocumentType	OverallDangerousGoodsStatus	Edm.String	0	0	1								OVERALLDANGEROUSGOODSSTATUS
LE_SHP_OD_CREATE	EntityProperty	I_SalesDocumentType	OverallDelivConfStatus	Edm.String	0	0	1								OVERALLDELIVCONFSTATUS
LE_SHP_OD_CREATE	EntityProperty	I_SalesDocumentType	OverallDeliveryBlockStatus	Edm.String	0	0	1								OVERALLDELIVERYBLOCKSTATUS
LE_SHP_OD_CREATE	EntityProperty	I_SalesDocumentType	OverallDeliveryStatus	Edm.String	0	0	1								OVERALLDELIVERYSTATUS
LE_SHP_OD_CREATE	EntityProperty	I_SalesDocumentType	OverallOrdReltdBillgStatus	Edm.String	0	0	1								OVERALLORDRELTDBILLGSTATUS
LE_SHP_OD_CREATE	EntityProperty	I_SalesDocumentType	OverallPricingIncompletionSts	Edm.String	0	0	1								OVERALLPRICINGINCOMPLETIONSTS
LE_SHP_OD_CREATE	EntityProperty	I_SalesDocumentType	OverallPurchaseConfStatus	Edm.String	0	0	1								OVERALLPURCHASECONFSTATUS
LE_SHP_OD_CREATE	EntityProperty	I_SalesDocumentType	OverallSafetyDataSheetStatus	Edm.String	0	0	1								OVERALLSAFETYDATASHEETSTATUS
LE_SHP_OD_CREATE	EntityProperty	I_SalesDocumentType	OverallSDDocReferenceStatus	Edm.String	0	0	1								OVERALLSDDOCREFERENCESTATUS
LE_SHP_OD_CREATE	EntityProperty	I_SalesDocumentType	OverallSDDocumentRejectionSts	Edm.String	0	0	1								OVERALLSDDOCUMENTREJECTIONSTS
LE_SHP_OD_CREATE	EntityProperty	I_SalesDocumentType	OverallSDProcessStatus	Edm.String	0	0	1								OVERALLSDPROCESSSTATUS
LE_SHP_OD_CREATE	EntityProperty	I_SalesDocumentType	OverallTotalDeliveryStatus	Edm.String	0	0	1								OVERALLTOTALDELIVERYSTATUS
LE_SHP_OD_CREATE	EntityProperty	I_SalesDocumentType	OverallTotalSDDocRefStatus	Edm.String	0	0	1								OVERALLTOTALSDDOCREFSTATUS
LE_SHP_OD_CREATE	EntityProperty	I_SalesDocumentType	OverallTrdCmplncEmbargoSts	Edm.String	0	0	1								OVERALLTRDCMPLNCEMBARGOSTS
LE_SHP_OD_CREATE	EntityProperty	I_SalesDocumentType	OvrlItmBillingIncompletionSts	Edm.String	0	0	1								OVRLITMBILLINGINCOMPLETIONSTS
LE_SHP_OD_CREATE	EntityProperty	I_SalesDocumentType	OvrlItmDelivIncompletionSts	Edm.String	0	0	1								OVRLITMDELIVINCOMPLETIONSTS
LE_SHP_OD_CREATE	EntityProperty	I_SalesDocumentType	OvrlItmGeneralIncompletionSts	Edm.String	0	0	1								OVRLITMGENERALINCOMPLETIONSTS
LE_SHP_OD_CREATE	EntityProperty	I_SalesDocumentType	OvrlTrdCmplncLegalCtrlChkSts	Edm.String	0	0	1								OVRLTRDCMPLNCLEGALCTRLCHKSTS
LE_SHP_OD_CREATE	EntityProperty	I_SalesDocumentType	OvrlTrdCmplncSnctndListChkSts	Edm.String	0	0	1								OVRLTRDCMPLNCSNCTNDLISTCHKSTS
LE_SHP_OD_CREATE	EntityProperty	I_SalesDocumentType	PaymentMethod	Edm.String	0	0	1								PAYMENTMETHOD
LE_SHP_OD_CREATE	EntityProperty	I_SalesDocumentType	PaymentPlan	Edm.String	0	0	10								PAYMENTPLAN
LE_SHP_OD_CREATE	EntityProperty	I_SalesDocumentType	PaymentTermCreditCheckStatus	Edm.String	0	0	1								PAYMENTTERMCREDITCHECKSTATUS
LE_SHP_OD_CREATE	EntityProperty	I_SalesDocumentType	PaytAuthsnCreditCheckSts	Edm.String	0	0	1								PAYTAUTHSNCREDITCHECKSTS
LE_SHP_OD_CREATE	EntityProperty	I_SalesDocumentType	PriceDetnExchangeRate	Edm.Decimal	9	5	0								PRICEDETNEXCHANGERATE
LE_SHP_OD_CREATE	EntityProperty	I_SalesDocumentType	PriceListType	Edm.String	0	0	2								PRICELISTTYPE
LE_SHP_OD_CREATE	EntityProperty	I_SalesDocumentType	PricingDate	Edm.DateTime	0	0	0								PRICINGDATE
LE_SHP_OD_CREATE	EntityProperty	I_SalesDocumentType	ProductCatalog	Edm.String	0	0	10								PRODUCTCATALOG
LE_SHP_OD_CREATE	EntityProperty	I_SalesDocumentType	PurchaseOrderByCustomer	Edm.String	0	0	35								PURCHASEORDERBYCUSTOMER
LE_SHP_OD_CREATE	EntityProperty	I_SalesDocumentType	PurchaseOrderByShipToParty	Edm.String	0	0	35								PURCHASEORDERBYSHIPTOPARTY
LE_SHP_OD_CREATE	EntityProperty	I_SalesDocumentType	ReferenceSDDocument	Edm.String	0	0	10								REFERENCESDDOCUMENT
LE_SHP_OD_CREATE	EntityProperty	I_SalesDocumentType	ReferenceSDDocumentCategory	Edm.String	0	0	4								REFERENCESDDOCUMENTCATEGORY
LE_SHP_OD_CREATE	EntityProperty	I_SalesDocumentType	ReleasedCreditAmount	Edm.Decimal	16	3	0								RELEASEDCREDITAMOUNT
LE_SHP_OD_CREATE	EntityProperty	I_SalesDocumentType	RequestedCancellationDate	Edm.DateTime	0	0	0								REQUESTEDCANCELLATIONDATE
LE_SHP_OD_CREATE	EntityProperty	I_SalesDocumentType	RequestedDeliveryDate	Edm.DateTime	0	0	0								REQUESTEDDELIVERYDATE
LE_SHP_OD_CREATE	EntityProperty	I_SalesDocumentType	RetailAdditionalCustomerGrp10	Edm.String	0	0	3								RETAILADDITIONALCUSTOMERGRP10
LE_SHP_OD_CREATE	EntityProperty	I_SalesDocumentType	RetailAdditionalCustomerGrp6	Edm.String	0	0	3								RETAILADDITIONALCUSTOMERGRP6
LE_SHP_OD_CREATE	EntityProperty	I_SalesDocumentType	RetailAdditionalCustomerGrp7	Edm.String	0	0	3								RETAILADDITIONALCUSTOMERGRP7
LE_SHP_OD_CREATE	EntityProperty	I_SalesDocumentType	RetailAdditionalCustomerGrp8	Edm.String	0	0	3								RETAILADDITIONALCUSTOMERGRP8
LE_SHP_OD_CREATE	EntityProperty	I_SalesDocumentType	RetailAdditionalCustomerGrp9	Edm.String	0	0	3								RETAILADDITIONALCUSTOMERGRP9
LE_SHP_OD_CREATE	EntityProperty	I_SalesDocumentType	RetailPromotion	Edm.String	0	0	10								RETAILPROMOTION
LE_SHP_OD_CREATE	EntityProperty	I_SalesDocumentType	RetsMgmtProcess	Edm.String	0	0	10								RETSMGMTPROCESS
LE_SHP_OD_CREATE	EntityProperty	I_SalesDocumentType	SalesContractCanclnParty	Edm.String	0	0	1								SALESCONTRACTCANCLNPARTY
LE_SHP_OD_CREATE	EntityProperty	I_SalesDocumentType	SalesContractCanclnProcedure	Edm.String	0	0	4								SALESCONTRACTCANCLNPROCEDURE
LE_SHP_OD_CREATE	EntityProperty	I_SalesDocumentType	SalesContractCanclnReason	Edm.String	0	0	2								SALESCONTRACTCANCLNREASON
LE_SHP_OD_CREATE	EntityProperty	I_SalesDocumentType	SalesContractFollowUpAction	Edm.String	0	0	4								SALESCONTRACTFOLLOWUPACTION
LE_SHP_OD_CREATE	EntityProperty	I_SalesDocumentType	SalesContractSignedDate	Edm.DateTime	0	0	0								SALESCONTRACTSIGNEDDATE
LE_SHP_OD_CREATE	EntityProperty	I_SalesDocumentType	SalesContractValidityPerdCat	Edm.String	0	0	2								SALESCONTRACTVALIDITYPERDCAT
LE_SHP_OD_CREATE	EntityProperty	I_SalesDocumentType	SalesContractValidityPerdUnit	Edm.String	0	0	1								SALESCONTRACTVALIDITYPERDUNIT
LE_SHP_OD_CREATE	EntityProperty	I_SalesDocumentType	SalesDistrict	Edm.String	0	0	6								SALESDISTRICT
LE_SHP_OD_CREATE	EntityProperty	I_SalesDocumentType	SalesDocApprovalReason	Edm.String	0	0	4								SALESDOCAPPROVALREASON
LE_SHP_OD_CREATE	EntityProperty	I_SalesDocumentType	SalesDocApprovalStatus	Edm.String	0	0	1								SALESDOCAPPROVALSTATUS
LE_SHP_OD_CREATE	EntityProperty	I_SalesDocumentType	SalesDocument	Edm.String	0	0	10	X							SALESDOCUMENT
LE_SHP_OD_CREATE	EntityProperty	I_SalesDocumentType	SalesDocumentCondition	Edm.String	0	0	10								SALESDOCUMENTCONDITION
LE_SHP_OD_CREATE	EntityProperty	I_SalesDocumentType	SalesDocumentDate	Edm.DateTime	0	0	0								SALESDOCUMENTDATE
LE_SHP_OD_CREATE	EntityProperty	I_SalesDocumentType	SalesDocumentProcessingType	Edm.String	0	0	1								SALESDOCUMENTPROCESSINGTYPE
LE_SHP_OD_CREATE	EntityProperty	I_SalesDocumentType	SalesDocumentType	Edm.String	0	0	4								SALESDOCUMENTTYPE
LE_SHP_OD_CREATE	EntityProperty	I_SalesDocumentType	SalesGroup	Edm.String	0	0	3								SALESGROUP
LE_SHP_OD_CREATE	EntityProperty	I_SalesDocumentType	SalesItemProposalDescription	Edm.String	0	0	40								SALESITEMPROPOSALDESCRIPTION
LE_SHP_OD_CREATE	EntityProperty	I_SalesDocumentType	SalesOffice	Edm.String	0	0	4								SALESOFFICE
LE_SHP_OD_CREATE	EntityProperty	I_SalesDocumentType	SalesOrganization	Edm.String	0	0	4								SALESORGANIZATION
LE_SHP_OD_CREATE	EntityProperty	I_SalesDocumentType	SchedulingAgreementProfileCode	Edm.String	0	0	1								SCHEDULINGAGREEMENTPROFILECODE
LE_SHP_OD_CREATE	EntityProperty	I_SalesDocumentType	SDDocumentCategory	Edm.String	0	0	4								SDDOCUMENTCATEGORY
LE_SHP_OD_CREATE	EntityProperty	I_SalesDocumentType	SDDocumentCollectiveNumber	Edm.String	0	0	10								SDDOCUMENTCOLLECTIVENUMBER
LE_SHP_OD_CREATE	EntityProperty	I_SalesDocumentType	SDDocumentReason	Edm.String	0	0	3								SDDOCUMENTREASON
LE_SHP_OD_CREATE	EntityProperty	I_SalesDocumentType	SDPricingProcedure	Edm.String	0	0	6								SDPRICINGPROCEDURE
LE_SHP_OD_CREATE	EntityProperty	I_SalesDocumentType	SenderBusinessSystemName	Edm.String	0	0	60								SENDERBUSINESSSYSTEMNAME
LE_SHP_OD_CREATE	EntityProperty	I_SalesDocumentType	ServicesRenderedDate	Edm.DateTime	0	0	0								SERVICESRENDEREDDATE
LE_SHP_OD_CREATE	EntityProperty	I_SalesDocumentType	ShippingCondition	Edm.String	0	0	2								SHIPPINGCONDITION
LE_SHP_OD_CREATE	EntityProperty	I_SalesDocumentType	ShippingType	Edm.String	0	0	2								SHIPPINGTYPE
LE_SHP_OD_CREATE	EntityProperty	I_SalesDocumentType	SlsContractCanclnReqRcptDate	Edm.DateTime	0	0	0								SLSCONTRACTCANCLNREQRCPTDATE
LE_SHP_OD_CREATE	EntityProperty	I_SalesDocumentType	SlsContractFollowUpActionDate	Edm.DateTime	0	0	0								SLSCONTRACTFOLLOWUPACTIONDATE
LE_SHP_OD_CREATE	EntityProperty	I_SalesDocumentType	SlsDocIsRlvtForProofOfDeliv	Edm.Boolean	0	0	0								SLSDOCISRLVTFORPROOFOFDELIV
LE_SHP_OD_CREATE	EntityProperty	I_SalesDocumentType	SoldToParty	Edm.String	0	0	10								SOLDTOPARTY
LE_SHP_OD_CREATE	EntityProperty	I_SalesDocumentType	StatisticsCurrency	Edm.String	0	0	5								STATISTICSCURRENCY
LE_SHP_OD_CREATE	EntityProperty	I_SalesDocumentType	TaxDepartureCountry	Edm.String	0	0	3								TAXDEPARTURECOUNTRY
LE_SHP_OD_CREATE	EntityProperty	I_SalesDocumentType	TotalBlockStatus	Edm.String	0	0	1								TOTALBLOCKSTATUS
LE_SHP_OD_CREATE	EntityProperty	I_SalesDocumentType	TotalCreditCheckStatus	Edm.String	0	0	1								TOTALCREDITCHECKSTATUS
LE_SHP_OD_CREATE	EntityProperty	I_SalesDocumentType	TotalNetAmount	Edm.Decimal	16	3	0								TOTALNETAMOUNT
LE_SHP_OD_CREATE	EntityProperty	I_SalesDocumentType	TransactionCurrency	Edm.String	0	0	5								TRANSACTIONCURRENCY
LE_SHP_OD_CREATE	EntityProperty	I_SalesDocumentType	VATRegistrationCountry	Edm.String	0	0	3								VATREGISTRATIONCOUNTRY
LE_SHP_OD_CREATE	EntityProperty	I_SalesDocumentType	ZZ1_SDABW1_SDH	Edm.String	0	0	4								ZZ1_SDABW1_SDH
LE_SHP_OD_CREATE	EntityProperty	I_SalesDocumentType	ZZ1_TRTYP_SDH	Edm.String	0	0	4								ZZ1_TRTYP_SDH
LE_SHP_OD_CREATE	EntityProperty	I_SalesGroupType	SalesGroup	Edm.String	0	0	3	X							SALESGROUP
LE_SHP_OD_CREATE	EntityProperty	I_SalesGroupType	SalesGroup_Text	Edm.String	0	0	20								T_SALESGROUP
LE_SHP_OD_CREATE	EntityProperty	C_DeliverySoldToPartyVHType	AddressID	Edm.String	0	0	10	X							ADDRESSID
LE_SHP_OD_CREATE	EntityProperty	C_DeliverySoldToPartyVHType	AuthorizationGroup	Edm.String	0	0	4								AUTHORIZATIONGROUP
LE_SHP_OD_CREATE	EntityProperty	C_DeliverySoldToPartyVHType	BusinessPartnerName1	Edm.String	0	0	40								BUSINESSPARTNERNAME1
LE_SHP_OD_CREATE	EntityProperty	C_DeliverySoldToPartyVHType	BusinessPartnerName2	Edm.String	0	0	40								BUSINESSPARTNERNAME2
LE_SHP_OD_CREATE	EntityProperty	C_DeliverySoldToPartyVHType	CityName	Edm.String	0	0	40								CITYNAME
LE_SHP_OD_CREATE	EntityProperty	C_DeliverySoldToPartyVHType	Country	Edm.String	0	0	3								COUNTRY
LE_SHP_OD_CREATE	EntityProperty	C_DeliverySoldToPartyVHType	Customer	Edm.String	0	0	10	X							CUSTOMER
LE_SHP_OD_CREATE	EntityProperty	C_DeliverySoldToPartyVHType	CustomerAccountGroup	Edm.String	0	0	4								CUSTOMERACCOUNTGROUP
LE_SHP_OD_CREATE	EntityProperty	C_DeliverySoldToPartyVHType	CustomerName	Edm.String	0	0	80								CUSTOMERNAME
LE_SHP_OD_CREATE	EntityProperty	C_DeliverySoldToPartyVHType	IsBusinessPurposeCompleted	Edm.String	0	0	1								ISBUSINESSPURPOSECOMPLETED
LE_SHP_OD_CREATE	EntityProperty	C_DeliverySoldToPartyVHType	PostalCode	Edm.String	0	0	10								POSTALCODE
LE_SHP_OD_CREATE	EntityProperty	C_DeliverySoldToPartyVHType	StreetName	Edm.String	0	0	60								STREETNAME
LE_SHP_OD_CREATE	EntityProperty	I_BusinessSolutionOrderStdVHType	BusinessPartnerName	Edm.String	0	0	81								BUSINESSPARTNERNAME
LE_SHP_OD_CREATE	EntityProperty	I_BusinessSolutionOrderStdVHType	BusinessSolutionOrder	Edm.String	0	0	10	X							BUSINESSSOLUTIONORDER
LE_SHP_OD_CREATE	EntityProperty	I_BusinessSolutionOrderStdVHType	BusSolnOrdDescription	Edm.String	0	0	40								BUSSOLNORDDESCRIPTION
LE_SHP_OD_CREATE	EntityProperty	I_BusinessSolutionOrderStdVHType	PurchaseOrderByCustomer	Edm.String	0	0	35								PURCHASEORDERBYCUSTOMER
LE_SHP_OD_CREATE	EntityProperty	I_BusinessSolutionOrderStdVHType	SalesOrganization	Edm.String	0	0	4								SALESORGANIZATION
LE_SHP_OD_CREATE	EntityProperty	I_BusinessSolutionOrderStdVHType	ServiceDocumentStatus	Edm.String	0	0	4								SERVICEDOCUMENTSTATUS
LE_SHP_OD_CREATE	EntityProperty	I_BusinessSolutionOrderStdVHType	ServiceDocumentStatusName	Edm.String	0	0	60								SERVICEDOCUMENTSTATUSNAME
LE_SHP_OD_CREATE	EntityProperty	I_Customer_VHType	AuthorizationGroup	Edm.String	0	0	4								AUTHORIZATIONGROUP
LE_SHP_OD_CREATE	EntityProperty	I_Customer_VHType	BusinessPartner	Edm.String	0	0	10								BUSINESSPARTNER
LE_SHP_OD_CREATE	EntityProperty	I_Customer_VHType	BusinessPartnerType	Edm.String	0	0	4								BUSINESSPARTNERTYPE
LE_SHP_OD_CREATE	EntityProperty	I_Customer_VHType	CityName	Edm.String	0	0	35								CITYNAME
LE_SHP_OD_CREATE	EntityProperty	I_Customer_VHType	Country	Edm.String	0	0	3								COUNTRY
LE_SHP_OD_CREATE	EntityProperty	I_Customer_VHType	Customer	Edm.String	0	0	10	X							CUSTOMER
LE_SHP_OD_CREATE	EntityProperty	I_Customer_VHType	CustomerAccountGroup	Edm.String	0	0	4								CUSTOMERACCOUNTGROUP
LE_SHP_OD_CREATE	EntityProperty	I_Customer_VHType	CustomerName	Edm.String	0	0	80								CUSTOMERNAME
LE_SHP_OD_CREATE	EntityProperty	I_Customer_VHType	IsBusinessPurposeCompleted	Edm.String	0	0	1								ISBUSINESSPURPOSECOMPLETED
LE_SHP_OD_CREATE	EntityProperty	I_Customer_VHType	IsCompetitor	Edm.Boolean	0	0	0								ISCOMPETITOR
LE_SHP_OD_CREATE	EntityProperty	I_Customer_VHType	OrganizationBPName1	Edm.String	0	0	35								ORGANIZATIONBPNAME1
LE_SHP_OD_CREATE	EntityProperty	I_Customer_VHType	OrganizationBPName2	Edm.String	0	0	35								ORGANIZATIONBPNAME2
LE_SHP_OD_CREATE	EntityProperty	I_Customer_VHType	PostalCode	Edm.String	0	0	10								POSTALCODE
LE_SHP_OD_CREATE	EntityProperty	I_Customer_VHType	StreetName	Edm.String	0	0	35								STREETNAME
LE_SHP_OD_CREATE	EntityProperty	I_DeliveryBlockReasonType	DeliveryBlockReason	Edm.String	0	0	2	X							DELIVERYBLOCKREASON
LE_SHP_OD_CREATE	EntityProperty	I_DeliveryBlockReasonType	DeliveryBlockReason_Text	Edm.String	0	0	20								T_DELIVERYBLOCKREASON
LE_SHP_OD_CREATE	EntityProperty	I_DeliveryBlockReasonType	DeliveryDueListBlock	Edm.Boolean	0	0	0								DELIVERYDUELISTBLOCK
LE_SHP_OD_CREATE	EntityProperty	C_SoldToValueHelpType	BusinessPartnerImageURL	Edm.String	0	0	255								BUSINESSPARTNERIMAGEURL
LE_SHP_OD_CREATE	EntityProperty	C_SoldToValueHelpType	CityName	Edm.String	0	0	40								CITYNAME
LE_SHP_OD_CREATE	EntityProperty	C_SoldToValueHelpType	Country	Edm.String	0	0	3								COUNTRY
LE_SHP_OD_CREATE	EntityProperty	C_SoldToValueHelpType	Customer	Edm.String	0	0	10	X							CUSTOMER
LE_SHP_OD_CREATE	EntityProperty	C_SoldToValueHelpType	CustomerName	Edm.String	0	0	80								CUSTOMERNAME
LE_SHP_OD_CREATE	EntityProperty	C_SoldToValueHelpType	EmailAddress	Edm.String	0	0	241								EMAILADDRESS
LE_SHP_OD_CREATE	EntityProperty	C_SoldToValueHelpType	HouseNumber	Edm.String	0	0	10								HOUSENUMBER
LE_SHP_OD_CREATE	EntityProperty	C_SoldToValueHelpType	InternationalMobilePhoneNumber	Edm.String	0	0	30								INTERNATIONALMOBILEPHONENUMBER
LE_SHP_OD_CREATE	EntityProperty	C_SoldToValueHelpType	InternationalPhoneNumber	Edm.String	0	0	30								INTERNATIONALPHONENUMBER
LE_SHP_OD_CREATE	EntityProperty	C_SoldToValueHelpType	OrganizationBPName1	Edm.String	0	0	35								ORGANIZATIONBPNAME1
LE_SHP_OD_CREATE	EntityProperty	C_SoldToValueHelpType	OrganizationBPName2	Edm.String	0	0	35								ORGANIZATIONBPNAME2
LE_SHP_OD_CREATE	EntityProperty	C_SoldToValueHelpType	PostalCode	Edm.String	0	0	10								POSTALCODE
LE_SHP_OD_CREATE	EntityProperty	C_SoldToValueHelpType	StreetName	Edm.String	0	0	60								STREETNAME
LE_SHP_OD_CREATE	EntityProperty	C_Q2CCustomerMultiAddrVHType	AddressID	Edm.String	0	0	10	X							ADDRESSID
LE_SHP_OD_CREATE	EntityProperty	C_Q2CCustomerMultiAddrVHType	AddressValidityEndDate	Edm.DateTime	0	0	0								ADDRESSVALIDITYENDDATE
LE_SHP_OD_CREATE	EntityProperty	C_Q2CCustomerMultiAddrVHType	AddressValidityStartDate	Edm.DateTime	0	0	0								ADDRESSVALIDITYSTARTDATE
LE_SHP_OD_CREATE	EntityProperty	C_Q2CCustomerMultiAddrVHType	BusinessPartner	Edm.String	0	0	10	X							BUSINESSPARTNER
LE_SHP_OD_CREATE	EntityProperty	C_Q2CCustomerMultiAddrVHType	CityName	Edm.String	0	0	40								CITYNAME
LE_SHP_OD_CREATE	EntityProperty	C_Q2CCustomerMultiAddrVHType	Country	Edm.String	0	0	3								COUNTRY
LE_SHP_OD_CREATE	EntityProperty	C_Q2CCustomerMultiAddrVHType	Customer	Edm.String	0	0	10	X							CUSTOMER
LE_SHP_OD_CREATE	EntityProperty	C_Q2CCustomerMultiAddrVHType	CustomerName	Edm.String	0	0	80								CUSTOMERNAME
LE_SHP_OD_CREATE	EntityProperty	C_Q2CCustomerMultiAddrVHType	HouseNumber	Edm.String	0	0	10								HOUSENUMBER
LE_SHP_OD_CREATE	EntityProperty	C_Q2CCustomerMultiAddrVHType	OrganizationBPName1	Edm.String	0	0	35								ORGANIZATIONBPNAME1
LE_SHP_OD_CREATE	EntityProperty	C_Q2CCustomerMultiAddrVHType	OrganizationBPName2	Edm.String	0	0	35								ORGANIZATIONBPNAME2
LE_SHP_OD_CREATE	EntityProperty	C_Q2CCustomerMultiAddrVHType	PostalCode	Edm.String	0	0	10								POSTALCODE
LE_SHP_OD_CREATE	EntityProperty	C_Q2CCustomerMultiAddrVHType	StandardUsage	Edm.Boolean	0	0	0								STANDARDUSAGE
LE_SHP_OD_CREATE	EntityProperty	C_Q2CCustomerMultiAddrVHType	StreetName	Edm.String	0	0	60								STREETNAME
LE_SHP_OD_CREATE	EntityProperty	I_SalesDocumentTypeType	DeliveryBlockReason	Edm.String	0	0	2								DELIVERYBLOCKREASON
LE_SHP_OD_CREATE	EntityProperty	I_SalesDocumentTypeType	IsLocked	Edm.String	0	0	1								ISLOCKED
LE_SHP_OD_CREATE	EntityProperty	I_SalesDocumentTypeType	MandatoryReferenceSDDocCat	Edm.String	0	0	1								MANDATORYREFERENCESDDOCCAT
LE_SHP_OD_CREATE	EntityProperty	I_SalesDocumentTypeType	NumberRangeForExtIDAssignment	Edm.String	0	0	2								NUMBERRANGEFOREXTIDASSIGNMENT
LE_SHP_OD_CREATE	EntityProperty	I_SalesDocumentTypeType	NumberRangeForIntIDAssignment	Edm.String	0	0	2								NUMBERRANGEFORINTIDASSIGNMENT
LE_SHP_OD_CREATE	EntityProperty	I_SalesDocumentTypeType	OrderTypeForBillingRequest	Edm.String	0	0	4								ORDERTYPEFORBILLINGREQUEST
LE_SHP_OD_CREATE	EntityProperty	I_SalesDocumentTypeType	PartnerDeterminationProcedure	Edm.String	0	0	4								PARTNERDETERMINATIONPROCEDURE
LE_SHP_OD_CREATE	EntityProperty	I_SalesDocumentTypeType	RetsMgmtIsActive	Edm.String	0	0	1								RETSMGMTISACTIVE
LE_SHP_OD_CREATE	EntityProperty	I_SalesDocumentTypeType	SalesDocumentProcessingType	Edm.String	0	0	1								SALESDOCUMENTPROCESSINGTYPE
LE_SHP_OD_CREATE	EntityProperty	I_SalesDocumentTypeType	SalesDocumentType	Edm.String	0	0	4	X							SALESDOCUMENTTYPE
LE_SHP_OD_CREATE	EntityProperty	I_SalesDocumentTypeType	SalesDocumentType_Text	Edm.String	0	0	20								T_SALESDOCUMENTTYPE
LE_SHP_OD_CREATE	EntityProperty	I_SalesDocumentTypeType	ScreenSequenceGroup	Edm.String	0	0	4								SCREENSEQUENCEGROUP
LE_SHP_OD_CREATE	EntityProperty	I_SalesDocumentTypeType	SDDocumentCategory	Edm.String	0	0	4								SDDOCUMENTCATEGORY
LE_SHP_OD_CREATE	EntityProperty	I_SalesDocumentTypeType	SlsDocProdProposalProcedure	Edm.String	0	0	2								SLSDOCPRODPROPOSALPROCEDURE
LE_SHP_OD_CREATE	EntityProperty	I_SalesDocumentTypeType	TextDeterminationProcedure	Edm.String	0	0	2								TEXTDETERMINATIONPROCEDURE
LE_SHP_OD_CREATE	EntityProperty	I_SalesDocumentTypeType	TradeComplianceIsActive	Edm.Boolean	0	0	0								TRADECOMPLIANCEISACTIVE
LE_SHP_OD_CREATE	EntityProperty	I_SlsOrderToTranspMgmtType	SlsOrdIsRelevantForTranspMgmt	Edm.Boolean	0	0	0	X							SLSORDISRELEVANTFORTRANSPMGMT
LE_SHP_OD_CREATE	EntityProperty	I_SlsOrderToTranspMgmtType	SlsOrdIsRelevantForTranspMgmt_Text	Edm.String	0	0	60								T_SLSORDISRELEVANTFORT_046F37F
LE_SHP_OD_CREATE	EntityProperty	I_RouteType	Route	Edm.String	0	0	6	X							ROUTE
LE_SHP_OD_CREATE	EntityProperty	I_RouteType	Route_Text	Edm.String	0	0	40								T_ROUTE
LE_SHP_OD_CREATE	EntityProperty	I_ControllingAreaStdVHType	ControllingArea	Edm.String	0	0	4	X							CONTROLLINGAREA
LE_SHP_OD_CREATE	EntityProperty	I_ControllingAreaStdVHType	ControllingAreaName	Edm.String	0	0	25								CONTROLLINGAREANAME
LE_SHP_OD_CREATE	EntityProperty	I_DistributionChannelType	DistributionChannel	Edm.String	0	0	2	X							DISTRIBUTIONCHANNEL
LE_SHP_OD_CREATE	EntityProperty	I_DistributionChannelType	DistributionChannel_Text	Edm.String	0	0	20								T_DISTRIBUTIONCHANNEL
LE_SHP_OD_CREATE	EntityProperty	I_DistributionChannelType	DistributionChannelOID	Edm.String	0	0	128								DISTRIBUTIONCHANNELOID
LE_SHP_OD_CREATE	EntityProperty	I_UnitOfMeasureType	IsPrimaryUnitForISOCode	Edm.Boolean	0	0	0								ISPRIMARYUNITFORISOCODE
LE_SHP_OD_CREATE	EntityProperty	I_UnitOfMeasureType	SIUnitCnvrsnAdditiveValue	Edm.Decimal	9	6	0								SIUNITCNVRSNADDITIVEVALUE
LE_SHP_OD_CREATE	EntityProperty	I_UnitOfMeasureType	SIUnitCnvrsnRateDenominator	Edm.Int32	0	0	0								SIUNITCNVRSNRATEDENOMINATOR
LE_SHP_OD_CREATE	EntityProperty	I_UnitOfMeasureType	SIUnitCnvrsnRateExponent	Edm.Int16	0	0	0								SIUNITCNVRSNRATEEXPONENT
LE_SHP_OD_CREATE	EntityProperty	I_UnitOfMeasureType	SIUnitCnvrsnRateNumerator	Edm.Int32	0	0	0								SIUNITCNVRSNRATENUMERATOR
LE_SHP_OD_CREATE	EntityProperty	I_UnitOfMeasureType	UnitOfMeasure	Edm.String	0	0	3	X							UNITOFMEASURE
LE_SHP_OD_CREATE	EntityProperty	I_UnitOfMeasureType	UnitOfMeasure_Text	Edm.String	0	0	30								T_UNITOFMEASURE
LE_SHP_OD_CREATE	EntityProperty	I_UnitOfMeasureType	UnitOfMeasureDimension	Edm.String	0	0	6								UNITOFMEASUREDIMENSION
LE_SHP_OD_CREATE	EntityProperty	I_UnitOfMeasureType	UnitOfMeasureDspExponent	Edm.Int16	0	0	0								UNITOFMEASUREDSPEXPONENT
LE_SHP_OD_CREATE	EntityProperty	I_UnitOfMeasureType	UnitOfMeasureDspNmbrOfDcmls	Edm.Int16	0	0	0								UNITOFMEASUREDSPNMBROFDCMLS
LE_SHP_OD_CREATE	EntityProperty	I_UnitOfMeasureType	UnitOfMeasureIsCommercial	Edm.Boolean	0	0	0								UNITOFMEASUREISCOMMERCIAL
LE_SHP_OD_CREATE	EntityProperty	I_UnitOfMeasureType	UnitOfMeasureISOCode	Edm.String	0	0	3								UNITOFMEASUREISOCODE
LE_SHP_OD_CREATE	EntityProperty	I_UnitOfMeasureType	UnitOfMeasureNumberOfDecimals	Edm.Int16	0	0	0								UNITOFMEASURENUMBEROFDECIMALS
LE_SHP_OD_CREATE	EntityProperty	I_UnitOfMeasureType	UnitOfMeasurePressure	Edm.Double	0	0	0								UNITOFMEASUREPRESSURE
LE_SHP_OD_CREATE	EntityProperty	I_UnitOfMeasureType	UnitOfMeasurePressureUnit	Edm.String	0	0	3								UNITOFMEASUREPRESSUREUNIT
LE_SHP_OD_CREATE	EntityProperty	I_UnitOfMeasureType	UnitOfMeasureSAPCode	Edm.String	0	0	3								UNITOFMEASURESAPCODE
LE_SHP_OD_CREATE	EntityProperty	I_UnitOfMeasureType	UnitOfMeasureTemperature	Edm.Double	0	0	0								UNITOFMEASURETEMPERATURE
LE_SHP_OD_CREATE	EntityProperty	I_UnitOfMeasureType	UnitOfMeasureTemperatureUnit	Edm.String	0	0	3								UNITOFMEASURETEMPERATUREUNIT
LE_SHP_OD_CREATE	EntityProperty	I_SalesOfficeType	SalesOffice	Edm.String	0	0	4	X							SALESOFFICE
LE_SHP_OD_CREATE	EntityProperty	I_SalesOfficeType	SalesOffice_Text	Edm.String	0	0	20								T_SALESOFFICE
LE_SHP_OD_CREATE	EntityProperty	C_DeliverySalesDocumentTypeVHType	RetsMgmtIsActive	Edm.String	0	0	1								RETSMGMTISACTIVE
LE_SHP_OD_CREATE	EntityProperty	C_DeliverySalesDocumentTypeVHType	SalesDocumentType	Edm.String	0	0	4	X							SALESDOCUMENTTYPE
LE_SHP_OD_CREATE	EntityProperty	C_DeliverySalesDocumentTypeVHType	SalesDocumentType_Text	Edm.String	0	0	20								T_SALESDOCUMENTTYPE
LE_SHP_OD_CREATE	EntityProperty	C_DeliverySalesDocumentTypeVHType	SalesDocumentTypeLangDepdnt	Edm.String	0	0	4								SALESDOCUMENTTYPELANGDEPDNT
LE_SHP_OD_CREATE	EntityProperty	C_DeliverySalesDocumentTypeVHType	SalesDocumentTypeName	Edm.String	0	0	20								SALESDOCUMENTTYPENAME
LE_SHP_OD_CREATE	EntityProperty	C_DeliverySalesDocumentTypeVHType	SDDocumentCategory	Edm.String	0	0	4								SDDOCUMENTCATEGORY
LE_SHP_OD_CREATE	EntityProperty	C_DeliverySalesDocumentTypeVHType	SDDocumentCategoryName	Edm.String	0	0	25								SDDOCUMENTCATEGORYNAME
LE_SHP_OD_CREATE	EntityProperty	I_CompanyCodeStdVHType	CompanyCode	Edm.String	0	0	4	X							COMPANYCODE
LE_SHP_OD_CREATE	EntityProperty	I_CompanyCodeStdVHType	CompanyCodeName	Edm.String	0	0	25								COMPANYCODENAME
LE_SHP_OD_CREATE	EntityProperty	I_OverallDangerousGoodsStatusType	OverallDangerousGoodsStatus	Edm.String	0	0	1	X							OVERALLDANGEROUSGOODSSTATUS
LE_SHP_OD_CREATE	EntityProperty	I_OverallDangerousGoodsStatusType	OverallDangerousGoodsStatus_Text	Edm.String	0	0	60								T_OVERALLDANGEROUSGOODSSTATUS
LE_SHP_OD_CREATE	EntityProperty	I_RetsMgmtProcessStdVHType	RetsMgmtProcess	Edm.String	0	0	10	X							RETSMGMTPROCESS
LE_SHP_QC_DLVREF	EntityProperty	C_SalesOrderDueForDeliveryVHType	DelivBlockReasonForSchedLine	Edm.String	0	0	2								DELIVBLOCKREASONFORSCHEDLINE
LE_SHP_QC_DLVREF	EntityProperty	C_SalesOrderDueForDeliveryVHType	DeliveryCreationDate	Edm.DateTime	0	0	0								DELIVERYCREATIONDATE
LE_SHP_QC_DLVREF	EntityProperty	C_SalesOrderDueForDeliveryVHType	DeliveryPriority	Edm.String	0	0	2								DELIVERYPRIORITY
LE_SHP_QC_DLVREF	EntityProperty	C_SalesOrderDueForDeliveryVHType	ForwardingAgent	Edm.String	0	0	10								FORWARDINGAGENT
LE_SHP_QC_DLVREF	EntityProperty	C_SalesOrderDueForDeliveryVHType	GoodsIssueDate	Edm.DateTime	0	0	0								GOODSISSUEDATE
LE_SHP_QC_DLVREF	EntityProperty	C_SalesOrderDueForDeliveryVHType	Route	Edm.String	0	0	6								ROUTE
LE_SHP_QC_DLVREF	EntityProperty	C_SalesOrderDueForDeliveryVHType	SalesOrder	Edm.String	0	0	10	X							SALESORDER
LE_SHP_QC_DLVREF	EntityProperty	C_SalesOrderDueForDeliveryVHType	SalesOrderItem	Edm.String	0	0	6	X							SALESORDERITEM
LE_SHP_QC_DLVREF	EntityProperty	C_SalesOrderDueForDeliveryVHType	ScheduleLine	Edm.String	0	0	4	X							SCHEDULELINE
LE_SHP_QC_DLVREF	EntityProperty	C_SalesOrderDueForDeliveryVHType	ShippingPoint	Edm.String	0	0	4								SHIPPINGPOINT
LE_SHP_QC_DLVREF	EntityProperty	C_SalesOrderDueForDeliveryVHType	ShipToParty	Edm.String	0	0	10								SHIPTOPARTY
LE_SHP_QC_DLVREF	EntityProperty	I_CompanyCodeStdVHType	CompanyCode	Edm.String	0	0	4	X							COMPANYCODE
LE_SHP_QC_DLVREF	EntityProperty	I_CompanyCodeStdVHType	CompanyCodeName	Edm.String	0	0	25								COMPANYCODENAME
LE_SHP_QC_DLVREF	EntityProperty	I_CreditControlAreaStdVHType	CreditControlArea	Edm.String	0	0	4	X							CREDITCONTROLAREA
LE_SHP_QC_DLVREF	EntityProperty	I_CreditControlAreaStdVHType	CreditControlArea_Text	Edm.String	0	0	35								T_CREDITCONTROLAREA
LE_SHP_QC_DLVREF	EntityProperty	C_DelivWthRefQuickCreateType	CustomerName	Edm.String	0	0	80								CUSTOMERNAME
LE_SHP_QC_DLVREF	EntityProperty	C_DelivWthRefQuickCreateType	DeliveryDate	Edm.DateTime	0	0	0								DELIVERYDATE
LE_SHP_QC_DLVREF	EntityProperty	C_DelivWthRefQuickCreateType	DeliveryDocumentType	Edm.String	0	0	4								DELIVERYDOCUMENTTYPE
LE_SHP_QC_DLVREF	EntityProperty	C_DelivWthRefQuickCreateType	DeliveryDocumentTypeName	Edm.String	0	0	20								DELIVERYDOCUMENTTYPENAME
LE_SHP_QC_DLVREF	EntityProperty	C_DelivWthRefQuickCreateType	DistributionChannel	Edm.String	0	0	2								DISTRIBUTIONCHANNEL
LE_SHP_QC_DLVREF	EntityProperty	C_DelivWthRefQuickCreateType	DistributionChannelName	Edm.String	0	0	20								DISTRIBUTIONCHANNELNAME
LE_SHP_QC_DLVREF	EntityProperty	C_DelivWthRefQuickCreateType	Division	Edm.String	0	0	2								DIVISION
LE_SHP_QC_DLVREF	EntityProperty	C_DelivWthRefQuickCreateType	DivisionName	Edm.String	0	0	20								DIVISIONNAME
LE_SHP_QC_DLVREF	EntityProperty	C_DelivWthRefQuickCreateType	OutboundDelivery	Edm.String	0	0	10	X							OUTBOUNDDELIVERY
LE_SHP_QC_DLVREF	EntityProperty	C_DelivWthRefQuickCreateType	PlannedGoodsIssueDate	Edm.DateTime	0	0	0								PLANNEDGOODSISSUEDATE
LE_SHP_QC_DLVREF	EntityProperty	C_DelivWthRefQuickCreateType	ReferenceDocument	Edm.String	0	0	10								REFERENCEDOCUMENT
LE_SHP_QC_DLVREF	EntityProperty	C_DelivWthRefQuickCreateType	ReferenceSDDocument	Edm.String	0	0	10								REFERENCESDDOCUMENT
LE_SHP_QC_DLVREF	EntityProperty	C_DelivWthRefQuickCreateType	SalesOrganization	Edm.String	0	0	4								SALESORGANIZATION
LE_SHP_QC_DLVREF	EntityProperty	C_DelivWthRefQuickCreateType	SalesOrganizationName	Edm.String	0	0	20								SALESORGANIZATIONNAME
LE_SHP_QC_DLVREF	EntityProperty	C_DelivWthRefQuickCreateType	ShippingPoint	Edm.String	0	0	4								SHIPPINGPOINT
LE_SHP_QC_DLVREF	EntityProperty	C_DelivWthRefQuickCreateType	ShippingPointName	Edm.String	0	0	20								SHIPPINGPOINTNAME
LE_SHP_QC_DLVREF	EntityProperty	C_DelivWthRefQuickCreateType	ShipToParty	Edm.String	0	0	10								SHIPTOPARTY
LE_SHP_QC_DLVREF	EntityProperty	C_ShippingPointVHType	ActiveDepartureCountry	Edm.String	0	0	3								ACTIVEDEPARTURECOUNTRY
LE_SHP_QC_DLVREF	EntityProperty	C_ShippingPointVHType	ShippingPoint	Edm.String	0	0	4	X							SHIPPINGPOINT
LE_SHP_QC_DLVREF	EntityProperty	C_ShippingPointVHType	ShippingPoint_Text	Edm.String	0	0	30								T_SHIPPINGPOINT
LE_SHP_QC_DLVREF	EntityProperty	C_ShippingPointVHType	ShippingPointName	Edm.String	0	0	30								SHIPPINGPOINTNAME
LE_SHP_QC_DLVREF	EntityProperty	I_ControllingAreaStdVHType	ControllingArea	Edm.String	0	0	4	X							CONTROLLINGAREA
LE_SHP_QC_DLVREF	EntityProperty	I_ControllingAreaStdVHType	ControllingAreaName	Edm.String	0	0	25								CONTROLLINGAREANAME
LE_SHP_QC_DLVREF	EntityProperty	I_RetsMgmtProcessStdVHType	RetsMgmtProcess	Edm.String	0	0	10	X							RETSMGMTPROCESS
LE_SHP_QC_DLVREF	EntityProperty	I_Customer_VHType	AuthorizationGroup	Edm.String	0	0	4								AUTHORIZATIONGROUP
LE_SHP_QC_DLVREF	EntityProperty	I_Customer_VHType	BusinessPartner	Edm.String	0	0	10								BUSINESSPARTNER
LE_SHP_QC_DLVREF	EntityProperty	I_Customer_VHType	BusinessPartnerType	Edm.String	0	0	4								BUSINESSPARTNERTYPE
LE_SHP_QC_DLVREF	EntityProperty	I_Customer_VHType	CityName	Edm.String	0	0	35								CITYNAME
LE_SHP_QC_DLVREF	EntityProperty	I_Customer_VHType	Country	Edm.String	0	0	3								COUNTRY
LE_SHP_QC_DLVREF	EntityProperty	I_Customer_VHType	Customer	Edm.String	0	0	10	X							CUSTOMER
LE_SHP_QC_DLVREF	EntityProperty	I_Customer_VHType	CustomerAccountGroup	Edm.String	0	0	4								CUSTOMERACCOUNTGROUP
LE_SHP_QC_DLVREF	EntityProperty	I_Customer_VHType	CustomerName	Edm.String	0	0	80								CUSTOMERNAME
LE_SHP_QC_DLVREF	EntityProperty	I_Customer_VHType	IsBusinessPurposeCompleted	Edm.String	0	0	1								ISBUSINESSPURPOSECOMPLETED
LE_SHP_QC_DLVREF	EntityProperty	I_Customer_VHType	IsCompetitor	Edm.Boolean	0	0	0								ISCOMPETITOR
LE_SHP_QC_DLVREF	EntityProperty	I_Customer_VHType	OrganizationBPName1	Edm.String	0	0	35								ORGANIZATIONBPNAME1
LE_SHP_QC_DLVREF	EntityProperty	I_Customer_VHType	OrganizationBPName2	Edm.String	0	0	35								ORGANIZATIONBPNAME2
LE_SHP_QC_DLVREF	EntityProperty	I_Customer_VHType	PostalCode	Edm.String	0	0	10								POSTALCODE
LE_SHP_QC_DLVREF	EntityProperty	I_Customer_VHType	StreetName	Edm.String	0	0	35								STREETNAME
LE_SHP_QC_DLVREF	EntityProperty	I_ShippingPointStdVHType	ShippingPoint	Edm.String	0	0	4	X							SHIPPINGPOINT
LE_SHP_QC_DLVREF	EntityProperty	I_ShippingPointStdVHType	ShippingPoint_Text	Edm.String	0	0	30								T_SHIPPINGPOINT
LE_SHP_QC_DLVREF	EntityProperty	I_ShippingPointStdVHType	ShippingPointName	Edm.String	0	0	30								SHIPPINGPOINTNAME
LE_SHP_QC_DLVREF	EntityProperty	I_BusinessAreaStdVHType	BusinessArea	Edm.String	0	0	4	X							BUSINESSAREA
LE_SHP_QC_DLVREF	EntityProperty	I_BusinessAreaStdVHType	BusinessArea_Text	Edm.String	0	0	30								T_BUSINESSAREA
LE_SHP_QC_DLVREF	EntityProperty	I_ControllingObjectStdVHType	ControllingObject	Edm.String	0	0	22	X							CONTROLLINGOBJECT
LE_SHP_QC_DLVREF	EntityProperty	I_ShippingPointTextType	Language	Edm.String	0	0	2	X							LANGUAGE
LE_SHP_QC_DLVREF	EntityProperty	I_ShippingPointTextType	ShippingPoint	Edm.String	0	0	4	X							SHIPPINGPOINT
LE_SHP_QC_DLVREF	EntityProperty	I_ShippingPointTextType	ShippingPointName	Edm.String	0	0	30								SHIPPINGPOINTNAME
SD_CUSTOMER_INVOICES_CREATE	EntityProperty	I_EngmntProjSrvcOrgStdVHType	EngagementProjectServiceOrg	Edm.String	0	0	5	X							ENGAGEMENTPROJECTSERVICEORG
SD_CUSTOMER_INVOICES_CREATE	EntityProperty	I_EngmntProjSrvcOrgStdVHType	EngagementProjectServiceOrg_Text	Edm.String	0	0	40								T_ENGAGEMENTPROJECTSERVICEORG
SD_CUSTOMER_INVOICES_CREATE	EntityProperty	I_SalesDocumentItemCategoryType	BillingRelevanceCode	Edm.String	0	0	1								BILLINGRELEVANCECODE
SD_CUSTOMER_INVOICES_CREATE	EntityProperty	I_SalesDocumentItemCategoryType	PartnerDeterminationProcedure	Edm.String	0	0	4								PARTNERDETERMINATIONPROCEDURE
SD_CUSTOMER_INVOICES_CREATE	EntityProperty	I_SalesDocumentItemCategoryType	PricingRelevance	Edm.String	0	0	1								PRICINGRELEVANCE
SD_CUSTOMER_INVOICES_CREATE	EntityProperty	I_SalesDocumentItemCategoryType	SalesDocumentItemCategory	Edm.String	0	0	4	X							SALESDOCUMENTITEMCATEGORY
SD_CUSTOMER_INVOICES_CREATE	EntityProperty	I_SalesDocumentItemCategoryType	SalesDocumentItemCategory_Text	Edm.String	0	0	20								T_SALESDOCUMENTITEMCATEGORY
SD_CUSTOMER_INVOICES_CREATE	EntityProperty	I_SalesDocumentItemCategoryType	ScheduleLineIsAllowed	Edm.Boolean	0	0	0								SCHEDULELINEISALLOWED
SD_CUSTOMER_INVOICES_CREATE	EntityProperty	I_SalesDocumentItemCategoryType	TextDeterminationProcedure	Edm.String	0	0	2								TEXTDETERMINATIONPROCEDURE
SD_CUSTOMER_INVOICES_CREATE	EntityProperty	I_OverallProofOfDelivStatusType	OverallProofOfDeliveryStatus	Edm.String	0	0	1	X							OVERALLPROOFOFDELIVERYSTATUS
SD_CUSTOMER_INVOICES_CREATE	EntityProperty	I_OverallProofOfDelivStatusType	OverallProofOfDeliveryStatus_Text	Edm.String	0	0	20								T_OVERALLPROOFOFDELIVERYSTATUS
SD_CUSTOMER_INVOICES_CREATE	EntityProperty	C_BillingDocumentTypeVHType	BillingDocumentType	Edm.String	0	0	4	X							BILLINGDOCUMENTTYPE
SD_CUSTOMER_INVOICES_CREATE	EntityProperty	C_BillingDocumentTypeVHType	BillingDocumentType_Text	Edm.String	0	0	40								T_BILLINGDOCUMENTTYPE
SD_CUSTOMER_INVOICES_CREATE	EntityProperty	I_ShippingPointTextType	Language	Edm.String	0	0	2	X							LANGUAGE
SD_CUSTOMER_INVOICES_CREATE	EntityProperty	I_ShippingPointTextType	ShippingPoint	Edm.String	0	0	4	X							SHIPPINGPOINT
SD_CUSTOMER_INVOICES_CREATE	EntityProperty	I_ShippingPointTextType	ShippingPointName	Edm.String	0	0	30								SHIPPINGPOINTNAME
SD_CUSTOMER_INVOICES_CREATE	EntityProperty	I_Customer_VHType	AuthorizationGroup	Edm.String	0	0	4								AUTHORIZATIONGROUP
SD_CUSTOMER_INVOICES_CREATE	EntityProperty	I_Customer_VHType	BusinessPartner	Edm.String	0	0	10								BUSINESSPARTNER
SD_CUSTOMER_INVOICES_CREATE	EntityProperty	I_Customer_VHType	BusinessPartnerType	Edm.String	0	0	4								BUSINESSPARTNERTYPE
SD_CUSTOMER_INVOICES_CREATE	EntityProperty	I_Customer_VHType	CityName	Edm.String	0	0	35								CITYNAME
SD_CUSTOMER_INVOICES_CREATE	EntityProperty	I_Customer_VHType	Country	Edm.String	0	0	3								COUNTRY
SD_CUSTOMER_INVOICES_CREATE	EntityProperty	I_Customer_VHType	Customer	Edm.String	0	0	10	X							CUSTOMER
SD_CUSTOMER_INVOICES_CREATE	EntityProperty	I_Customer_VHType	CustomerAccountGroup	Edm.String	0	0	4								CUSTOMERACCOUNTGROUP
SD_CUSTOMER_INVOICES_CREATE	EntityProperty	I_Customer_VHType	CustomerName	Edm.String	0	0	80								CUSTOMERNAME
SD_CUSTOMER_INVOICES_CREATE	EntityProperty	I_Customer_VHType	IsBusinessPurposeCompleted	Edm.String	0	0	1								ISBUSINESSPURPOSECOMPLETED
SD_CUSTOMER_INVOICES_CREATE	EntityProperty	I_Customer_VHType	IsCompetitor	Edm.Boolean	0	0	0								ISCOMPETITOR
SD_CUSTOMER_INVOICES_CREATE	EntityProperty	I_Customer_VHType	OrganizationBPName1	Edm.String	0	0	35								ORGANIZATIONBPNAME1
SD_CUSTOMER_INVOICES_CREATE	EntityProperty	I_Customer_VHType	OrganizationBPName2	Edm.String	0	0	35								ORGANIZATIONBPNAME2
SD_CUSTOMER_INVOICES_CREATE	EntityProperty	I_Customer_VHType	PostalCode	Edm.String	0	0	10								POSTALCODE
SD_CUSTOMER_INVOICES_CREATE	EntityProperty	I_Customer_VHType	StreetName	Edm.String	0	0	35								STREETNAME
SD_CUSTOMER_INVOICES_CREATE	FunctionParam	GetBillingDocumentTypes	ReferenceSDDocument	Edm.String	0	0	11,000								REFERENCESDDOCUMENT
SD_CUSTOMER_INVOICES_CREATE	FunctionParam	CreateBillingDocuments	BillingDocumentDate	Edm.String	0	0	11,000								BILLINGDOCUMENTDATE
SD_CUSTOMER_INVOICES_CREATE	FunctionParam	CreateBillingDocuments	BillingDocumentReleaseRequested	Edm.String	0	0	5								BILLINGDOCUMENTRELEASEREQUESTE
SD_CUSTOMER_INVOICES_CREATE	FunctionParam	CreateBillingDocuments	BillingDocumentType	Edm.String	0	0	5,000								BILLINGDOCUMENTTYPE001
SD_CUSTOMER_INVOICES_CREATE	FunctionParam	CreateBillingDocuments	DestinationCountry	Edm.String	0	0	4,000								DESTINATIONCOUNTRY
SD_CUSTOMER_INVOICES_CREATE	FunctionParam	CreateBillingDocuments	NewBillToPartyAddressId	Edm.String	0	0	11,000								NEWBILLTOPARTYADDRESSID
SD_CUSTOMER_INVOICES_CREATE	FunctionParam	CreateBillingDocuments	OldBillToPartyAddressId	Edm.String	0	0	11,000								OLDBILLTOPARTYADDRESSID
SD_CUSTOMER_INVOICES_CREATE	FunctionParam	CreateBillingDocuments	ReferenceSDDocument	Edm.String	0	0	11,000								REFERENCESDDOCUMENT
SD_CUSTOMER_INVOICES_CREATE	FunctionParam	CreateBillingDocuments	ReferenceSDDocumentCategory	Edm.String	0	0	5,000								REFERENCESDDOCUMENTCATEGORY
SD_CUSTOMER_INVOICES_CREATE	FunctionParam	CreateBillingDocuments	ReferenceSDDocumentItem	Edm.String	0	0	7,000								REFERENCESDDOCUMENTITEM
SD_CUSTOMER_INVOICES_CREATE	FunctionParam	CreateBillingDocuments	RefSDDocWithInvalidPartner	Edm.String	0	0	11,000								REFSDDOCWITHINVALIDPARTNER
SD_CUSTOMER_INVOICES_CREATE	FunctionParam	CreateBillingDocuments	RequestedBillingDocumentDate	Edm.String	0	0	10								REQUESTEDBILLINGDOCUMENTDATE
SD_CUSTOMER_INVOICES_CREATE	FunctionParam	CreateBillingDocuments	RequestedBillingDocumentType	Edm.String	0	0	4								BILLINGDOCUMENTTYPE
SD_CUSTOMER_INVOICES_CREATE	FunctionParam	CreateBillingDocuments	SalesOrganization	Edm.String	0	0	5,000								SALESORGANIZATION
SD_CUSTOMER_INVOICES_CREATE	FunctionParam	CreateBillingDocuments	SeparateBilllingDocumentsRequested	Edm.String	0	0	5								SEPARATEBILLLINGDOCUMENTSREQUE
SD_CUSTOMER_INVOICES_CREATE	FunctionParam	CreateBillingDocuments	SnapshotRequested	Edm.String	0	0	5								SNAPSHOTREQUESTED
SD_CUSTOMER_INVOICES_CREATE	FunctionParam	CreateBillingDocuments	ToBeBilledQuantity	Edm.String	0	0	18,000								TOBEBILLEDQUANTITY
SD_CUSTOMER_INVOICES_CREATE	EntityProperty	I_CurrencyTextType	Currency	Edm.String	0	0	5	X							CURRENCY
SD_CUSTOMER_INVOICES_CREATE	EntityProperty	I_CurrencyTextType	CurrencyName	Edm.String	0	0	40								CURRENCYNAME
SD_CUSTOMER_INVOICES_CREATE	EntityProperty	I_CurrencyTextType	CurrencyShortName	Edm.String	0	0	15								CURRENCYSHORTNAME
SD_CUSTOMER_INVOICES_CREATE	EntityProperty	I_CurrencyTextType	Language	Edm.String	0	0	2	X							LANGUAGE
SD_CUSTOMER_INVOICES_CREATE	EntityProperty	I_ProductStdVHType	Product	Edm.String	0	0	40	X							PRODUCT
SD_CUSTOMER_INVOICES_CREATE	EntityProperty	I_ProductStdVHType	Product_Text	Edm.String	0	0	40								T_PRODUCT
SD_CUSTOMER_INVOICES_CREATE	EntityProperty	I_ProductStdVHType	ProductExternalID	Edm.String	0	0	40								PRODUCTEXTERNALID
SD_CUSTOMER_INVOICES_CREATE	EntityProperty	I_BillingDocumentCategoryType	BillingDocumentCategory	Edm.String	0	0	1	X							BILLINGDOCUMENTCATEGORY
SD_CUSTOMER_INVOICES_CREATE	EntityProperty	I_BillingDocumentCategoryType	BillingDocumentCategory_Text	Edm.String	0	0	60								T_BILLINGDOCUMENTCATEGORY
SD_CUSTOMER_INVOICES_CREATE	EntityProperty	I_BillingDocumentCategoryTextType	BillingDocumentCategory	Edm.String	0	0	1	X							BILLINGDOCUMENTCATEGORY
SD_CUSTOMER_INVOICES_CREATE	EntityProperty	I_BillingDocumentCategoryTextType	BillingDocumentCategoryName	Edm.String	0	0	60								BILLINGDOCUMENTCATEGORYNAME
SD_CUSTOMER_INVOICES_CREATE	EntityProperty	I_BillingDocumentCategoryTextType	Language	Edm.String	0	0	2	X							LANGUAGE
SD_CUSTOMER_INVOICES_CREATE	EntityProperty	I_UnitOfMeasureType	IsPrimaryUnitForISOCode	Edm.Boolean	0	0	0								ISPRIMARYUNITFORISOCODE
SD_CUSTOMER_INVOICES_CREATE	EntityProperty	I_UnitOfMeasureType	SIUnitCnvrsnAdditiveValue	Edm.Decimal	9	6	0								SIUNITCNVRSNADDITIVEVALUE
SD_CUSTOMER_INVOICES_CREATE	EntityProperty	I_UnitOfMeasureType	SIUnitCnvrsnRateDenominator	Edm.Int32	0	0	0								SIUNITCNVRSNRATEDENOMINATOR
SD_CUSTOMER_INVOICES_CREATE	EntityProperty	I_UnitOfMeasureType	SIUnitCnvrsnRateExponent	Edm.Int16	0	0	0								SIUNITCNVRSNRATEEXPONENT
SD_CUSTOMER_INVOICES_CREATE	EntityProperty	I_UnitOfMeasureType	SIUnitCnvrsnRateNumerator	Edm.Int32	0	0	0								SIUNITCNVRSNRATENUMERATOR
SD_CUSTOMER_INVOICES_CREATE	EntityProperty	I_UnitOfMeasureType	UnitOfMeasure	Edm.String	0	0	3	X							UNITOFMEASURE
SD_CUSTOMER_INVOICES_CREATE	EntityProperty	I_UnitOfMeasureType	UnitOfMeasure_Text	Edm.String	0	0	30								T_UNITOFMEASURE
SD_CUSTOMER_INVOICES_CREATE	EntityProperty	I_UnitOfMeasureType	UnitOfMeasureDimension	Edm.String	0	0	6								UNITOFMEASUREDIMENSION
SD_CUSTOMER_INVOICES_CREATE	EntityProperty	I_UnitOfMeasureType	UnitOfMeasureDspExponent	Edm.Int16	0	0	0								UNITOFMEASUREDSPEXPONENT
SD_CUSTOMER_INVOICES_CREATE	EntityProperty	I_UnitOfMeasureType	UnitOfMeasureDspNmbrOfDcmls	Edm.Int16	0	0	0								UNITOFMEASUREDSPNMBROFDCMLS
SD_CUSTOMER_INVOICES_CREATE	EntityProperty	I_UnitOfMeasureType	UnitOfMeasureIsCommercial	Edm.Boolean	0	0	0								UNITOFMEASUREISCOMMERCIAL
SD_CUSTOMER_INVOICES_CREATE	EntityProperty	I_UnitOfMeasureType	UnitOfMeasureISOCode	Edm.String	0	0	3								UNITOFMEASUREISOCODE
SD_CUSTOMER_INVOICES_CREATE	EntityProperty	I_UnitOfMeasureType	UnitOfMeasureNumberOfDecimals	Edm.Int16	0	0	0								UNITOFMEASURENUMBEROFDECIMALS
SD_CUSTOMER_INVOICES_CREATE	EntityProperty	I_UnitOfMeasureType	UnitOfMeasurePressure	Edm.Double	0	0	0								UNITOFMEASUREPRESSURE
SD_CUSTOMER_INVOICES_CREATE	EntityProperty	I_UnitOfMeasureType	UnitOfMeasurePressureUnit	Edm.String	0	0	3								UNITOFMEASUREPRESSUREUNIT
SD_CUSTOMER_INVOICES_CREATE	EntityProperty	I_UnitOfMeasureType	UnitOfMeasureSAPCode	Edm.String	0	0	3								UNITOFMEASURESAPCODE
SD_CUSTOMER_INVOICES_CREATE	EntityProperty	I_UnitOfMeasureType	UnitOfMeasureTemperature	Edm.Double	0	0	0								UNITOFMEASURETEMPERATURE
SD_CUSTOMER_INVOICES_CREATE	EntityProperty	I_UnitOfMeasureType	UnitOfMeasureTemperatureUnit	Edm.String	0	0	3								UNITOFMEASURETEMPERATUREUNIT
SD_CUSTOMER_INVOICES_CREATE	EntityProperty	I_BillingBlockReasonType	BillingBlockReason	Edm.String	0	0	2	X							BILLINGBLOCKREASON
SD_CUSTOMER_INVOICES_CREATE	EntityProperty	I_BillingBlockReasonType	BillingBlockReason_Text	Edm.String	0	0	20								T_BILLINGBLOCKREASON
SD_CUSTOMER_INVOICES_CREATE	EntityProperty	C_SDCustomerAddressVHType	AddressID	Edm.String	0	0	10	X							ADDRESSID
SD_CUSTOMER_INVOICES_CREATE	EntityProperty	C_SDCustomerAddressVHType	Customer	Edm.String	0	0	10	X							CUSTOMER
SD_CUSTOMER_INVOICES_CREATE	EntityProperty	C_SDCustomerAddressVHType	FormattedPostalAddressDesc	Edm.String	0	0	80								FORMATTEDPOSTALADDRESSDESC
SD_CUSTOMER_INVOICES_CREATE	EntityProperty	C_SDCustomerAddressVHType	PartnerDeterminationProcedure	Edm.String	0	0	4								PARTNERDETERMINATIONPROCEDURE
SD_CUSTOMER_INVOICES_CREATE	EntityProperty	C_SDCustomerAddressVHType	PartnerFunction	Edm.String	0	0	2								PARTNERFUNCTION
SD_CUSTOMER_INVOICES_CREATE	EntityProperty	C_SDCustomerAddressVHType	SDPartnerDeterminationDate	Edm.DateTime	0	0	0								SDPARTNERDETERMINATIONDATE
SD_CUSTOMER_INVOICES_CREATE	EntityProperty	I_BillingBlockReasonTextType	BillingBlockReason	Edm.String	0	0	2	X							BILLINGBLOCKREASON
SD_CUSTOMER_INVOICES_CREATE	EntityProperty	I_BillingBlockReasonTextType	BillingBlockReasonDescription	Edm.String	0	0	20								BILLINGBLOCKREASONDESCRIPTION
SD_CUSTOMER_INVOICES_CREATE	EntityProperty	I_BillingBlockReasonTextType	Language	Edm.String	0	0	2	X							LANGUAGE
SD_CUSTOMER_INVOICES_CREATE	EntityProperty	I_OverallProofOfDelivStatusTType	Language	Edm.String	0	0	2	X							LANGUAGE
SD_CUSTOMER_INVOICES_CREATE	EntityProperty	I_OverallProofOfDelivStatusTType	OverallProofOfDeliveryStatus	Edm.String	0	0	1	X							OVERALLPROOFOFDELIVERYSTATUS
SD_CUSTOMER_INVOICES_CREATE	EntityProperty	I_OverallProofOfDelivStatusTType	OverallProofOfDelivStatusDesc	Edm.String	0	0	20								OVERALLPROOFOFDELIVSTATUSDESC
SD_CUSTOMER_INVOICES_CREATE	EntityProperty	I_CountryType	Country	Edm.String	0	0	3	X							COUNTRY
SD_CUSTOMER_INVOICES_CREATE	EntityProperty	I_CountryType	Country_Text	Edm.String	0	0	50								T_COUNTRY
SD_CUSTOMER_INVOICES_CREATE	EntityProperty	I_CountryType	CountryAlternativeCode	Edm.String	0	0	3								COUNTRYALTERNATIVECODE
SD_CUSTOMER_INVOICES_CREATE	EntityProperty	I_CountryType	CountryCurrency	Edm.String	0	0	5								COUNTRYCURRENCY
SD_CUSTOMER_INVOICES_CREATE	EntityProperty	I_CountryType	CountryISOCode	Edm.String	0	0	2								COUNTRYISOCODE
SD_CUSTOMER_INVOICES_CREATE	EntityProperty	I_CountryType	CountryThreeDigitISOCode	Edm.String	0	0	3								COUNTRYTHREEDIGITISOCODE
SD_CUSTOMER_INVOICES_CREATE	EntityProperty	I_CountryType	CountryThreeLetterISOCode	Edm.String	0	0	3								COUNTRYTHREELETTERISOCODE
SD_CUSTOMER_INVOICES_CREATE	EntityProperty	I_CountryType	HardCurrency	Edm.String	0	0	5								HARDCURRENCY
SD_CUSTOMER_INVOICES_CREATE	EntityProperty	I_CountryType	IndexBasedCurrency	Edm.String	0	0	5								INDEXBASEDCURRENCY
SD_CUSTOMER_INVOICES_CREATE	EntityProperty	I_CountryType	IsEuropeanUnionMember	Edm.Boolean	0	0	0								ISEUROPEANUNIONMEMBER
SD_CUSTOMER_INVOICES_CREATE	EntityProperty	I_CountryType	TaxCalculationProcedure	Edm.String	0	0	6								TAXCALCULATIONPROCEDURE
SD_CUSTOMER_INVOICES_CREATE	EntityProperty	I_CurrencyType	AlternativeCurrencyKey	Edm.String	0	0	3								ALTERNATIVECURRENCYKEY
SD_CUSTOMER_INVOICES_CREATE	EntityProperty	I_CurrencyType	Currency	Edm.String	0	0	5	X							CURRENCY
SD_CUSTOMER_INVOICES_CREATE	EntityProperty	I_CurrencyType	Currency_Text	Edm.String	0	0	40								T_CURRENCY
SD_CUSTOMER_INVOICES_CREATE	EntityProperty	I_CurrencyType	CurrencyISOCode	Edm.String	0	0	3								CURRENCYISOCODE
SD_CUSTOMER_INVOICES_CREATE	EntityProperty	I_CurrencyType	Decimals	Edm.Byte	0	0	0								DECIMALS
SD_CUSTOMER_INVOICES_CREATE	EntityProperty	I_CurrencyType	IsPrimaryCurrencyForISOCrcy	Edm.Boolean	0	0	0								ISPRIMARYCURRENCYFORISOCRCY
SD_CUSTOMER_INVOICES_CREATE	EntityProperty	I_ShippingPointStdVHType	ShippingPoint	Edm.String	0	0	4	X							SHIPPINGPOINT
SD_CUSTOMER_INVOICES_CREATE	EntityProperty	I_ShippingPointStdVHType	ShippingPoint_Text	Edm.String	0	0	30								T_SHIPPINGPOINT
SD_CUSTOMER_INVOICES_CREATE	EntityProperty	I_ShippingPointStdVHType	ShippingPointName	Edm.String	0	0	30								SHIPPINGPOINTNAME
SD_CUSTOMER_INVOICES_CREATE	EntityProperty	I_CostCenterStdVHType	ControllingArea	Edm.String	0	0	4	X							CONTROLLINGAREA
SD_CUSTOMER_INVOICES_CREATE	EntityProperty	I_CostCenterStdVHType	CostCenter	Edm.String	0	0	10	X							COSTCENTER
SD_CUSTOMER_INVOICES_CREATE	EntityProperty	I_CostCenterStdVHType	CostCenter_Text	Edm.String	0	0	20								T_COSTCENTER
SD_CUSTOMER_INVOICES_CREATE	EntityProperty	I_CostCenterStdVHType	ValidityEndDate	Edm.DateTime	0	0	0	X							VALIDITYENDDATE
SD_CUSTOMER_INVOICES_CREATE	EntityProperty	I_CostCenterStdVHType	ValidityStartDate	Edm.DateTime	0	0	0								VALIDITYSTARTDATE
SD_CUSTOMER_INVOICES_CREATE	EntityProperty	I_SalesOrganizationType	AddressID	Edm.String	0	0	10								ADDRESSID
SD_CUSTOMER_INVOICES_CREATE	EntityProperty	I_SalesOrganizationType	CompanyCode	Edm.String	0	0	4								COMPANYCODE
SD_CUSTOMER_INVOICES_CREATE	EntityProperty	I_SalesOrganizationType	IntercompanyBillingCustomer	Edm.String	0	0	10								INTERCOMPANYBILLINGCUSTOMER
SD_CUSTOMER_INVOICES_CREATE	EntityProperty	I_SalesOrganizationType	SalesOrganization	Edm.String	0	0	4	X							SALESORGANIZATION
SD_CUSTOMER_INVOICES_CREATE	EntityProperty	I_SalesOrganizationType	SalesOrganization_Text	Edm.String	0	0	20								T_SALESORGANIZATION
SD_CUSTOMER_INVOICES_CREATE	EntityProperty	I_SalesOrganizationType	SalesOrganizationCurrency	Edm.String	0	0	5								SALESORGANIZATIONCURRENCY
SD_CUSTOMER_INVOICES_CREATE	EntityProperty	I_ProfitCenterStdVHType	ControllingArea	Edm.String	0	0	4	X							CONTROLLINGAREA
SD_CUSTOMER_INVOICES_CREATE	EntityProperty	I_ProfitCenterStdVHType	ProfitCenter	Edm.String	0	0	10	X							PROFITCENTER
SD_CUSTOMER_INVOICES_CREATE	EntityProperty	I_ProfitCenterStdVHType	ProfitCenter_Text	Edm.String	0	0	20								T_PROFITCENTER
SD_CUSTOMER_INVOICES_CREATE	EntityProperty	I_ProfitCenterStdVHType	ValidityEndDate	Edm.DateTime	0	0	0	X							VALIDITYENDDATE
SD_CUSTOMER_INVOICES_CREATE	EntityProperty	I_ProfitCenterStdVHType	ValidityStartDate	Edm.DateTime	0	0	0								VALIDITYSTARTDATE
SD_CUSTOMER_INVOICES_CREATE	EntityProperty	I_SalesOrganizationTextType	Language	Edm.String	0	0	2	X							LANGUAGE
SD_CUSTOMER_INVOICES_CREATE	EntityProperty	I_SalesOrganizationTextType	SalesOrganization	Edm.String	0	0	4	X							SALESORGANIZATION
SD_CUSTOMER_INVOICES_CREATE	EntityProperty	I_SalesOrganizationTextType	SalesOrganizationName	Edm.String	0	0	20								SALESORGANIZATIONNAME
SD_CUSTOMER_INVOICES_CREATE	EntityProperty	C_SalesDocSalesOrganizationVHType	SalesOrganization	Edm.String	0	0	4	X							SALESORGANIZATION
SD_CUSTOMER_INVOICES_CREATE	EntityProperty	C_SalesDocSalesOrganizationVHType	SalesOrganization_Text	Edm.String	0	0	20								T_SALESORGANIZATION
SD_CUSTOMER_INVOICES_CREATE	EntityProperty	I_BillingDocumentTypeType	BillingDocumentCategory	Edm.String	0	0	1								BILLINGDOCUMENTCATEGORY
SD_CUSTOMER_INVOICES_CREATE	EntityProperty	I_BillingDocumentTypeType	BillingDocumentType	Edm.String	0	0	4	X							BILLINGDOCUMENTTYPE
SD_CUSTOMER_INVOICES_CREATE	EntityProperty	I_BillingDocumentTypeType	BillingDocumentType_Text	Edm.String	0	0	40								T_BILLINGDOCUMENTTYPE
SD_CUSTOMER_INVOICES_CREATE	EntityProperty	I_BillingDocumentTypeType	IncrementItemNumber	Edm.String	0	0	6								INCREMENTITEMNUMBER
SD_CUSTOMER_INVOICES_CREATE	EntityProperty	I_BillingDocumentTypeType	SDDocumentCategory	Edm.String	0	0	4								SDDOCUMENTCATEGORY
SD_CUSTOMER_INVOICES_CREATE	EntityProperty	I_CountryTextType	Country	Edm.String	0	0	3	X							COUNTRY
SD_CUSTOMER_INVOICES_CREATE	EntityProperty	I_CountryTextType	CountryName	Edm.String	0	0	50								COUNTRYNAME
SD_CUSTOMER_INVOICES_CREATE	EntityProperty	I_CountryTextType	CountryShortName	Edm.String	0	0	15								COUNTRYSHORTNAME
SD_CUSTOMER_INVOICES_CREATE	EntityProperty	I_CountryTextType	Language	Edm.String	0	0	2	X							LANGUAGE
SD_CUSTOMER_INVOICES_CREATE	EntityProperty	I_CountryTextType	NationalityLongName	Edm.String	0	0	50								NATIONALITYLONGNAME
SD_CUSTOMER_INVOICES_CREATE	EntityProperty	I_CountryTextType	NationalityName	Edm.String	0	0	15								NATIONALITYNAME
SD_CUSTOMER_INVOICES_CREATE	EntityProperty	I_CurrencyStdVHType	Currency	Edm.String	0	0	5	X							CURRENCY
SD_CUSTOMER_INVOICES_CREATE	EntityProperty	I_CurrencyStdVHType	Currency_Text	Edm.String	0	0	40								T_CURRENCY
SD_CUSTOMER_INVOICES_CREATE	EntityProperty	C_DeliveryDocItemToBeBilledType	BilledQuantity	Edm.Decimal	13	3	0								BILLEDQUANTITY
SD_CUSTOMER_INVOICES_CREATE	EntityProperty	C_DeliveryDocItemToBeBilledType	BillingDocumentDate	Edm.DateTime	0	0	0								BILLINGDOCUMENTDATE
SD_CUSTOMER_INVOICES_CREATE	EntityProperty	C_DeliveryDocItemToBeBilledType	DeliveryDocumentItemCategory	Edm.String	0	0	4								DELIVERYDOCUMENTITEMCATEGORY
SD_CUSTOMER_INVOICES_CREATE	EntityProperty	C_DeliveryDocItemToBeBilledType	DeliveryDocumentItemText	Edm.String	0	0	40								DELIVERYDOCUMENTITEMTEXT
SD_CUSTOMER_INVOICES_CREATE	EntityProperty	C_DeliveryDocItemToBeBilledType	DeliveryQuantityUnit	Edm.String	0	0	3								DELIVERYQUANTITYUNIT
SD_CUSTOMER_INVOICES_CREATE	EntityProperty	C_DeliveryDocItemToBeBilledType	OutboundDelivery	Edm.String	0	0	10	X							OUTBOUNDDELIVERY
SD_CUSTOMER_INVOICES_CREATE	EntityProperty	C_DeliveryDocItemToBeBilledType	OutboundDeliveryItem	Edm.String	0	0	6	X							OUTBOUNDDELIVERYITEM
SD_CUSTOMER_INVOICES_CREATE	EntityProperty	C_DeliveryDocItemToBeBilledType	Product	Edm.String	0	0	40								PRODUCT
SD_CUSTOMER_INVOICES_CREATE	EntityProperty	C_DeliveryDocItemToBeBilledType	ReferenceSDDocumentCategory	Edm.String	0	0	4								REFERENCESDDOCUMENTCATEGORY
SD_CUSTOMER_INVOICES_CREATE	EntityProperty	C_DeliveryDocItemToBeBilledType	ToBeBilledQuantity	Edm.Decimal	13	3	0								TOBEBILLEDQUANTITY
SD_CUSTOMER_INVOICES_CREATE	EntityProperty	C_DeliveryDocItemToBeBilledType	TotalQuantity	Edm.Decimal	13	3	0								TOTALQUANTITY
SD_CUSTOMER_INVOICES_CREATE	EntityProperty	C_SoldToValueHelpType	BusinessPartnerImageURL	Edm.String	0	0	255								BUSINESSPARTNERIMAGEURL
SD_CUSTOMER_INVOICES_CREATE	EntityProperty	C_SoldToValueHelpType	CityName	Edm.String	0	0	40								CITYNAME
SD_CUSTOMER_INVOICES_CREATE	EntityProperty	C_SoldToValueHelpType	Country	Edm.String	0	0	3								COUNTRY
SD_CUSTOMER_INVOICES_CREATE	EntityProperty	C_SoldToValueHelpType	Customer	Edm.String	0	0	10	X							CUSTOMER
SD_CUSTOMER_INVOICES_CREATE	EntityProperty	C_SoldToValueHelpType	CustomerName	Edm.String	0	0	80								CUSTOMERNAME
SD_CUSTOMER_INVOICES_CREATE	EntityProperty	C_SoldToValueHelpType	EmailAddress	Edm.String	0	0	241								EMAILADDRESS
SD_CUSTOMER_INVOICES_CREATE	EntityProperty	C_SoldToValueHelpType	HouseNumber	Edm.String	0	0	10								HOUSENUMBER
SD_CUSTOMER_INVOICES_CREATE	EntityProperty	C_SoldToValueHelpType	InternationalMobilePhoneNumber	Edm.String	0	0	30								INTERNATIONALMOBILEPHONENUMBER
SD_CUSTOMER_INVOICES_CREATE	EntityProperty	C_SoldToValueHelpType	InternationalPhoneNumber	Edm.String	0	0	30								INTERNATIONALPHONENUMBER
SD_CUSTOMER_INVOICES_CREATE	EntityProperty	C_SoldToValueHelpType	OrganizationBPName1	Edm.String	0	0	35								ORGANIZATIONBPNAME1
SD_CUSTOMER_INVOICES_CREATE	EntityProperty	C_SoldToValueHelpType	OrganizationBPName2	Edm.String	0	0	35								ORGANIZATIONBPNAME2
SD_CUSTOMER_INVOICES_CREATE	EntityProperty	C_SoldToValueHelpType	PostalCode	Edm.String	0	0	10								POSTALCODE
SD_CUSTOMER_INVOICES_CREATE	EntityProperty	C_SoldToValueHelpType	StreetName	Edm.String	0	0	60								STREETNAME
SD_CUSTOMER_INVOICES_CREATE	EntityProperty	C_DischannelvaluehelpType	DistributionChannel	Edm.String	0	0	2	X							DISTRIBUTIONCHANNEL
SD_CUSTOMER_INVOICES_CREATE	EntityProperty	C_DischannelvaluehelpType	DistributionChannelName	Edm.String	0	0	20								DISTRIBUTIONCHANNELNAME
SD_CUSTOMER_INVOICES_CREATE	EntityProperty	C_DischannelvaluehelpType	SalesOrganization	Edm.String	0	0	4	X							SALESORGANIZATION
SD_CUSTOMER_INVOICES_CREATE	ComplexProperty	BillingDocumentTypeText	BillingDocumentType	Edm.String	0	0	4								BILLINGDOCUMENTTYPE
SD_CUSTOMER_INVOICES_CREATE	ComplexProperty	BillingDocumentTypeText	BillingDocumentTypeName	Edm.String	0	0	40								BILLINGDOCUMENTTYPENAME
SD_CUSTOMER_INVOICES_CREATE	EntityProperty	C_BillingDocumentCategoryVHType	BillingDocumentCategory	Edm.String	0	0	1	X							BILLINGDOCUMENTCATEGORY
SD_CUSTOMER_INVOICES_CREATE	EntityProperty	C_BillingDocumentCategoryVHType	BillingDocumentCategory_Text	Edm.String	0	0	60								T_BILLINGDOCUMENTCATEGORY
SD_CUSTOMER_INVOICES_CREATE	EntityProperty	I_ProductVHType	ArticleCategory	Edm.String	0	0	2								ARTICLECATEGORY
SD_CUSTOMER_INVOICES_CREATE	EntityProperty	I_ProductVHType	BaseUnit	Edm.String	0	0	3								BASEUNIT
SD_CUSTOMER_INVOICES_CREATE	EntityProperty	I_ProductVHType	GrossWeight	Edm.Decimal	13	3	0								GROSSWEIGHT
SD_CUSTOMER_INVOICES_CREATE	EntityProperty	I_ProductVHType	IndustrySector	Edm.String	0	0	1								INDUSTRYSECTOR
SD_CUSTOMER_INVOICES_CREATE	EntityProperty	I_ProductVHType	IsBatchManagementRequired	Edm.Boolean	0	0	0								ISBATCHMANAGEMENTREQUIRED
SD_CUSTOMER_INVOICES_CREATE	EntityProperty	I_ProductVHType	ManufacturerNumber	Edm.String	0	0	10								MANUFACTURERNUMBER
SD_CUSTOMER_INVOICES_CREATE	EntityProperty	I_ProductVHType	NetWeight	Edm.Decimal	13	3	0								NETWEIGHT
SD_CUSTOMER_INVOICES_CREATE	EntityProperty	I_ProductVHType	Product	Edm.String	0	0	40	X							PRODUCT
SD_CUSTOMER_INVOICES_CREATE	EntityProperty	I_ProductVHType	Product_Text	Edm.String	0	0	40								T_PRODUCT
SD_CUSTOMER_INVOICES_CREATE	EntityProperty	I_ProductVHType	ProductExternalID	Edm.String	0	0	40								PRODUCTEXTERNALID
SD_CUSTOMER_INVOICES_CREATE	EntityProperty	I_ProductVHType	ProductGroup	Edm.String	0	0	9								PRODUCTGROUP
SD_CUSTOMER_INVOICES_CREATE	EntityProperty	I_ProductVHType	ProductManufacturerNumber	Edm.String	0	0	40								PRODUCTMANUFACTURERNUMBER
SD_CUSTOMER_INVOICES_CREATE	EntityProperty	I_ProductVHType	ProductType	Edm.String	0	0	4								PRODUCTTYPE
SD_CUSTOMER_INVOICES_CREATE	EntityProperty	I_ProductVHType	WeightUnit	Edm.String	0	0	3								WEIGHTUNIT
SD_CUSTOMER_INVOICES_CREATE	EntityProperty	I_SDDocumentTypeType	SDDocumentCategory	Edm.String	0	0	4	X							SDDOCUMENTCATEGORY
SD_CUSTOMER_INVOICES_CREATE	EntityProperty	I_SDDocumentTypeType	SDDocumentType	Edm.String	0	0	4	X							SDDOCUMENTTYPE
SD_CUSTOMER_INVOICES_CREATE	EntityProperty	I_SDDocumentTypeType	SDDocumentType_Text	Edm.String	0	0	40								T_SDDOCUMENTTYPE
SD_CUSTOMER_INVOICES_CREATE	EntityProperty	C_BillgDocDueListCreatedByVHType	UserDescription	Edm.String	0	0	80								USERDESCRIPTION
SD_CUSTOMER_INVOICES_CREATE	EntityProperty	C_BillgDocDueListCreatedByVHType	UserID	Edm.String	0	0	12	X							USERID
SD_CUSTOMER_INVOICES_CREATE	EntityProperty	I_SDDocumentCategoryTextType	Language	Edm.String	0	0	2	X							LANGUAGE
SD_CUSTOMER_INVOICES_CREATE	EntityProperty	I_SDDocumentCategoryTextType	SDDocumentCategory	Edm.String	0	0	4	X							SDDOCUMENTCATEGORY
SD_CUSTOMER_INVOICES_CREATE	EntityProperty	I_SDDocumentCategoryTextType	SDDocumentCategoryName	Edm.String	0	0	60								SDDOCUMENTCATEGORYNAME
SD_CUSTOMER_INVOICES_CREATE	EntityProperty	I_CompanyCodeStdVHType	CompanyCode	Edm.String	0	0	4	X							COMPANYCODE
SD_CUSTOMER_INVOICES_CREATE	EntityProperty	I_CompanyCodeStdVHType	CompanyCodeName	Edm.String	0	0	25								COMPANYCODENAME
SD_CUSTOMER_INVOICES_CREATE	ComplexProperty	FunctionImportResult	BillingDocument	Edm.String	0	0	10								BILLINGDOCUMENT
SD_CUSTOMER_INVOICES_CREATE	ComplexProperty	FunctionImportResult	BillingDocumentItem	Edm.String	0	0	10								BILLINGDOCUMENTITEM
SD_CUSTOMER_INVOICES_CREATE	ComplexProperty	FunctionImportResult	MessageId	Edm.String	0	0	3								MESSAGEID
SD_CUSTOMER_INVOICES_CREATE	ComplexProperty	FunctionImportResult	MessageType	Edm.String	0	0	1								MESSAGETYPE
SD_CUSTOMER_INVOICES_CREATE	ComplexProperty	FunctionImportResult	Message	Edm.String	0	0	256								MESSAGE
SD_CUSTOMER_INVOICES_CREATE	ComplexProperty	FunctionImportResult	BillToParty	Edm.String	0	0	10								BILLTOPARTY
SD_CUSTOMER_INVOICES_CREATE	ComplexProperty	FunctionImportResult	BillToPartyName	Edm.String	0	0	80								BILLTOPARTYNAME
SD_CUSTOMER_INVOICES_CREATE	ComplexProperty	FunctionImportResult	OldBillToPartyAddressId	Edm.String	0	0	10								OLDBILLTOPARTYADDRESSID
SD_CUSTOMER_INVOICES_CREATE	ComplexProperty	FunctionImportResult	BillToPartyAddressText	Edm.String	0	0	80								BILLTOPARTYADDRESSTEXT
SD_CUSTOMER_INVOICES_CREATE	ComplexProperty	FunctionImportResult	PartnerDeterminationProcedure	Edm.String	0	0	4								PARTNERDETERMINATIONPROCEDURE
SD_CUSTOMER_INVOICES_CREATE	EntityProperty	I_AddressType	AdditionalStreetPrefixName	Edm.String	0	0	40								ADDITIONALSTREETPREFIXNAME
SD_CUSTOMER_INVOICES_CREATE	EntityProperty	I_AddressType	AdditionalStreetSuffixName	Edm.String	0	0	40								ADDITIONALSTREETSUFFIXNAME
SD_CUSTOMER_INVOICES_CREATE	EntityProperty	I_AddressType	AddressCityPostBoxCode	Edm.String	0	0	12								ADDRESSCITYPOSTBOXCODE
SD_CUSTOMER_INVOICES_CREATE	EntityProperty	I_AddressType	AddressID	Edm.String	0	0	10	X							ADDRESSID
SD_CUSTOMER_INVOICES_CREATE	EntityProperty	I_AddressType	AddressPostBoxUnusable	Edm.String	0	0	4								ADDRESSPOSTBOXUNUSABLE
SD_CUSTOMER_INVOICES_CREATE	EntityProperty	I_AddressType	AddressStreetUnusable	Edm.String	0	0	4								ADDRESSSTREETUNUSABLE
SD_CUSTOMER_INVOICES_CREATE	EntityProperty	I_AddressType	AddressTimeZone	Edm.String	0	0	6								ADDRESSTIMEZONE
SD_CUSTOMER_INVOICES_CREATE	EntityProperty	I_AddressType	AddressUUID	Edm.Guid	0	0	0								ADDRESSUUID
SD_CUSTOMER_INVOICES_CREATE	EntityProperty	I_AddressType	Building	Edm.String	0	0	20								BUILDING
SD_CUSTOMER_INVOICES_CREATE	EntityProperty	I_AddressType	BusinessPartnerName1	Edm.String	0	0	40								BUSINESSPARTNERNAME1
SD_CUSTOMER_INVOICES_CREATE	EntityProperty	I_AddressType	BusinessPartnerName2	Edm.String	0	0	40								BUSINESSPARTNERNAME2
SD_CUSTOMER_INVOICES_CREATE	EntityProperty	I_AddressType	BusinessPartnerName3	Edm.String	0	0	40								BUSINESSPARTNERNAME3
SD_CUSTOMER_INVOICES_CREATE	EntityProperty	I_AddressType	BusinessPartnerName4	Edm.String	0	0	40								BUSINESSPARTNERNAME4
SD_CUSTOMER_INVOICES_CREATE	EntityProperty	I_AddressType	CareOfName	Edm.String	0	0	40								CAREOFNAME
SD_CUSTOMER_INVOICES_CREATE	EntityProperty	I_AddressType	CityCode	Edm.String	0	0	12								CITYCODE
SD_CUSTOMER_INVOICES_CREATE	EntityProperty	I_AddressType	CityFileTestStatus	Edm.String	0	0	1								CITYFILETESTSTATUS
SD_CUSTOMER_INVOICES_CREATE	EntityProperty	I_AddressType	CityName	Edm.String	0	0	40								CITYNAME
SD_CUSTOMER_INVOICES_CREATE	EntityProperty	I_AddressType	CitySearch	Edm.String	0	0	25								CITYSEARCH
SD_CUSTOMER_INVOICES_CREATE	EntityProperty	I_AddressType	CompanyPostalCode	Edm.String	0	0	10								COMPANYPOSTALCODE
SD_CUSTOMER_INVOICES_CREATE	EntityProperty	I_AddressType	CorrespondenceLanguage	Edm.String	0	0	2								CORRESPONDENCELANGUAGE
SD_CUSTOMER_INVOICES_CREATE	EntityProperty	I_AddressType	Country	Edm.String	0	0	3								COUNTRY
SD_CUSTOMER_INVOICES_CREATE	EntityProperty	I_AddressType	County	Edm.String	0	0	40								COUNTY
SD_CUSTOMER_INVOICES_CREATE	EntityProperty	I_AddressType	CountyCode	Edm.String	0	0	8								COUNTYCODE
SD_CUSTOMER_INVOICES_CREATE	EntityProperty	I_AddressType	DeliveryServiceNumber	Edm.String	0	0	10								DELIVERYSERVICENUMBER
SD_CUSTOMER_INVOICES_CREATE	EntityProperty	I_AddressType	DeliveryServiceTypeCode	Edm.String	0	0	4								DELIVERYSERVICETYPECODE
SD_CUSTOMER_INVOICES_CREATE	EntityProperty	I_AddressType	District	Edm.String	0	0	40								DISTRICT
SD_CUSTOMER_INVOICES_CREATE	EntityProperty	I_AddressType	FaxNumber	Edm.String	0	0	30								FAXNUMBER
SD_CUSTOMER_INVOICES_CREATE	EntityProperty	I_AddressType	Floor	Edm.String	0	0	10								FLOOR
SD_CUSTOMER_INVOICES_CREATE	EntityProperty	I_AddressType	FormOfAddress	Edm.String	0	0	4								FORMOFADDRESS
SD_CUSTOMER_INVOICES_CREATE	EntityProperty	I_AddressType	FullName	Edm.String	0	0	80								FULLNAME
SD_CUSTOMER_INVOICES_CREATE	EntityProperty	I_AddressType	HomeCityName	Edm.String	0	0	40								HOMECITYNAME
SD_CUSTOMER_INVOICES_CREATE	EntityProperty	I_AddressType	HouseNumber	Edm.String	0	0	10								HOUSENUMBER
SD_CUSTOMER_INVOICES_CREATE	EntityProperty	I_AddressType	HouseNumberSupplementText	Edm.String	0	0	10								HOUSENUMBERSUPPLEMENTTEXT
SD_CUSTOMER_INVOICES_CREATE	EntityProperty	I_AddressType	Nation	Edm.String	0	0	1								NATION
SD_CUSTOMER_INVOICES_CREATE	EntityProperty	I_AddressType	Person	Edm.String	0	0	10								PERSON
SD_CUSTOMER_INVOICES_CREATE	EntityProperty	I_AddressType	PhoneNumber	Edm.String	0	0	30								PHONENUMBER
SD_CUSTOMER_INVOICES_CREATE	EntityProperty	I_AddressType	POBox	Edm.String	0	0	10								POBOX
SD_CUSTOMER_INVOICES_CREATE	EntityProperty	I_AddressType	POBoxDeviatingCityName	Edm.String	0	0	40								POBOXDEVIATINGCITYNAME
SD_CUSTOMER_INVOICES_CREATE	EntityProperty	I_AddressType	POBoxDeviatingCountry	Edm.String	0	0	3								POBOXDEVIATINGCOUNTRY
SD_CUSTOMER_INVOICES_CREATE	EntityProperty	I_AddressType	POBoxDeviatingRegion	Edm.String	0	0	3								POBOXDEVIATINGREGION
SD_CUSTOMER_INVOICES_CREATE	EntityProperty	I_AddressType	POBoxIsWithoutNumber	Edm.Boolean	0	0	0								POBOXISWITHOUTNUMBER
SD_CUSTOMER_INVOICES_CREATE	EntityProperty	I_AddressType	POBoxLobbyName	Edm.String	0	0	40								POBOXLOBBYNAME
SD_CUSTOMER_INVOICES_CREATE	EntityProperty	I_AddressType	POBoxPostalCode	Edm.String	0	0	10								POBOXPOSTALCODE
SD_CUSTOMER_INVOICES_CREATE	EntityProperty	I_AddressType	PostalCode	Edm.String	0	0	10								POSTALCODE
SD_CUSTOMER_INVOICES_CREATE	EntityProperty	I_AddressType	PrfrdCommMediumType	Edm.String	0	0	3								PRFRDCOMMMEDIUMTYPE
SD_CUSTOMER_INVOICES_CREATE	EntityProperty	I_AddressType	Region	Edm.String	0	0	3								REGION
SD_CUSTOMER_INVOICES_CREATE	EntityProperty	I_AddressType	RoomNumber	Edm.String	0	0	10								ROOMNUMBER
SD_CUSTOMER_INVOICES_CREATE	EntityProperty	I_AddressType	SearchTerm1	Edm.String	0	0	20								SEARCHTERM1
SD_CUSTOMER_INVOICES_CREATE	EntityProperty	I_AddressType	SearchTerm2	Edm.String	0	0	20								SEARCHTERM2
SD_CUSTOMER_INVOICES_CREATE	EntityProperty	I_AddressType	StreetName	Edm.String	0	0	60								STREETNAME
SD_CUSTOMER_INVOICES_CREATE	EntityProperty	I_AddressType	StreetPrefixName	Edm.String	0	0	40								STREETPREFIXNAME
SD_CUSTOMER_INVOICES_CREATE	EntityProperty	I_AddressType	StreetSearch	Edm.String	0	0	25								STREETSEARCH
SD_CUSTOMER_INVOICES_CREATE	EntityProperty	I_AddressType	StreetSuffixName	Edm.String	0	0	40								STREETSUFFIXNAME
SD_CUSTOMER_INVOICES_CREATE	EntityProperty	I_AddressType	TaxJurisdiction	Edm.String	0	0	15								TAXJURISDICTION
SD_CUSTOMER_INVOICES_CREATE	EntityProperty	I_AddressType	TownshipCode	Edm.String	0	0	8								TOWNSHIPCODE
SD_CUSTOMER_INVOICES_CREATE	EntityProperty	I_AddressType	TownshipName	Edm.String	0	0	40								TOWNSHIPNAME
SD_CUSTOMER_INVOICES_CREATE	EntityProperty	I_AddressType	TransportZone	Edm.String	0	0	10								TRANSPORTZONE
SD_CUSTOMER_INVOICES_CREATE	EntityProperty	I_ShippingPointType	ActiveDepartureCountry	Edm.String	0	0	3								ACTIVEDEPARTURECOUNTRY
SD_CUSTOMER_INVOICES_CREATE	EntityProperty	I_ShippingPointType	AddressID	Edm.String	0	0	10								ADDRESSID
SD_CUSTOMER_INVOICES_CREATE	EntityProperty	I_ShippingPointType	PickingConfirmation	Edm.String	0	0	1								PICKINGCONFIRMATION
SD_CUSTOMER_INVOICES_CREATE	EntityProperty	I_ShippingPointType	ShippingPoint	Edm.String	0	0	4	X							SHIPPINGPOINT
SD_CUSTOMER_INVOICES_CREATE	EntityProperty	I_ShippingPointType	ShippingPoint_Text	Edm.String	0	0	30								T_SHIPPINGPOINT
SD_CUSTOMER_INVOICES_CREATE	EntityProperty	C_OrgDivisionValueHelpType	DistributionChannel	Edm.String	0	0	2	X							DISTRIBUTIONCHANNEL
SD_CUSTOMER_INVOICES_CREATE	EntityProperty	C_OrgDivisionValueHelpType	Division	Edm.String	0	0	2	X							DIVISION
SD_CUSTOMER_INVOICES_CREATE	EntityProperty	C_OrgDivisionValueHelpType	DivisionName	Edm.String	0	0	20								DIVISIONNAME
SD_CUSTOMER_INVOICES_CREATE	EntityProperty	C_OrgDivisionValueHelpType	SalesOrganization	Edm.String	0	0	4	X							SALESORGANIZATION
SD_CUSTOMER_INVOICES_CREATE	EntityProperty	I_CustomerProjectStdVHType	CustomerProject	Edm.String	0	0	40	X							CUSTOMERPROJECT
SD_CUSTOMER_INVOICES_CREATE	EntityProperty	I_CustomerProjectStdVHType	CustomerProjectName	Edm.String	0	0	40								CUSTOMERPROJECTNAME
SD_CUSTOMER_INVOICES_CREATE	EntityProperty	I_BillingDocumentTypeTextType	BillingDocumentType	Edm.String	0	0	4	X							BILLINGDOCUMENTTYPE
SD_CUSTOMER_INVOICES_CREATE	EntityProperty	I_BillingDocumentTypeTextType	BillingDocumentTypeName	Edm.String	0	0	40								BILLINGDOCUMENTTYPENAME
SD_CUSTOMER_INVOICES_CREATE	EntityProperty	I_BillingDocumentTypeTextType	Language	Edm.String	0	0	2	X							LANGUAGE
SD_CUSTOMER_INVOICES_CREATE	EntityProperty	I_ProductType	AdjustmentProfile	Edm.String	0	0	3								ADJUSTMENTPROFILE
SD_CUSTOMER_INVOICES_CREATE	EntityProperty	I_ProductType	AdjustmentProfile_Text	Edm.String	0	0	40								T_ADJUSTMENTPROFILE
SD_CUSTOMER_INVOICES_CREATE	EntityProperty	I_ProductType	ANPCode	Edm.String	0	0	9								ANPCODE
SD_CUSTOMER_INVOICES_CREATE	EntityProperty	I_ProductType	ANPCode_Text	Edm.String	0	0	95								T_ANPCODE
SD_CUSTOMER_INVOICES_CREATE	EntityProperty	I_ProductType	ArticleCategory	Edm.String	0	0	2								ARTICLECATEGORY
SD_CUSTOMER_INVOICES_CREATE	EntityProperty	I_ProductType	AssortmentListType	Edm.String	0	0	1								ASSORTMENTLISTTYPE
SD_CUSTOMER_INVOICES_CREATE	EntityProperty	I_ProductType	AssortmentListType_Text	Edm.String	0	0	20								T_ASSORTMENTLISTTYPE
SD_CUSTOMER_INVOICES_CREATE	EntityProperty	I_ProductType	AuthorizationGroup	Edm.String	0	0	4								AUTHORIZATIONGROUP
SD_CUSTOMER_INVOICES_CREATE	EntityProperty	I_ProductType	BaseUnit	Edm.String	0	0	3								BASEUNIT
SD_CUSTOMER_INVOICES_CREATE	EntityProperty	I_ProductType	BaseUnit_Text	Edm.String	0	0	30								T_BASEUNIT
SD_CUSTOMER_INVOICES_CREATE	EntityProperty	I_ProductType	BaseUnitSpecificProductHeight	Edm.Decimal	13	3	0								BASEUNITSPECIFICPRODUCTHEIGHT
SD_CUSTOMER_INVOICES_CREATE	EntityProperty	I_ProductType	BaseUnitSpecificProductLength	Edm.Decimal	13	3	0								BASEUNITSPECIFICPRODUCTLENGTH
SD_CUSTOMER_INVOICES_CREATE	EntityProperty	I_ProductType	BaseUnitSpecificProductWidth	Edm.Decimal	13	3	0								BASEUNITSPECIFICPRODUCTWIDTH
SD_CUSTOMER_INVOICES_CREATE	EntityProperty	I_ProductType	BasicMaterial	Edm.String	0	0	48								BASICMATERIAL
SD_CUSTOMER_INVOICES_CREATE	EntityProperty	I_ProductType	Brand	Edm.String	0	0	4								BRAND
SD_CUSTOMER_INVOICES_CREATE	EntityProperty	I_ProductType	Brand_Text	Edm.String	0	0	30								T_BRAND
SD_CUSTOMER_INVOICES_CREATE	EntityProperty	I_ProductType	ChangeNumber	Edm.String	0	0	12								CHANGENUMBER
SD_CUSTOMER_INVOICES_CREATE	EntityProperty	I_ProductType	ComparisonPriceQuantity	Edm.Decimal	5	0	0								COMPARISONPRICEQUANTITY
SD_CUSTOMER_INVOICES_CREATE	EntityProperty	I_ProductType	CompetitorID	Edm.String	0	0	10								COMPETITORID
SD_CUSTOMER_INVOICES_CREATE	EntityProperty	I_ProductType	ContentUnit	Edm.String	0	0	3								CONTENTUNIT
SD_CUSTOMER_INVOICES_CREATE	EntityProperty	I_ProductType	ContentUnit_Text	Edm.String	0	0	30								T_CONTENTUNIT
SD_CUSTOMER_INVOICES_CREATE	EntityProperty	I_ProductType	CountryOfOrigin	Edm.String	0	0	3								COUNTRYOFORIGIN
SD_CUSTOMER_INVOICES_CREATE	EntityProperty	I_ProductType	CreatedByUser	Edm.String	0	0	12								CREATEDBYUSER
SD_CUSTOMER_INVOICES_CREATE	EntityProperty	I_ProductType	CreationDate	Edm.DateTime	0	0	0								CREATIONDATE
SD_CUSTOMER_INVOICES_CREATE	EntityProperty	I_ProductType	CreationDateTime	Edm.DateTimeOffset	7	0	0								CREATIONDATETIME
SD_CUSTOMER_INVOICES_CREATE	EntityProperty	I_ProductType	CreationTime	Edm.Time	0	0	0								CREATIONTIME
SD_CUSTOMER_INVOICES_CREATE	EntityProperty	I_ProductType	CrossPlantConfigurableProduct	Edm.String	0	0	40								CROSSPLANTCONFIGURABLEPRODUCT
SD_CUSTOMER_INVOICES_CREATE	EntityProperty	I_ProductType	CrossPlantConfigurableProduct_Text	Edm.String	0	0	40								T_CROSSPLANTCONFIGURAB_E2AD18B
SD_CUSTOMER_INVOICES_CREATE	EntityProperty	I_ProductType	CrossPlantStatus	Edm.String	0	0	2								CROSSPLANTSTATUS
SD_CUSTOMER_INVOICES_CREATE	EntityProperty	I_ProductType	CrossPlantStatus_Text	Edm.String	0	0	25								T_CROSSPLANTSTATUS
SD_CUSTOMER_INVOICES_CREATE	EntityProperty	I_ProductType	CrossPlantStatusValidityDate	Edm.DateTime	0	0	0								CROSSPLANTSTATUSVALIDITYDATE
SD_CUSTOMER_INVOICES_CREATE	EntityProperty	I_ProductType	DangerousGoodsIndProfile	Edm.String	0	0	3								DANGEROUSGOODSINDPROFILE
SD_CUSTOMER_INVOICES_CREATE	EntityProperty	I_ProductType	DfsAmmunitionGroupCode	Edm.String	0	0	8								DFSAMMUNITIONGROUPCODE
SD_CUSTOMER_INVOICES_CREATE	EntityProperty	I_ProductType	DfsLogisticsLevel	Edm.String	0	0	1								DFSLOGISTICSLEVEL
SD_CUSTOMER_INVOICES_CREATE	EntityProperty	I_ProductType	DfsManufacturerPartLongNumber	Edm.String	0	0	60								DFSMANUFACTURERPARTLONGNUMBER
SD_CUSTOMER_INVOICES_CREATE	EntityProperty	I_ProductType	DfsMatlConditionMgmt	Edm.String	0	0	1								DFSMATLCONDITIONMGMT
SD_CUSTOMER_INVOICES_CREATE	EntityProperty	I_ProductType	DfsNationalItemIdnNumber	Edm.String	0	0	9								DFSNATIONALITEMIDNNUMBER
SD_CUSTOMER_INVOICES_CREATE	EntityProperty	I_ProductType	DfsProductSensitivity	Edm.String	0	0	4								DFSPRODUCTSENSITIVITY
SD_CUSTOMER_INVOICES_CREATE	EntityProperty	I_ProductType	DfsReturnDelivery	Edm.String	0	0	1								DFSRETURNDELIVERY
SD_CUSTOMER_INVOICES_CREATE	EntityProperty	I_ProductType	DfsRICIdentifier	Edm.Int64	0	0	0								DFSRICIDENTIFIER
SD_CUSTOMER_INVOICES_CREATE	EntityProperty	I_ProductType	DiscountInKindEligibility	Edm.String	0	0	1								DISCOUNTINKINDELIGIBILITY
SD_CUSTOMER_INVOICES_CREATE	EntityProperty	I_ProductType	Division	Edm.String	0	0	2								DIVISION
SD_CUSTOMER_INVOICES_CREATE	EntityProperty	I_ProductType	Division_Text	Edm.String	0	0	20								T_DIVISION
SD_CUSTOMER_INVOICES_CREATE	EntityProperty	I_ProductType	DocumentIsCreatedByCAD	Edm.Boolean	0	0	0								DOCUMENTISCREATEDBYCAD
SD_CUSTOMER_INVOICES_CREATE	EntityProperty	I_ProductType	ExternalProductGroup	Edm.String	0	0	18								EXTERNALPRODUCTGROUP
SD_CUSTOMER_INVOICES_CREATE	EntityProperty	I_ProductType	ExternalProductGroup_Text	Edm.String	0	0	20								T_EXTERNALPRODUCTGROUP
SD_CUSTOMER_INVOICES_CREATE	EntityProperty	I_ProductType	GlobalTradeItemNumberVariant	Edm.String	0	0	2								GLOBALTRADEITEMNUMBERVARIANT
SD_CUSTOMER_INVOICES_CREATE	EntityProperty	I_ProductType	GrossContent	Edm.Decimal	13	3	0								GROSSCONTENT
SD_CUSTOMER_INVOICES_CREATE	EntityProperty	I_ProductType	GrossWeight	Edm.Decimal	13	3	0								GROSSWEIGHT
SD_CUSTOMER_INVOICES_CREATE	EntityProperty	I_ProductType	HandlingIndicator	Edm.String	0	0	4								HANDLINGINDICATOR
SD_CUSTOMER_INVOICES_CREATE	EntityProperty	I_ProductType	HandlingIndicator_Text	Edm.String	0	0	40								T_HANDLINGINDICATOR
SD_CUSTOMER_INVOICES_CREATE	EntityProperty	I_ProductType	HandlingUnitType	Edm.String	0	0	4								HANDLINGUNITTYPE
SD_CUSTOMER_INVOICES_CREATE	EntityProperty	I_ProductType	HandlingUnitType_Text	Edm.String	0	0	40								T_HANDLINGUNITTYPE
SD_CUSTOMER_INVOICES_CREATE	EntityProperty	I_ProductType	HasEmptiesBOM	Edm.Boolean	0	0	0								HASEMPTIESBOM
SD_CUSTOMER_INVOICES_CREATE	EntityProperty	I_ProductType	HasTextilePartsWthAnimalOrigin	Edm.Boolean	0	0	0								HASTEXTILEPARTSWTHANIMALORIGIN
SD_CUSTOMER_INVOICES_CREATE	EntityProperty	I_ProductType	HasVariableTareWeight	Edm.Boolean	0	0	0								HASVARIABLETAREWEIGHT
SD_CUSTOMER_INVOICES_CREATE	EntityProperty	I_ProductType	IndustrySector	Edm.String	0	0	1								INDUSTRYSECTOR
SD_CUSTOMER_INVOICES_CREATE	EntityProperty	I_ProductType	IndustryStandardName	Edm.String	0	0	18								INDUSTRYSTANDARDNAME
SD_CUSTOMER_INVOICES_CREATE	EntityProperty	I_ProductType	InternationalArticleNumberCat	Edm.String	0	0	2								INTERNATIONALARTICLENUMBERCAT
SD_CUSTOMER_INVOICES_CREATE	EntityProperty	I_ProductType	InternationalArticleNumberCat_Text	Edm.String	0	0	40								T_INTERNATIONALARTICLE_DC14718
SD_CUSTOMER_INVOICES_CREATE	EntityProperty	I_ProductType	IsActiveEntity	Edm.Boolean	0	0	0								ISACTIVEENTITY
SD_CUSTOMER_INVOICES_CREATE	EntityProperty	I_ProductType	IsApprovedBatchRecordReqd	Edm.Boolean	0	0	0								ISAPPROVEDBATCHRECORDREQD
SD_CUSTOMER_INVOICES_CREATE	EntityProperty	I_ProductType	IsBatchManagementRequired	Edm.Boolean	0	0	0								ISBATCHMANAGEMENTREQUIRED
SD_CUSTOMER_INVOICES_CREATE	EntityProperty	I_ProductType	IsChemicalComplianceRelevant	Edm.String	0	0	1								ISCHEMICALCOMPLIANCERELEVANT
SD_CUSTOMER_INVOICES_CREATE	EntityProperty	I_ProductType	IsChemicalComplianceRelevant_Text	Edm.String	0	0	60								T_ISCHEMICALCOMPLIANCERELEVANT
SD_CUSTOMER_INVOICES_CREATE	EntityProperty	I_ProductType	IsMarkedForDeletion	Edm.Boolean	0	0	0								ISMARKEDFORDELETION
SD_CUSTOMER_INVOICES_CREATE	EntityProperty	I_ProductType	IsPilferable	Edm.Boolean	0	0	0								ISPILFERABLE
SD_CUSTOMER_INVOICES_CREATE	EntityProperty	I_ProductType	IsRelevantForHzdsSubstances	Edm.Boolean	0	0	0								ISRELEVANTFORHZDSSUBSTANCES
SD_CUSTOMER_INVOICES_CREATE	EntityProperty	I_ProductType	ItemCategoryGroup	Edm.String	0	0	4								ITEMCATEGORYGROUP
SD_CUSTOMER_INVOICES_CREATE	EntityProperty	I_ProductType	ItemCategoryGroup_Text	Edm.String	0	0	20								T_ITEMCATEGORYGROUP
SD_CUSTOMER_INVOICES_CREATE	EntityProperty	I_ProductType	LaboratoryOrDesignOffice	Edm.String	0	0	3								LABORATORYORDESIGNOFFICE
SD_CUSTOMER_INVOICES_CREATE	EntityProperty	I_ProductType	LastChangeDate	Edm.DateTime	0	0	0								LASTCHANGEDATE
SD_CUSTOMER_INVOICES_CREATE	EntityProperty	I_ProductType	LastChangeDateTime	Edm.DateTimeOffset	7	0	0								LASTCHANGEDATETIME
SD_CUSTOMER_INVOICES_CREATE	EntityProperty	I_ProductType	LastChangedByUser	Edm.String	0	0	12								LASTCHANGEDBYUSER
SD_CUSTOMER_INVOICES_CREATE	EntityProperty	I_ProductType	LastChangeTime	Edm.Time	0	0	0								LASTCHANGETIME
SD_CUSTOMER_INVOICES_CREATE	EntityProperty	I_ProductType	LogisticalProductCategory	Edm.String	0	0	1								LOGISTICALPRODUCTCATEGORY
SD_CUSTOMER_INVOICES_CREATE	EntityProperty	I_ProductType	LowLevelCode	Edm.String	0	0	3								LOWLEVELCODE
SD_CUSTOMER_INVOICES_CREATE	EntityProperty	I_ProductType	ManufacturerBookPartNumber	Edm.String	0	0	40								MANUFACTURERBOOKPARTNUMBER
SD_CUSTOMER_INVOICES_CREATE	EntityProperty	I_ProductType	ManufacturerNumber	Edm.String	0	0	10								MANUFACTURERNUMBER
SD_CUSTOMER_INVOICES_CREATE	EntityProperty	I_ProductType	ManufacturerPartProfile	Edm.String	0	0	4								MANUFACTURERPARTPROFILE
SD_CUSTOMER_INVOICES_CREATE	EntityProperty	I_ProductType	MaterialRevisionLevel	Edm.String	0	0	2								MATERIALREVISIONLEVEL
SD_CUSTOMER_INVOICES_CREATE	EntityProperty	I_ProductType	MaterialVolume	Edm.Decimal	13	3	0								MATERIALVOLUME
SD_CUSTOMER_INVOICES_CREATE	EntityProperty	I_ProductType	MaximumCapacity	Edm.Decimal	15	3	0								MAXIMUMCAPACITY
SD_CUSTOMER_INVOICES_CREATE	EntityProperty	I_ProductType	MaximumPackagingHeight	Edm.Decimal	15	3	0								MAXIMUMPACKAGINGHEIGHT
SD_CUSTOMER_INVOICES_CREATE	EntityProperty	I_ProductType	MaximumPackagingLength	Edm.Decimal	15	3	0								MAXIMUMPACKAGINGLENGTH
SD_CUSTOMER_INVOICES_CREATE	EntityProperty	I_ProductType	MaximumPackagingWidth	Edm.Decimal	15	3	0								MAXIMUMPACKAGINGWIDTH
SD_CUSTOMER_INVOICES_CREATE	EntityProperty	I_ProductType	NetContent	Edm.Decimal	13	3	0								NETCONTENT
SD_CUSTOMER_INVOICES_CREATE	EntityProperty	I_ProductType	NetWeight	Edm.Decimal	13	3	0								NETWEIGHT
SD_CUSTOMER_INVOICES_CREATE	EntityProperty	I_ProductType	OvercapacityTolerance	Edm.Decimal	3	1	0								OVERCAPACITYTOLERANCE
SD_CUSTOMER_INVOICES_CREATE	EntityProperty	I_ProductType	OwnInventoryManagedProduct	Edm.String	0	0	40								OWNINVENTORYMANAGEDPRODUCT
SD_CUSTOMER_INVOICES_CREATE	EntityProperty	I_ProductType	PackagingMaterialGroup	Edm.String	0	0	4								PACKAGINGMATERIALGROUP
SD_CUSTOMER_INVOICES_CREATE	EntityProperty	I_ProductType	PackingReferenceProduct	Edm.String	0	0	40								PACKINGREFERENCEPRODUCT
SD_CUSTOMER_INVOICES_CREATE	EntityProperty	I_ProductType	PreferredUnitOfMeasure	Edm.String	0	0	3								PREFERREDUNITOFMEASURE
SD_CUSTOMER_INVOICES_CREATE	EntityProperty	I_ProductType	ProcurementRule	Edm.String	0	0	1								PROCUREMENTRULE
SD_CUSTOMER_INVOICES_CREATE	EntityProperty	I_ProductType	ProdAllocDetnProcedure	Edm.String	0	0	18								PRODALLOCDETNPROCEDURE
SD_CUSTOMER_INVOICES_CREATE	EntityProperty	I_ProductType	ProdCharc1InternalNumber	Edm.String	0	0	30								PRODCHARC1INTERNALNUMBER
SD_CUSTOMER_INVOICES_CREATE	EntityProperty	I_ProductType	ProdCharc2InternalNumber	Edm.String	0	0	30								PRODCHARC2INTERNALNUMBER
SD_CUSTOMER_INVOICES_CREATE	EntityProperty	I_ProductType	ProdCharc3InternalNumber	Edm.String	0	0	30								PRODCHARC3INTERNALNUMBER
SD_CUSTOMER_INVOICES_CREATE	EntityProperty	I_ProductType	ProdEffctyParamValsAreAssigned	Edm.Boolean	0	0	0								PRODEFFCTYPARAMVALSAREASSIGNED
SD_CUSTOMER_INVOICES_CREATE	EntityProperty	I_ProductType	ProdIsEnvironmentallyRelevant	Edm.Boolean	0	0	0								PRODISENVIRONMENTALLYRELEVANT
SD_CUSTOMER_INVOICES_CREATE	EntityProperty	I_ProductType	ProdNoInGenProdInPrepackProd	Edm.String	0	0	40								PRODNOINGENPRODINPREPACKPROD
SD_CUSTOMER_INVOICES_CREATE	EntityProperty	I_ProductType	ProdSupChnMgmtUUID22	Edm.String	0	0	40								PRODSUPCHNMGMTUUID22
SD_CUSTOMER_INVOICES_CREATE	EntityProperty	I_ProductType	Product	Edm.String	0	0	40	X							PRODUCT
SD_CUSTOMER_INVOICES_CREATE	EntityProperty	I_ProductType	Product_Text	Edm.String	0	0	40								T_PRODUCT
SD_CUSTOMER_INVOICES_CREATE	EntityProperty	I_ProductType	ProductCategory	Edm.String	0	0	2								PRODUCTCATEGORY
SD_CUSTOMER_INVOICES_CREATE	EntityProperty	I_ProductType	ProductCategory_Text	Edm.String	0	0	60								T_PRODUCTCATEGORY
SD_CUSTOMER_INVOICES_CREATE	EntityProperty	I_ProductType	ProductCharacteristic1	Edm.String	0	0	18								PRODUCTCHARACTERISTIC1
SD_CUSTOMER_INVOICES_CREATE	EntityProperty	I_ProductType	ProductCharacteristic2	Edm.String	0	0	18								PRODUCTCHARACTERISTIC2
SD_CUSTOMER_INVOICES_CREATE	EntityProperty	I_ProductType	ProductCharacteristic3	Edm.String	0	0	18								PRODUCTCHARACTERISTIC3
SD_CUSTOMER_INVOICES_CREATE	EntityProperty	I_ProductType	ProductConfiguration	Edm.String	0	0	18								PRODUCTCONFIGURATION
SD_CUSTOMER_INVOICES_CREATE	EntityProperty	I_ProductType	ProductDocumentChangeNumber	Edm.String	0	0	6								PRODUCTDOCUMENTCHANGENUMBER
SD_CUSTOMER_INVOICES_CREATE	EntityProperty	I_ProductType	ProductDocumentNumber	Edm.String	0	0	22								PRODUCTDOCUMENTNUMBER
SD_CUSTOMER_INVOICES_CREATE	EntityProperty	I_ProductType	ProductDocumentPageCount	Edm.String	0	0	3								PRODUCTDOCUMENTPAGECOUNT
SD_CUSTOMER_INVOICES_CREATE	EntityProperty	I_ProductType	ProductDocumentPageFormat	Edm.String	0	0	4								PRODUCTDOCUMENTPAGEFORMAT
SD_CUSTOMER_INVOICES_CREATE	EntityProperty	I_ProductType	ProductDocumentPageNumber	Edm.String	0	0	3								PRODUCTDOCUMENTPAGENUMBER
SD_CUSTOMER_INVOICES_CREATE	EntityProperty	I_ProductType	ProductDocumentType	Edm.String	0	0	3								PRODUCTDOCUMENTTYPE
SD_CUSTOMER_INVOICES_CREATE	EntityProperty	I_ProductType	ProductDocumentVersion	Edm.String	0	0	2								PRODUCTDOCUMENTVERSION
SD_CUSTOMER_INVOICES_CREATE	EntityProperty	I_ProductType	ProductExternalID	Edm.String	0	0	40								PRODUCTEXTERNALID
SD_CUSTOMER_INVOICES_CREATE	EntityProperty	I_ProductType	ProductGroup	Edm.String	0	0	9								PRODUCTGROUP
SD_CUSTOMER_INVOICES_CREATE	EntityProperty	I_ProductType	ProductGroup_Text	Edm.String	0	0	20								T_PRODUCTGROUP
SD_CUSTOMER_INVOICES_CREATE	EntityProperty	I_ProductType	ProductHierarchy	Edm.String	0	0	18								PRODUCTHIERARCHY
SD_CUSTOMER_INVOICES_CREATE	EntityProperty	I_ProductType	ProductHierarchy_Text	Edm.String	0	0	40								T_PRODUCTHIERARCHY
SD_CUSTOMER_INVOICES_CREATE	EntityProperty	I_ProductType	ProductionMemoPageFormat	Edm.String	0	0	4								PRODUCTIONMEMOPAGEFORMAT
SD_CUSTOMER_INVOICES_CREATE	EntityProperty	I_ProductType	ProductionOrInspectionMemoTxt	Edm.String	0	0	18								PRODUCTIONORINSPECTIONMEMOTXT
SD_CUSTOMER_INVOICES_CREATE	EntityProperty	I_ProductType	ProductIsConfigurable	Edm.Boolean	0	0	0								PRODUCTISCONFIGURABLE
SD_CUSTOMER_INVOICES_CREATE	EntityProperty	I_ProductType	ProductIsHighlyViscous	Edm.Boolean	0	0	0								PRODUCTISHIGHLYVISCOUS
SD_CUSTOMER_INVOICES_CREATE	EntityProperty	I_ProductType	ProductIsLocked	Edm.Boolean	0	0	0								PRODUCTISLOCKED
SD_CUSTOMER_INVOICES_CREATE	EntityProperty	I_ProductType	ProductManufacturerNumber	Edm.String	0	0	40								PRODUCTMANUFACTURERNUMBER
SD_CUSTOMER_INVOICES_CREATE	EntityProperty	I_ProductType	ProductMeasurementUnit	Edm.String	0	0	3								PRODUCTMEASUREMENTUNIT
SD_CUSTOMER_INVOICES_CREATE	EntityProperty	I_ProductType	ProductMeasurementUnit_Text	Edm.String	0	0	30								T_PRODUCTMEASUREMENTUNIT
SD_CUSTOMER_INVOICES_CREATE	EntityProperty	I_ProductType	ProductOID	Edm.String	0	0	128								PRODUCTOID
SD_CUSTOMER_INVOICES_CREATE	EntityProperty	I_ProductType	ProductOldID	Edm.String	0	0	40								PRODUCTOLDID
SD_CUSTOMER_INVOICES_CREATE	EntityProperty	I_ProductType	ProductSeasonUsageCategory	Edm.String	0	0	1								PRODUCTSEASONUSAGECATEGORY
SD_CUSTOMER_INVOICES_CREATE	EntityProperty	I_ProductType	ProductStandardID	Edm.String	0	0	18								PRODUCTSTANDARDID
SD_CUSTOMER_INVOICES_CREATE	EntityProperty	I_ProductType	ProductType	Edm.String	0	0	4								PRODUCTTYPE
SD_CUSTOMER_INVOICES_CREATE	EntityProperty	I_ProductType	ProductType_Text	Edm.String	0	0	25								T_PRODUCTTYPE
SD_CUSTOMER_INVOICES_CREATE	EntityProperty	I_ProductType	ProductUUID	Edm.Guid	0	0	0								PRODUCTUUID
SD_CUSTOMER_INVOICES_CREATE	EntityProperty	I_ProductType	ProductValidEndDate	Edm.DateTime	0	0	0								PRODUCTVALIDENDDATE
SD_CUSTOMER_INVOICES_CREATE	EntityProperty	I_ProductType	ProductValidStartDate	Edm.DateTime	0	0	0								PRODUCTVALIDSTARTDATE
SD_CUSTOMER_INVOICES_CREATE	EntityProperty	I_ProductType	PurchaseOrderQuantityUnit	Edm.String	0	0	3								PURCHASEORDERQUANTITYUNIT
SD_CUSTOMER_INVOICES_CREATE	EntityProperty	I_ProductType	QltyMgmtInProcmtIsActive	Edm.Boolean	0	0	0								QLTYMGMTINPROCMTISACTIVE
SD_CUSTOMER_INVOICES_CREATE	EntityProperty	I_ProductType	QualityInspectionGroup	Edm.String	0	0	4								QUALITYINSPECTIONGROUP
SD_CUSTOMER_INVOICES_CREATE	EntityProperty	I_ProductType	QualityInspectionGroup_Text	Edm.String	0	0	40								T_QUALITYINSPECTIONGROUP
SD_CUSTOMER_INVOICES_CREATE	EntityProperty	I_ProductType	QuarantinePeriod	Edm.Decimal	3	0	0								QUARANTINEPERIOD
SD_CUSTOMER_INVOICES_CREATE	EntityProperty	I_ProductType	SalesProduct	Edm.String	0	0	40								SALESPRODUCT
SD_CUSTOMER_INVOICES_CREATE	EntityProperty	I_ProductType	SalesStatus	Edm.String	0	0	2								SALESSTATUS
SD_CUSTOMER_INVOICES_CREATE	EntityProperty	I_ProductType	SalesStatusValidityDate	Edm.DateTime	0	0	0								SALESSTATUSVALIDITYDATE
SD_CUSTOMER_INVOICES_CREATE	EntityProperty	I_ProductType	SegmentationIsRelevant	Edm.String	0	0	1								SEGMENTATIONISRELEVANT
SD_CUSTOMER_INVOICES_CREATE	EntityProperty	I_ProductType	SegmentationStrategy	Edm.String	0	0	8								SEGMENTATIONSTRATEGY
SD_CUSTOMER_INVOICES_CREATE	EntityProperty	I_ProductType	SerialIdentifierAssgmtProfile	Edm.String	0	0	4								SERIALIDENTIFIERASSGMTPROFILE
SD_CUSTOMER_INVOICES_CREATE	EntityProperty	I_ProductType	SerialNoExplicitnessLevel	Edm.String	0	0	1								SERIALNOEXPLICITNESSLEVEL
SD_CUSTOMER_INVOICES_CREATE	EntityProperty	I_ProductType	SerialNumberProfile	Edm.String	0	0	4								SERIALNUMBERPROFILE
SD_CUSTOMER_INVOICES_CREATE	EntityProperty	I_ProductType	SerialNumberProfile_Text	Edm.String	0	0	40								T_SERIALNUMBERPROFILE
SD_CUSTOMER_INVOICES_CREATE	EntityProperty	I_ProductType	SizeOrDimensionText	Edm.String	0	0	32								SIZEORDIMENSIONTEXT
SD_CUSTOMER_INVOICES_CREATE	EntityProperty	I_ProductType	SmartFormName	Edm.String	0	0	30								SMARTFORMNAME
SD_CUSTOMER_INVOICES_CREATE	EntityProperty	I_ProductType	SourceOfSupply	Edm.String	0	0	1								SOURCEOFSUPPLY
SD_CUSTOMER_INVOICES_CREATE	EntityProperty	I_ProductType	StandardHandlingUnitType	Edm.String	0	0	4								STANDARDHANDLINGUNITTYPE
SD_CUSTOMER_INVOICES_CREATE	EntityProperty	I_ProductType	StandardHandlingUnitType_Text	Edm.String	0	0	40								T_STANDARDHANDLINGUNITTYPE
SD_CUSTOMER_INVOICES_CREATE	EntityProperty	I_ProductType	TimeUnitForQuarantinePeriod	Edm.String	0	0	3								TIMEUNITFORQUARANTINEPERIOD
SD_CUSTOMER_INVOICES_CREATE	EntityProperty	I_ProductType	TimeUnitForQuarantinePeriod_Text	Edm.String	0	0	30								T_TIMEUNITFORQUARANTINEPERIOD
SD_CUSTOMER_INVOICES_CREATE	EntityProperty	I_ProductType	TransportationGroup	Edm.String	0	0	4								TRANSPORTATIONGROUP
SD_CUSTOMER_INVOICES_CREATE	EntityProperty	I_ProductType	TransportIsInBulk	Edm.Boolean	0	0	0								TRANSPORTISINBULK
SD_CUSTOMER_INVOICES_CREATE	EntityProperty	I_ProductType	UnitForMaxPackagingDimensions	Edm.String	0	0	3								UNITFORMAXPACKAGINGDIMENSIONS
SD_CUSTOMER_INVOICES_CREATE	EntityProperty	I_ProductType	UnitForMaxPackagingDimensions_Text	Edm.String	0	0	30								T_UNITFORMAXPACKAGINGD_082CAC1
SD_CUSTOMER_INVOICES_CREATE	EntityProperty	I_ProductType	ValidityStartDate	Edm.DateTime	0	0	0								VALIDITYSTARTDATE
SD_CUSTOMER_INVOICES_CREATE	EntityProperty	I_ProductType	VarblPurOrdUnitIsActive	Edm.String	0	0	1								VARBLPURORDUNITISACTIVE
SD_CUSTOMER_INVOICES_CREATE	EntityProperty	I_ProductType	VolumeUnit	Edm.String	0	0	3								VOLUMEUNIT
SD_CUSTOMER_INVOICES_CREATE	EntityProperty	I_ProductType	VolumeUnit_Text	Edm.String	0	0	30								T_VOLUMEUNIT
SD_CUSTOMER_INVOICES_CREATE	EntityProperty	I_ProductType	WarehouseProductGroup	Edm.String	0	0	4								WAREHOUSEPRODUCTGROUP
SD_CUSTOMER_INVOICES_CREATE	EntityProperty	I_ProductType	WarehouseProductGroup_Text	Edm.String	0	0	40								T_WAREHOUSEPRODUCTGROUP
SD_CUSTOMER_INVOICES_CREATE	EntityProperty	I_ProductType	WarehouseStorageCondition	Edm.String	0	0	2								WAREHOUSESTORAGECONDITION
SD_CUSTOMER_INVOICES_CREATE	EntityProperty	I_ProductType	WarehouseStorageCondition_Text	Edm.String	0	0	40								T_WAREHOUSESTORAGECONDITION
SD_CUSTOMER_INVOICES_CREATE	EntityProperty	I_ProductType	WeightUnit	Edm.String	0	0	3								WEIGHTUNIT
SD_CUSTOMER_INVOICES_CREATE	EntityProperty	I_ProductType	WeightUnit_Text	Edm.String	0	0	30								T_WEIGHTUNIT
SD_CUSTOMER_INVOICES_CREATE	EntityProperty	C_BillingDueListItem_F0798Type	BillgDocReqRefLgclSyst	Edm.String	0	0	10								BILLGDOCREQREFLGCLSYST
SD_CUSTOMER_INVOICES_CREATE	EntityProperty	C_BillingDueListItem_F0798Type	BillingDocRequestReference	Edm.String	0	0	10								BILLINGDOCREQUESTREFERENCE
SD_CUSTOMER_INVOICES_CREATE	EntityProperty	C_BillingDueListItem_F0798Type	BillingDocumentCategory	Edm.String	0	0	1	X							BILLINGDOCUMENTCATEGORY
SD_CUSTOMER_INVOICES_CREATE	EntityProperty	C_BillingDueListItem_F0798Type	BillingDocumentDate	Edm.DateTime	0	0	0	X							BILLINGDOCUMENTDATE
SD_CUSTOMER_INVOICES_CREATE	EntityProperty	C_BillingDueListItem_F0798Type	BillingDocumentType	Edm.String	0	0	4	X							BILLINGDOCUMENTTYPE
SD_CUSTOMER_INVOICES_CREATE	EntityProperty	C_BillingDueListItem_F0798Type	BusinessSolutionOrder	Edm.String	0	0	10								BUSINESSSOLUTIONORDER
SD_CUSTOMER_INVOICES_CREATE	EntityProperty	C_BillingDueListItem_F0798Type	CreatedByUser	Edm.String	0	0	12								CREATEDBYUSER
SD_CUSTOMER_INVOICES_CREATE	EntityProperty	C_BillingDueListItem_F0798Type	CreationDate	Edm.DateTime	0	0	0								CREATIONDATE
SD_CUSTOMER_INVOICES_CREATE	EntityProperty	C_BillingDueListItem_F0798Type	CreationDateTime	Edm.DateTimeOffset	7	0	0								CREATIONDATETIME
SD_CUSTOMER_INVOICES_CREATE	EntityProperty	C_BillingDueListItem_F0798Type	CustomerProject	Edm.String	0	0	40								CUSTOMERPROJECT
SD_CUSTOMER_INVOICES_CREATE	EntityProperty	C_BillingDueListItem_F0798Type	DestinationCountry	Edm.String	0	0	3	X							DESTINATIONCOUNTRY
SD_CUSTOMER_INVOICES_CREATE	EntityProperty	C_BillingDueListItem_F0798Type	DistributionChannel	Edm.String	0	0	2								DISTRIBUTIONCHANNEL
SD_CUSTOMER_INVOICES_CREATE	EntityProperty	C_BillingDueListItem_F0798Type	Division	Edm.String	0	0	2								DIVISION
SD_CUSTOMER_INVOICES_CREATE	EntityProperty	C_BillingDueListItem_F0798Type	HasError	Edm.Boolean	0	0	0								HASERROR
SD_CUSTOMER_INVOICES_CREATE	EntityProperty	C_BillingDueListItem_F0798Type	HeaderBillingBlockReason	Edm.String	0	0	2								HEADERBILLINGBLOCKREASON
SD_CUSTOMER_INVOICES_CREATE	EntityProperty	C_BillingDueListItem_F0798Type	NetAmount	Edm.Decimal	16	3	0								NETAMOUNT
SD_CUSTOMER_INVOICES_CREATE	EntityProperty	C_BillingDueListItem_F0798Type	OverallProofOfDeliveryStatus	Edm.String	0	0	1								OVERALLPROOFOFDELIVERYSTATUS
SD_CUSTOMER_INVOICES_CREATE	EntityProperty	C_BillingDueListItem_F0798Type	ReferenceSDDocument	Edm.String	0	0	10	X							REFERENCESDDOCUMENT
SD_CUSTOMER_INVOICES_CREATE	EntityProperty	C_BillingDueListItem_F0798Type	ReferenceSDDocumentCategory	Edm.String	0	0	4								REFERENCESDDOCUMENTCATEGORY
SD_CUSTOMER_INVOICES_CREATE	EntityProperty	C_BillingDueListItem_F0798Type	ReferenceSDDocumentType	Edm.String	0	0	4								REFERENCESDDOCUMENTTYPE
SD_CUSTOMER_INVOICES_CREATE	EntityProperty	C_BillingDueListItem_F0798Type	SalesOrganization	Edm.String	0	0	4	X							SALESORGANIZATION
SD_CUSTOMER_INVOICES_CREATE	EntityProperty	C_BillingDueListItem_F0798Type	ShippingPoint	Edm.String	0	0	4								SHIPPINGPOINT
SD_CUSTOMER_INVOICES_CREATE	EntityProperty	C_BillingDueListItem_F0798Type	ShippingPoint_Text	Edm.String	0	0	30								T_SHIPPINGPOINT
SD_CUSTOMER_INVOICES_CREATE	EntityProperty	C_BillingDueListItem_F0798Type	SoldToParty	Edm.String	0	0	10	X							SOLDTOPARTY
SD_CUSTOMER_INVOICES_CREATE	EntityProperty	C_BillingDueListItem_F0798Type	SoldToPartyAdditionalName	Edm.String	0	0	35								SOLDTOPARTYADDITIONALNAME
SD_CUSTOMER_INVOICES_CREATE	EntityProperty	C_BillingDueListItem_F0798Type	SoldToPartyCityName	Edm.String	0	0	40								SOLDTOPARTYCITYNAME
SD_CUSTOMER_INVOICES_CREATE	EntityProperty	C_BillingDueListItem_F0798Type	SoldToPartyName	Edm.String	0	0	35								SOLDTOPARTYNAME
SD_CUSTOMER_INVOICES_CREATE	EntityProperty	C_BillingDueListItem_F0798Type	SystemMessageIdentification	Edm.String	0	0	20								SYSTEMMESSAGEIDENTIFICATION
SD_CUSTOMER_INVOICES_CREATE	EntityProperty	C_BillingDueListItem_F0798Type	SystemMessageNumber	Edm.String	0	0	3								SYSTEMMESSAGENUMBER
SD_CUSTOMER_INVOICES_CREATE	EntityProperty	C_BillingDueListItem_F0798Type	SystemMessageText	Edm.String	0	0	256								SYSTEMMESSAGETEXT
SD_CUSTOMER_INVOICES_CREATE	EntityProperty	C_BillingDueListItem_F0798Type	SystemMessageType	Edm.String	0	0	1								SYSTEMMESSAGETYPE
SD_CUSTOMER_INVOICES_CREATE	EntityProperty	C_BillingDueListItem_F0798Type	SystemMessageVariable1	Edm.String	0	0	50								SYSTEMMESSAGEVARIABLE1
SD_CUSTOMER_INVOICES_CREATE	EntityProperty	C_BillingDueListItem_F0798Type	SystemMessageVariable2	Edm.String	0	0	50								SYSTEMMESSAGEVARIABLE2
SD_CUSTOMER_INVOICES_CREATE	EntityProperty	C_BillingDueListItem_F0798Type	SystemMessageVariable3	Edm.String	0	0	50								SYSTEMMESSAGEVARIABLE3
SD_CUSTOMER_INVOICES_CREATE	EntityProperty	C_BillingDueListItem_F0798Type	SystemMessageVariable4	Edm.String	0	0	50								SYSTEMMESSAGEVARIABLE4
SD_CUSTOMER_INVOICES_CREATE	EntityProperty	C_BillingDueListItem_F0798Type	TransactionCurrency	Edm.String	0	0	5								TRANSACTIONCURRENCY
SD_CUSTOMER_INVOICES_CREATE	EntityProperty	C_CustomerProjectVHType	CustomerProject	Edm.String	0	0	40	X							CUSTOMERPROJECT
SD_CUSTOMER_INVOICES_CREATE	EntityProperty	C_CustomerProjectVHType	CustomerProjectManagerName	Edm.String	0	0	80								CUSTOMERPROJECTMANAGERNAME
SD_CUSTOMER_INVOICES_CREATE	EntityProperty	C_CustomerProjectVHType	CustomerProjectName	Edm.String	0	0	40								CUSTOMERPROJECTNAME
SD_CUSTOMER_INVOICES_CREATE	EntityProperty	C_CustomerProjectVHType	EmploymentInternalID	Edm.String	0	0	8								EMPLOYMENTINTERNALID
SD_CUSTOMER_INVOICES_CREATE	EntityProperty	I_SDDocumentCategoryType	SDDocumentCategory	Edm.String	0	0	4	X							SDDOCUMENTCATEGORY
SD_CUSTOMER_INVOICES_CREATE	EntityProperty	I_SDDocumentCategoryType	SDDocumentCategory_Text	Edm.String	0	0	60								T_SDDOCUMENTCATEGORY
API_BILLING_DOCUMENT	EntityProperty	A_BillingDocumentPartnerType	BillingDocument	Edm.String	0	0	10	X							BILLINGDOCUMENT
API_BILLING_DOCUMENT	EntityProperty	A_BillingDocumentPartnerType	BPRefAddrForDocSpcfcAddrUUID	Edm.Guid	0	0	0								BPREFADDRFORDOCSPCFCADDRUUID
API_BILLING_DOCUMENT	EntityProperty	A_BillingDocumentPartnerType	BusinessPartnerAddressUUID	Edm.Guid	0	0	0								BUSINESSPARTNERADDRESSUUID
API_BILLING_DOCUMENT	EntityProperty	A_BillingDocumentPartnerType	ContactPerson	Edm.String	0	0	10								CONTACTPERSON
API_BILLING_DOCUMENT	EntityProperty	A_BillingDocumentPartnerType	Customer	Edm.String	0	0	10								CUSTOMER
API_BILLING_DOCUMENT	EntityProperty	A_BillingDocumentPartnerType	PartnerFunction	Edm.String	0	0	2	X							PARTNERFUNCTION
API_BILLING_DOCUMENT	EntityProperty	A_BillingDocumentPartnerType	Personnel	Edm.String	0	0	8								PERSONNEL
API_BILLING_DOCUMENT	EntityProperty	A_BillingDocumentPartnerType	Supplier	Edm.String	0	0	10								SUPPLIER
API_BILLING_DOCUMENT	EntityProperty	A_BillingDocumentPrcgElmntType	BillingDocument	Edm.String	0	0	10	X							BILLINGDOCUMENT
API_BILLING_DOCUMENT	EntityProperty	A_BillingDocumentPrcgElmntType	CndnIsRelevantForIntcoBilling	Edm.Boolean	0	0	0								CNDNISRELEVANTFORINTCOBILLING
API_BILLING_DOCUMENT	EntityProperty	A_BillingDocumentPrcgElmntType	CndnRoundingOffDiffAmount	Edm.Decimal	6	3	0								CNDNROUNDINGOFFDIFFAMOUNT
API_BILLING_DOCUMENT	EntityProperty	A_BillingDocumentPrcgElmntType	ConditionAmount	Edm.Decimal	16	3	0								CONDITIONAMOUNT
API_BILLING_DOCUMENT	EntityProperty	A_BillingDocumentPrcgElmntType	ConditionBaseValue	Edm.Decimal	24	9	0								CONDITIONBASEVALUE
API_BILLING_DOCUMENT	EntityProperty	A_BillingDocumentPrcgElmntType	ConditionCalculationType	Edm.String	0	0	3								CONDITIONCALCULATIONTYPE
API_BILLING_DOCUMENT	EntityProperty	A_BillingDocumentPrcgElmntType	ConditionCategory	Edm.String	0	0	1								CONDITIONCATEGORY
API_BILLING_DOCUMENT	EntityProperty	A_BillingDocumentPrcgElmntType	ConditionClass	Edm.String	0	0	1								CONDITIONCLASS
API_BILLING_DOCUMENT	EntityProperty	A_BillingDocumentPrcgElmntType	ConditionControl	Edm.String	0	0	1								CONDITIONCONTROL
API_BILLING_DOCUMENT	EntityProperty	A_BillingDocumentPrcgElmntType	ConditionCurrency	Edm.String	0	0	5								CONDITIONCURRENCY
API_BILLING_DOCUMENT	EntityProperty	A_BillingDocumentPrcgElmntType	ConditionInactiveReason	Edm.String	0	0	1								CONDITIONINACTIVEREASON
API_BILLING_DOCUMENT	EntityProperty	A_BillingDocumentPrcgElmntType	ConditionIsForConfiguration	Edm.Boolean	0	0	0								CONDITIONISFORCONFIGURATION
API_BILLING_DOCUMENT	EntityProperty	A_BillingDocumentPrcgElmntType	ConditionIsForStatistics	Edm.Boolean	0	0	0								CONDITIONISFORSTATISTICS
API_BILLING_DOCUMENT	EntityProperty	A_BillingDocumentPrcgElmntType	ConditionIsManuallyChanged	Edm.Boolean	0	0	0								CONDITIONISMANUALLYCHANGED
API_BILLING_DOCUMENT	EntityProperty	A_BillingDocumentPrcgElmntType	ConditionOrigin	Edm.String	0	0	1								CONDITIONORIGIN
API_BILLING_DOCUMENT	EntityProperty	A_BillingDocumentPrcgElmntType	ConditionQuantity	Edm.Decimal	5	0	0								CONDITIONQUANTITY
API_BILLING_DOCUMENT	EntityProperty	A_BillingDocumentPrcgElmntType	ConditionQuantityUnit	Edm.String	0	0	3								CONDITIONQUANTITYUNIT
API_BILLING_DOCUMENT	EntityProperty	A_BillingDocumentPrcgElmntType	ConditionRateValue	Edm.Decimal	24	9	0								CONDITIONRATEVALUE
API_BILLING_DOCUMENT	EntityProperty	A_BillingDocumentPrcgElmntType	ConditionRecord	Edm.String	0	0	10								CONDITIONRECORD
API_BILLING_DOCUMENT	EntityProperty	A_BillingDocumentPrcgElmntType	ConditionScaleBasisCurrency	Edm.String	0	0	5								CONDITIONSCALEBASISCURRENCY
API_BILLING_DOCUMENT	EntityProperty	A_BillingDocumentPrcgElmntType	ConditionScaleBasisUnit	Edm.String	0	0	3								CONDITIONSCALEBASISUNIT
API_BILLING_DOCUMENT	EntityProperty	A_BillingDocumentPrcgElmntType	ConditionScaleBasisValue	Edm.Decimal	24	9	0								CONDITIONSCALEBASISVALUE
API_BILLING_DOCUMENT	EntityProperty	A_BillingDocumentPrcgElmntType	ConditionSequentialNumber	Edm.String	0	0	3								CONDITIONSEQUENTIALNUMBER
API_BILLING_DOCUMENT	EntityProperty	A_BillingDocumentPrcgElmntType	ConditionType	Edm.String	0	0	4								CONDITIONTYPE
API_BILLING_DOCUMENT	EntityProperty	A_BillingDocumentPrcgElmntType	FactorForConditionBasisValue	Edm.Double	0	0	0								FACTORFORCONDITIONBASISVALUE
API_BILLING_DOCUMENT	EntityProperty	A_BillingDocumentPrcgElmntType	IsGroupCondition	Edm.String	0	0	1								ISGROUPCONDITION
API_BILLING_DOCUMENT	EntityProperty	A_BillingDocumentPrcgElmntType	PeriodFactorForCndnBasisValue	Edm.Double	0	0	0								PERIODFACTORFORCNDNBASISVALUE
API_BILLING_DOCUMENT	EntityProperty	A_BillingDocumentPrcgElmntType	PrcgProcedureCounterForHeader	Edm.String	0	0	3								PRCGPROCEDURECOUNTERFORHEADER
API_BILLING_DOCUMENT	EntityProperty	A_BillingDocumentPrcgElmntType	PricingDateTime	Edm.String	0	0	14								PRICINGDATETIME
API_BILLING_DOCUMENT	EntityProperty	A_BillingDocumentPrcgElmntType	PricingProcedureCounter	Edm.String	0	0	3	X							PRICINGPROCEDURECOUNTER
API_BILLING_DOCUMENT	EntityProperty	A_BillingDocumentPrcgElmntType	PricingProcedureStep	Edm.String	0	0	3	X							PRICINGPROCEDURESTEP
API_BILLING_DOCUMENT	EntityProperty	A_BillingDocumentPrcgElmntType	PricingScaleBasis	Edm.String	0	0	3								PRICINGSCALEBASIS
API_BILLING_DOCUMENT	EntityProperty	A_BillingDocumentPrcgElmntType	PricingScaleType	Edm.String	0	0	1								PRICINGSCALETYPE
API_BILLING_DOCUMENT	EntityProperty	A_BillingDocumentPrcgElmntType	StructureCondition	Edm.String	0	0	1								STRUCTURECONDITION
API_BILLING_DOCUMENT	EntityProperty	A_BillingDocumentPrcgElmntType	TaxCode	Edm.String	0	0	2								TAXCODE
API_BILLING_DOCUMENT	EntityProperty	A_BillingDocumentPrcgElmntType	TransactionCurrency	Edm.String	0	0	5								TRANSACTIONCURRENCY
API_BILLING_DOCUMENT	EntityProperty	A_BillingDocumentPrcgElmntType	VariantCondition	Edm.String	0	0	26								VARIANTCONDITION
API_BILLING_DOCUMENT	EntityProperty	A_BillingDocumentPrcgElmntType	WithholdingTaxCode	Edm.String	0	0	2								WITHHOLDINGTAXCODE
API_BILLING_DOCUMENT	EntityProperty	A_BillingDocumentItemTextType	BillingDocument	Edm.String	0	0	10	X							BILLINGDOCUMENT
API_BILLING_DOCUMENT	EntityProperty	A_BillingDocumentItemTextType	BillingDocumentItem	Edm.String	0	0	6	X							BILLINGDOCUMENTITEM
API_BILLING_DOCUMENT	EntityProperty	A_BillingDocumentItemTextType	Language	Edm.String	0	0	2	X							LANGUAGE
API_BILLING_DOCUMENT	EntityProperty	A_BillingDocumentItemTextType	LongText	Edm.String	0	0	0								LONGTEXT
API_BILLING_DOCUMENT	EntityProperty	A_BillingDocumentItemTextType	LongTextID	Edm.String	0	0	4	X							LONGTEXTID
API_BILLING_DOCUMENT	EntityProperty	A_BillingDocumentItemPrcgElmntType	BillingDocument	Edm.String	0	0	10	X							BILLINGDOCUMENT
API_BILLING_DOCUMENT	EntityProperty	A_BillingDocumentItemPrcgElmntType	BillingDocumentItem	Edm.String	0	0	6	X							BILLINGDOCUMENTITEM
API_BILLING_DOCUMENT	EntityProperty	A_BillingDocumentItemPrcgElmntType	CndnIsRelevantForIntcoBilling	Edm.Boolean	0	0	0								CNDNISRELEVANTFORINTCOBILLING
API_BILLING_DOCUMENT	EntityProperty	A_BillingDocumentItemPrcgElmntType	CndnIsRelevantForInvoiceList	Edm.String	0	0	1								CNDNISRELEVANTFORINVOICELIST
API_BILLING_DOCUMENT	EntityProperty	A_BillingDocumentItemPrcgElmntType	CndnRoundingOffDiffAmount	Edm.Decimal	6	3	0								CNDNROUNDINGOFFDIFFAMOUNT
API_BILLING_DOCUMENT	EntityProperty	A_BillingDocumentItemPrcgElmntType	ConditionAmount	Edm.Decimal	16	3	0								CONDITIONAMOUNT
API_BILLING_DOCUMENT	EntityProperty	A_BillingDocumentItemPrcgElmntType	ConditionBaseValue	Edm.Decimal	24	9	0								CONDITIONBASEVALUE
API_BILLING_DOCUMENT	EntityProperty	A_BillingDocumentItemPrcgElmntType	ConditionCalculationType	Edm.String	0	0	3								CONDITIONCALCULATIONTYPE
API_BILLING_DOCUMENT	EntityProperty	A_BillingDocumentItemPrcgElmntType	ConditionCategory	Edm.String	0	0	1								CONDITIONCATEGORY
API_BILLING_DOCUMENT	EntityProperty	A_BillingDocumentItemPrcgElmntType	ConditionClass	Edm.String	0	0	1								CONDITIONCLASS
API_BILLING_DOCUMENT	EntityProperty	A_BillingDocumentItemPrcgElmntType	ConditionControl	Edm.String	0	0	1								CONDITIONCONTROL
API_BILLING_DOCUMENT	EntityProperty	A_BillingDocumentItemPrcgElmntType	ConditionCurrency	Edm.String	0	0	5								CONDITIONCURRENCY
API_BILLING_DOCUMENT	EntityProperty	A_BillingDocumentItemPrcgElmntType	ConditionInactiveReason	Edm.String	0	0	1								CONDITIONINACTIVEREASON
API_BILLING_DOCUMENT	EntityProperty	A_BillingDocumentItemPrcgElmntType	ConditionIsForConfiguration	Edm.Boolean	0	0	0								CONDITIONISFORCONFIGURATION
API_BILLING_DOCUMENT	EntityProperty	A_BillingDocumentItemPrcgElmntType	ConditionIsForStatistics	Edm.Boolean	0	0	0								CONDITIONISFORSTATISTICS
API_BILLING_DOCUMENT	EntityProperty	A_BillingDocumentItemPrcgElmntType	ConditionIsManuallyChanged	Edm.Boolean	0	0	0								CONDITIONISMANUALLYCHANGED
API_BILLING_DOCUMENT	EntityProperty	A_BillingDocumentItemPrcgElmntType	ConditionOrigin	Edm.String	0	0	1								CONDITIONORIGIN
API_BILLING_DOCUMENT	EntityProperty	A_BillingDocumentItemPrcgElmntType	ConditionQuantity	Edm.Decimal	5	0	0								CONDITIONQUANTITY
API_BILLING_DOCUMENT	EntityProperty	A_BillingDocumentItemPrcgElmntType	ConditionQuantityUnit	Edm.String	0	0	3								CONDITIONQUANTITYUNIT
API_BILLING_DOCUMENT	EntityProperty	A_BillingDocumentItemPrcgElmntType	ConditionRateValue	Edm.Decimal	24	9	0								CONDITIONRATEVALUE
API_BILLING_DOCUMENT	EntityProperty	A_BillingDocumentItemPrcgElmntType	ConditionRecord	Edm.String	0	0	10								CONDITIONRECORD
API_BILLING_DOCUMENT	EntityProperty	A_BillingDocumentItemPrcgElmntType	ConditionScaleBasisCurrency	Edm.String	0	0	5								CONDITIONSCALEBASISCURRENCY
API_BILLING_DOCUMENT	EntityProperty	A_BillingDocumentItemPrcgElmntType	ConditionScaleBasisUnit	Edm.String	0	0	3								CONDITIONSCALEBASISUNIT
API_BILLING_DOCUMENT	EntityProperty	A_BillingDocumentItemPrcgElmntType	ConditionScaleBasisValue	Edm.Decimal	24	9	0								CONDITIONSCALEBASISVALUE
API_BILLING_DOCUMENT	EntityProperty	A_BillingDocumentItemPrcgElmntType	ConditionSequentialNumber	Edm.String	0	0	3								CONDITIONSEQUENTIALNUMBER
API_BILLING_DOCUMENT	EntityProperty	A_BillingDocumentItemPrcgElmntType	ConditionType	Edm.String	0	0	4								CONDITIONTYPE
API_BILLING_DOCUMENT	EntityProperty	A_BillingDocumentItemPrcgElmntType	FactorForConditionBasisValue	Edm.Double	0	0	0								FACTORFORCONDITIONBASISVALUE
API_BILLING_DOCUMENT	EntityProperty	A_BillingDocumentItemPrcgElmntType	IsGroupCondition	Edm.String	0	0	1								ISGROUPCONDITION
API_BILLING_DOCUMENT	EntityProperty	A_BillingDocumentItemPrcgElmntType	IsRelevantForAccrual	Edm.Boolean	0	0	0								ISRELEVANTFORACCRUAL
API_BILLING_DOCUMENT	EntityProperty	A_BillingDocumentItemPrcgElmntType	PeriodFactorForCndnBasisValue	Edm.Double	0	0	0								PERIODFACTORFORCNDNBASISVALUE
API_BILLING_DOCUMENT	EntityProperty	A_BillingDocumentItemPrcgElmntType	PrcgProcedureCounterForHeader	Edm.String	0	0	3								PRCGPROCEDURECOUNTERFORHEADER
API_BILLING_DOCUMENT	EntityProperty	A_BillingDocumentItemPrcgElmntType	PricingDateTime	Edm.String	0	0	14								PRICINGDATETIME
API_BILLING_DOCUMENT	EntityProperty	A_BillingDocumentItemPrcgElmntType	PricingProcedureCounter	Edm.String	0	0	3	X							PRICINGPROCEDURECOUNTER
API_BILLING_DOCUMENT	EntityProperty	A_BillingDocumentItemPrcgElmntType	PricingProcedureStep	Edm.String	0	0	3	X							PRICINGPROCEDURESTEP
API_BILLING_DOCUMENT	EntityProperty	A_BillingDocumentItemPrcgElmntType	PricingScaleBasis	Edm.String	0	0	3								PRICINGSCALEBASIS
API_BILLING_DOCUMENT	EntityProperty	A_BillingDocumentItemPrcgElmntType	PricingScaleType	Edm.String	0	0	1								PRICINGSCALETYPE
API_BILLING_DOCUMENT	EntityProperty	A_BillingDocumentItemPrcgElmntType	StructureCondition	Edm.String	0	0	1								STRUCTURECONDITION
API_BILLING_DOCUMENT	EntityProperty	A_BillingDocumentItemPrcgElmntType	TaxCode	Edm.String	0	0	2								TAXCODE
API_BILLING_DOCUMENT	EntityProperty	A_BillingDocumentItemPrcgElmntType	TransactionCurrency	Edm.String	0	0	5								TRANSACTIONCURRENCY
API_BILLING_DOCUMENT	EntityProperty	A_BillingDocumentItemPrcgElmntType	VariantCondition	Edm.String	0	0	26								VARIANTCONDITION
API_BILLING_DOCUMENT	EntityProperty	A_BillingDocumentItemPrcgElmntType	WithholdingTaxCode	Edm.String	0	0	2								WITHHOLDINGTAXCODE
API_BILLING_DOCUMENT	EntityProperty	A_BillingDocumentType	AbsltAccountingExchangeRate	Edm.Decimal	9	5	0								ABSLTACCOUNTINGEXCHANGERATE
API_BILLING_DOCUMENT	EntityProperty	A_BillingDocumentType	AccountingDocument	Edm.String	0	0	10								ACCOUNTINGDOCUMENT
API_BILLING_DOCUMENT	EntityProperty	A_BillingDocumentType	AccountingExchangeRateIsSet	Edm.Boolean	0	0	0								ACCOUNTINGEXCHANGERATEISSET
API_BILLING_DOCUMENT	EntityProperty	A_BillingDocumentType	AccountingPostingStatus	Edm.String	0	0	1								ACCOUNTINGPOSTINGSTATUS
API_BILLING_DOCUMENT	EntityProperty	A_BillingDocumentType	AccountingTransferStatus	Edm.String	0	0	1								ACCOUNTINGTRANSFERSTATUS
API_BILLING_DOCUMENT	EntityProperty	A_BillingDocumentType	AcctgExchangeRateIsIndrctQtan	Edm.Boolean	0	0	0								ACCTGEXCHANGERATEISINDRCTQTAN
API_BILLING_DOCUMENT	EntityProperty	A_BillingDocumentType	AdditionalValueDays	Edm.String	0	0	2								ADDITIONALVALUEDAYS
API_BILLING_DOCUMENT	EntityProperty	A_BillingDocumentType	AssignmentReference	Edm.String	0	0	18								ASSIGNMENTREFERENCE
API_BILLING_DOCUMENT	EntityProperty	A_BillingDocumentType	BillingDocCombinationCriteria	Edm.String	0	0	40								BILLINGDOCCOMBINATIONCRITERIA
API_BILLING_DOCUMENT	EntityProperty	A_BillingDocumentType	BillingDocument	Edm.String	0	0	10	X							BILLINGDOCUMENT
API_BILLING_DOCUMENT	EntityProperty	A_BillingDocumentType	BillingDocumentCategory	Edm.String	0	0	1								BILLINGDOCUMENTCATEGORY
API_BILLING_DOCUMENT	EntityProperty	A_BillingDocumentType	BillingDocumentDate	Edm.DateTime	0	0	0								BILLINGDOCUMENTDATE
API_BILLING_DOCUMENT	EntityProperty	A_BillingDocumentType	BillingDocumentIsCancelled	Edm.Boolean	0	0	0								BILLINGDOCUMENTISCANCELLED
API_BILLING_DOCUMENT	EntityProperty	A_BillingDocumentType	BillingDocumentListDate	Edm.DateTime	0	0	0								BILLINGDOCUMENTLISTDATE
API_BILLING_DOCUMENT	EntityProperty	A_BillingDocumentType	BillingDocumentListType	Edm.String	0	0	4								BILLINGDOCUMENTLISTTYPE
API_BILLING_DOCUMENT	EntityProperty	A_BillingDocumentType	BillingDocumentType	Edm.String	0	0	4								BILLINGDOCUMENTTYPE
API_BILLING_DOCUMENT	EntityProperty	A_BillingDocumentType	BillingIssueType	Edm.String	0	0	1								BILLINGISSUETYPE
API_BILLING_DOCUMENT	EntityProperty	A_BillingDocumentType	CancelledBillingDocument	Edm.String	0	0	10								CANCELLEDBILLINGDOCUMENT
API_BILLING_DOCUMENT	EntityProperty	A_BillingDocumentType	CityCode	Edm.String	0	0	4								CITYCODE
API_BILLING_DOCUMENT	EntityProperty	A_BillingDocumentType	CompanyCode	Edm.String	0	0	4								COMPANYCODE
API_BILLING_DOCUMENT	EntityProperty	A_BillingDocumentType	ContractAccount	Edm.String	0	0	12								CONTRACTACCOUNT
API_BILLING_DOCUMENT	EntityProperty	A_BillingDocumentType	Country	Edm.String	0	0	3								COUNTRY
API_BILLING_DOCUMENT	EntityProperty	A_BillingDocumentType	County	Edm.String	0	0	3								COUNTY
API_BILLING_DOCUMENT	EntityProperty	A_BillingDocumentType	CreationDate	Edm.DateTime	0	0	0								CREATIONDATE
API_BILLING_DOCUMENT	EntityProperty	A_BillingDocumentType	CreationTime	Edm.Time	0	0	0								CREATIONTIME
API_BILLING_DOCUMENT	EntityProperty	A_BillingDocumentType	CreditControlArea	Edm.String	0	0	4								CREDITCONTROLAREA
API_BILLING_DOCUMENT	EntityProperty	A_BillingDocumentType	CustomerAccountAssignmentGroup	Edm.String	0	0	2								CUSTOMERACCOUNTASSIGNMENTGROUP
API_BILLING_DOCUMENT	EntityProperty	A_BillingDocumentType	CustomerGroup	Edm.String	0	0	2								CUSTOMERGROUP
API_BILLING_DOCUMENT	EntityProperty	A_BillingDocumentType	CustomerPaymentTerms	Edm.String	0	0	4								CUSTOMERPAYMENTTERMS
API_BILLING_DOCUMENT	EntityProperty	A_BillingDocumentType	CustomerPriceGroup	Edm.String	0	0	2								CUSTOMERPRICEGROUP
API_BILLING_DOCUMENT	EntityProperty	A_BillingDocumentType	CustomerRebateAgreement	Edm.String	0	0	10								CUSTOMERREBATEAGREEMENT
API_BILLING_DOCUMENT	EntityProperty	A_BillingDocumentType	CustomerTaxClassification1	Edm.String	0	0	1								CUSTOMERTAXCLASSIFICATION1
API_BILLING_DOCUMENT	EntityProperty	A_BillingDocumentType	CustomerTaxClassification2	Edm.String	0	0	1								CUSTOMERTAXCLASSIFICATION2
API_BILLING_DOCUMENT	EntityProperty	A_BillingDocumentType	CustomerTaxClassification3	Edm.String	0	0	1								CUSTOMERTAXCLASSIFICATION3
API_BILLING_DOCUMENT	EntityProperty	A_BillingDocumentType	CustomerTaxClassification4	Edm.String	0	0	1								CUSTOMERTAXCLASSIFICATION4
API_BILLING_DOCUMENT	EntityProperty	A_BillingDocumentType	CustomerTaxClassification5	Edm.String	0	0	1								CUSTOMERTAXCLASSIFICATION5
API_BILLING_DOCUMENT	EntityProperty	A_BillingDocumentType	CustomerTaxClassification6	Edm.String	0	0	1								CUSTOMERTAXCLASSIFICATION6
API_BILLING_DOCUMENT	EntityProperty	A_BillingDocumentType	CustomerTaxClassification7	Edm.String	0	0	1								CUSTOMERTAXCLASSIFICATION7
API_BILLING_DOCUMENT	EntityProperty	A_BillingDocumentType	CustomerTaxClassification8	Edm.String	0	0	1								CUSTOMERTAXCLASSIFICATION8
API_BILLING_DOCUMENT	EntityProperty	A_BillingDocumentType	CustomerTaxClassification9	Edm.String	0	0	1								CUSTOMERTAXCLASSIFICATION9
API_BILLING_DOCUMENT	EntityProperty	A_BillingDocumentType	DistributionChannel	Edm.String	0	0	2								DISTRIBUTIONCHANNEL
API_BILLING_DOCUMENT	EntityProperty	A_BillingDocumentType	Division	Edm.String	0	0	2								DIVISION
API_BILLING_DOCUMENT	EntityProperty	A_BillingDocumentType	DocumentReferenceID	Edm.String	0	0	16								DOCUMENTREFERENCEID
API_BILLING_DOCUMENT	EntityProperty	A_BillingDocumentType	DunningArea	Edm.String	0	0	2								DUNNINGAREA
API_BILLING_DOCUMENT	EntityProperty	A_BillingDocumentType	DunningBlockingReason	Edm.String	0	0	1								DUNNINGBLOCKINGREASON
API_BILLING_DOCUMENT	EntityProperty	A_BillingDocumentType	DunningKey	Edm.String	0	0	1								DUNNINGKEY
API_BILLING_DOCUMENT	EntityProperty	A_BillingDocumentType	ExchangeRateDate	Edm.DateTime	0	0	0								EXCHANGERATEDATE
API_BILLING_DOCUMENT	EntityProperty	A_BillingDocumentType	ExchangeRateType	Edm.String	0	0	4								EXCHANGERATETYPE
API_BILLING_DOCUMENT	EntityProperty	A_BillingDocumentType	FiscalYear	Edm.String	0	0	4								FISCALYEAR
API_BILLING_DOCUMENT	EntityProperty	A_BillingDocumentType	FixedValueDate	Edm.DateTime	0	0	0								FIXEDVALUEDATE
API_BILLING_DOCUMENT	EntityProperty	A_BillingDocumentType	ForeignTrade	Edm.String	0	0	10								FOREIGNTRADE
API_BILLING_DOCUMENT	EntityProperty	A_BillingDocumentType	HierarchyTypePricing	Edm.String	0	0	1								HIERARCHYTYPEPRICING
API_BILLING_DOCUMENT	EntityProperty	A_BillingDocumentType	IncotermsClassification	Edm.String	0	0	3								INCOTERMSCLASSIFICATION
API_BILLING_DOCUMENT	EntityProperty	A_BillingDocumentType	IncotermsLocation1	Edm.String	0	0	70								INCOTERMSLOCATION1
API_BILLING_DOCUMENT	EntityProperty	A_BillingDocumentType	IncotermsLocation2	Edm.String	0	0	70								INCOTERMSLOCATION2
API_BILLING_DOCUMENT	EntityProperty	A_BillingDocumentType	IncotermsTransferLocation	Edm.String	0	0	28								INCOTERMSTRANSFERLOCATION
API_BILLING_DOCUMENT	EntityProperty	A_BillingDocumentType	IncotermsVersion	Edm.String	0	0	4								INCOTERMSVERSION
API_BILLING_DOCUMENT	EntityProperty	A_BillingDocumentType	InternalFinancialDocument	Edm.String	0	0	10								INTERNALFINANCIALDOCUMENT
API_BILLING_DOCUMENT	EntityProperty	A_BillingDocumentType	InvoiceClearingStatus	Edm.String	0	0	1								INVOICECLEARINGSTATUS
API_BILLING_DOCUMENT	EntityProperty	A_BillingDocumentType	InvoiceListStatus	Edm.String	0	0	1								INVOICELISTSTATUS
API_BILLING_DOCUMENT	EntityProperty	A_BillingDocumentType	IsEUTriangularDeal	Edm.Boolean	0	0	0								ISEUTRIANGULARDEAL
API_BILLING_DOCUMENT	EntityProperty	A_BillingDocumentType	IsExportDelivery	Edm.String	0	0	1								ISEXPORTDELIVERY
API_BILLING_DOCUMENT	EntityProperty	A_BillingDocumentType	IsIntrastatReportingExcluded	Edm.Boolean	0	0	0								ISINTRASTATREPORTINGEXCLUDED
API_BILLING_DOCUMENT	EntityProperty	A_BillingDocumentType	IsIntrastatReportingRelevant	Edm.Boolean	0	0	0								ISINTRASTATREPORTINGRELEVANT
API_BILLING_DOCUMENT	EntityProperty	A_BillingDocumentType	IsRelevantForAccrual	Edm.Boolean	0	0	0								ISRELEVANTFORACCRUAL
API_BILLING_DOCUMENT	EntityProperty	A_BillingDocumentType	LastChangeDate	Edm.DateTime	0	0	0								LASTCHANGEDATE
API_BILLING_DOCUMENT	EntityProperty	A_BillingDocumentType	LastChangeDateTime	Edm.DateTimeOffset	7	0	0								LASTCHANGEDATETIME
API_BILLING_DOCUMENT	EntityProperty	A_BillingDocumentType	LogicalSystem	Edm.String	0	0	10								LOGICALSYSTEM
API_BILLING_DOCUMENT	EntityProperty	A_BillingDocumentType	ManualInvoiceMaintIsRelevant	Edm.Boolean	0	0	0								MANUALINVOICEMAINTISRELEVANT
API_BILLING_DOCUMENT	EntityProperty	A_BillingDocumentType	OverallBillingStatus	Edm.String	0	0	1								OVERALLBILLINGSTATUS
API_BILLING_DOCUMENT	EntityProperty	A_BillingDocumentType	OverallPricingIncompletionSts	Edm.String	0	0	1								OVERALLPRICINGINCOMPLETIONSTS
API_BILLING_DOCUMENT	EntityProperty	A_BillingDocumentType	OverallSDProcessStatus	Edm.String	0	0	1								OVERALLSDPROCESSSTATUS
API_BILLING_DOCUMENT	EntityProperty	A_BillingDocumentType	OvrlItmGeneralIncompletionSts	Edm.String	0	0	1								OVRLITMGENERALINCOMPLETIONSTS
API_BILLING_DOCUMENT	EntityProperty	A_BillingDocumentType	PartnerCompany	Edm.String	0	0	6								PARTNERCOMPANY
API_BILLING_DOCUMENT	EntityProperty	A_BillingDocumentType	PayerParty	Edm.String	0	0	10								PAYERPARTY
API_BILLING_DOCUMENT	EntityProperty	A_BillingDocumentType	PaymentMethod	Edm.String	0	0	1								PAYMENTMETHOD
API_BILLING_DOCUMENT	EntityProperty	A_BillingDocumentType	PaymentReference	Edm.String	0	0	30								PAYMENTREFERENCE
API_BILLING_DOCUMENT	EntityProperty	A_BillingDocumentType	PriceListType	Edm.String	0	0	2								PRICELISTTYPE
API_BILLING_DOCUMENT	EntityProperty	A_BillingDocumentType	PurchaseOrderByCustomer	Edm.String	0	0	35								PURCHASEORDERBYCUSTOMER
API_BILLING_DOCUMENT	EntityProperty	A_BillingDocumentType	Region	Edm.String	0	0	3								REGION
API_BILLING_DOCUMENT	EntityProperty	A_BillingDocumentType	SalesDistrict	Edm.String	0	0	6								SALESDISTRICT
API_BILLING_DOCUMENT	EntityProperty	A_BillingDocumentType	SalesDocumentCondition	Edm.String	0	0	10								SALESDOCUMENTCONDITION
API_BILLING_DOCUMENT	EntityProperty	A_BillingDocumentType	SalesOrganization	Edm.String	0	0	4								SALESORGANIZATION
API_BILLING_DOCUMENT	EntityProperty	A_BillingDocumentType	SDDocumentCategory	Edm.String	0	0	4								SDDOCUMENTCATEGORY
API_BILLING_DOCUMENT	EntityProperty	A_BillingDocumentType	SDPricingProcedure	Edm.String	0	0	6								SDPRICINGPROCEDURE
API_BILLING_DOCUMENT	EntityProperty	A_BillingDocumentType	SEPAMandate	Edm.String	0	0	35								SEPAMANDATE
API_BILLING_DOCUMENT	EntityProperty	A_BillingDocumentType	ShippingCondition	Edm.String	0	0	2								SHIPPINGCONDITION
API_BILLING_DOCUMENT	EntityProperty	A_BillingDocumentType	SoldToParty	Edm.String	0	0	10								SOLDTOPARTY
API_BILLING_DOCUMENT	EntityProperty	A_BillingDocumentType	StatisticsCurrency	Edm.String	0	0	5								STATISTICSCURRENCY
API_BILLING_DOCUMENT	EntityProperty	A_BillingDocumentType	TaxAmount	Edm.Decimal	14	3	0								TAXAMOUNT
API_BILLING_DOCUMENT	EntityProperty	A_BillingDocumentType	TaxDepartureCountry	Edm.String	0	0	3								TAXDEPARTURECOUNTRY
API_BILLING_DOCUMENT	EntityProperty	A_BillingDocumentType	TotalGrossAmount	Edm.Decimal	17	3	0								TOTALGROSSAMOUNT
API_BILLING_DOCUMENT	EntityProperty	A_BillingDocumentType	TotalNetAmount	Edm.Decimal	16	3	0								TOTALNETAMOUNT
API_BILLING_DOCUMENT	EntityProperty	A_BillingDocumentType	TransactionCurrency	Edm.String	0	0	5								TRANSACTIONCURRENCY
API_BILLING_DOCUMENT	EntityProperty	A_BillingDocumentType	VATRegistration	Edm.String	0	0	20								VATREGISTRATION
API_BILLING_DOCUMENT	EntityProperty	A_BillingDocumentType	VATRegistrationCountry	Edm.String	0	0	3								VATREGISTRATIONCOUNTRY
API_BILLING_DOCUMENT	EntityProperty	A_BillingDocumentType	VATRegistrationOrigin	Edm.String	0	0	1								VATREGISTRATIONORIGIN
API_BILLING_DOCUMENT	EntityProperty	A_BillingDocumentTextType	BillingDocument	Edm.String	0	0	10	X							BILLINGDOCUMENT
API_BILLING_DOCUMENT	EntityProperty	A_BillingDocumentTextType	Language	Edm.String	0	0	2	X							LANGUAGE
API_BILLING_DOCUMENT	EntityProperty	A_BillingDocumentTextType	LongText	Edm.String	0	0	0								LONGTEXT
API_BILLING_DOCUMENT	EntityProperty	A_BillingDocumentTextType	LongTextID	Edm.String	0	0	4	X							LONGTEXTID
API_BILLING_DOCUMENT	EntityProperty	A_BillingDocumentItemType	AbsltPriceDetnExchangeRate	Edm.Decimal	9	5	0								ABSLTPRICEDETNEXCHANGERATE
API_BILLING_DOCUMENT	EntityProperty	A_BillingDocumentItemType	AbsltStatisticsExchangeRate	Edm.Decimal	9	5	0								ABSLTSTATISTICSEXCHANGERATE
API_BILLING_DOCUMENT	EntityProperty	A_BillingDocumentItemType	AdditionalCustomerGroup1	Edm.String	0	0	3								ADDITIONALCUSTOMERGROUP1
API_BILLING_DOCUMENT	EntityProperty	A_BillingDocumentItemType	AdditionalCustomerGroup2	Edm.String	0	0	3								ADDITIONALCUSTOMERGROUP2
API_BILLING_DOCUMENT	EntityProperty	A_BillingDocumentItemType	AdditionalCustomerGroup3	Edm.String	0	0	3								ADDITIONALCUSTOMERGROUP3
API_BILLING_DOCUMENT	EntityProperty	A_BillingDocumentItemType	AdditionalCustomerGroup4	Edm.String	0	0	3								ADDITIONALCUSTOMERGROUP4
API_BILLING_DOCUMENT	EntityProperty	A_BillingDocumentItemType	AdditionalCustomerGroup5	Edm.String	0	0	3								ADDITIONALCUSTOMERGROUP5
API_BILLING_DOCUMENT	EntityProperty	A_BillingDocumentItemType	AdditionalMaterialGroup1	Edm.String	0	0	3								ADDITIONALMATERIALGROUP1
API_BILLING_DOCUMENT	EntityProperty	A_BillingDocumentItemType	AdditionalMaterialGroup2	Edm.String	0	0	3								ADDITIONALMATERIALGROUP2
API_BILLING_DOCUMENT	EntityProperty	A_BillingDocumentItemType	AdditionalMaterialGroup3	Edm.String	0	0	3								ADDITIONALMATERIALGROUP3
API_BILLING_DOCUMENT	EntityProperty	A_BillingDocumentItemType	AdditionalMaterialGroup4	Edm.String	0	0	3								ADDITIONALMATERIALGROUP4
API_BILLING_DOCUMENT	EntityProperty	A_BillingDocumentItemType	AdditionalMaterialGroup5	Edm.String	0	0	3								ADDITIONALMATERIALGROUP5
API_BILLING_DOCUMENT	EntityProperty	A_BillingDocumentItemType	BaseUnit	Edm.String	0	0	3								BASEUNIT
API_BILLING_DOCUMENT	EntityProperty	A_BillingDocumentItemType	Batch	Edm.String	0	0	10								BATCH
API_BILLING_DOCUMENT	EntityProperty	A_BillingDocumentItemType	BillingDocument	Edm.String	0	0	10	X							BILLINGDOCUMENT
API_BILLING_DOCUMENT	EntityProperty	A_BillingDocumentItemType	BillingDocumentItem	Edm.String	0	0	6	X							BILLINGDOCUMENTITEM
API_BILLING_DOCUMENT	EntityProperty	A_BillingDocumentItemType	BillingDocumentItemInPartSgmt	Edm.String	0	0	6								BILLINGDOCUMENTITEMINPARTSGMT
API_BILLING_DOCUMENT	EntityProperty	A_BillingDocumentItemType	BillingDocumentItemText	Edm.String	0	0	40								BILLINGDOCUMENTITEMTEXT
API_BILLING_DOCUMENT	EntityProperty	A_BillingDocumentItemType	BillingPlan	Edm.String	0	0	10								BILLINGPLAN
API_BILLING_DOCUMENT	EntityProperty	A_BillingDocumentItemType	BillingPlanItem	Edm.String	0	0	6								BILLINGPLANITEM
API_BILLING_DOCUMENT	EntityProperty	A_BillingDocumentItemType	BillingPlanRule	Edm.String	0	0	1								BILLINGPLANRULE
API_BILLING_DOCUMENT	EntityProperty	A_BillingDocumentItemType	BillingQuantity	Edm.Decimal	13	3	0								BILLINGQUANTITY
API_BILLING_DOCUMENT	EntityProperty	A_BillingDocumentItemType	BillingQuantityInBaseUnit	Edm.Decimal	13	3	0								BILLINGQUANTITYINBASEUNIT
API_BILLING_DOCUMENT	EntityProperty	A_BillingDocumentItemType	BillingQuantityUnit	Edm.String	0	0	3								BILLINGQUANTITYUNIT
API_BILLING_DOCUMENT	EntityProperty	A_BillingDocumentItemType	BillingToBaseQuantityDnmntr	Edm.Decimal	5	0	0								BILLINGTOBASEQUANTITYDNMNTR
API_BILLING_DOCUMENT	EntityProperty	A_BillingDocumentItemType	BillingToBaseQuantityNmrtr	Edm.Decimal	5	0	0								BILLINGTOBASEQUANTITYNMRTR
API_BILLING_DOCUMENT	EntityProperty	A_BillingDocumentItemType	BillToPartyCountry	Edm.String	0	0	3								BILLTOPARTYCOUNTRY
API_BILLING_DOCUMENT	EntityProperty	A_BillingDocumentItemType	BillToPartyRegion	Edm.String	0	0	3								BILLTOPARTYREGION
API_BILLING_DOCUMENT	EntityProperty	A_BillingDocumentItemType	BOMExplosion	Edm.String	0	0	8								BOMEXPLOSION
API_BILLING_DOCUMENT	EntityProperty	A_BillingDocumentItemType	BusinessArea	Edm.String	0	0	4								BUSINESSAREA
API_BILLING_DOCUMENT	EntityProperty	A_BillingDocumentItemType	CashDiscountIsDeductible	Edm.Boolean	0	0	0								CASHDISCOUNTISDEDUCTIBLE
API_BILLING_DOCUMENT	EntityProperty	A_BillingDocumentItemType	ControllingArea	Edm.String	0	0	4								CONTROLLINGAREA
API_BILLING_DOCUMENT	EntityProperty	A_BillingDocumentItemType	CostAmount	Edm.Decimal	14	3	0								COSTAMOUNT
API_BILLING_DOCUMENT	EntityProperty	A_BillingDocumentItemType	CostCenter	Edm.String	0	0	10								COSTCENTER
API_BILLING_DOCUMENT	EntityProperty	A_BillingDocumentItemType	CreatedByUser	Edm.String	0	0	12								CREATEDBYUSER
API_BILLING_DOCUMENT	EntityProperty	A_BillingDocumentItemType	CreationDate	Edm.DateTime	0	0	0								CREATIONDATE
API_BILLING_DOCUMENT	EntityProperty	A_BillingDocumentItemType	CreationTime	Edm.Time	0	0	0								CREATIONTIME
API_BILLING_DOCUMENT	EntityProperty	A_BillingDocumentItemType	CreditRelatedPrice	Edm.Decimal	12	3	0								CREDITRELATEDPRICE
API_BILLING_DOCUMENT	EntityProperty	A_BillingDocumentItemType	CustomerConditionGroup1	Edm.String	0	0	2								CUSTOMERCONDITIONGROUP1
API_BILLING_DOCUMENT	EntityProperty	A_BillingDocumentItemType	CustomerConditionGroup2	Edm.String	0	0	2								CUSTOMERCONDITIONGROUP2
API_BILLING_DOCUMENT	EntityProperty	A_BillingDocumentItemType	CustomerConditionGroup3	Edm.String	0	0	2								CUSTOMERCONDITIONGROUP3
API_BILLING_DOCUMENT	EntityProperty	A_BillingDocumentItemType	CustomerConditionGroup4	Edm.String	0	0	2								CUSTOMERCONDITIONGROUP4
API_BILLING_DOCUMENT	EntityProperty	A_BillingDocumentItemType	CustomerConditionGroup5	Edm.String	0	0	2								CUSTOMERCONDITIONGROUP5
API_BILLING_DOCUMENT	EntityProperty	A_BillingDocumentItemType	DepartureCountry	Edm.String	0	0	3								DEPARTURECOUNTRY
API_BILLING_DOCUMENT	EntityProperty	A_BillingDocumentItemType	Division	Edm.String	0	0	2								DIVISION
API_BILLING_DOCUMENT	EntityProperty	A_BillingDocumentItemType	EligibleAmountForCashDiscount	Edm.Decimal	14	3	0								ELIGIBLEAMOUNTFORCASHDISCOUNT
API_BILLING_DOCUMENT	EntityProperty	A_BillingDocumentItemType	ExternalReferenceDocument	Edm.String	0	0	10								EXTERNALREFERENCEDOCUMENT
API_BILLING_DOCUMENT	EntityProperty	A_BillingDocumentItemType	ExternalReferenceDocumentItem	Edm.String	0	0	6								EXTERNALREFERENCEDOCUMENTITEM
API_BILLING_DOCUMENT	EntityProperty	A_BillingDocumentItemType	GrossAmount	Edm.Decimal	16	3	0								GROSSAMOUNT
API_BILLING_DOCUMENT	EntityProperty	A_BillingDocumentItemType	HigherLevelItem	Edm.String	0	0	6								HIGHERLEVELITEM
API_BILLING_DOCUMENT	EntityProperty	A_BillingDocumentItemType	HigherLevelItemUsage	Edm.String	0	0	1								HIGHERLEVELITEMUSAGE
API_BILLING_DOCUMENT	EntityProperty	A_BillingDocumentItemType	InternationalArticleNumber	Edm.String	0	0	18								INTERNATIONALARTICLENUMBER
API_BILLING_DOCUMENT	EntityProperty	A_BillingDocumentItemType	ItemGrossWeight	Edm.Decimal	15	3	0								ITEMGROSSWEIGHT
API_BILLING_DOCUMENT	EntityProperty	A_BillingDocumentItemType	ItemIsRelevantForCredit	Edm.Boolean	0	0	0								ITEMISRELEVANTFORCREDIT
API_BILLING_DOCUMENT	EntityProperty	A_BillingDocumentItemType	ItemNetWeight	Edm.Decimal	15	3	0								ITEMNETWEIGHT
API_BILLING_DOCUMENT	EntityProperty	A_BillingDocumentItemType	ItemVolume	Edm.Decimal	15	3	0								ITEMVOLUME
API_BILLING_DOCUMENT	EntityProperty	A_BillingDocumentItemType	ItemVolumeUnit	Edm.String	0	0	3								ITEMVOLUMEUNIT
API_BILLING_DOCUMENT	EntityProperty	A_BillingDocumentItemType	ItemWeightUnit	Edm.String	0	0	3								ITEMWEIGHTUNIT
API_BILLING_DOCUMENT	EntityProperty	A_BillingDocumentItemType	MainItemMaterialPricingGroup	Edm.String	0	0	2								MAINITEMMATERIALPRICINGGROUP
API_BILLING_DOCUMENT	EntityProperty	A_BillingDocumentItemType	MainItemPricingRefMaterial	Edm.String	0	0	40								MAINITEMPRICINGREFMATERIAL
API_BILLING_DOCUMENT	EntityProperty	A_BillingDocumentItemType	ManualPriceChangeType	Edm.String	0	0	1								MANUALPRICECHANGETYPE
API_BILLING_DOCUMENT	EntityProperty	A_BillingDocumentItemType	Material	Edm.String	0	0	40								MATERIAL
API_BILLING_DOCUMENT	EntityProperty	A_BillingDocumentItemType	MaterialCommissionGroup	Edm.String	0	0	2								MATERIALCOMMISSIONGROUP
API_BILLING_DOCUMENT	EntityProperty	A_BillingDocumentItemType	MaterialDeterminationType	Edm.String	0	0	1								MATERIALDETERMINATIONTYPE
API_BILLING_DOCUMENT	EntityProperty	A_BillingDocumentItemType	MaterialGroup	Edm.String	0	0	9								MATERIALGROUP
API_BILLING_DOCUMENT	EntityProperty	A_BillingDocumentItemType	MaterialGroupHierarchy1	Edm.String	0	0	18								MATERIALGROUPHIERARCHY1
API_BILLING_DOCUMENT	EntityProperty	A_BillingDocumentItemType	MaterialGroupHierarchy2	Edm.String	0	0	18								MATERIALGROUPHIERARCHY2
API_BILLING_DOCUMENT	EntityProperty	A_BillingDocumentItemType	MaterialPricingGroup	Edm.String	0	0	2								MATERIALPRICINGGROUP
API_BILLING_DOCUMENT	EntityProperty	A_BillingDocumentItemType	MatlAccountAssignmentGroup	Edm.String	0	0	2								MATLACCOUNTASSIGNMENTGROUP
API_BILLING_DOCUMENT	EntityProperty	A_BillingDocumentItemType	MRPRequiredQuantityInBaseUnit	Edm.Decimal	13	3	0								MRPREQUIREDQUANTITYINBASEUNIT
API_BILLING_DOCUMENT	EntityProperty	A_BillingDocumentItemType	NetAmount	Edm.Decimal	16	3	0								NETAMOUNT
API_BILLING_DOCUMENT	EntityProperty	A_BillingDocumentItemType	OrderID	Edm.String	0	0	12								ORDERID
API_BILLING_DOCUMENT	EntityProperty	A_BillingDocumentItemType	OrganizationDivision	Edm.String	0	0	2								ORGANIZATIONDIVISION
API_BILLING_DOCUMENT	EntityProperty	A_BillingDocumentItemType	OriginallyRequestedMaterial	Edm.String	0	0	40								ORIGINALLYREQUESTEDMATERIAL
API_BILLING_DOCUMENT	EntityProperty	A_BillingDocumentItemType	OriginSDDocument	Edm.String	0	0	10								ORIGINSDDOCUMENT
API_BILLING_DOCUMENT	EntityProperty	A_BillingDocumentItemType	OriginSDDocumentItem	Edm.String	0	0	6								ORIGINSDDOCUMENTITEM
API_BILLING_DOCUMENT	EntityProperty	A_BillingDocumentItemType	Plant	Edm.String	0	0	4								PLANT
API_BILLING_DOCUMENT	EntityProperty	A_BillingDocumentItemType	PlantCity	Edm.String	0	0	4								PLANTCITY
API_BILLING_DOCUMENT	EntityProperty	A_BillingDocumentItemType	PlantCounty	Edm.String	0	0	3								PLANTCOUNTY
API_BILLING_DOCUMENT	EntityProperty	A_BillingDocumentItemType	PlantRegion	Edm.String	0	0	3								PLANTREGION
API_BILLING_DOCUMENT	EntityProperty	A_BillingDocumentItemType	PriceDetnExchangeRateDate	Edm.DateTime	0	0	0								PRICEDETNEXCHANGERATEDATE
API_BILLING_DOCUMENT	EntityProperty	A_BillingDocumentItemType	PriceDetnExchRateIsIndrctQtan	Edm.Boolean	0	0	0								PRICEDETNEXCHRATEISINDRCTQTAN
API_BILLING_DOCUMENT	EntityProperty	A_BillingDocumentItemType	PricingDate	Edm.DateTime	0	0	0								PRICINGDATE
API_BILLING_DOCUMENT	EntityProperty	A_BillingDocumentItemType	PricingReferenceMaterial	Edm.String	0	0	40								PRICINGREFERENCEMATERIAL
API_BILLING_DOCUMENT	EntityProperty	A_BillingDocumentItemType	PricingScaleQuantityInBaseUnit	Edm.Decimal	13	3	0								PRICINGSCALEQUANTITYINBASEUNIT
API_BILLING_DOCUMENT	EntityProperty	A_BillingDocumentItemType	ProductHierarchyNode	Edm.String	0	0	18								PRODUCTHIERARCHYNODE
API_BILLING_DOCUMENT	EntityProperty	A_BillingDocumentItemType	ProductTaxClassification1	Edm.String	0	0	1								PRODUCTTAXCLASSIFICATION1
API_BILLING_DOCUMENT	EntityProperty	A_BillingDocumentItemType	ProductTaxClassification2	Edm.String	0	0	1								PRODUCTTAXCLASSIFICATION2
API_BILLING_DOCUMENT	EntityProperty	A_BillingDocumentItemType	ProductTaxClassification3	Edm.String	0	0	1								PRODUCTTAXCLASSIFICATION3
API_BILLING_DOCUMENT	EntityProperty	A_BillingDocumentItemType	ProductTaxClassification4	Edm.String	0	0	1								PRODUCTTAXCLASSIFICATION4
API_BILLING_DOCUMENT	EntityProperty	A_BillingDocumentItemType	ProductTaxClassification5	Edm.String	0	0	1								PRODUCTTAXCLASSIFICATION5
API_BILLING_DOCUMENT	EntityProperty	A_BillingDocumentItemType	ProductTaxClassification6	Edm.String	0	0	1								PRODUCTTAXCLASSIFICATION6
API_BILLING_DOCUMENT	EntityProperty	A_BillingDocumentItemType	ProductTaxClassification7	Edm.String	0	0	1								PRODUCTTAXCLASSIFICATION7
API_BILLING_DOCUMENT	EntityProperty	A_BillingDocumentItemType	ProductTaxClassification8	Edm.String	0	0	1								PRODUCTTAXCLASSIFICATION8
API_BILLING_DOCUMENT	EntityProperty	A_BillingDocumentItemType	ProductTaxClassification9	Edm.String	0	0	1								PRODUCTTAXCLASSIFICATION9
API_BILLING_DOCUMENT	EntityProperty	A_BillingDocumentItemType	ProfitabilitySegment	Edm.String	0	0	10								PROFITABILITYSEGMENT
API_BILLING_DOCUMENT	EntityProperty	A_BillingDocumentItemType	ProfitCenter	Edm.String	0	0	10								PROFITCENTER
API_BILLING_DOCUMENT	EntityProperty	A_BillingDocumentItemType	RebateBasisAmount	Edm.Decimal	14	3	0								REBATEBASISAMOUNT
API_BILLING_DOCUMENT	EntityProperty	A_BillingDocumentItemType	ReferenceLogicalSystem	Edm.String	0	0	10								REFERENCELOGICALSYSTEM
API_BILLING_DOCUMENT	EntityProperty	A_BillingDocumentItemType	ReferenceSDDocument	Edm.String	0	0	10								REFERENCESDDOCUMENT
API_BILLING_DOCUMENT	EntityProperty	A_BillingDocumentItemType	ReferenceSDDocumentCategory	Edm.String	0	0	4								REFERENCESDDOCUMENTCATEGORY
API_BILLING_DOCUMENT	EntityProperty	A_BillingDocumentItemType	ReferenceSDDocumentItem	Edm.String	0	0	6								REFERENCESDDOCUMENTITEM
API_BILLING_DOCUMENT	EntityProperty	A_BillingDocumentItemType	ReplacementPartType	Edm.String	0	0	1								REPLACEMENTPARTTYPE
API_BILLING_DOCUMENT	EntityProperty	A_BillingDocumentItemType	RetailPromotion	Edm.String	0	0	10								RETAILPROMOTION
API_BILLING_DOCUMENT	EntityProperty	A_BillingDocumentItemType	ReturnItemProcessingType	Edm.String	0	0	1								RETURNITEMPROCESSINGTYPE
API_BILLING_DOCUMENT	EntityProperty	A_BillingDocumentItemType	SalesDeal	Edm.String	0	0	10								SALESDEAL
API_BILLING_DOCUMENT	EntityProperty	A_BillingDocumentItemType	SalesDocIsCreatedFromReference	Edm.Boolean	0	0	0								SALESDOCISCREATEDFROMREFERENCE
API_BILLING_DOCUMENT	EntityProperty	A_BillingDocumentItemType	SalesDocument	Edm.String	0	0	10								SALESDOCUMENT
API_BILLING_DOCUMENT	EntityProperty	A_BillingDocumentItemType	SalesDocumentItem	Edm.String	0	0	6								SALESDOCUMENTITEM
API_BILLING_DOCUMENT	EntityProperty	A_BillingDocumentItemType	SalesDocumentItemCategory	Edm.String	0	0	4								SALESDOCUMENTITEMCATEGORY
API_BILLING_DOCUMENT	EntityProperty	A_BillingDocumentItemType	SalesDocumentItemType	Edm.String	0	0	1								SALESDOCUMENTITEMTYPE
API_BILLING_DOCUMENT	EntityProperty	A_BillingDocumentItemType	SalesGroup	Edm.String	0	0	3								SALESGROUP
API_BILLING_DOCUMENT	EntityProperty	A_BillingDocumentItemType	SalesOffice	Edm.String	0	0	4								SALESOFFICE
API_BILLING_DOCUMENT	EntityProperty	A_BillingDocumentItemType	SalesOrderCustomerGroup	Edm.String	0	0	2								SALESORDERCUSTOMERGROUP
API_BILLING_DOCUMENT	EntityProperty	A_BillingDocumentItemType	SalesOrderCustomerPriceGroup	Edm.String	0	0	2								SALESORDERCUSTOMERPRICEGROUP
API_BILLING_DOCUMENT	EntityProperty	A_BillingDocumentItemType	SalesOrderDistributionChannel	Edm.String	0	0	2								SALESORDERDISTRIBUTIONCHANNEL
API_BILLING_DOCUMENT	EntityProperty	A_BillingDocumentItemType	SalesOrderPriceListType	Edm.String	0	0	2								SALESORDERPRICELISTTYPE
API_BILLING_DOCUMENT	EntityProperty	A_BillingDocumentItemType	SalesOrderSalesDistrict	Edm.String	0	0	6								SALESORDERSALESDISTRICT
API_BILLING_DOCUMENT	EntityProperty	A_BillingDocumentItemType	SalesOrderSalesOrganization	Edm.String	0	0	4								SALESORDERSALESORGANIZATION
API_BILLING_DOCUMENT	EntityProperty	A_BillingDocumentItemType	SalesPromotion	Edm.String	0	0	10								SALESPROMOTION
API_BILLING_DOCUMENT	EntityProperty	A_BillingDocumentItemType	SalesSDDocumentCategory	Edm.String	0	0	4								SALESSDDOCUMENTCATEGORY
API_BILLING_DOCUMENT	EntityProperty	A_BillingDocumentItemType	SDDocumentReason	Edm.String	0	0	3								SDDOCUMENTREASON
API_BILLING_DOCUMENT	EntityProperty	A_BillingDocumentItemType	ServicesRenderedDate	Edm.DateTime	0	0	0								SERVICESRENDEREDDATE
API_BILLING_DOCUMENT	EntityProperty	A_BillingDocumentItemType	ShippingPoint	Edm.String	0	0	4								SHIPPINGPOINT
API_BILLING_DOCUMENT	EntityProperty	A_BillingDocumentItemType	StatisticalValueControl	Edm.String	0	0	1								STATISTICALVALUECONTROL
API_BILLING_DOCUMENT	EntityProperty	A_BillingDocumentItemType	StatisticsExchRateIsIndrctQtan	Edm.Boolean	0	0	0								STATISTICSEXCHRATEISINDRCTQTAN
API_BILLING_DOCUMENT	EntityProperty	A_BillingDocumentItemType	StorageLocation	Edm.String	0	0	4								STORAGELOCATION
API_BILLING_DOCUMENT	EntityProperty	A_BillingDocumentItemType	Subtotal1Amount	Edm.Decimal	14	3	0								SUBTOTAL1AMOUNT
API_BILLING_DOCUMENT	EntityProperty	A_BillingDocumentItemType	Subtotal2Amount	Edm.Decimal	14	3	0								SUBTOTAL2AMOUNT
API_BILLING_DOCUMENT	EntityProperty	A_BillingDocumentItemType	Subtotal3Amount	Edm.Decimal	14	3	0								SUBTOTAL3AMOUNT
API_BILLING_DOCUMENT	EntityProperty	A_BillingDocumentItemType	Subtotal4Amount	Edm.Decimal	14	3	0								SUBTOTAL4AMOUNT
API_BILLING_DOCUMENT	EntityProperty	A_BillingDocumentItemType	Subtotal5Amount	Edm.Decimal	14	3	0								SUBTOTAL5AMOUNT
API_BILLING_DOCUMENT	EntityProperty	A_BillingDocumentItemType	Subtotal6Amount	Edm.Decimal	14	3	0								SUBTOTAL6AMOUNT
API_BILLING_DOCUMENT	EntityProperty	A_BillingDocumentItemType	TaxAmount	Edm.Decimal	14	3	0								TAXAMOUNT
API_BILLING_DOCUMENT	EntityProperty	A_BillingDocumentItemType	TaxJurisdiction	Edm.String	0	0	15								TAXJURISDICTION
API_BILLING_DOCUMENT	EntityProperty	A_BillingDocumentItemType	TransactionCurrency	Edm.String	0	0	5								TRANSACTIONCURRENCY
API_BILLING_DOCUMENT	EntityProperty	A_BillingDocumentItemType	VolumeRebateGroup	Edm.String	0	0	2								VOLUMEREBATEGROUP
API_BILLING_DOCUMENT	EntityProperty	A_BillingDocumentItemType	WBSElement	Edm.String	0	0	24								WBSELEMENT
API_BILLING_DOCUMENT	EntityProperty	A_BillingDocumentItemType	ZeroVATRsn	Edm.String	0	0	1								ZEROVATRSN
API_BILLING_DOCUMENT	EntityProperty	A_BillingDocumentItemPartnerType	BillingDocument	Edm.String	0	0	10	X							BILLINGDOCUMENT
API_BILLING_DOCUMENT	EntityProperty	A_BillingDocumentItemPartnerType	BillingDocumentItem	Edm.String	0	0	6	X							BILLINGDOCUMENTITEM
API_BILLING_DOCUMENT	EntityProperty	A_BillingDocumentItemPartnerType	BPRefAddrForDocSpcfcAddrUUID	Edm.Guid	0	0	0								BPREFADDRFORDOCSPCFCADDRUUID
API_BILLING_DOCUMENT	EntityProperty	A_BillingDocumentItemPartnerType	BusinessPartnerAddressUUID	Edm.Guid	0	0	0								BUSINESSPARTNERADDRESSUUID
API_BILLING_DOCUMENT	EntityProperty	A_BillingDocumentItemPartnerType	ContactPerson	Edm.String	0	0	10								CONTACTPERSON
API_BILLING_DOCUMENT	EntityProperty	A_BillingDocumentItemPartnerType	Customer	Edm.String	0	0	10								CUSTOMER
API_BILLING_DOCUMENT	EntityProperty	A_BillingDocumentItemPartnerType	PartnerFunction	Edm.String	0	0	2	X							PARTNERFUNCTION
API_BILLING_DOCUMENT	EntityProperty	A_BillingDocumentItemPartnerType	Personnel	Edm.String	0	0	8								PERSONNEL
API_BILLING_DOCUMENT	EntityProperty	A_BillingDocumentItemPartnerType	Supplier	Edm.String	0	0	10								SUPPLIER
API_BILLING_DOCUMENT	ComplexProperty	FunctionImportResult	BillingDocument	Edm.String	0	0	10								BILLINGDOCUMENT
API_BILLING_DOCUMENT	ComplexProperty	FunctionImportResult	BillingDocumentItem	Edm.String	0	0	10								BILLINGDOCUMENTITEM
API_BILLING_DOCUMENT	ComplexProperty	FunctionImportResult	MessageId	Edm.String	0	0	3								MESSAGEID
API_BILLING_DOCUMENT	ComplexProperty	FunctionImportResult	MessageType	Edm.String	0	0	1								MESSAGETYPE
API_BILLING_DOCUMENT	ComplexProperty	FunctionImportResult	Message	Edm.String	0	0	256								MESSAGE
MMIM_STO	EntityProperty	StockTransferOrderItem	PurchaseOrder	Edm.String	0	0	10	X							EBELN
MMIM_STO	EntityProperty	StockTransferOrderItem	SupplyingStorageLocation	Edm.String	0	0	4								RESLO
MMIM_STO	EntityProperty	StockTransferOrderItem	PurchaseOrderItem	Edm.String	0	0	5	X							EBELP
MMIM_STO	EntityProperty	StockTransferOrderItem	ReceivingPlant	Edm.String	0	0	4								WERKS
MMIM_STO	EntityProperty	StockTransferOrderItem	ReceivingStorageLocation	Edm.String	0	0	4								LGORT
MMIM_STO	EntityProperty	StockTransferOrderItem	Material	Edm.String	0	0	40								MATNR
MMIM_STO	EntityProperty	StockTransferOrderItem	Batch	Edm.String	0	0	10								CHARG
MMIM_STO	EntityProperty	StockTransferOrderItem	StockTypeAssignmentReference	Edm.String	0	0	30								INSMK_REF
MMIM_STO	EntityProperty	StockTransferOrderItem	OrderedQuantity	Edm.Decimal	13	3	0								MENGE
MMIM_STO	EntityProperty	StockTransferOrderItem	ScheduleLineDeliveryDate	Edm.DateTime	7	0	0								EINDT
MMIM_STO	EntityProperty	StockTransferOrderItem	ScheduledQuantity	Edm.Decimal	13	3	0								QUANTITY
MMIM_STO	EntityProperty	StockTransferOrderItem	OrderedQuantityUnit	Edm.String	0	0	3								ORDMGME
MMIM_STO	FunctionParam	AuthorityCheckSTO	Application	Edm.String	0	0	20								CHAR20
MMIM_STO	FunctionParam	AuthorityCheckSTO	Material	Edm.String	0	0	40								MATNR
MMIM_STO	FunctionParam	AuthorityCheckSTO	OrderedQuantity	Edm.Decimal	13	3	0								ERFMG
MMIM_STO	FunctionParam	AuthorityCheckSTO	OrderedQuantityUnit	Edm.String	0	0	3								MEINS
MMIM_STO	FunctionParam	AuthorityCheckSTO	ReceivingPlant	Edm.String	0	0	4								WERKS_D
MMIM_STO	FunctionParam	AuthorityCheckSTO	ReceivingStorageLocation	Edm.String	0	0	4								LGORT_D
MMIM_STO	FunctionParam	AuthorityCheckSTO	SupplyingPlant	Edm.String	0	0	4								RESWK
MMIM_STO	FunctionParam	AuthorityCheckSTO	UsePredictive	Edm.Boolean	0	0	0								ABAP_BOOL
MMIM_STO	EntityProperty	StockTransferOrderHeader	PurchaseOrder	Edm.String	0	0	10	X							EBELN
MMIM_STO	EntityProperty	StockTransferOrderHeader	PurchasingDocumentDate	Edm.DateTime	7	0	0								BEDAT
MMIM_STO	EntityProperty	StockTransferOrderHeader	SupplyingPlant	Edm.String	0	0	4								RESWK
MMIM_STO	ComplexProperty	CheckFieldsSTO	Material	Edm.String	0	0	40								MATNR
MMIM_STO	ComplexProperty	CheckFieldsSTO	SupplyingPlant	Edm.String	0	0	4								RESWK
MMIM_STO	ComplexProperty	CheckFieldsSTO	ReceivingPlant	Edm.String	0	0	4								WERKS
MMIM_STO	ComplexProperty	CheckFieldsSTO	ReceivingStorageLocation	Edm.String	0	0	4								LGORT
MMIM_STO	ComplexProperty	CheckFieldsSTO	PredictedDelivDte	Edm.DateTime	7	0	0								PRED_DLV_DATE
MMIM_STO	ComplexProperty	CheckFieldsSTO	Allowed	Edm.Boolean	0	0	0								ALLOWED
MMIM_STO	ComplexProperty	CheckFieldsSTO	PredictiveIsActive	Edm.Boolean	0	0	0								PRED_IS_ACTIVE
API_PURCHASEORDER_PROCESS	EntityProperty	A_PurOrdPricingElementType	AccessNumberOfAccessSequence	Edm.String	0	0	3								ACCESSNUMBEROFACCESSSEQUENCE
API_PURCHASEORDER_PROCESS	EntityProperty	A_PurOrdPricingElementType	CndnIsRelevantForIntcoBilling	Edm.Boolean	0	0	0								CNDNISRELEVANTFORINTCOBILLING
API_PURCHASEORDER_PROCESS	EntityProperty	A_PurOrdPricingElementType	CndnIsRelevantForInvoiceList	Edm.String	0	0	1								CNDNISRELEVANTFORINVOICELIST
API_PURCHASEORDER_PROCESS	EntityProperty	A_PurOrdPricingElementType	CndnIsRelevantForLimitValue	Edm.Boolean	0	0	0								CNDNISRELEVANTFORLIMITVALUE
API_PURCHASEORDER_PROCESS	EntityProperty	A_PurOrdPricingElementType	ConditionAmount	Edm.Decimal	16	3	0								CONDITIONAMOUNT
API_PURCHASEORDER_PROCESS	EntityProperty	A_PurOrdPricingElementType	ConditionApplication	Edm.String	0	0	2								CONDITIONAPPLICATION
API_PURCHASEORDER_PROCESS	EntityProperty	A_PurOrdPricingElementType	ConditionBaseValue	Edm.Decimal	24	9	0								CONDITIONBASEVALUE
API_PURCHASEORDER_PROCESS	EntityProperty	A_PurOrdPricingElementType	ConditionCalculationType	Edm.String	0	0	3								CONDITIONCALCULATIONTYPE
API_PURCHASEORDER_PROCESS	EntityProperty	A_PurOrdPricingElementType	ConditionCategory	Edm.String	0	0	1								CONDITIONCATEGORY
API_PURCHASEORDER_PROCESS	EntityProperty	A_PurOrdPricingElementType	ConditionClass	Edm.String	0	0	1								CONDITIONCLASS
API_PURCHASEORDER_PROCESS	EntityProperty	A_PurOrdPricingElementType	ConditionControl	Edm.String	0	0	1								CONDITIONCONTROL
API_PURCHASEORDER_PROCESS	EntityProperty	A_PurOrdPricingElementType	ConditionCurrency	Edm.String	0	0	5								CONDITIONCURRENCY
API_PURCHASEORDER_PROCESS	EntityProperty	A_PurOrdPricingElementType	ConditionInactiveReason	Edm.String	0	0	1								CONDITIONINACTIVEREASON
API_PURCHASEORDER_PROCESS	EntityProperty	A_PurOrdPricingElementType	ConditionIsForConfiguration	Edm.Boolean	0	0	0								CONDITIONISFORCONFIGURATION
API_PURCHASEORDER_PROCESS	EntityProperty	A_PurOrdPricingElementType	ConditionIsForStatistics	Edm.Boolean	0	0	0								CONDITIONISFORSTATISTICS
API_PURCHASEORDER_PROCESS	EntityProperty	A_PurOrdPricingElementType	ConditionIsManuallyChanged	Edm.Boolean	0	0	0								CONDITIONISMANUALLYCHANGED
API_PURCHASEORDER_PROCESS	EntityProperty	A_PurOrdPricingElementType	ConditionOrigin	Edm.String	0	0	1								CONDITIONORIGIN
API_PURCHASEORDER_PROCESS	EntityProperty	A_PurOrdPricingElementType	ConditionQuantity	Edm.Decimal	5	0	0								CONDITIONQUANTITY
API_PURCHASEORDER_PROCESS	EntityProperty	A_PurOrdPricingElementType	ConditionQuantityUnit	Edm.String	0	0	3								CONDITIONQUANTITYUNIT
API_PURCHASEORDER_PROCESS	EntityProperty	A_PurOrdPricingElementType	ConditionRateValue	Edm.Decimal	24	9	0								CONDITIONRATEVALUE
API_PURCHASEORDER_PROCESS	EntityProperty	A_PurOrdPricingElementType	ConditionRecord	Edm.String	0	0	10								CONDITIONRECORD
API_PURCHASEORDER_PROCESS	EntityProperty	A_PurOrdPricingElementType	ConditionScaleBasisCurrency	Edm.String	0	0	5								CONDITIONSCALEBASISCURRENCY
API_PURCHASEORDER_PROCESS	EntityProperty	A_PurOrdPricingElementType	ConditionScaleBasisUnit	Edm.String	0	0	3								CONDITIONSCALEBASISUNIT
API_PURCHASEORDER_PROCESS	EntityProperty	A_PurOrdPricingElementType	ConditionScaleBasisValue	Edm.Decimal	24	9	0								CONDITIONSCALEBASISVALUE
API_PURCHASEORDER_PROCESS	EntityProperty	A_PurOrdPricingElementType	ConditionSequentialNumber	Edm.String	0	0	3								CONDITIONSEQUENTIALNUMBER
API_PURCHASEORDER_PROCESS	EntityProperty	A_PurOrdPricingElementType	ConditionToBaseQtyDnmntr	Edm.Decimal	10	0	0								CONDITIONTOBASEQTYDNMNTR
API_PURCHASEORDER_PROCESS	EntityProperty	A_PurOrdPricingElementType	ConditionToBaseQtyNmrtr	Edm.Decimal	10	0	0								CONDITIONTOBASEQTYNMRTR
API_PURCHASEORDER_PROCESS	EntityProperty	A_PurOrdPricingElementType	ConditionType	Edm.String	0	0	4								CONDITIONTYPE
API_PURCHASEORDER_PROCESS	EntityProperty	A_PurOrdPricingElementType	FactorForConditionBasisValue	Edm.Double	0	0	0								FACTORFORCONDITIONBASISVALUE
API_PURCHASEORDER_PROCESS	EntityProperty	A_PurOrdPricingElementType	IsGroupCondition	Edm.String	0	0	1								ISGROUPCONDITION
API_PURCHASEORDER_PROCESS	EntityProperty	A_PurOrdPricingElementType	IsRelevantForAccrual	Edm.Boolean	0	0	0								ISRELEVANTFORACCRUAL
API_PURCHASEORDER_PROCESS	EntityProperty	A_PurOrdPricingElementType	PriceDetnExchangeRate	Edm.String	0	0	12								PRICEDETNEXCHANGERATE
API_PURCHASEORDER_PROCESS	EntityProperty	A_PurOrdPricingElementType	PricingDateTime	Edm.String	0	0	14								PRICINGDATETIME
API_PURCHASEORDER_PROCESS	EntityProperty	A_PurOrdPricingElementType	PricingDocument	Edm.String	0	0	10	X							PRICINGDOCUMENT
API_PURCHASEORDER_PROCESS	EntityProperty	A_PurOrdPricingElementType	PricingDocumentItem	Edm.String	0	0	6	X							PRICINGDOCUMENTITEM
API_PURCHASEORDER_PROCESS	EntityProperty	A_PurOrdPricingElementType	PricingProcedureCounter	Edm.String	0	0	3	X							PRICINGPROCEDURECOUNTER
API_PURCHASEORDER_PROCESS	EntityProperty	A_PurOrdPricingElementType	PricingProcedureStep	Edm.String	0	0	3	X							PRICINGPROCEDURESTEP
API_PURCHASEORDER_PROCESS	EntityProperty	A_PurOrdPricingElementType	PricingScaleBasis	Edm.String	0	0	3								PRICINGSCALEBASIS
API_PURCHASEORDER_PROCESS	EntityProperty	A_PurOrdPricingElementType	PricingScaleType	Edm.String	0	0	1								PRICINGSCALETYPE
API_PURCHASEORDER_PROCESS	EntityProperty	A_PurOrdPricingElementType	PurchaseOrder	Edm.String	0	0	10	X							PURCHASEORDER
API_PURCHASEORDER_PROCESS	EntityProperty	A_PurOrdPricingElementType	PurchaseOrderItem	Edm.String	0	0	5	X							PURCHASEORDERITEM
API_PURCHASEORDER_PROCESS	EntityProperty	A_PurOrdPricingElementType	TransactionCurrency	Edm.String	0	0	5								TRANSACTIONCURRENCY
API_PURCHASEORDER_PROCESS	EntityProperty	A_PurchaseOrderNoteType	Language	Edm.String	0	0	2	X							LANGUAGE
API_PURCHASEORDER_PROCESS	EntityProperty	A_PurchaseOrderNoteType	PlainLongText	Edm.String	0	0	0								PLAINLONGTEXT
API_PURCHASEORDER_PROCESS	EntityProperty	A_PurchaseOrderNoteType	PurchaseOrder	Edm.String	0	0	10	X	X						PURCHASEORDER
API_PURCHASEORDER_PROCESS	EntityProperty	A_PurchaseOrderNoteType	TextObjectType	Edm.String	0	0	4	X							TEXTOBJECTTYPE
API_PURCHASEORDER_PROCESS	EntityProperty	A_PurchaseOrderType	AddressCityName	Edm.String	0	0	40								ADDRESSCITYNAME
API_PURCHASEORDER_PROCESS	EntityProperty	A_PurchaseOrderType	AddressCorrespondenceLanguage	Edm.String	0	0	2								ADDRESSCORRESPONDENCELANGUAGE
API_PURCHASEORDER_PROCESS	EntityProperty	A_PurchaseOrderType	AddressCountry	Edm.String	0	0	3								ADDRESSCOUNTRY
API_PURCHASEORDER_PROCESS	EntityProperty	A_PurchaseOrderType	AddressFaxNumber	Edm.String	0	0	30								ADDRESSFAXNUMBER
API_PURCHASEORDER_PROCESS	EntityProperty	A_PurchaseOrderType	AddressHouseNumber	Edm.String	0	0	10								ADDRESSHOUSENUMBER
API_PURCHASEORDER_PROCESS	EntityProperty	A_PurchaseOrderType	AddressName	Edm.String	0	0	40								ADDRESSNAME
API_PURCHASEORDER_PROCESS	EntityProperty	A_PurchaseOrderType	AddressPhoneNumber	Edm.String	0	0	30								ADDRESSPHONENUMBER
API_PURCHASEORDER_PROCESS	EntityProperty	A_PurchaseOrderType	AddressPostalCode	Edm.String	0	0	10								ADDRESSPOSTALCODE
API_PURCHASEORDER_PROCESS	EntityProperty	A_PurchaseOrderType	AddressRegion	Edm.String	0	0	3								ADDRESSREGION
API_PURCHASEORDER_PROCESS	EntityProperty	A_PurchaseOrderType	AddressStreetName	Edm.String	0	0	60								ADDRESSSTREETNAME
API_PURCHASEORDER_PROCESS	EntityProperty	A_PurchaseOrderType	CashDiscount1Days	Edm.Decimal	3	0	0								CASHDISCOUNT1DAYS
API_PURCHASEORDER_PROCESS	EntityProperty	A_PurchaseOrderType	CashDiscount1Percent	Edm.Decimal	5	3	0								CASHDISCOUNT1PERCENT
API_PURCHASEORDER_PROCESS	EntityProperty	A_PurchaseOrderType	CashDiscount2Days	Edm.Decimal	3	0	0								CASHDISCOUNT2DAYS
API_PURCHASEORDER_PROCESS	EntityProperty	A_PurchaseOrderType	CashDiscount2Percent	Edm.Decimal	5	3	0								CASHDISCOUNT2PERCENT
API_PURCHASEORDER_PROCESS	EntityProperty	A_PurchaseOrderType	CompanyCode	Edm.String	0	0	4								COMPANYCODE
API_PURCHASEORDER_PROCESS	EntityProperty	A_PurchaseOrderType	CorrespncExternalReference	Edm.String	0	0	12								CORRESPNCEXTERNALREFERENCE
API_PURCHASEORDER_PROCESS	EntityProperty	A_PurchaseOrderType	CorrespncInternalReference	Edm.String	0	0	12								CORRESPNCINTERNALREFERENCE
API_PURCHASEORDER_PROCESS	EntityProperty	A_PurchaseOrderType	CreatedByUser	Edm.String	0	0	12								CREATEDBYUSER
API_PURCHASEORDER_PROCESS	EntityProperty	A_PurchaseOrderType	CreationDate	Edm.DateTime	0	0	0								CREATIONDATE
API_PURCHASEORDER_PROCESS	EntityProperty	A_PurchaseOrderType	DocumentCurrency	Edm.String	0	0	5								DOCUMENTCURRENCY
API_PURCHASEORDER_PROCESS	EntityProperty	A_PurchaseOrderType	ExchangeRate	Edm.String	0	0	12								EXCHANGERATE
API_PURCHASEORDER_PROCESS	EntityProperty	A_PurchaseOrderType	ExchangeRateIsFixed	Edm.Boolean	0	0	0								EXCHANGERATEISFIXED
API_PURCHASEORDER_PROCESS	EntityProperty	A_PurchaseOrderType	IncotermsClassification	Edm.String	0	0	3								INCOTERMSCLASSIFICATION
API_PURCHASEORDER_PROCESS	EntityProperty	A_PurchaseOrderType	IncotermsLocation1	Edm.String	0	0	70								INCOTERMSLOCATION1
API_PURCHASEORDER_PROCESS	EntityProperty	A_PurchaseOrderType	IncotermsLocation2	Edm.String	0	0	70								INCOTERMSLOCATION2
API_PURCHASEORDER_PROCESS	EntityProperty	A_PurchaseOrderType	IncotermsVersion	Edm.String	0	0	4								INCOTERMSVERSION
API_PURCHASEORDER_PROCESS	EntityProperty	A_PurchaseOrderType	InvoicingParty	Edm.String	0	0	10								INVOICINGPARTY
API_PURCHASEORDER_PROCESS	EntityProperty	A_PurchaseOrderType	IsEndOfPurposeBlocked	Edm.String	0	0	1								ISENDOFPURPOSEBLOCKED
API_PURCHASEORDER_PROCESS	EntityProperty	A_PurchaseOrderType	Language	Edm.String	0	0	2								LANGUAGE
API_PURCHASEORDER_PROCESS	EntityProperty	A_PurchaseOrderType	LastChangeDateTime	Edm.DateTimeOffset	7	0	0								LASTCHANGEDATETIME
API_PURCHASEORDER_PROCESS	EntityProperty	A_PurchaseOrderType	ManualSupplierAddressID	Edm.String	0	0	10								MANUALSUPPLIERADDRESSID
API_PURCHASEORDER_PROCESS	EntityProperty	A_PurchaseOrderType	NetPaymentDays	Edm.Decimal	3	0	0								NETPAYMENTDAYS
API_PURCHASEORDER_PROCESS	EntityProperty	A_PurchaseOrderType	PaymentTerms	Edm.String	0	0	4								PAYMENTTERMS
API_PURCHASEORDER_PROCESS	EntityProperty	A_PurchaseOrderType	PurchaseOrder	Edm.String	0	0	10	X	X						PURCHASEORDER
API_PURCHASEORDER_PROCESS	EntityProperty	A_PurchaseOrderType	PurchaseOrderDate	Edm.DateTime	0	0	0								PURCHASEORDERDATE
API_PURCHASEORDER_PROCESS	EntityProperty	A_PurchaseOrderType	PurchaseOrderSubtype	Edm.String	0	0	1								PURCHASEORDERSUBTYPE
API_PURCHASEORDER_PROCESS	EntityProperty	A_PurchaseOrderType	PurchaseOrderType	Edm.String	0	0	4								PURCHASEORDERTYPE
API_PURCHASEORDER_PROCESS	EntityProperty	A_PurchaseOrderType	PurchasingCollectiveNumber	Edm.String	0	0	10								PURCHASINGCOLLECTIVENUMBER
API_PURCHASEORDER_PROCESS	EntityProperty	A_PurchaseOrderType	PurchasingCompletenessStatus	Edm.Boolean	0	0	0								PURCHASINGCOMPLETENESSSTATUS
API_PURCHASEORDER_PROCESS	EntityProperty	A_PurchaseOrderType	PurchasingDocumentDeletionCode	Edm.String	0	0	1								PURCHASINGDOCUMENTDELETIONCODE
API_PURCHASEORDER_PROCESS	EntityProperty	A_PurchaseOrderType	PurchasingDocumentOrigin	Edm.String	0	0	1								PURCHASINGDOCUMENTORIGIN
API_PURCHASEORDER_PROCESS	EntityProperty	A_PurchaseOrderType	PurchasingGroup	Edm.String	0	0	3								PURCHASINGGROUP
API_PURCHASEORDER_PROCESS	EntityProperty	A_PurchaseOrderType	PurchasingOrganization	Edm.String	0	0	4								PURCHASINGORGANIZATION
API_PURCHASEORDER_PROCESS	EntityProperty	A_PurchaseOrderType	PurchasingProcessingStatus	Edm.String	0	0	2								PURCHASINGPROCESSINGSTATUS
API_PURCHASEORDER_PROCESS	EntityProperty	A_PurchaseOrderType	PurgAggrgdProdCmplncSuplrSts	Edm.String	0	0	1								PURGAGGRGDPRODCMPLNCSUPLRSTS
API_PURCHASEORDER_PROCESS	EntityProperty	A_PurchaseOrderType	PurgAggrgdProdMarketabilitySts	Edm.String	0	0	1								PURGAGGRGDPRODMARKETABILITYSTS
API_PURCHASEORDER_PROCESS	EntityProperty	A_PurchaseOrderType	PurgAggrgdSftyDataSheetStatus	Edm.String	0	0	1								PURGAGGRGDSFTYDATASHEETSTATUS
API_PURCHASEORDER_PROCESS	EntityProperty	A_PurchaseOrderType	PurgProdCmplncTotDngrsGoodsSts	Edm.String	0	0	1								PURGPRODCMPLNCTOTDNGRSGOODSSTS
API_PURCHASEORDER_PROCESS	EntityProperty	A_PurchaseOrderType	ReleaseIsNotCompleted	Edm.Boolean	0	0	0								RELEASEISNOTCOMPLETED
API_PURCHASEORDER_PROCESS	EntityProperty	A_PurchaseOrderType	Supplier	Edm.String	0	0	10								SUPPLIER
API_PURCHASEORDER_PROCESS	EntityProperty	A_PurchaseOrderType	SupplierPhoneNumber	Edm.String	0	0	16								SUPPLIERPHONENUMBER
API_PURCHASEORDER_PROCESS	EntityProperty	A_PurchaseOrderType	SupplierQuotationExternalID	Edm.String	0	0	10								SUPPLIERQUOTATIONEXTERNALID
API_PURCHASEORDER_PROCESS	EntityProperty	A_PurchaseOrderType	SupplierRespSalesPersonName	Edm.String	0	0	30								SUPPLIERRESPSALESPERSONNAME
API_PURCHASEORDER_PROCESS	EntityProperty	A_PurchaseOrderType	SupplyingPlant	Edm.String	0	0	4								SUPPLYINGPLANT
API_PURCHASEORDER_PROCESS	EntityProperty	A_PurchaseOrderType	SupplyingSupplier	Edm.String	0	0	10								SUPPLYINGSUPPLIER
API_PURCHASEORDER_PROCESS	EntityProperty	A_PurchaseOrderType	ValidityEndDate	Edm.DateTime	0	0	0								VALIDITYENDDATE
API_PURCHASEORDER_PROCESS	EntityProperty	A_PurchaseOrderType	ValidityStartDate	Edm.DateTime	0	0	0								VALIDITYSTARTDATE
API_PURCHASEORDER_PROCESS	EntityProperty	A_ValAddedSrvcMMType	ValAddedSrvcHasToBeOrdered	Edm.Boolean	0	0	0								VALADDEDSRVCHASTOBEORDERED
API_PURCHASEORDER_PROCESS	EntityProperty	A_ValAddedSrvcMMType	ValAddedSrvcIncrement	Edm.String	0	0	4								VALADDEDSRVCINCREMENT
API_PURCHASEORDER_PROCESS	EntityProperty	A_ValAddedSrvcMMType	ValAddedSrvcIsCreatedManually	Edm.String	0	0	1								VALADDEDSRVCISCREATEDMANUALLY
API_PURCHASEORDER_PROCESS	EntityProperty	A_ValAddedSrvcMMType	ValAddedSrvcItemGroup	Edm.String	0	0	5	X							VALADDEDSRVCITEMGROUP
API_PURCHASEORDER_PROCESS	EntityProperty	A_ValAddedSrvcMMType	ValAddedSrvcItemNumber	Edm.String	0	0	5	X							VALADDEDSRVCITEMNUMBER
API_PURCHASEORDER_PROCESS	EntityProperty	A_ValAddedSrvcMMType	ValAddedSrvcItemNumberInMM	Edm.String	0	0	5								VALADDEDSRVCITEMNUMBERINMM
API_PURCHASEORDER_PROCESS	EntityProperty	A_ValAddedSrvcMMType	ValAddedSrvcMMRefDocItem	Edm.String	0	0	5								VALADDEDSRVCMMREFDOCITEM
API_PURCHASEORDER_PROCESS	EntityProperty	A_ValAddedSrvcMMType	ValAddedSrvcMMRefDocNmbr	Edm.String	0	0	10								VALADDEDSRVCMMREFDOCNMBR
API_PURCHASEORDER_PROCESS	EntityProperty	A_ValAddedSrvcMMType	ValAddedSrvcTransactionNumber	Edm.String	0	0	10	X							VALADDEDSRVCTRANSACTIONNUMBER
API_PURCHASEORDER_PROCESS	EntityProperty	A_ValAddedSrvcMMType	ValueAddedServiceChargeCode	Edm.String	0	0	3								VALUEADDEDSERVICECHARGECODE
API_PURCHASEORDER_PROCESS	EntityProperty	A_ValAddedSrvcMMType	ValueAddedServiceDeletionCode	Edm.String	0	0	1								VALUEADDEDSERVICEDELETIONCODE
API_PURCHASEORDER_PROCESS	EntityProperty	A_ValAddedSrvcMMType	ValueAddedServiceLongText	Edm.String	0	0	132								VALUEADDEDSERVICELONGTEXT
API_PURCHASEORDER_PROCESS	EntityProperty	A_ValAddedSrvcMMType	ValueAddedServiceProduct	Edm.String	0	0	40								VALUEADDEDSERVICEPRODUCT
API_PURCHASEORDER_PROCESS	EntityProperty	A_ValAddedSrvcMMType	ValueAddedServiceText1	Edm.String	0	0	20								VALUEADDEDSERVICETEXT1
API_PURCHASEORDER_PROCESS	EntityProperty	A_ValAddedSrvcMMType	ValueAddedServiceText2	Edm.String	0	0	20								VALUEADDEDSERVICETEXT2
API_PURCHASEORDER_PROCESS	EntityProperty	A_ValAddedSrvcMMType	ValueAddedServiceText3	Edm.String	0	0	20								VALUEADDEDSERVICETEXT3
API_PURCHASEORDER_PROCESS	EntityProperty	A_ValAddedSrvcMMType	ValueAddedServiceType	Edm.String	0	0	2	X							VALUEADDEDSERVICETYPE
API_PURCHASEORDER_PROCESS	EntityProperty	A_ValAddedSrvcMMType	ValueAddedSubServiceType	Edm.String	0	0	5	X							VALUEADDEDSUBSERVICETYPE
API_PURCHASEORDER_PROCESS	EntityProperty	A_PurchaseOrderItemNoteType	Language	Edm.String	0	0	2	X							LANGUAGE
API_PURCHASEORDER_PROCESS	EntityProperty	A_PurchaseOrderItemNoteType	PlainLongText	Edm.String	0	0	0								PLAINLONGTEXT
API_PURCHASEORDER_PROCESS	EntityProperty	A_PurchaseOrderItemNoteType	PurchaseOrder	Edm.String	0	0	10	X	X						PURCHASEORDER
API_PURCHASEORDER_PROCESS	EntityProperty	A_PurchaseOrderItemNoteType	PurchaseOrderItem	Edm.String	0	0	5	X	X						PURCHASEORDERITEM
API_PURCHASEORDER_PROCESS	EntityProperty	A_PurchaseOrderItemNoteType	TextObjectType	Edm.String	0	0	4	X							TEXTOBJECTTYPE
API_PURCHASEORDER_PROCESS	EntityProperty	A_POSubcontractingComponentType	BaseUnit	Edm.String	0	0	3								BASEUNIT
API_PURCHASEORDER_PROCESS	EntityProperty	A_POSubcontractingComponentType	Batch	Edm.String	0	0	10								BATCH
API_PURCHASEORDER_PROCESS	EntityProperty	A_POSubcontractingComponentType	BOMItemDescription	Edm.String	0	0	40								BOMITEMDESCRIPTION
API_PURCHASEORDER_PROCESS	EntityProperty	A_POSubcontractingComponentType	EntryUnit	Edm.String	0	0	3								ENTRYUNIT
API_PURCHASEORDER_PROCESS	EntityProperty	A_POSubcontractingComponentType	Material	Edm.String	0	0	40								MATERIAL
API_PURCHASEORDER_PROCESS	EntityProperty	A_POSubcontractingComponentType	Plant	Edm.String	0	0	4								PLANT
API_PURCHASEORDER_PROCESS	EntityProperty	A_POSubcontractingComponentType	PurchaseOrder	Edm.String	0	0	10	X	X						PURCHASEORDER
API_PURCHASEORDER_PROCESS	EntityProperty	A_POSubcontractingComponentType	PurchaseOrderItem	Edm.String	0	0	5	X	X						PURCHASEORDERITEM
API_PURCHASEORDER_PROCESS	EntityProperty	A_POSubcontractingComponentType	QuantityInEntryUnit	Edm.Decimal	13	3	0								QUANTITYINENTRYUNIT
API_PURCHASEORDER_PROCESS	EntityProperty	A_POSubcontractingComponentType	RecordType	Edm.String	0	0	1	X							RECORDTYPE
API_PURCHASEORDER_PROCESS	EntityProperty	A_POSubcontractingComponentType	RequiredQuantity	Edm.Decimal	13	3	0								REQUIREDQUANTITY
API_PURCHASEORDER_PROCESS	EntityProperty	A_POSubcontractingComponentType	RequirementDate	Edm.DateTime	0	0	0								REQUIREMENTDATE
API_PURCHASEORDER_PROCESS	EntityProperty	A_POSubcontractingComponentType	ReservationItem	Edm.String	0	0	4	X							RESERVATIONITEM
API_PURCHASEORDER_PROCESS	EntityProperty	A_POSubcontractingComponentType	ScheduleLine	Edm.String	0	0	4	X	X						SCHEDULELINE
API_PURCHASEORDER_PROCESS	EntityProperty	A_POSubcontractingComponentType	WithdrawnQuantity	Edm.Decimal	13	3	0								WITHDRAWNQUANTITY
API_PURCHASEORDER_PROCESS	EntityProperty	A_PurchaseOrderScheduleLineType	DelivDateCategory	Edm.String	0	0	1								DELIVDATECATEGORY
API_PURCHASEORDER_PROCESS	EntityProperty	A_PurchaseOrderScheduleLineType	PerformancePeriodEndDate	Edm.DateTime	0	0	0								PERFORMANCEPERIODENDDATE
API_PURCHASEORDER_PROCESS	EntityProperty	A_PurchaseOrderScheduleLineType	PerformancePeriodStartDate	Edm.DateTime	0	0	0								PERFORMANCEPERIODSTARTDATE
API_PURCHASEORDER_PROCESS	EntityProperty	A_PurchaseOrderScheduleLineType	PurchaseOrderQuantityUnit	Edm.String	0	0	3								PURCHASEORDERQUANTITYUNIT
API_PURCHASEORDER_PROCESS	EntityProperty	A_PurchaseOrderScheduleLineType	PurchaseRequisition	Edm.String	0	0	10								PURCHASEREQUISITION
API_PURCHASEORDER_PROCESS	EntityProperty	A_PurchaseOrderScheduleLineType	PurchaseRequisitionItem	Edm.String	0	0	5								PURCHASEREQUISITIONITEM
API_PURCHASEORDER_PROCESS	EntityProperty	A_PurchaseOrderScheduleLineType	PurchasingDocument	Edm.String	0	0	10	X	X						PURCHASINGDOCUMENT
API_PURCHASEORDER_PROCESS	EntityProperty	A_PurchaseOrderScheduleLineType	PurchasingDocumentItem	Edm.String	0	0	5	X	X						PURCHASINGDOCUMENTITEM
API_PURCHASEORDER_PROCESS	EntityProperty	A_PurchaseOrderScheduleLineType	SchedLineStscDeliveryDate	Edm.DateTime	0	0	0								SCHEDLINESTSCDELIVERYDATE
API_PURCHASEORDER_PROCESS	EntityProperty	A_PurchaseOrderScheduleLineType	ScheduleLine	Edm.String	0	0	4	X							SCHEDULELINE
API_PURCHASEORDER_PROCESS	EntityProperty	A_PurchaseOrderScheduleLineType	ScheduleLineCommittedQuantity	Edm.Decimal	13	3	0								SCHEDULELINECOMMITTEDQUANTITY
API_PURCHASEORDER_PROCESS	EntityProperty	A_PurchaseOrderScheduleLineType	ScheduleLineDeliveryDate	Edm.DateTime	0	0	0								SCHEDULELINEDELIVERYDATE
API_PURCHASEORDER_PROCESS	EntityProperty	A_PurchaseOrderScheduleLineType	ScheduleLineDeliveryTime	Edm.Time	0	0	0								SCHEDULELINEDELIVERYTIME
API_PURCHASEORDER_PROCESS	EntityProperty	A_PurchaseOrderScheduleLineType	ScheduleLineOrderQuantity	Edm.Decimal	13	3	0								SCHEDULELINEORDERQUANTITY
API_PURCHASEORDER_PROCESS	EntityProperty	A_ValAddedSrvcMM_2Type	PurchaseOrder	Edm.String	0	0	10	X							PURCHASEORDER
API_PURCHASEORDER_PROCESS	EntityProperty	A_ValAddedSrvcMM_2Type	PurchaseOrderItem	Edm.String	0	0	5	X							PURCHASEORDERITEM
API_PURCHASEORDER_PROCESS	EntityProperty	A_ValAddedSrvcMM_2Type	ValAddedSrvcHasToBeOrdered	Edm.Boolean	0	0	0								VALADDEDSRVCHASTOBEORDERED
API_PURCHASEORDER_PROCESS	EntityProperty	A_ValAddedSrvcMM_2Type	ValAddedSrvcIncrement	Edm.String	0	0	4								VALADDEDSRVCINCREMENT
API_PURCHASEORDER_PROCESS	EntityProperty	A_ValAddedSrvcMM_2Type	ValAddedSrvcIsCreatedManually	Edm.String	0	0	1								VALADDEDSRVCISCREATEDMANUALLY
API_PURCHASEORDER_PROCESS	EntityProperty	A_ValAddedSrvcMM_2Type	ValAddedSrvcItemGroup	Edm.String	0	0	5								VALADDEDSRVCITEMGROUP
API_PURCHASEORDER_PROCESS	EntityProperty	A_ValAddedSrvcMM_2Type	ValAddedSrvcItemNumber	Edm.String	0	0	5								VALADDEDSRVCITEMNUMBER
API_PURCHASEORDER_PROCESS	EntityProperty	A_ValAddedSrvcMM_2Type	ValAddedSrvcItemNumberInMM	Edm.String	0	0	5								VALADDEDSRVCITEMNUMBERINMM
API_PURCHASEORDER_PROCESS	EntityProperty	A_ValAddedSrvcMM_2Type	ValAddedSrvcTransactionNumber	Edm.String	0	0	10								VALADDEDSRVCTRANSACTIONNUMBER
API_PURCHASEORDER_PROCESS	EntityProperty	A_ValAddedSrvcMM_2Type	ValueAddedServiceChargeCode	Edm.String	0	0	3								VALUEADDEDSERVICECHARGECODE
API_PURCHASEORDER_PROCESS	EntityProperty	A_ValAddedSrvcMM_2Type	ValueAddedServiceDeletionCode	Edm.String	0	0	1								VALUEADDEDSERVICEDELETIONCODE
API_PURCHASEORDER_PROCESS	EntityProperty	A_ValAddedSrvcMM_2Type	ValueAddedServiceLongText	Edm.String	0	0	132								VALUEADDEDSERVICELONGTEXT
API_PURCHASEORDER_PROCESS	EntityProperty	A_ValAddedSrvcMM_2Type	ValueAddedServiceProduct	Edm.String	0	0	40								VALUEADDEDSERVICEPRODUCT
API_PURCHASEORDER_PROCESS	EntityProperty	A_ValAddedSrvcMM_2Type	ValueAddedServiceText1	Edm.String	0	0	20								VALUEADDEDSERVICETEXT1
API_PURCHASEORDER_PROCESS	EntityProperty	A_ValAddedSrvcMM_2Type	ValueAddedServiceText2	Edm.String	0	0	20								VALUEADDEDSERVICETEXT2
API_PURCHASEORDER_PROCESS	EntityProperty	A_ValAddedSrvcMM_2Type	ValueAddedServiceText3	Edm.String	0	0	20								VALUEADDEDSERVICETEXT3
API_PURCHASEORDER_PROCESS	EntityProperty	A_ValAddedSrvcMM_2Type	ValueAddedServiceType	Edm.String	0	0	2	X							VALUEADDEDSERVICETYPE
API_PURCHASEORDER_PROCESS	EntityProperty	A_ValAddedSrvcMM_2Type	ValueAddedSubServiceType	Edm.String	0	0	5	X							VALUEADDEDSUBSERVICETYPE
API_PURCHASEORDER_PROCESS	EntityProperty	A_PurchaseOrderItemType	AccountAssignmentCategory	Edm.String	0	0	1								ACCOUNTASSIGNMENTCATEGORY
API_PURCHASEORDER_PROCESS	EntityProperty	A_PurchaseOrderItemType	ArticleCategory	Edm.String	0	0	2								ARTICLECATEGORY
API_PURCHASEORDER_PROCESS	EntityProperty	A_PurchaseOrderItemType	BR_CFOPCategory	Edm.String	0	0	2								BR_CFOPCATEGORY
API_PURCHASEORDER_PROCESS	EntityProperty	A_PurchaseOrderItemType	BR_IsProducedInHouse	Edm.Boolean	0	0	0								BR_ISPRODUCEDINHOUSE
API_PURCHASEORDER_PROCESS	EntityProperty	A_PurchaseOrderItemType	BR_MaterialOrigin	Edm.String	0	0	1								BR_MATERIALORIGIN
API_PURCHASEORDER_PROCESS	EntityProperty	A_PurchaseOrderItemType	BR_MaterialUsage	Edm.String	0	0	1								BR_MATERIALUSAGE
API_PURCHASEORDER_PROCESS	EntityProperty	A_PurchaseOrderItemType	ConsumptionTaxCtrlCode	Edm.String	0	0	16								CONSUMPTIONTAXCTRLCODE
API_PURCHASEORDER_PROCESS	EntityProperty	A_PurchaseOrderItemType	CrossPlantConfigurableProduct	Edm.String	0	0	40								CROSSPLANTCONFIGURABLEPRODUCT
API_PURCHASEORDER_PROCESS	EntityProperty	A_PurchaseOrderItemType	Customer	Edm.String	0	0	10								CUSTOMER
API_PURCHASEORDER_PROCESS	EntityProperty	A_PurchaseOrderItemType	DeliveryAddressCityName	Edm.String	0	0	40								DELIVERYADDRESSCITYNAME
API_PURCHASEORDER_PROCESS	EntityProperty	A_PurchaseOrderItemType	DeliveryAddressCountry	Edm.String	0	0	3								DELIVERYADDRESSCOUNTRY
API_PURCHASEORDER_PROCESS	EntityProperty	A_PurchaseOrderItemType	DeliveryAddressDistrictName	Edm.String	0	0	40								DELIVERYADDRESSDISTRICTNAME
API_PURCHASEORDER_PROCESS	EntityProperty	A_PurchaseOrderItemType	DeliveryAddressFullName	Edm.String	0	0	80								DELIVERYADDRESSFULLNAME
API_PURCHASEORDER_PROCESS	EntityProperty	A_PurchaseOrderItemType	DeliveryAddressHouseNumber	Edm.String	0	0	10								DELIVERYADDRESSHOUSENUMBER
API_PURCHASEORDER_PROCESS	EntityProperty	A_PurchaseOrderItemType	DeliveryAddressID	Edm.String	0	0	10								DELIVERYADDRESSID
API_PURCHASEORDER_PROCESS	EntityProperty	A_PurchaseOrderItemType	DeliveryAddressName	Edm.String	0	0	40								DELIVERYADDRESSNAME
API_PURCHASEORDER_PROCESS	EntityProperty	A_PurchaseOrderItemType	DeliveryAddressName2	Edm.String	0	0	40								DELIVERYADDRESSNAME2
API_PURCHASEORDER_PROCESS	EntityProperty	A_PurchaseOrderItemType	DeliveryAddressPostalCode	Edm.String	0	0	10								DELIVERYADDRESSPOSTALCODE
API_PURCHASEORDER_PROCESS	EntityProperty	A_PurchaseOrderItemType	DeliveryAddressRegion	Edm.String	0	0	3								DELIVERYADDRESSREGION
API_PURCHASEORDER_PROCESS	EntityProperty	A_PurchaseOrderItemType	DeliveryAddressStreetName	Edm.String	0	0	60								DELIVERYADDRESSSTREETNAME
API_PURCHASEORDER_PROCESS	EntityProperty	A_PurchaseOrderItemType	DiversionStatus	Edm.String	0	0	1								DIVERSIONSTATUS
API_PURCHASEORDER_PROCESS	EntityProperty	A_PurchaseOrderItemType	DocumentCurrency	Edm.String	0	0	5								DOCUMENTCURRENCY
API_PURCHASEORDER_PROCESS	EntityProperty	A_PurchaseOrderItemType	DownPaymentAmount	Edm.Decimal	12	3	0								DOWNPAYMENTAMOUNT
API_PURCHASEORDER_PROCESS	EntityProperty	A_PurchaseOrderItemType	DownPaymentDueDate	Edm.DateTime	0	0	0								DOWNPAYMENTDUEDATE
API_PURCHASEORDER_PROCESS	EntityProperty	A_PurchaseOrderItemType	DownPaymentPercentageOfTotAmt	Edm.Decimal	5	2	0								DOWNPAYMENTPERCENTAGEOFTOTAMT
API_PURCHASEORDER_PROCESS	EntityProperty	A_PurchaseOrderItemType	DownPaymentType	Edm.String	0	0	4								DOWNPAYMENTTYPE
API_PURCHASEORDER_PROCESS	EntityProperty	A_PurchaseOrderItemType	EarmarkedFunds	Edm.String	0	0	10								EARMARKEDFUNDS
API_PURCHASEORDER_PROCESS	EntityProperty	A_PurchaseOrderItemType	EarmarkedFundsDocument	Edm.String	0	0	10								EARMARKEDFUNDSDOCUMENT
API_PURCHASEORDER_PROCESS	EntityProperty	A_PurchaseOrderItemType	EarmarkedFundsDocumentItem	Edm.String	0	0	3								EARMARKEDFUNDSDOCUMENTITEM
API_PURCHASEORDER_PROCESS	EntityProperty	A_PurchaseOrderItemType	EarmarkedFundsItem	Edm.String	0	0	3								EARMARKEDFUNDSITEM
API_PURCHASEORDER_PROCESS	EntityProperty	A_PurchaseOrderItemType	EvaldRcptSettlmtIsAllowed	Edm.Boolean	0	0	0								EVALDRCPTSETTLMTISALLOWED
API_PURCHASEORDER_PROCESS	EntityProperty	A_PurchaseOrderItemType	ExpectedOverallLimitAmount	Edm.Decimal	14	3	0								EXPECTEDOVERALLLIMITAMOUNT
API_PURCHASEORDER_PROCESS	EntityProperty	A_PurchaseOrderItemType	GoodsReceiptIsExpected	Edm.Boolean	0	0	0								GOODSRECEIPTISEXPECTED
API_PURCHASEORDER_PROCESS	EntityProperty	A_PurchaseOrderItemType	GoodsReceiptIsNonValuated	Edm.Boolean	0	0	0								GOODSRECEIPTISNONVALUATED
API_PURCHASEORDER_PROCESS	EntityProperty	A_PurchaseOrderItemType	IncotermsClassification	Edm.String	0	0	3								INCOTERMSCLASSIFICATION
API_PURCHASEORDER_PROCESS	EntityProperty	A_PurchaseOrderItemType	IncotermsLocation1	Edm.String	0	0	70								INCOTERMSLOCATION1
API_PURCHASEORDER_PROCESS	EntityProperty	A_PurchaseOrderItemType	IncotermsLocation2	Edm.String	0	0	70								INCOTERMSLOCATION2
API_PURCHASEORDER_PROCESS	EntityProperty	A_PurchaseOrderItemType	IncotermsTransferLocation	Edm.String	0	0	28								INCOTERMSTRANSFERLOCATION
API_PURCHASEORDER_PROCESS	EntityProperty	A_PurchaseOrderItemType	InternationalArticleNumber	Edm.String	0	0	18								INTERNATIONALARTICLENUMBER
API_PURCHASEORDER_PROCESS	EntityProperty	A_PurchaseOrderItemType	InvoiceIsExpected	Edm.Boolean	0	0	0								INVOICEISEXPECTED
API_PURCHASEORDER_PROCESS	EntityProperty	A_PurchaseOrderItemType	InvoiceIsGoodsReceiptBased	Edm.Boolean	0	0	0								INVOICEISGOODSRECEIPTBASED
API_PURCHASEORDER_PROCESS	EntityProperty	A_PurchaseOrderItemType	IsCompletelyDelivered	Edm.Boolean	0	0	0								ISCOMPLETELYDELIVERED
API_PURCHASEORDER_PROCESS	EntityProperty	A_PurchaseOrderItemType	IsFinallyInvoiced	Edm.Boolean	0	0	0								ISFINALLYINVOICED
API_PURCHASEORDER_PROCESS	EntityProperty	A_PurchaseOrderItemType	IsReturnsItem	Edm.Boolean	0	0	0								ISRETURNSITEM
API_PURCHASEORDER_PROCESS	EntityProperty	A_PurchaseOrderItemType	ItemHasValueAddedService	Edm.String	0	0	1								ITEMHASVALUEADDEDSERVICE
API_PURCHASEORDER_PROCESS	EntityProperty	A_PurchaseOrderItemType	ItemNetWeight	Edm.Decimal	13	3	0								ITEMNETWEIGHT
API_PURCHASEORDER_PROCESS	EntityProperty	A_PurchaseOrderItemType	ItemVolume	Edm.Decimal	13	3	0								ITEMVOLUME
API_PURCHASEORDER_PROCESS	EntityProperty	A_PurchaseOrderItemType	ItemVolumeUnit	Edm.String	0	0	3								ITEMVOLUMEUNIT
API_PURCHASEORDER_PROCESS	EntityProperty	A_PurchaseOrderItemType	ItemWeightUnit	Edm.String	0	0	3								ITEMWEIGHTUNIT
API_PURCHASEORDER_PROCESS	EntityProperty	A_PurchaseOrderItemType	ManufacturerMaterial	Edm.String	0	0	40								MANUFACTURERMATERIAL
API_PURCHASEORDER_PROCESS	EntityProperty	A_PurchaseOrderItemType	Material	Edm.String	0	0	40								MATERIAL
API_PURCHASEORDER_PROCESS	EntityProperty	A_PurchaseOrderItemType	MaterialGroup	Edm.String	0	0	9								MATERIALGROUP
API_PURCHASEORDER_PROCESS	EntityProperty	A_PurchaseOrderItemType	MultipleAcctAssgmtDistribution	Edm.String	0	0	1								MULTIPLEACCTASSGMTDISTRIBUTION
API_PURCHASEORDER_PROCESS	EntityProperty	A_PurchaseOrderItemType	NetPriceAmount	Edm.Decimal	12	3	0								NETPRICEAMOUNT
API_PURCHASEORDER_PROCESS	EntityProperty	A_PurchaseOrderItemType	NetPriceQuantity	Edm.Decimal	5	0	0								NETPRICEQUANTITY
API_PURCHASEORDER_PROCESS	EntityProperty	A_PurchaseOrderItemType	OrderPriceUnit	Edm.String	0	0	3								ORDERPRICEUNIT
API_PURCHASEORDER_PROCESS	EntityProperty	A_PurchaseOrderItemType	OrderPriceUnitToOrderUnitNmrtr	Edm.Decimal	5	0	0								ORDERPRICEUNITTOORDERUNITNMRTR
API_PURCHASEORDER_PROCESS	EntityProperty	A_PurchaseOrderItemType	OrderQuantity	Edm.Decimal	13	3	0								ORDERQUANTITY
API_PURCHASEORDER_PROCESS	EntityProperty	A_PurchaseOrderItemType	OrdPriceUnitToOrderUnitDnmntr	Edm.Decimal	5	0	0								ORDPRICEUNITTOORDERUNITDNMNTR
API_PURCHASEORDER_PROCESS	EntityProperty	A_PurchaseOrderItemType	OverallLimitAmount	Edm.Decimal	14	3	0								OVERALLLIMITAMOUNT
API_PURCHASEORDER_PROCESS	EntityProperty	A_PurchaseOrderItemType	OverdelivTolrtdLmtRatioInPct	Edm.Decimal	3	1	0								OVERDELIVTOLRTDLMTRATIOINPCT
API_PURCHASEORDER_PROCESS	EntityProperty	A_PurchaseOrderItemType	PartialInvoiceDistribution	Edm.String	0	0	1								PARTIALINVOICEDISTRIBUTION
API_PURCHASEORDER_PROCESS	EntityProperty	A_PurchaseOrderItemType	Plant	Edm.String	0	0	4								PLANT
API_PURCHASEORDER_PROCESS	EntityProperty	A_PurchaseOrderItemType	PriceIsToBePrinted	Edm.Boolean	0	0	0								PRICEISTOBEPRINTED
API_PURCHASEORDER_PROCESS	EntityProperty	A_PurchaseOrderItemType	PricingDateControl	Edm.String	0	0	1								PRICINGDATECONTROL
API_PURCHASEORDER_PROCESS	EntityProperty	A_PurchaseOrderItemType	ProductCharacteristic1	Edm.String	0	0	18								PRODUCTCHARACTERISTIC1
API_PURCHASEORDER_PROCESS	EntityProperty	A_PurchaseOrderItemType	ProductCharacteristic2	Edm.String	0	0	18								PRODUCTCHARACTERISTIC2
API_PURCHASEORDER_PROCESS	EntityProperty	A_PurchaseOrderItemType	ProductCharacteristic3	Edm.String	0	0	18								PRODUCTCHARACTERISTIC3
API_PURCHASEORDER_PROCESS	EntityProperty	A_PurchaseOrderItemType	ProductCollection	Edm.String	0	0	10								PRODUCTCOLLECTION
API_PURCHASEORDER_PROCESS	EntityProperty	A_PurchaseOrderItemType	ProductSeason	Edm.String	0	0	10								PRODUCTSEASON
API_PURCHASEORDER_PROCESS	EntityProperty	A_PurchaseOrderItemType	ProductSeasonYear	Edm.String	0	0	4								PRODUCTSEASONYEAR
API_PURCHASEORDER_PROCESS	EntityProperty	A_PurchaseOrderItemType	ProductTheme	Edm.String	0	0	10								PRODUCTTHEME
API_PURCHASEORDER_PROCESS	EntityProperty	A_PurchaseOrderItemType	ProductType	Edm.String	0	0	2								PRODUCTTYPE
API_PURCHASEORDER_PROCESS	EntityProperty	A_PurchaseOrderItemType	PurchaseContract	Edm.String	0	0	10								PURCHASECONTRACT
API_PURCHASEORDER_PROCESS	EntityProperty	A_PurchaseOrderItemType	PurchaseContractItem	Edm.String	0	0	5								PURCHASECONTRACTITEM
API_PURCHASEORDER_PROCESS	EntityProperty	A_PurchaseOrderItemType	PurchaseOrder	Edm.String	0	0	10	X	X						PURCHASEORDER
API_PURCHASEORDER_PROCESS	EntityProperty	A_PurchaseOrderItemType	PurchaseOrderItem	Edm.String	0	0	5	X	X						PURCHASEORDERITEM
API_PURCHASEORDER_PROCESS	EntityProperty	A_PurchaseOrderItemType	PurchaseOrderItemCategory	Edm.String	0	0	1								PURCHASEORDERITEMCATEGORY
API_PURCHASEORDER_PROCESS	EntityProperty	A_PurchaseOrderItemType	PurchaseOrderItemText	Edm.String	0	0	40								PURCHASEORDERITEMTEXT
API_PURCHASEORDER_PROCESS	EntityProperty	A_PurchaseOrderItemType	PurchaseOrderQuantityUnit	Edm.String	0	0	3								PURCHASEORDERQUANTITYUNIT
API_PURCHASEORDER_PROCESS	EntityProperty	A_PurchaseOrderItemType	PurchaseOrderReferenceType	Edm.String	0	0	1								PURCHASEORDERREFERENCETYPE
API_PURCHASEORDER_PROCESS	EntityProperty	A_PurchaseOrderItemType	PurchaseRequisition	Edm.String	0	0	10								PURCHASEREQUISITION
API_PURCHASEORDER_PROCESS	EntityProperty	A_PurchaseOrderItemType	PurchaseRequisitionItem	Edm.String	0	0	5								PURCHASEREQUISITIONITEM
API_PURCHASEORDER_PROCESS	EntityProperty	A_PurchaseOrderItemType	PurchasingDocumentDeletionCode	Edm.String	0	0	1								PURCHASINGDOCUMENTDELETIONCODE
API_PURCHASEORDER_PROCESS	EntityProperty	A_PurchaseOrderItemType	PurchasingInfoRecord	Edm.String	0	0	10								PURCHASINGINFORECORD
API_PURCHASEORDER_PROCESS	EntityProperty	A_PurchaseOrderItemType	PurchasingParentItem	Edm.String	0	0	5								PURCHASINGPARENTITEM
API_PURCHASEORDER_PROCESS	EntityProperty	A_PurchaseOrderItemType	PurContractForOverallLimit	Edm.String	0	0	10								PURCONTRACTFOROVERALLLIMIT
API_PURCHASEORDER_PROCESS	EntityProperty	A_PurchaseOrderItemType	PurgConfigurableItemNumber	Edm.String	0	0	40								PURGCONFIGURABLEITEMNUMBER
API_PURCHASEORDER_PROCESS	EntityProperty	A_PurchaseOrderItemType	PurgDocAggrgdSubitemCategory	Edm.String	0	0	1								PURGDOCAGGRGDSUBITEMCATEGORY
API_PURCHASEORDER_PROCESS	EntityProperty	A_PurchaseOrderItemType	PurgDocSubitemCategory	Edm.String	0	0	1								PURGDOCSUBITEMCATEGORY
API_PURCHASEORDER_PROCESS	EntityProperty	A_PurchaseOrderItemType	PurgExternalSortNumber	Edm.String	0	0	5								PURGEXTERNALSORTNUMBER
API_PURCHASEORDER_PROCESS	EntityProperty	A_PurchaseOrderItemType	PurgProdCmplncDngrsGoodsStatus	Edm.String	0	0	1								PURGPRODCMPLNCDNGRSGOODSSTATUS
API_PURCHASEORDER_PROCESS	EntityProperty	A_PurchaseOrderItemType	PurgProdCmplncSupplierStatus	Edm.String	0	0	1								PURGPRODCMPLNCSUPPLIERSTATUS
API_PURCHASEORDER_PROCESS	EntityProperty	A_PurchaseOrderItemType	PurgProductMarketabilityStatus	Edm.String	0	0	1								PURGPRODUCTMARKETABILITYSTATUS
API_PURCHASEORDER_PROCESS	EntityProperty	A_PurchaseOrderItemType	PurgSafetyDataSheetStatus	Edm.String	0	0	1								PURGSAFETYDATASHEETSTATUS
API_PURCHASEORDER_PROCESS	EntityProperty	A_PurchaseOrderItemType	ReferenceDeliveryAddressID	Edm.String	0	0	10								REFERENCEDELIVERYADDRESSID
API_PURCHASEORDER_PROCESS	EntityProperty	A_PurchaseOrderItemType	ReferenceDocumentItem	Edm.String	0	0	6								REFERENCEDOCUMENTITEM
API_PURCHASEORDER_PROCESS	EntityProperty	A_PurchaseOrderItemType	ReferenceDocumentNumber	Edm.String	0	0	10								REFERENCEDOCUMENTNUMBER
API_PURCHASEORDER_PROCESS	EntityProperty	A_PurchaseOrderItemType	ReferenceDocumentScheduleLine	Edm.String	0	0	4								REFERENCEDOCUMENTSCHEDULELINE
API_PURCHASEORDER_PROCESS	EntityProperty	A_PurchaseOrderItemType	RequirementSegment	Edm.String	0	0	40								REQUIREMENTSEGMENT
API_PURCHASEORDER_PROCESS	EntityProperty	A_PurchaseOrderItemType	RequisitionerName	Edm.String	0	0	12								REQUISITIONERNAME
API_PURCHASEORDER_PROCESS	EntityProperty	A_PurchaseOrderItemType	SeasonCompletenessStatus	Edm.String	0	0	1								SEASONCOMPLETENESSSTATUS
API_PURCHASEORDER_PROCESS	EntityProperty	A_PurchaseOrderItemType	ServicePackage	Edm.String	0	0	10								SERVICEPACKAGE
API_PURCHASEORDER_PROCESS	EntityProperty	A_PurchaseOrderItemType	ServicePerformer	Edm.String	0	0	10								SERVICEPERFORMER
API_PURCHASEORDER_PROCESS	EntityProperty	A_PurchaseOrderItemType	ShippingInstruction	Edm.String	0	0	2								SHIPPINGINSTRUCTION
API_PURCHASEORDER_PROCESS	EntityProperty	A_PurchaseOrderItemType	StockSegment	Edm.String	0	0	40								STOCKSEGMENT
API_PURCHASEORDER_PROCESS	EntityProperty	A_PurchaseOrderItemType	StorageLocation	Edm.String	0	0	4								STORAGELOCATION
API_PURCHASEORDER_PROCESS	EntityProperty	A_PurchaseOrderItemType	Subcontractor	Edm.String	0	0	10								SUBCONTRACTOR
API_PURCHASEORDER_PROCESS	EntityProperty	A_PurchaseOrderItemType	SubItemCategory	Edm.String	0	0	1								SUBITEMCATEGORY
API_PURCHASEORDER_PROCESS	EntityProperty	A_PurchaseOrderItemType	SupplierConfirmationControlKey	Edm.String	0	0	4								SUPPLIERCONFIRMATIONCONTROLKEY
API_PURCHASEORDER_PROCESS	EntityProperty	A_PurchaseOrderItemType	SupplierIsSubcontractor	Edm.Boolean	0	0	0								SUPPLIERISSUBCONTRACTOR
API_PURCHASEORDER_PROCESS	EntityProperty	A_PurchaseOrderItemType	SupplierMaterialNumber	Edm.String	0	0	35								SUPPLIERMATERIALNUMBER
API_PURCHASEORDER_PROCESS	EntityProperty	A_PurchaseOrderItemType	TaxCode	Edm.String	0	0	2								TAXCODE
API_PURCHASEORDER_PROCESS	EntityProperty	A_PurchaseOrderItemType	TaxCountry	Edm.String	0	0	3								TAXCOUNTRY
API_PURCHASEORDER_PROCESS	EntityProperty	A_PurchaseOrderItemType	TaxDeterminationDate	Edm.DateTime	0	0	0								TAXDETERMINATIONDATE
API_PURCHASEORDER_PROCESS	EntityProperty	A_PurchaseOrderItemType	TaxJurisdiction	Edm.String	0	0	15								TAXJURISDICTION
API_PURCHASEORDER_PROCESS	EntityProperty	A_PurchaseOrderItemType	UnderdelivTolrtdLmtRatioInPct	Edm.Decimal	3	1	0								UNDERDELIVTOLRTDLMTRATIOINPCT
API_PURCHASEORDER_PROCESS	EntityProperty	A_PurchaseOrderItemType	UnlimitedOverdeliveryIsAllowed	Edm.Boolean	0	0	0								UNLIMITEDOVERDELIVERYISALLOWED
API_PURCHASEORDER_PROCESS	EntityProperty	A_PurchaseOrderItemType	ValAddedSrvcParentItmNumber	Edm.String	0	0	5								VALADDEDSRVCPARENTITMNUMBER
API_PURCHASEORDER_PROCESS	EntityProperty	A_PurchaseOrderItemType	ValuationType	Edm.String	0	0	10								VALUATIONTYPE
API_PURCHASEORDER_PROCESS	EntityProperty	A_PurOrdAccountAssignmentType	AccountAssignmentNumber	Edm.String	0	0	2	X							ACCOUNTASSIGNMENTNUMBER
API_PURCHASEORDER_PROCESS	EntityProperty	A_PurOrdAccountAssignmentType	BudgetPeriod	Edm.String	0	0	10								BUDGETPERIOD
API_PURCHASEORDER_PROCESS	EntityProperty	A_PurOrdAccountAssignmentType	BusinessArea	Edm.String	0	0	4								BUSINESSAREA
API_PURCHASEORDER_PROCESS	EntityProperty	A_PurOrdAccountAssignmentType	BusinessProcess	Edm.String	0	0	12								BUSINESSPROCESS
API_PURCHASEORDER_PROCESS	EntityProperty	A_PurOrdAccountAssignmentType	CommitmentItem	Edm.String	0	0	24								COMMITMENTITEM
API_PURCHASEORDER_PROCESS	EntityProperty	A_PurOrdAccountAssignmentType	ControllingArea	Edm.String	0	0	4								CONTROLLINGAREA
API_PURCHASEORDER_PROCESS	EntityProperty	A_PurOrdAccountAssignmentType	CostCenter	Edm.String	0	0	10								COSTCENTER
API_PURCHASEORDER_PROCESS	EntityProperty	A_PurOrdAccountAssignmentType	CostCtrActivityType	Edm.String	0	0	6								COSTCTRACTIVITYTYPE
API_PURCHASEORDER_PROCESS	EntityProperty	A_PurOrdAccountAssignmentType	CostObject	Edm.String	0	0	12								COSTOBJECT
API_PURCHASEORDER_PROCESS	EntityProperty	A_PurOrdAccountAssignmentType	DocumentCurrency	Edm.String	0	0	5								DOCUMENTCURRENCY
API_PURCHASEORDER_PROCESS	EntityProperty	A_PurOrdAccountAssignmentType	EarmarkedFundsDocument	Edm.String	0	0	10								EARMARKEDFUNDSDOCUMENT
API_PURCHASEORDER_PROCESS	EntityProperty	A_PurOrdAccountAssignmentType	FixedAsset	Edm.String	0	0	4								FIXEDASSET
API_PURCHASEORDER_PROCESS	EntityProperty	A_PurOrdAccountAssignmentType	FunctionalArea	Edm.String	0	0	16								FUNCTIONALAREA
API_PURCHASEORDER_PROCESS	EntityProperty	A_PurOrdAccountAssignmentType	Fund	Edm.String	0	0	10								FUND
API_PURCHASEORDER_PROCESS	EntityProperty	A_PurOrdAccountAssignmentType	FundsCenter	Edm.String	0	0	16								FUNDSCENTER
API_PURCHASEORDER_PROCESS	EntityProperty	A_PurOrdAccountAssignmentType	GLAccount	Edm.String	0	0	10								GLACCOUNT
API_PURCHASEORDER_PROCESS	EntityProperty	A_PurOrdAccountAssignmentType	GoodsRecipientName	Edm.String	0	0	12								GOODSRECIPIENTNAME
API_PURCHASEORDER_PROCESS	EntityProperty	A_PurOrdAccountAssignmentType	GrantID	Edm.String	0	0	20								GRANTID
API_PURCHASEORDER_PROCESS	EntityProperty	A_PurOrdAccountAssignmentType	IsDeleted	Edm.Boolean	0	0	0								ISDELETED
API_PURCHASEORDER_PROCESS	EntityProperty	A_PurOrdAccountAssignmentType	JointVentureRecoveryCode	Edm.String	0	0	2								JOINTVENTURERECOVERYCODE
API_PURCHASEORDER_PROCESS	EntityProperty	A_PurOrdAccountAssignmentType	MasterFixedAsset	Edm.String	0	0	12								MASTERFIXEDASSET
API_PURCHASEORDER_PROCESS	EntityProperty	A_PurOrdAccountAssignmentType	MultipleAcctAssgmtDistrPercent	Edm.Decimal	3	1	0								MULTIPLEACCTASSGMTDISTRPERCENT
API_PURCHASEORDER_PROCESS	EntityProperty	A_PurOrdAccountAssignmentType	NetworkActivity	Edm.String	0	0	4								NETWORKACTIVITY
API_PURCHASEORDER_PROCESS	EntityProperty	A_PurOrdAccountAssignmentType	OrderID	Edm.String	0	0	12								ORDERID
API_PURCHASEORDER_PROCESS	EntityProperty	A_PurOrdAccountAssignmentType	PartnerAccountNumber	Edm.String	0	0	10								PARTNERACCOUNTNUMBER
API_PURCHASEORDER_PROCESS	EntityProperty	A_PurOrdAccountAssignmentType	ProfitCenter	Edm.String	0	0	10								PROFITCENTER
API_PURCHASEORDER_PROCESS	EntityProperty	A_PurOrdAccountAssignmentType	ProjectNetwork	Edm.String	0	0	12								PROJECTNETWORK
API_PURCHASEORDER_PROCESS	EntityProperty	A_PurOrdAccountAssignmentType	PurchaseOrder	Edm.String	0	0	10	X	X						PURCHASEORDER
API_PURCHASEORDER_PROCESS	EntityProperty	A_PurOrdAccountAssignmentType	PurchaseOrderItem	Edm.String	0	0	5	X	X						PURCHASEORDERITEM
API_PURCHASEORDER_PROCESS	EntityProperty	A_PurOrdAccountAssignmentType	PurchaseOrderQuantityUnit	Edm.String	0	0	3								PURCHASEORDERQUANTITYUNIT
API_PURCHASEORDER_PROCESS	EntityProperty	A_PurOrdAccountAssignmentType	PurgDocNetAmount	Edm.Decimal	14	3	0								PURGDOCNETAMOUNT
API_PURCHASEORDER_PROCESS	EntityProperty	A_PurOrdAccountAssignmentType	Quantity	Edm.Decimal	13	3	0								QUANTITY
API_PURCHASEORDER_PROCESS	EntityProperty	A_PurOrdAccountAssignmentType	RealEstateObject	Edm.String	0	0	40								REALESTATEOBJECT
API_PURCHASEORDER_PROCESS	EntityProperty	A_PurOrdAccountAssignmentType	SalesOrder	Edm.String	0	0	10								SALESORDER
API_PURCHASEORDER_PROCESS	EntityProperty	A_PurOrdAccountAssignmentType	SalesOrderItem	Edm.String	0	0	6								SALESORDERITEM
API_PURCHASEORDER_PROCESS	EntityProperty	A_PurOrdAccountAssignmentType	SalesOrderScheduleLine	Edm.String	0	0	4								SALESORDERSCHEDULELINE
API_PURCHASEORDER_PROCESS	EntityProperty	A_PurOrdAccountAssignmentType	SettlementReferenceDate	Edm.DateTime	0	0	0								SETTLEMENTREFERENCEDATE
API_PURCHASEORDER_PROCESS	EntityProperty	A_PurOrdAccountAssignmentType	TaxCode	Edm.String	0	0	2								TAXCODE
API_PURCHASEORDER_PROCESS	EntityProperty	A_PurOrdAccountAssignmentType	TaxJurisdiction	Edm.String	0	0	15								TAXJURISDICTION
API_PURCHASEORDER_PROCESS	EntityProperty	A_PurOrdAccountAssignmentType	UnloadingPointName	Edm.String	0	0	25								UNLOADINGPOINTNAME
API_PURCHASEORDER_PROCESS	EntityProperty	A_PurOrdAccountAssignmentType	WBSElement	Edm.String	0	0	24								WBSELEMENT
API_PURCHASEORDER_PROCESS	EntityProperty	A_PurOrdAccountAssignmentType	WBSElementExternalID	Edm.String	0	0	24								WBSELEMENTEXTERNALID
API_PURCHASEORDER_PROCESS	EntityProperty	A_PurOrdAccountAssignmentType	WBSElementInternalID	Edm.String	0	0	24								WBSELEMENTINTERNALID
API_MATERIAL_STOCK	EntityProperty	A_MaterialStockType	Material	Edm.String	0	0	40	X							MATERIAL
API_MATERIAL_STOCK	EntityProperty	A_MaterialStockType	MaterialBaseUnit	Edm.String	0	0	3								MATERIALBASEUNIT
API_MATERIAL_STOCK	EntityProperty	A_MatlStkInAcctModType	Batch	Edm.String	0	0	10	X							BATCH
API_MATERIAL_STOCK	EntityProperty	A_MatlStkInAcctModType	Customer	Edm.String	0	0	10	X							CUSTOMER
API_MATERIAL_STOCK	EntityProperty	A_MatlStkInAcctModType	InventorySpecialStockType	Edm.String	0	0	1	X							INVENTORYSPECIALSTOCKTYPE
API_MATERIAL_STOCK	EntityProperty	A_MatlStkInAcctModType	InventoryStockType	Edm.String	0	0	2	X							INVENTORYSTOCKTYPE
API_MATERIAL_STOCK	EntityProperty	A_MatlStkInAcctModType	Material	Edm.String	0	0	40	X							MATERIAL
API_MATERIAL_STOCK	EntityProperty	A_MatlStkInAcctModType	MaterialBaseUnit	Edm.String	0	0	3								MATERIALBASEUNIT
API_MATERIAL_STOCK	EntityProperty	A_MatlStkInAcctModType	MatlWrhsStkQtyInMatlBaseUnit	Edm.Decimal	31	14	0								MATLWRHSSTKQTYINMATLBASEUNIT
API_MATERIAL_STOCK	EntityProperty	A_MatlStkInAcctModType	Plant	Edm.String	0	0	4	X							PLANT
API_MATERIAL_STOCK	EntityProperty	A_MatlStkInAcctModType	SDDocument	Edm.String	0	0	10	X							SDDOCUMENT
API_MATERIAL_STOCK	EntityProperty	A_MatlStkInAcctModType	SDDocumentItem	Edm.String	0	0	6	X							SDDOCUMENTITEM
API_MATERIAL_STOCK	EntityProperty	A_MatlStkInAcctModType	StorageLocation	Edm.String	0	0	4	X							STORAGELOCATION
API_MATERIAL_STOCK	EntityProperty	A_MatlStkInAcctModType	Supplier	Edm.String	0	0	10	X							SUPPLIER
API_MATERIAL_STOCK	EntityProperty	A_MatlStkInAcctModType	WBSElementInternalID	Edm.String	0	0	24	X							WBSELEMENTINTERNALID
API_PRODUCT_AVAILY_INFO_BASIC	FunctionParam	CalculateAvailabilityTimeseries	ATPCheckingRule	Edm.String	0	0	2								CHECKING_RULE
API_PRODUCT_AVAILY_INFO_BASIC	FunctionParam	CalculateAvailabilityTimeseries	Material	Edm.String	0	0	40								MATERIAL
API_PRODUCT_AVAILY_INFO_BASIC	FunctionParam	CalculateAvailabilityTimeseries	SupplyingPlant	Edm.String	0	0	4								SUPPLYING_PLANT
API_PRODUCT_AVAILY_INFO_BASIC	FunctionParam	DetermineAvailabilityAt	ATPCheckingRule	Edm.String	0	0	2								CHECKING_RULE
API_PRODUCT_AVAILY_INFO_BASIC	FunctionParam	DetermineAvailabilityAt	Material	Edm.String	0	0	40								MATERIAL
API_PRODUCT_AVAILY_INFO_BASIC	FunctionParam	DetermineAvailabilityAt	RequestedUTCDateTime	Edm.DateTimeOffset	7	0	0								REQUESTED_DATE
API_PRODUCT_AVAILY_INFO_BASIC	FunctionParam	DetermineAvailabilityAt	SupplyingPlant	Edm.String	0	0	4								SUPPLYING_PLANT
API_PRODUCT_AVAILY_INFO_BASIC	ComplexProperty	AvailabilityRecord	PeriodStartUTCDateTime	Edm.DateTime	0	0	0								PERIODSTARTUTCDATETIME
API_PRODUCT_AVAILY_INFO_BASIC	ComplexProperty	AvailabilityRecord	PeriodStartTimeZone	Edm.String	0	0	6								PERIODSTARTTIMEZONE
API_PRODUCT_AVAILY_INFO_BASIC	ComplexProperty	AvailabilityRecord	PeriodEndUTCDateTime	Edm.DateTime	0	0	0								PERIODENDUTCDATETIME
API_PRODUCT_AVAILY_INFO_BASIC	ComplexProperty	AvailabilityRecord	PeriodEndTimeZone	Edm.String	0	0	6								PERIODENDTIMEZONE
API_PRODUCT_AVAILY_INFO_BASIC	ComplexProperty	AvailabilityRecord	AvailableQuantityInBaseUnit	Edm.Decimal	16	3	0							BaseUnit	AVAILABLEQUANTITYINBASEUNIT
API_PRODUCT_AVAILY_INFO_BASIC	ComplexProperty	AvailabilityRecord	BaseUnit	Edm.String	0	0	3								BASEUNIT
API_PRODUCT_AVAILY_INFO_BASIC	FunctionParam	DetermineAvailabilityOf	ATPCheckingRule	Edm.String	0	0	2								CHECKING_RULE
API_PRODUCT_AVAILY_INFO_BASIC	FunctionParam	DetermineAvailabilityOf	Material	Edm.String	0	0	40								MATERIAL
API_PRODUCT_AVAILY_INFO_BASIC	FunctionParam	DetermineAvailabilityOf	RequestedQuantityInBaseUnit	Edm.Decimal	15	3	0								REQUESTED_QUANTITY
API_PRODUCT_AVAILY_INFO_BASIC	FunctionParam	DetermineAvailabilityOf	SupplyingPlant	Edm.String	0	0	4								SUPPLYING_PLANT
MMIM_STOCKINDATERANGE	EntityProperty	I_Customer_VHType	AuthorizationGroup	Edm.String	0	0	4								AUTHORIZATIONGROUP
MMIM_STOCKINDATERANGE	EntityProperty	I_Customer_VHType	BusinessPartner	Edm.String	0	0	10								BUSINESSPARTNER
MMIM_STOCKINDATERANGE	EntityProperty	I_Customer_VHType	BusinessPartnerType	Edm.String	0	0	4								BUSINESSPARTNERTYPE
MMIM_STOCKINDATERANGE	EntityProperty	I_Customer_VHType	CityName	Edm.String	0	0	35								CITYNAME
MMIM_STOCKINDATERANGE	EntityProperty	I_Customer_VHType	Country	Edm.String	0	0	3								COUNTRY
MMIM_STOCKINDATERANGE	EntityProperty	I_Customer_VHType	Customer	Edm.String	0	0	10	X							CUSTOMER
MMIM_STOCKINDATERANGE	EntityProperty	I_Customer_VHType	CustomerAccountGroup	Edm.String	0	0	4								CUSTOMERACCOUNTGROUP
MMIM_STOCKINDATERANGE	EntityProperty	I_Customer_VHType	CustomerName	Edm.String	0	0	80								CUSTOMERNAME
MMIM_STOCKINDATERANGE	EntityProperty	I_Customer_VHType	IsBusinessPurposeCompleted	Edm.String	0	0	1								ISBUSINESSPURPOSECOMPLETED
MMIM_STOCKINDATERANGE	EntityProperty	I_Customer_VHType	IsCompetitor	Edm.Boolean	0	0	0								ISCOMPETITOR
MMIM_STOCKINDATERANGE	EntityProperty	I_Customer_VHType	OrganizationBPName1	Edm.String	0	0	35								ORGANIZATIONBPNAME1
MMIM_STOCKINDATERANGE	EntityProperty	I_Customer_VHType	OrganizationBPName2	Edm.String	0	0	35								ORGANIZATIONBPNAME2
MMIM_STOCKINDATERANGE	EntityProperty	I_Customer_VHType	PostalCode	Edm.String	0	0	10								POSTALCODE
MMIM_STOCKINDATERANGE	EntityProperty	I_Customer_VHType	StreetName	Edm.String	0	0	35								STREETNAME
MMIM_STOCKINDATERANGE	EntityProperty	C_StkPostgHistOnIntvlBoundaryResult	AccountingDocument	Edm.String	0	0	10								ACCOUNTINGDOCUMENT
MMIM_STOCKINDATERANGE	EntityProperty	C_StkPostgHistOnIntvlBoundaryResult	AmountInCompanyCodeCurrency	Edm.Decimal	24	3	0								AMOUNTINCOMPANYCODECURRENCY
MMIM_STOCKINDATERANGE	EntityProperty	C_StkPostgHistOnIntvlBoundaryResult	AmountInDisplayCurrency	Edm.Decimal	24	3	0								AMOUNTINDISPLAYCURRENCY
MMIM_STOCKINDATERANGE	EntityProperty	C_StkPostgHistOnIntvlBoundaryResult	Batch	Edm.String	0	0	10								BATCH
MMIM_STOCKINDATERANGE	EntityProperty	C_StkPostgHistOnIntvlBoundaryResult	CompanyCode	Edm.String	0	0	4								COMPANYCODE
MMIM_STOCKINDATERANGE	EntityProperty	C_StkPostgHistOnIntvlBoundaryResult	CostEstimate	Edm.String	0	0	12								COSTESTIMATE
MMIM_STOCKINDATERANGE	EntityProperty	C_StkPostgHistOnIntvlBoundaryResult	Currency	Edm.String	0	0	5								CURRENCY
MMIM_STOCKINDATERANGE	EntityProperty	C_StkPostgHistOnIntvlBoundaryResult	Customer	Edm.String	0	0	10								CUSTOMER
MMIM_STOCKINDATERANGE	EntityProperty	C_StkPostgHistOnIntvlBoundaryResult	CustomerName	Edm.String	0	0	80								CUSTOMERNAME
MMIM_STOCKINDATERANGE	EntityProperty	C_StkPostgHistOnIntvlBoundaryResult	DeliveryDocument	Edm.String	0	0	10								DELIVERYDOCUMENT
MMIM_STOCKINDATERANGE	EntityProperty	C_StkPostgHistOnIntvlBoundaryResult	DeliveryDocumentItem	Edm.String	0	0	6								DELIVERYDOCUMENTITEM
MMIM_STOCKINDATERANGE	EntityProperty	C_StkPostgHistOnIntvlBoundaryResult	DisplayCurrency	Edm.String	0	0	5								DISPLAYCURRENCY
MMIM_STOCKINDATERANGE	EntityProperty	C_StkPostgHistOnIntvlBoundaryResult	FiscalYear	Edm.String	0	0	4								FISCALYEAR
MMIM_STOCKINDATERANGE	EntityProperty	C_StkPostgHistOnIntvlBoundaryResult	GoodsMovementType	Edm.String	0	0	3								GOODSMOVEMENTTYPE
MMIM_STOCKINDATERANGE	EntityProperty	C_StkPostgHistOnIntvlBoundaryResult	GoodsMovementTypeName	Edm.String	0	0	20								GOODSMOVEMENTTYPENAME
MMIM_STOCKINDATERANGE	EntityProperty	C_StkPostgHistOnIntvlBoundaryResult	ID	Edm.String	0	0	0	X							GENERATED_ID
MMIM_STOCKINDATERANGE	EntityProperty	C_StkPostgHistOnIntvlBoundaryResult	InventorySpecialStockType	Edm.String	0	0	1								INVENTORYSPECIALSTOCKTYPE
MMIM_STOCKINDATERANGE	EntityProperty	C_StkPostgHistOnIntvlBoundaryResult	InventorySpecialStockTypeName	Edm.String	0	0	20								INVENTORYSPECIALSTOCKTYPENAME
MMIM_STOCKINDATERANGE	EntityProperty	C_StkPostgHistOnIntvlBoundaryResult	InventoryStockType	Edm.String	0	0	2								INVENTORYSTOCKTYPE
MMIM_STOCKINDATERANGE	EntityProperty	C_StkPostgHistOnIntvlBoundaryResult	InventoryStockTypeName	Edm.String	0	0	60								INVENTORYSTOCKTYPENAME
MMIM_STOCKINDATERANGE	EntityProperty	C_StkPostgHistOnIntvlBoundaryResult	InventoryValuationType	Edm.String	0	0	10								INVENTORYVALUATIONTYPE
MMIM_STOCKINDATERANGE	EntityProperty	C_StkPostgHistOnIntvlBoundaryResult	ManufacturingOrder	Edm.String	0	0	12								MANUFACTURINGORDER
MMIM_STOCKINDATERANGE	EntityProperty	C_StkPostgHistOnIntvlBoundaryResult	ManufacturingOrderItem	Edm.String	0	0	4								MANUFACTURINGORDERITEM
MMIM_STOCKINDATERANGE	EntityProperty	C_StkPostgHistOnIntvlBoundaryResult	Material	Edm.String	0	0	40								MATERIAL
MMIM_STOCKINDATERANGE	EntityProperty	C_StkPostgHistOnIntvlBoundaryResult	MaterialBaseUnit	Edm.String	0	0	3								MATERIALBASEUNIT
MMIM_STOCKINDATERANGE	EntityProperty	C_StkPostgHistOnIntvlBoundaryResult	MaterialDocument	Edm.String	0	0	10								MATERIALDOCUMENT
MMIM_STOCKINDATERANGE	EntityProperty	C_StkPostgHistOnIntvlBoundaryResult	MaterialDocumentItem	Edm.String	0	0	4								MATERIALDOCUMENTITEM
MMIM_STOCKINDATERANGE	EntityProperty	C_StkPostgHistOnIntvlBoundaryResult	MaterialDocumentYear	Edm.String	0	0	4								MATERIALDOCUMENTYEAR
MMIM_STOCKINDATERANGE	EntityProperty	C_StkPostgHistOnIntvlBoundaryResult	MaterialGroup	Edm.String	0	0	9								MATERIALGROUP
MMIM_STOCKINDATERANGE	EntityProperty	C_StkPostgHistOnIntvlBoundaryResult	MaterialGroupName	Edm.String	0	0	20								MATERIALGROUPNAME
MMIM_STOCKINDATERANGE	EntityProperty	C_StkPostgHistOnIntvlBoundaryResult	MaterialName	Edm.String	0	0	40								MATERIALNAME
MMIM_STOCKINDATERANGE	EntityProperty	C_StkPostgHistOnIntvlBoundaryResult	MaterialType	Edm.String	0	0	4								MATERIALTYPE
MMIM_STOCKINDATERANGE	EntityProperty	C_StkPostgHistOnIntvlBoundaryResult	MaterialTypeName	Edm.String	0	0	25								MATERIALTYPENAME
MMIM_STOCKINDATERANGE	EntityProperty	C_StkPostgHistOnIntvlBoundaryResult	MatlStkChangeQtyInBaseUnit	Edm.Decimal	31	14	0								MATLSTKCHANGEQTYINBASEUNIT
MMIM_STOCKINDATERANGE	EntityProperty	C_StkPostgHistOnIntvlBoundaryResult	Plant	Edm.String	0	0	4								PLANT
MMIM_STOCKINDATERANGE	EntityProperty	C_StkPostgHistOnIntvlBoundaryResult	PlantName	Edm.String	0	0	30								PLANTNAME
MMIM_STOCKINDATERANGE	EntityProperty	C_StkPostgHistOnIntvlBoundaryResult	PostingDate	Edm.DateTime	0	0	0								POSTINGDATE
MMIM_STOCKINDATERANGE	EntityProperty	C_StkPostgHistOnIntvlBoundaryResult	PurchaseOrder	Edm.String	0	0	10								PURCHASEORDER
MMIM_STOCKINDATERANGE	EntityProperty	C_StkPostgHistOnIntvlBoundaryResult	PurchaseOrderItem	Edm.String	0	0	5								PURCHASEORDERITEM
MMIM_STOCKINDATERANGE	EntityProperty	C_StkPostgHistOnIntvlBoundaryResult	Reservation	Edm.String	0	0	10								RESERVATION
MMIM_STOCKINDATERANGE	EntityProperty	C_StkPostgHistOnIntvlBoundaryResult	ReservationItem	Edm.String	0	0	4								RESERVATIONITEM
MMIM_STOCKINDATERANGE	EntityProperty	C_StkPostgHistOnIntvlBoundaryResult	ResourceID	Edm.String	0	0	40								RESOURCEID
MMIM_STOCKINDATERANGE	EntityProperty	C_StkPostgHistOnIntvlBoundaryResult	ReversalMovementIsSelected	Edm.String	0	0	1								REVERSALMOVEMENTISSELECTED
MMIM_STOCKINDATERANGE	EntityProperty	C_StkPostgHistOnIntvlBoundaryResult	SalesOrder	Edm.String	0	0	10								SALESORDER
MMIM_STOCKINDATERANGE	EntityProperty	C_StkPostgHistOnIntvlBoundaryResult	SalesOrderItem	Edm.String	0	0	6								SALESORDERITEM
MMIM_STOCKINDATERANGE	EntityProperty	C_StkPostgHistOnIntvlBoundaryResult	SpecialStockIdfgStockOwner	Edm.String	0	0	10								SPECIALSTOCKIDFGSTOCKOWNER
MMIM_STOCKINDATERANGE	EntityProperty	C_StkPostgHistOnIntvlBoundaryResult	StockLevelIsValuated	Edm.String	0	0	1								STOCKLEVELISVALUATED
MMIM_STOCKINDATERANGE	EntityProperty	C_StkPostgHistOnIntvlBoundaryResult	StorageLocation	Edm.String	0	0	4								STORAGELOCATION
MMIM_STOCKINDATERANGE	EntityProperty	C_StkPostgHistOnIntvlBoundaryResult	StorageLocationName	Edm.String	0	0	16								STORAGELOCATIONNAME
MMIM_STOCKINDATERANGE	EntityProperty	C_StkPostgHistOnIntvlBoundaryResult	Supplier	Edm.String	0	0	10								SUPPLIER
MMIM_STOCKINDATERANGE	EntityProperty	C_StkPostgHistOnIntvlBoundaryResult	SupplierName	Edm.String	0	0	80								SUPPLIERNAME
MMIM_STOCKINDATERANGE	EntityProperty	C_StkPostgHistOnIntvlBoundaryResult	WBSDescription	Edm.String	0	0	40								WBSDESCRIPTION
MMIM_STOCKINDATERANGE	EntityProperty	C_StkPostgHistOnIntvlBoundaryResult	WBSElementExternalID	Edm.String	0	0	24								WBSELEMENTEXTERNALID
MMIM_STOCKINDATERANGE	EntityProperty	C_StkPostgHistOnIntvlBoundaryResult	WBSElementInternalID	Edm.String	0	0	8								WBSELEMENTINTERNALID
MMIM_STOCKINDATERANGE	EntityProperty	C_StockOnIntervalBoundariesParameters	P_DisplayCurrency	Edm.String	0	0	5	X							P_DISPLAYCURRENCY
MMIM_STOCKINDATERANGE	EntityProperty	C_StockOnIntervalBoundariesParameters	P_EndDate	Edm.DateTime	0	0	0	X							P_ENDDATE
MMIM_STOCKINDATERANGE	EntityProperty	C_StockOnIntervalBoundariesParameters	P_GroupByField	Edm.String	0	0	300	X							P_GROUPBYFIELD
MMIM_STOCKINDATERANGE	EntityProperty	C_StockOnIntervalBoundariesParameters	P_StartDate	Edm.DateTime	0	0	0	X							P_STARTDATE
MMIM_STOCKINDATERANGE	EntityProperty	I_MatlDocStockIdfgBatchVHType	Batch	Edm.String	0	0	10	X							BATCH
MMIM_STOCKINDATERANGE	EntityProperty	I_MatlDocStockIdfgBatchVHType	Material	Edm.String	0	0	40	X							MATERIAL
MMIM_STOCKINDATERANGE	EntityProperty	I_MatlDocStockIdfgBatchVHType	MaterialName	Edm.String	0	0	40								MATERIALNAME
MMIM_STOCKINDATERANGE	EntityProperty	I_MatlDocStockIdfgBatchVHType	Plant	Edm.String	0	0	4	X							PLANT
MMIM_STOCKINDATERANGE	EntityProperty	I_MatlDocStockIdfgBatchVHType	PlantName	Edm.String	0	0	30								PLANTNAME
MMIM_STOCKINDATERANGE	EntityProperty	I_MatlDocStockIdfgCustomerVHType	AuthorizationGroup	Edm.String	0	0	4								AUTHORIZATIONGROUP
MMIM_STOCKINDATERANGE	EntityProperty	I_MatlDocStockIdfgCustomerVHType	CityName	Edm.String	0	0	35								CITYNAME
MMIM_STOCKINDATERANGE	EntityProperty	I_MatlDocStockIdfgCustomerVHType	Country	Edm.String	0	0	3								COUNTRY
MMIM_STOCKINDATERANGE	EntityProperty	I_MatlDocStockIdfgCustomerVHType	CustomerAccountGroup	Edm.String	0	0	4								CUSTOMERACCOUNTGROUP
MMIM_STOCKINDATERANGE	EntityProperty	I_MatlDocStockIdfgCustomerVHType	CustomerName	Edm.String	0	0	80								CUSTOMERNAME
MMIM_STOCKINDATERANGE	EntityProperty	I_MatlDocStockIdfgCustomerVHType	PostalCode	Edm.String	0	0	10								POSTALCODE
MMIM_STOCKINDATERANGE	EntityProperty	I_MatlDocStockIdfgCustomerVHType	SpecialStockIdfgCustomer	Edm.String	0	0	10	X							SPECIALSTOCKIDFGCUSTOMER
MMIM_STOCKINDATERANGE	EntityProperty	I_MatlDocStockIdfgCustomerVHType	StreetName	Edm.String	0	0	35								STREETNAME
MMIM_STOCKINDATERANGE	EntityProperty	I_MatlDocInvtryStkTypeVHType	InventoryStockType	Edm.String	0	0	2	X							INVENTORYSTOCKTYPE
MMIM_STOCKINDATERANGE	EntityProperty	I_MatlDocInvtryStkTypeVHType	InventoryStockTypeName	Edm.String	0	0	60								INVENTORYSTOCKTYPENAME
MMIM_STOCKINDATERANGE	EntityProperty	I_MatlDocInvtrySpclStkTypeVHType	InventorySpecialStockType	Edm.String	0	0	1	X							INVENTORYSPECIALSTOCKTYPE
MMIM_STOCKINDATERANGE	EntityProperty	I_MatlDocInvtrySpclStkTypeVHType	InventorySpecialStockTypeName	Edm.String	0	0	20								INVENTORYSPECIALSTOCKTYPENAME
MMIM_STOCKINDATERANGE	EntityProperty	I_MatlDocStorageLocationVHType	Plant	Edm.String	0	0	4	X							PLANT
MMIM_STOCKINDATERANGE	EntityProperty	I_MatlDocStorageLocationVHType	PlantName	Edm.String	0	0	30								PLANTNAME
MMIM_STOCKINDATERANGE	EntityProperty	I_MatlDocStorageLocationVHType	StorageLocation	Edm.String	0	0	4	X							STORAGELOCATION
MMIM_STOCKINDATERANGE	EntityProperty	I_MatlDocStorageLocationVHType	StorageLocationName	Edm.String	0	0	16								STORAGELOCATIONNAME
MMIM_STOCKINDATERANGE	EntityProperty	I_MatlDocStockIdfgSupplierVHType	AuthorizationGroup	Edm.String	0	0	4								AUTHORIZATIONGROUP
MMIM_STOCKINDATERANGE	EntityProperty	I_MatlDocStockIdfgSupplierVHType	CityName	Edm.String	0	0	35								CITYNAME
MMIM_STOCKINDATERANGE	EntityProperty	I_MatlDocStockIdfgSupplierVHType	Country	Edm.String	0	0	3								COUNTRY
MMIM_STOCKINDATERANGE	EntityProperty	I_MatlDocStockIdfgSupplierVHType	PostalCode	Edm.String	0	0	10								POSTALCODE
MMIM_STOCKINDATERANGE	EntityProperty	I_MatlDocStockIdfgSupplierVHType	SpecialStockIdfgSupplier	Edm.String	0	0	10	X							SPECIALSTOCKIDFGSUPPLIER
MMIM_STOCKINDATERANGE	EntityProperty	I_MatlDocStockIdfgSupplierVHType	StreetName	Edm.String	0	0	35								STREETNAME
MMIM_STOCKINDATERANGE	EntityProperty	I_MatlDocStockIdfgSupplierVHType	SupplierAccountGroup	Edm.String	0	0	4								SUPPLIERACCOUNTGROUP
MMIM_STOCKINDATERANGE	EntityProperty	I_MatlDocStockIdfgSupplierVHType	SupplierName	Edm.String	0	0	80								SUPPLIERNAME
MMIM_STOCKINDATERANGE	EntityProperty	I_ProductGroupVHType	ProductGroup	Edm.String	0	0	9	X							PRODUCTGROUP
MMIM_STOCKINDATERANGE	EntityProperty	I_ProductGroupVHType	ProductGroup_Text	Edm.String	0	0	20								T_PRODUCTGROUP
MMIM_STOCKINDATERANGE	EntityProperty	I_MatDocStkIdfgWBSNoCnvrsnVHType	ApplicantName	Edm.String	0	0	25								APPLICANTNAME
MMIM_STOCKINDATERANGE	EntityProperty	I_MatDocStkIdfgWBSNoCnvrsnVHType	ControllingArea	Edm.String	0	0	4								CONTROLLINGAREA
MMIM_STOCKINDATERANGE	EntityProperty	I_MatDocStkIdfgWBSNoCnvrsnVHType	Location	Edm.String	0	0	20								LOCATION
MMIM_STOCKINDATERANGE	EntityProperty	I_MatDocStkIdfgWBSNoCnvrsnVHType	Plant	Edm.String	0	0	4								PLANT
MMIM_STOCKINDATERANGE	EntityProperty	I_MatDocStkIdfgWBSNoCnvrsnVHType	ProfitCenter	Edm.String	0	0	10								PROFITCENTER
MMIM_STOCKINDATERANGE	EntityProperty	I_MatDocStkIdfgWBSNoCnvrsnVHType	ProjectInternalID	Edm.String	0	0	8								PROJECTINTERNALID
MMIM_STOCKINDATERANGE	EntityProperty	I_MatDocStkIdfgWBSNoCnvrsnVHType	ProjectType	Edm.String	0	0	2								PROJECTTYPE
MMIM_STOCKINDATERANGE	EntityProperty	I_MatDocStkIdfgWBSNoCnvrsnVHType	RespCostCenterControllingArea	Edm.String	0	0	4								RESPCOSTCENTERCONTROLLINGAREA
MMIM_STOCKINDATERANGE	EntityProperty	I_MatDocStkIdfgWBSNoCnvrsnVHType	ResponsibleCostCenter	Edm.String	0	0	10								RESPONSIBLECOSTCENTER
MMIM_STOCKINDATERANGE	EntityProperty	I_MatDocStkIdfgWBSNoCnvrsnVHType	ResponsiblePersonName	Edm.String	0	0	25								RESPONSIBLEPERSONNAME
MMIM_STOCKINDATERANGE	EntityProperty	I_MatDocStkIdfgWBSNoCnvrsnVHType	SpecialStockIdfgWBSElement	Edm.String	0	0	8	X							SPECIALSTOCKIDFGWBSELEMENT
MMIM_STOCKINDATERANGE	EntityProperty	I_MatDocStkIdfgWBSNoCnvrsnVHType	WBSDescription	Edm.String	0	0	40								WBSDESCRIPTION
MMIM_STOCKINDATERANGE	EntityProperty	I_MatDocStkIdfgWBSNoCnvrsnVHType	WBSElementExternalID	Edm.String	0	0	24								WBSELEMENTEXTERNALID
MMIM_STOCKINDATERANGE	EntityProperty	I_MatDocStkIdfgWBSNoCnvrsnVHType	WBSElementObject	Edm.String	0	0	22								WBSELEMENTOBJECT
MMIM_STOCKINDATERANGE	EntityProperty	I_MatlDocPlantVHType	CityCode	Edm.String	0	0	12								CITYCODE
MMIM_STOCKINDATERANGE	EntityProperty	I_MatlDocPlantVHType	CityName	Edm.String	0	0	40								CITYNAME
MMIM_STOCKINDATERANGE	EntityProperty	I_MatlDocPlantVHType	Country	Edm.String	0	0	3								COUNTRY
MMIM_STOCKINDATERANGE	EntityProperty	I_MatlDocPlantVHType	HouseNumber	Edm.String	0	0	10								HOUSENUMBER
MMIM_STOCKINDATERANGE	EntityProperty	I_MatlDocPlantVHType	Plant	Edm.String	0	0	4	X							PLANT
MMIM_STOCKINDATERANGE	EntityProperty	I_MatlDocPlantVHType	PlantName	Edm.String	0	0	30								PLANTNAME
MMIM_STOCKINDATERANGE	EntityProperty	I_MatlDocPlantVHType	StreetName	Edm.String	0	0	60								STREETNAME
MMIM_STOCKINDATERANGE	EntityProperty	I_MatlDocStkIdfgSlsOrdItmVHType	DistributionChannel	Edm.String	0	0	2								DISTRIBUTIONCHANNEL
MMIM_STOCKINDATERANGE	EntityProperty	I_MatlDocStkIdfgSlsOrdItmVHType	MaterialGroup	Edm.String	0	0	9								MATERIALGROUP
MMIM_STOCKINDATERANGE	EntityProperty	I_MatlDocStkIdfgSlsOrdItmVHType	OrganizationDivision	Edm.String	0	0	2								ORGANIZATIONDIVISION
MMIM_STOCKINDATERANGE	EntityProperty	I_MatlDocStkIdfgSlsOrdItmVHType	SalesGroup	Edm.String	0	0	3								SALESGROUP
MMIM_STOCKINDATERANGE	EntityProperty	I_MatlDocStkIdfgSlsOrdItmVHType	SalesOffice	Edm.String	0	0	4								SALESOFFICE
MMIM_STOCKINDATERANGE	EntityProperty	I_MatlDocStkIdfgSlsOrdItmVHType	SalesOrderType	Edm.String	0	0	4								SALESORDERTYPE
MMIM_STOCKINDATERANGE	EntityProperty	I_MatlDocStkIdfgSlsOrdItmVHType	SalesOrganization	Edm.String	0	0	4								SALESORGANIZATION
MMIM_STOCKINDATERANGE	EntityProperty	I_MatlDocStkIdfgSlsOrdItmVHType	SoldToParty	Edm.String	0	0	10								SOLDTOPARTY
MMIM_STOCKINDATERANGE	EntityProperty	I_MatlDocStkIdfgSlsOrdItmVHType	SpecialStockIdfgSalesOrder	Edm.String	0	0	10	X							SPECIALSTOCKIDFGSALESORDER
MMIM_STOCKINDATERANGE	EntityProperty	I_MatlDocStkIdfgSlsOrdItmVHType	SpecialStockIdfgSalesOrderItem	Edm.String	0	0	6	X							SPECIALSTOCKIDFGSALESORDERITEM
MMIM_STOCKINDATERANGE	EntityProperty	C_StkPostgHistOnIntvlBoundaryParameters	P_DisplayCurrency	Edm.String	0	0	5	X							P_DISPLAYCURRENCY
MMIM_STOCKINDATERANGE	EntityProperty	C_StkPostgHistOnIntvlBoundaryParameters	P_EndDate	Edm.DateTime	0	0	0	X							P_ENDDATE
MMIM_STOCKINDATERANGE	EntityProperty	C_StkPostgHistOnIntvlBoundaryParameters	P_StartDate	Edm.DateTime	0	0	0	X							P_STARTDATE
MMIM_STOCKINDATERANGE	EntityProperty	I_CurrencyType	AlternativeCurrencyKey	Edm.String	0	0	3								ALTERNATIVECURRENCYKEY
MMIM_STOCKINDATERANGE	EntityProperty	I_CurrencyType	Currency	Edm.String	0	0	5	X							CURRENCY
MMIM_STOCKINDATERANGE	EntityProperty	I_CurrencyType	Currency_Text	Edm.String	0	0	40								T_CURRENCY
MMIM_STOCKINDATERANGE	EntityProperty	I_CurrencyType	CurrencyISOCode	Edm.String	0	0	3								CURRENCYISOCODE
MMIM_STOCKINDATERANGE	EntityProperty	I_CurrencyType	Decimals	Edm.Byte	0	0	0								DECIMALS
MMIM_STOCKINDATERANGE	EntityProperty	I_CurrencyType	IsPrimaryCurrencyForISOCrcy	Edm.Boolean	0	0	0								ISPRIMARYCURRENCYFORISOCRCY
MMIM_STOCKINDATERANGE	EntityProperty	I_MatlDocStockIdfgOwnerVHType	AuthorizationGroup	Edm.String	0	0	4								AUTHORIZATIONGROUP
MMIM_STOCKINDATERANGE	EntityProperty	I_MatlDocStockIdfgOwnerVHType	CityName	Edm.String	0	0	35								CITYNAME
MMIM_STOCKINDATERANGE	EntityProperty	I_MatlDocStockIdfgOwnerVHType	Country	Edm.String	0	0	3								COUNTRY
MMIM_STOCKINDATERANGE	EntityProperty	I_MatlDocStockIdfgOwnerVHType	PostalCode	Edm.String	0	0	10								POSTALCODE
MMIM_STOCKINDATERANGE	EntityProperty	I_MatlDocStockIdfgOwnerVHType	SpecialStockIdfgStockOwner	Edm.String	0	0	10	X							SPECIALSTOCKIDFGSTOCKOWNER
MMIM_STOCKINDATERANGE	EntityProperty	I_MatlDocStockIdfgOwnerVHType	StreetName	Edm.String	0	0	35								STREETNAME
MMIM_STOCKINDATERANGE	EntityProperty	I_MatlDocStockIdfgOwnerVHType	SupplierAccountGroup	Edm.String	0	0	4								SUPPLIERACCOUNTGROUP
MMIM_STOCKINDATERANGE	EntityProperty	I_MatlDocStockIdfgOwnerVHType	SupplierName	Edm.String	0	0	80								SUPPLIERNAME
MMIM_STOCKINDATERANGE	EntityProperty	I_ProductTypeVHType	ProductType	Edm.String	0	0	4	X							PRODUCTTYPE
MMIM_STOCKINDATERANGE	EntityProperty	I_ProductTypeVHType	ProductType_Text	Edm.String	0	0	25								T_PRODUCTTYPE
MMIM_STOCKINDATERANGE	EntityProperty	I_ProductTypeVHType	ProductTypeCode	Edm.String	0	0	2								PRODUCTTYPECODE
MMIM_STOCKINDATERANGE	EntityProperty	I_MatlDocMaterialVHType	Material	Edm.String	0	0	40	X							MATERIAL
MMIM_STOCKINDATERANGE	EntityProperty	I_MatlDocMaterialVHType	MaterialExternalID	Edm.String	0	0	40								MATERIALEXTERNALID
MMIM_STOCKINDATERANGE	EntityProperty	I_MatlDocMaterialVHType	MaterialGroup	Edm.String	0	0	9								MATERIALGROUP
MMIM_STOCKINDATERANGE	EntityProperty	I_MatlDocMaterialVHType	MaterialGroupName	Edm.String	0	0	20								MATERIALGROUPNAME
MMIM_STOCKINDATERANGE	EntityProperty	I_MatlDocMaterialVHType	MaterialName	Edm.String	0	0	40								MATERIALNAME
MMIM_STOCKINDATERANGE	EntityProperty	I_MatlDocMaterialVHType	MaterialType	Edm.String	0	0	4								MATERIALTYPE
MMIM_STOCKINDATERANGE	EntityProperty	I_MatlDocMaterialVHType	MaterialTypeName	Edm.String	0	0	25								MATERIALTYPENAME
MMIM_STOCKINDATERANGE	EntityProperty	I_MatlDocMaterialVHType	Plant	Edm.String	0	0	4	X							PLANT
MMIM_STOCKINDATERANGE	EntityProperty	I_MatlDocMaterialVHType	PlantName	Edm.String	0	0	30								PLANTNAME
MMIM_STOCKINDATERANGE	EntityProperty	I_MatlDocStkIdfgSlsOrdVHType	DistributionChannel	Edm.String	0	0	2								DISTRIBUTIONCHANNEL
MMIM_STOCKINDATERANGE	EntityProperty	I_MatlDocStkIdfgSlsOrdVHType	OrganizationDivision	Edm.String	0	0	2								ORGANIZATIONDIVISION
MMIM_STOCKINDATERANGE	EntityProperty	I_MatlDocStkIdfgSlsOrdVHType	SalesGroup	Edm.String	0	0	3								SALESGROUP
MMIM_STOCKINDATERANGE	EntityProperty	I_MatlDocStkIdfgSlsOrdVHType	SalesOffice	Edm.String	0	0	4								SALESOFFICE
MMIM_STOCKINDATERANGE	EntityProperty	I_MatlDocStkIdfgSlsOrdVHType	SalesOrderType	Edm.String	0	0	4								SALESORDERTYPE
MMIM_STOCKINDATERANGE	EntityProperty	I_MatlDocStkIdfgSlsOrdVHType	SalesOrganization	Edm.String	0	0	4								SALESORGANIZATION
MMIM_STOCKINDATERANGE	EntityProperty	I_MatlDocStkIdfgSlsOrdVHType	SoldToParty	Edm.String	0	0	10								SOLDTOPARTY
MMIM_STOCKINDATERANGE	EntityProperty	I_MatlDocStkIdfgSlsOrdVHType	SpecialStockIdfgSalesOrder	Edm.String	0	0	10	X							SPECIALSTOCKIDFGSALESORDER
MMIM_STOCKINDATERANGE	EntityProperty	C_StockOnIntervalBoundariesResult	Batch	Edm.String	0	0	10								BATCH
MMIM_STOCKINDATERANGE	EntityProperty	C_StockOnIntervalBoundariesResult	Currency	Edm.String	0	0	5								CURRENCY
MMIM_STOCKINDATERANGE	EntityProperty	C_StockOnIntervalBoundariesResult	Customer	Edm.String	0	0	10								CUSTOMER
MMIM_STOCKINDATERANGE	EntityProperty	C_StockOnIntervalBoundariesResult	CustomerName	Edm.String	0	0	80								CUSTOMERNAME
MMIM_STOCKINDATERANGE	EntityProperty	C_StockOnIntervalBoundariesResult	DisplayCurrency	Edm.String	0	0	5								DISPLAYCURRENCY
MMIM_STOCKINDATERANGE	EntityProperty	C_StockOnIntervalBoundariesResult	EndDateOfReferencePeriod	Edm.DateTime	0	0	0								ENDDATEOFREFERENCEPERIOD
MMIM_STOCKINDATERANGE	EntityProperty	C_StockOnIntervalBoundariesResult	ID	Edm.String	0	0	0	X							GENERATED_ID
MMIM_STOCKINDATERANGE	EntityProperty	C_StockOnIntervalBoundariesResult	InventorySpecialStockType	Edm.String	0	0	1								INVENTORYSPECIALSTOCKTYPE
MMIM_STOCKINDATERANGE	EntityProperty	C_StockOnIntervalBoundariesResult	InventorySpecialStockTypeName	Edm.String	0	0	20								INVENTORYSPECIALSTOCKTYPENAME
MMIM_STOCKINDATERANGE	EntityProperty	C_StockOnIntervalBoundariesResult	InventoryStockType	Edm.String	0	0	2								INVENTORYSTOCKTYPE
MMIM_STOCKINDATERANGE	EntityProperty	C_StockOnIntervalBoundariesResult	InventoryStockTypeName	Edm.String	0	0	60								INVENTORYSTOCKTYPENAME
MMIM_STOCKINDATERANGE	EntityProperty	C_StockOnIntervalBoundariesResult	InventoryValuationType	Edm.String	0	0	10								INVENTORYVALUATIONTYPE
MMIM_STOCKINDATERANGE	EntityProperty	C_StockOnIntervalBoundariesResult	Material	Edm.String	0	0	40								MATERIAL
MMIM_STOCKINDATERANGE	EntityProperty	C_StockOnIntervalBoundariesResult	MaterialBaseUnit	Edm.String	0	0	3								MATERIALBASEUNIT
MMIM_STOCKINDATERANGE	EntityProperty	C_StockOnIntervalBoundariesResult	MaterialGroup	Edm.String	0	0	9								MATERIALGROUP
MMIM_STOCKINDATERANGE	EntityProperty	C_StockOnIntervalBoundariesResult	MaterialGroupName	Edm.String	0	0	20								MATERIALGROUPNAME
MMIM_STOCKINDATERANGE	EntityProperty	C_StockOnIntervalBoundariesResult	MaterialName	Edm.String	0	0	40								MATERIALNAME
MMIM_STOCKINDATERANGE	EntityProperty	C_StockOnIntervalBoundariesResult	MaterialType	Edm.String	0	0	4								MATERIALTYPE
MMIM_STOCKINDATERANGE	EntityProperty	C_StockOnIntervalBoundariesResult	MaterialTypeName	Edm.String	0	0	25								MATERIALTYPENAME
MMIM_STOCKINDATERANGE	EntityProperty	C_StockOnIntervalBoundariesResult	MatlStkDecrQtyInMatlBaseUnit	Edm.Decimal	31	14	0								MATLSTKDECRQTYINMATLBASEUNIT
MMIM_STOCKINDATERANGE	EntityProperty	C_StockOnIntervalBoundariesResult	MatlStkDeltaQtyInBaseUnit	Edm.Decimal	17	3	0								MATLSTKDELTAQTYINBASEUNIT
MMIM_STOCKINDATERANGE	EntityProperty	C_StockOnIntervalBoundariesResult	MatlStkIncrQtyInMatlBaseUnit	Edm.Decimal	31	14	0								MATLSTKINCRQTYINMATLBASEUNIT
MMIM_STOCKINDATERANGE	EntityProperty	C_StockOnIntervalBoundariesResult	MatlWrhsStkQtyOnEndDate	Edm.Decimal	17	3	0								MATLWRHSSTKQTYONENDDATE
MMIM_STOCKINDATERANGE	EntityProperty	C_StockOnIntervalBoundariesResult	MatlWrhsStkQtyOnStartDate	Edm.Decimal	17	3	0								MATLWRHSSTKQTYONSTARTDATE
MMIM_STOCKINDATERANGE	EntityProperty	C_StockOnIntervalBoundariesResult	NetGoodsIssueQtyInBaseUnit	Edm.Decimal	17	3	0								NETGOODSISSUEQTYINBASEUNIT
MMIM_STOCKINDATERANGE	EntityProperty	C_StockOnIntervalBoundariesResult	NetGoodsRcptQtyInBaseUnit	Edm.Decimal	17	3	0								NETGOODSRCPTQTYINBASEUNIT
MMIM_STOCKINDATERANGE	EntityProperty	C_StockOnIntervalBoundariesResult	Plant	Edm.String	0	0	4								PLANT
MMIM_STOCKINDATERANGE	EntityProperty	C_StockOnIntervalBoundariesResult	PlantName	Edm.String	0	0	30								PLANTNAME
MMIM_STOCKINDATERANGE	EntityProperty	C_StockOnIntervalBoundariesResult	ResourceID	Edm.String	0	0	40								RESOURCEID
MMIM_STOCKINDATERANGE	EntityProperty	C_StockOnIntervalBoundariesResult	SalesOrder	Edm.String	0	0	10								SALESORDER
MMIM_STOCKINDATERANGE	EntityProperty	C_StockOnIntervalBoundariesResult	SalesOrderItem	Edm.String	0	0	6								SALESORDERITEM
MMIM_STOCKINDATERANGE	EntityProperty	C_StockOnIntervalBoundariesResult	SpecialStockIdfgStockOwner	Edm.String	0	0	10								SPECIALSTOCKIDFGSTOCKOWNER
MMIM_STOCKINDATERANGE	EntityProperty	C_StockOnIntervalBoundariesResult	StartDateOfReferencePeriod	Edm.DateTime	0	0	0								STARTDATEOFREFERENCEPERIOD
MMIM_STOCKINDATERANGE	EntityProperty	C_StockOnIntervalBoundariesResult	StockValueDeltaInCCCrcy	Edm.Decimal	18	3	0								STOCKVALUEDELTAINCCCRCY
MMIM_STOCKINDATERANGE	EntityProperty	C_StockOnIntervalBoundariesResult	StockValueDeltaInDisplayCrcy	Edm.Decimal	18	3	0								STOCKVALUEDELTAINDISPLAYCRCY
MMIM_STOCKINDATERANGE	EntityProperty	C_StockOnIntervalBoundariesResult	StockValueInCCCrcyEnd	Edm.Decimal	18	3	0								STOCKVALUEINCCCRCYEND
MMIM_STOCKINDATERANGE	EntityProperty	C_StockOnIntervalBoundariesResult	StockValueInCCCrcyStart	Edm.Decimal	18	3	0								STOCKVALUEINCCCRCYSTART
MMIM_STOCKINDATERANGE	EntityProperty	C_StockOnIntervalBoundariesResult	StockValueInDisplayCrcyStart	Edm.Decimal	18	3	0								STOCKVALUEINDISPLAYCRCYSTART
MMIM_STOCKINDATERANGE	EntityProperty	C_StockOnIntervalBoundariesResult	StockValueInDisplayCurrencyEnd	Edm.Decimal	18	3	0								STOCKVALUEINDISPLAYCURRENCYEND
MMIM_STOCKINDATERANGE	EntityProperty	C_StockOnIntervalBoundariesResult	StorageLocation	Edm.String	0	0	4								STORAGELOCATION
MMIM_STOCKINDATERANGE	EntityProperty	C_StockOnIntervalBoundariesResult	StorageLocationName	Edm.String	0	0	16								STORAGELOCATIONNAME
MMIM_STOCKINDATERANGE	EntityProperty	C_StockOnIntervalBoundariesResult	Supplier	Edm.String	0	0	10								SUPPLIER
MMIM_STOCKINDATERANGE	EntityProperty	C_StockOnIntervalBoundariesResult	SupplierName	Edm.String	0	0	80								SUPPLIERNAME
MMIM_STOCKINDATERANGE	EntityProperty	C_StockOnIntervalBoundariesResult	ValuationAreaType	Edm.String	0	0	1								VALUATIONAREATYPE
MMIM_STOCKINDATERANGE	EntityProperty	C_StockOnIntervalBoundariesResult	WBSDescription	Edm.String	0	0	40								WBSDESCRIPTION
MMIM_STOCKINDATERANGE	EntityProperty	C_StockOnIntervalBoundariesResult	WBSElementExternalID	Edm.String	0	0	24								WBSELEMENTEXTERNALID
MMIM_STOCKINDATERANGE	EntityProperty	C_StockOnIntervalBoundariesResult	WBSElementInternalID	Edm.String	0	0	8								WBSELEMENTINTERNALID
