"NAME1","KDKG1","KUNNR","LOEVM"
"SCL Beawar","A1","P1000",""
"SCL Shree Mega Power - I","A1","P1001",""
"SCL Ras","A1","P1002",""
"SCL RNCU","A1","P1003",""
"SCL-Nawalgarh","A1","P1004",""
"SCL-Khushkhera","A1","P1005",""
"SCL-Jobner","A1","P1006",""
"SHREE CEMENT LTD","A1","P1007",""
"SCL-Suratgarh -I","A1","P1008",""
"BANGUR CEMENT UNIT","A1","P1009",""
"SCL-UPGU","A1","P1010",""
"SCL-UPGU AAC","A1","P1011",""
"SCL-Panipat","A1","P1012",""
"BHUJ CEMENT PLANT","A1","P1013",""
"BANGUR CEMENT UNIT","A1","P1014",""
"SHREE CEMENT LIMITED","","P1017",""
"SHREE CEMENT LIMITED, SINLA","","P1019",""
"SCL-Khushkhera","A1","P1022",""
"SCL-Suratgarh -I","A1","P1023",""
"SCL- SGU-2 PLANT","A1","P1024",""
"SCL JGU","A1","P1025",""
"SCL RNCU","A1","P1026",""
"BANGUR SOLAR PLANT RAJASTHAN","","P1031",""
"SCL-Raipur","A1","P1040",""
"SCL-Aurangabad - 1","A1","P1041",""
"SCL-Aurangabad - 2","A1","P1042",""
"SCL-Banka Solar - 1","A1","P1043",""
"SCL-Jharkhand","A1","P1044",""
"SCL-Cuttack","A1","P1045",""
"SCL RAIPUR GU II","A1","P1046",""
"SHREE RAIPUR CEMENT PLANT","A1","P1047",""
"SHREE CEMENT LIMITED, MEGHALAYA","","P1048",""
"SCL-Kodla","A1","P1070",""
"SCL-Guntur","A1","P1071",""
"SCL-FARTHABAD","A1","P1072",""
"SCL-Patas","A1","P1073",""
"SCL-CHITTARPUR RLW SIDING","A1","P1074",""
"SCL-Jath Mendhigiri Wind","A1","P1075",""
"SCL-Kushtagi Wind - I","A1","P1076",""
"SCL-Kushtagi Wind - II","A1","P1077",""
"SCL-Basavana Wind","A1","P1078",""
"SCL-KODLA UNIT -II","A1","P1079",""
"SCL-NANDURBAR WIND POWER (6.3)","A1","P1080",""
"SCL-TAMILNADU","A1","P1081",""
"VIDARBHA CEMENT PLANT","","P1082",""
"SCNPL-Corporate - RJ","","P1100",""
"SCNPL-Sangrur","","P1101",""
"SCNPL-Etah","","P1102",""
"SCNPL-Uluberia","","P1103",""
"SCNPL- Rudrapur","","P1104",""
"SCNPL-RAJASTHAN-ISD","","P1151",""
"SCSPL-CORPORATE - KA","","P1200",""
"SCEPL-CORPORATE -WB","A1","P1300",""
"SCEPL-Purulia","A1","P1301",""
"SCEPL-Banglore","","P1302",""
"SCEPL-BIHAR","","P1303",""
"SHREE AGRA CEMENT PLANT","A1","P1304",""
"SHREE PUNJAB CEMENT PLANT","","P1305",""
"SHREE KOLKATA CEMENT PLANT","","P1306",""
"SHREE KOLKATA CEMENT PLANT","","P1307",""
"SHREE CEMENT EAST PRIVATE LIMITED","","P1308",""
"SHREE CEMENT EAST PRIVATE LIMITED,","","P1309",""
"SHREE CEMENT EAST PRIVATED LIMITED","","P1310",""
"SFT-Corporate","","P1401",""
"RHIPL-CHHATTISGARH","","P2001",""
"RHIPL-RAJASTHAN","","P2002",""
"RAIPUR HANDLING AND INFRASTRUCTURE","","P2003",""
"SCL RMC MANKHAL HYDERABAD","A4","P2101",""
"SCL RMC BOLLARAM HYDERABAD SHREE CE","A4","P2102",""
"SCL RMC YELUMALA HYDERABAD SHREE CE","A4","P2103",""
"SCL RMC MAHAPURA JAIPUR SHREE CEMEN","A4","P2104",""
"SCL RMC GREATER NOIDA SHREE CEMENT","A4","P2105",""
"SCL RMC SAKATPUR GURGAON SHREE CEME","A4","P2106",""
"SCL RMC DEONAR MUMBAI SHREE CEMENT","A4","P2107",""
"SCL RMC PADEGHAR SHREE CEMENT LIMIT","A4","P2108",""
"SCL RMC JNPT NAVI MUMBAI SHREE CEME","A4","P2109",""
"SCL RMC DOMBIVALI SHREE CEMENT LIMI","A4","P2110",""
"SCL RMC MANKOLI BHIWANDI SHREE CEME","A4","P2111",""
"SCL RMC NACHARAM HYDERABAD SHREE CE","A4","P2112",""
"SCL RMC MANGALAGIRI GUNTUR SHREE CE","A4","P2113",""
"SCL RMC SANAWADIA INDORE SHREE CEME","A4","P2114",""
"SCL RMC BHOJPUR ROAD BHOPAL SHREE C","A4","P2115",""
"SCL RMC MOHANLALGUNJ LUCKNOW SHREE","A4","P2116",""
"SCL RMC ICHCHAPORE SURAT SHREE CEME","A4","P2117",""
"SCL RMC BAIDYABATI KOLKATA SHREE CE","A4","P2118",""
"SCL RMC DEVANAHALLI BANGALORE SHREE","A4","P2119",""
"SCL RMC YELAHANKA BANGALORE SHREE C","A4","P2120",""
"SCL RMC SERIKHERI RAIPUR SHREE CEME","A4","P2121",""
"SCL RMC WAGHOLI PUNE SHREE CEMENT L","A4","P2122",""
"SCL RMC LIMBADIYA AHMEDABAD SHREE C","A4","P2123",""
"SCL RMC CUTTACK ROAD BHUBNESHWAR SH","A4","P2124",""
"SCL RMC TELAV AHMEDABAD SHREE CEMEN","A4","P2125",""
"SCL RMC MEDCHAL HYDERABAD SHREE CEM","A4","P2126",""
"SCL RMC MANJARI PUNE SHREE CEMENT L","A4","P2127",""
"SCL RMC KHORDHA ROAD BHUBNESWAR SHR","A4","P2128",""
"SCL RMC NELLORE SHREE CEMENT LIMITE","A4","P2129",""
"SCL RMC TIRUPATI SHREE CEMENT LIMIT","A4","P2130",""
"SCL RMC BHIWADI SHREE CEMENT LIMITE","A4","P2131",""
"SCL RMC UDAIPUR SHREE CEMENT LIMITE","A4","P2132",""
"SCL RMC PATNA NAUBATPUR SHREE CEMEN","A4","P2133",""
"SCL RMC RAJARHAT KOLKATA","A4","P2134",""
"SCL RMC MALHARGANJ INDORE","A4","P2135",""
"SCL RMC MARUNJI PUNE","A4","P2136",""
"SCL RMC EAST ZONE","","P2502",""
"SCL RMC WEST ZONE","","P2503",""
"SCL RMC SOUTH ZONE","","P2504",""
"UP BIJNOR (T) SC TR","A2","P3700",""
"UP BIJNOR (T) BG TR","A2","P3701",""
"UP BIJNOR (T) RS TR","A2","P3702",""
"UK DOIWALA (T) SC TR- CLOSED","A2","P3703",""
"OD MANGULI CHOWK TR RD?","A2","P3735",""
"OD SAMBALPUR TR RD","A2","P3736",""
"OD BARGARH TR RD","A2","P3737",""
"OD JHARSUGUDA TR RD","A2","P3738",""
"OD SUNDARGARH TR RD","A2","P3739",""
"RJ BARAN TR","A2","P3740",""
"UP CHANDAULI RD TR","A2","P3741",""
"OD ROURKELA TR RD","A2","P3742",""
"OD JARAKA TR RD","A2","P3745",""
"BR SAMASTIPUR TR","A2","P3746",""
"BR SAMASTIPUR TR RSD SHREE CEMENT L","A2","P3747",""
"BR TAJPUR TR [VD]","A2","P3748",""
"RJ VATIKA TR","A2","P3749",""
"GJ LIMBADIYA NT (TP)","A2","P3750",""
"PB SANGRUR TR","A2","P3751",""
"BR PANIGHATTA SALMARI TR","","P3752",""
"WB TR BOYERMARI VD SHREE CEMENT LIM","A2","P3753",""
"CG BHATAPARA HUB","A2","P3754",""
"JH HATIA TR RSD SHREE CEMENT LIMITE","A2","P3755",""
"JH DALTONGANJ TR RSD","","P3757",""
"MH KOLHAPUR RSD TR SHREE CEMENT LIM","","P3758",""
"GJ MODASA TR","A2","P3759",""
"RJ JHALRAPATAN TR","A2","P3760",""
"GJ LIMBADIYA BULK","A2","P3761",""
"MH VAIBHAVWADI TR","A2","P3762",""
"BR BUXAR TR","A2","P3764",""
"BR BUXAR TR RSD","A2","P3765",""
"BR ARA TR RSD","A2","P3766",""
"WB TR RD KRISHNANAGAR","A2","P3769",""
"WB TR KRISHNANAGAR RSD","A2","P3770",""
"WB TR NANDAKUMAR VD","A2","P3771",""
"PB PATIALA TR","A2","P3772",""
"OR -CUTTACK-RLY SIDING","A2","P3773",""
"OR -RJGR-RLY SIDING SHREE CEMENT LI","A2","P3774",""
"CG DHAMTARI SOW","A2","P3775",""
"UP SC NAKAHA JUNGLE TR RSD","A2","P3776",""
"UP BC NAKAHA JUNGLE TR RSD","A2","P3777",""
"UP BC DEORIA TR RSD SHREE CEMENT LI","A2","P3778",""
"UP SC DEORIA TR RSD","A2","P3779",""
"RJ BUNDI TR","A2","P3782",""
"UP BC DEORIA TR RSD","A2","P3783",""
"MH BARAMATI TR","A2","P3785",""
"MH PANDHARPUR TR","A2","P3786",""
"MH MHASANE PHATA TR","A2","P3788",""
"RJ NAGAUR TR","A2","P3789",""
"RJ SRI DUNGARGARH TR","A2","P3790",""
"NEEMUCH MP","A3","P3791",""
"JH RANCHI POLE FACTORY TR","A2","P3792",""
"KA GNGAVATHI TR","A2","P3797",""
"RJ BARMER TR","A2","P3799",""
"KA YELHANKA TR","A2","P3800",""
"KA PEENYA TR","A2","P3801",""
"MH BALINGE TR","A2","P3802",""
"MH GADHINGLAJ TR","A2","P3803",""
"MH CHIPRI TR","A2","P3804",""
"MH LONI TR","A2","P3805",""
"MH SOLAPUR TR","A2","P3807",""
"HR TOHANA BG TR","A2","P3809",""
"MP BALAGHAT TR [VD]","A2","P3810",""
"HP BHOTA TR","A2","P3811",""
"RJ CHHOKARWARA TR","A2","P3812",""
"RJ BEAWAR BTST","A1","P3813",""
"RJ SURATGARH BTST","A1","P3814",""
"RJ PINDWARA TR","A2","P3815",""
"KA RAMANAGARA TR","A2","P3816",""
"WB SURJAPUR TR","A2","P3817",""
"WB SURJAPUR TR RSD SHREE CEMENT LIM","A2","P3818",""
"MH JALGAON TR","A2","P3819",""
"MH NAGPUR TR [VD]","A2","P3820",""
"WB KALIGHAT TR","A2","P3821",""
"WB KALIGHAT TR RSD","A2","P3822",""
"MH CHALISGAON TR","A2","P3823",""
"UP SC PHEPHANA TR RSD","A2","P3824",""
"UP BC PHEPHANA TR RSD","A2","P3825",""
"DL BATLA HOUSE TR","A2","P3826",""
"RJ KHUSHKHERA BTST","A1","P3829",""
"DL ADARSH NAGAR TR RSD","A2","P3830",""
"MP GUNA SC TR RSD","A2","P3831",""
"MP GUNA BG TR RSD","A2","P3832",""
"HR YAMUNANAGAR RSD","A2","P3833",""
"GJ PATAN TR","A2","P3834",""
"HR MAHENDRAGARH TR","A2","P3835",""
"GJ IDAR TR","A2","P3836",""
"MH WAI TR","A2","P3837",""
"GJ MORBI TR","A2","P3838",""
"RJ RNCU BTST","A1","P3839",""
"MH CWC- KALAMBOLI TR","A2","P3840",""
"HR SATROD (HSR) RSD","A2","P3841",""
"PB CHANDIGARH TR RSD","A2","P3842",""
"PB CHANDIGARH NTR RSD","A2","P3843",""
"MP JABALPUR TR","A2","P3844",""
"BR ROSERA TR [VD]","A2","P3845",""
"MH TROMBAY- MAHUL TR","A2","P3846",""
"KA RAMANAGARA TR","A2","P3847",""
"WB KULSONA TR [VD]","A2","P3848",""
"WB VIDYANAGAR TR [VD]","A2","P3849",""
"MP NEEMUCH SOW","A2","P3850",""
"UP GAURIGANJ SC TR","A2","P3851",""
"UP GAURIGANJ SC TR","","P3852",""
"HP KANGOO MANDI - NT","A2","P3853",""
"PB KHARAR TR","A2","P3854",""
"HP MEHATPUR  UNA - TR","A2","P3855",""
"UP FAIZABAD TR","A2","P3857",""
"UP FAIZABAD SC TR","A2","P3858",""
"UP BAHRAICH TR","A2","P3859",""
"UP TR RD BALRAMPUR","A2","P3860",""
"UP BANDA TR","A2","P3861",""
"UP BASTI BG TR","A2","P3862",""
"UP HAMIRPUR TR","A2","P3863",""
"UP KAUSHAMBI TR","A2","P3864",""
"UP PRATAPGARH TR","A2","P3865",""
"UP KHALILABAD BG TR","A2","P3866",""
"UP SHRAWASTI TR","A2","P3867",""
"UP FATEHPUR TR","A2","P3868",""
"UP GONDA TR","A2","P3869",""
"UP HARDOI TR","A2","P3870",""
"UP KANPUR NAGAR BG TR","A2","P3871",""
"UP KANPUR NAGAR-II BG TR","A2","P3872",""
"UP KANPUR SC TR","A2","P3873",""
"UP LUCKNOW SC TR","A2","P3874",""
"UP ALAMNAGAR BG TR","A2","P3875",""
"UP PRAGYARAJ TR","A2","P3876",""
"UP SAHSON TR","A2","P3877",""
"UP RAEBARELI TR","A2","P3878",""
"UP SHAHJAHANPUR BG TR","A2","P3879",""
"UP SHAHJAHANPUR SC TR","A2","P3880",""
"UP SITAPUR TR","A2","P3881",""
"UP SULTANPUR TR","A2","P3882",""
"UP UNNAO SC TR","A2","P3883",""
"UP GAURIGANJ TR","A2","P3884",""
"UP SIKHOHABAD TR RD","A2","P3885",""
"UP ETAWAH BG TR","A2","P3886",""
"UP ETAWAH SC TR","A2","P3887",""
"UP FARUKKHABAD SC TR","A2","P3888",""
"UP FARUKKHABAD BG TR","A2","P3889",""
"UP FARUKKHABAD RS TR","A2","P3890",""
"UP MAINPURI SC TR","A2","P3891",""
"UP MAINPURI BG TR","A2","P3892",""
"UP KANNAUJ BG TR","A2","P3893",""
"HR JIND TR","A2","P3894",""
"HR KAITHAL TR","A2","P3895",""
"SCEPL ETAH YARD","A2","P3896",""
"MH AURANGABAD 1 TR","A2","P3897",""
"MH AURANGABAD 2 TR","A2","P3898",""
"RJ SAGWARA TR","A2","P3899",""
"MP BALAGHAT TR","A2","P3900",""
"PB MANSA TR","A2","P3905",""
"RJ CHANDAWAL TR","A2","P3907",""
"RJ RAMGARH TR","A2","P3908",""
"RJ CHIRAWA TR","A2","P3909",""
"WB COSSIMBAZAR RAJ TR","A2","P3910",""
"WB COSSIMBAZAR RAJ TR RSD","A2","P3911",""
"GJ RAJKOT TR","A2","P3912",""
"WB DHULIYAN TR","A2","P3913",""
"WB DHULIYAN TR RSD","A2","P3914",""
"RJ CHIRAWA TR","A2","P3915",""
"MH AKLUJ TR","A2","P3916",""
"MH KURDUWADI?TR","A2","P3918",""
"WB DHULIYAN TR VD","A2","P3919",""
"UP PILIBHIT SC TR","A2","P3920",""
"UP PILIBHIT BG TR","A2","P3921",""
"UP PILIBHIT RC TR","A2","P3922",""
"MH BEED TR","A2","P3924",""
"MH AMBAJOGAI TR","A2","P3925",""
"MH BHOOM TR","A2","P3926",""
"MH OSMANABAD TR","A2","P3927",""
"MP SHIVPURI TR RSD","A2","P3928",""
"UP AGRA BG TR","A2","P3929",""
"UP AGRA RS TR","A2","P3930",""
"UP AGRA SC TR","A2","P3931",""
"MP SHIVPURI TR","A2","P3932",""
"UP CHANETI RS TR","A2","P3933",""
"UP CHANETI SC TR","A2","P3934",""
"UP BAREILLY-II BG TR","A2","P3935",""
"UP MATHURA RS TR","A2","P3936",""
"UP MATHURA SC TR","A2","P3937",""
"UP MATHURA BG TR","A2","P3938",""
"UP HATHRAS BG TR E","A2","P3939",""
"UP HATHRAS RS TR E","A2","P3940",""
"UP HATHRAS SC TR E","A2","P3941",""
"UP ALIGARH SC TR E","A2","P3942",""
"UP ALIGARH BG TR E","A2","P3943",""
"UP ALIGARH RS TR E","A2","P3944",""
"UP KAGAROL SC TR E","A2","P3945",""
"UP KAGAROL BG TR E","A2","P3946",""
"UP KAGAROL RS TR E","A2","P3947",""
"UP RAMPUR BG TR E","A2","P3948",""
"UP RAMPUR SC TR E","A2","P3949",""
"UP RAMPUR SC-2 TR E","A2","P3950",""
"UP RAMPUR RC TR E","A2","P3951",""
"UP MORADABAD BG TR E","A2","P3952",""
"UP MORADABAD BG-2 TR E","A2","P3953",""
"UP MORADABAD SC TR E","A2","P3954",""
"UP MORADABAD RC TR E","A2","P3955",""
"DL KOTLA TP","A2","P3956",""
"PB PATHANKOT SOW STH","A2","P3957",""
"PB PATHANKOT SOW RAS","A2","P3958",""
"PB PATHANKOT SOW NWL","A2","P3959",""
"UP GHAZIABAD TR","A2","P3960",""
"UP GHAZIABAD RSD","A2","P3961",""
"UP GHAZIABAD NT RSD","A2","P3962",""
"UP NOIDA TR","A2","P3964",""
"UP GHAZIABAD NT","A2","P3965",""
"UP GTR NOIDA TR","A2","P3966",""
"UP LONI TR","A2","P3967",""
"UP HAPUR TR","A2","P3968",""
"UP MEERUT TR-3969","A2","P3969",""
"UP MEERUT TR RSD","A2","P3970",""
"UP MEERUT NT RSD","A2","P3971",""
"UP MEERUT NT","A2","P3972",""
"UP ETAWAH TR E","A2","P3973",""
"UP MAINPURI TR E","A2","P3974",""
"PB RAJPURA SOW STH","A2","P3975",""
"GJ VISNAGAR TR","A2","P3976",""
"PB MALOUT TR","A2","P3977",""
"PB RAIKOT SOW STH","A2","P3978",""
"PB RAIKOT SOW RAS","A2","P3979",""
"UP AZAMGARH SC TR","A2","P3980",""
"UP AZAMGARH BG TR","A2","P3981",""
"UP MAU SC TR","A2","P3982",""
"UP MAU BG II TR","A2","P3983",""
"UP VARANASI TR","A2","P3984",""
"UP MAHARAJGANJ TR","A2","P3985",""
"UP MAHARAJGANJ BG TR","A2","P3986",""
"UP DEORIA SC TR","A2","P3987",""
"UP BAITALPUR BG TR","A2","P3988",""
"UP SHIVPUR TR","A2","P3989",""
"UP BHADOHI BG TR","A2","P3990",""
"UP GORAKHPUR TR","A2","P3991",""
"UP JAUNPUR TR","A2","P3992",""
"AP SRIKAKULAM TR","A2","P3993",""
"AP VIZIANAGARAM TR","A2","P3994",""
"PB MEHARBANPUR TR","A2","P3995",""
"AP ANAKAPALLI TR","A2","P3996",""
"UP AMBEDKARNAGAR RD TR","A2","P3997",""
"MH AMBAD NSK TR","A2","P3998",""
"MH BARSHI?TR","A2","P3999",""
"AP ADONI TR","A2","P4000",""
"AP VIJAYAWADA PIPE ROAD TR","A2","P4001",""
"AP KURNOOL BG TR","A2","P4002",""
"AP NELLORE TR","A2","P4003",""
"BR ANUGRAH NARAYAN BG TR RSD","A2","P4004",""
"BR AURAI SC TR","A2","P4005",""
"BR BARH BG TR VD","A2","P4006",""
"BR BATHNAHA (SUPAUL-I SC TR","A2","P4007",""
"BR BETTIAH SC TR","A2","P4008",""
"BR BHUPATI SC TR  [VD]","A2","P4009",""
"BR BUXAR BG TR  [VD]","A2","P4010",""
"BR CHAKIA SC TR","A2","P4011",""
"BR DARBHANGA SC TR","A2","P4012",""
"BR DEHRI SAND SC TR RSD","A2","P4013",""
"BR GAYA BG TR","A2","P4014",""
"BR KARPORIGRAM BG TR","A2","P4015",""
"BR KISHANGANJ SC TR","A2","P4016",""
"BR MASHRAK SC TR VD","A2","P4017",""
"BR NAWADA SC TR","A2","P4018",""
"BR PAHLEZA BG TR RLY","A2","P4019",""
"BR ARARIA BG TR RSD SHREE CEMENT LI","A2","P4020",""
"BR SIWAIPATTI BG TR","A2","P4021",""
"BR SIWAN BG TR","A2","P4022",""
"CG DHAMTARI BG TR","A2","P4023",""
"CG DURG SC TR","A2","P4024",""
"CG MANDIR HASOD SC TR","A2","P4025",""
"CG RHIH BG TR RLY","A3","P4026",""
"CG SANTOSHI NAGAR BG TR","A2","P4027",""
"DL FATEHPUR BERI SC TR","A2","P4028",""
"DL SHAKURBASTI BG NT","A2","P4029",""
"GO COLVALE BG TR","A2","P4030",""
"GJ ASLALI SC NT VD","A2","P4031",""
"GJ BG NT JOLWA RSD SHREE CEMENT LIM","A2","P4032",""
"GJ SARKEHJ BG TR","A2","P4033",""
"HR KHORI BG NT RLY","A2","P4034",""
"HR PINJORE SC NT","A2","P4035",""
"HR KHORI BG TR RLY","A2","P4036",""
"JH BARAWADIH BG TR VD","A2","P4037",""
"MP GWALIOR SC NT VD","A2","P4038",""
"MP NEEMUCH SC NT","A2","P4039",""
"PB DOOMWALI SC NT","A2","P4040",""
"RJ BHARATPUR SC NT RSD SHREE CEMENT","A2","P4041",""
"RJ JOBNER BG NT RLY","A2","P4042",""
"RJ MANDI CHOURAHA BG NT","A2","P4043",""
"RJ SHREE YARD BG NT YARD","A2","P4044",""
"RJ SHREE YARD SC NT YARD","A2","P4045",""
"RJ ASALPUR BG TR","A2","P4046",""
"RJ BIRDHWAL SC TR","A2","P4047",""
"RJ ANDHERI DEORI SC TR YARD","A2","P4048",""
"RJ ASALPUR SC TR YARD","A2","P4049",""
"RJ BANGUR CITY RS TR YARD","A2","P4050",""
"RJ MANDI CHOURAHA BG TR","A2","P4051",""
"UP ALIGARH SC NT RSD SHREE CEMENT L","A2","P4052",""
"UP BAREILLY SC NT","A2","P4053",""
"UP GHAZIABAD BG NT RSD SHREE CEMENT","A2","P4054",""
"UP SHAHJAHANPUR SC NT","A2","P4055",""
"UP SHAMLI SC TR","A2","P4056",""
"UK AKBARPUR OUD BG TR YARD","A2","P4057",""
"UK HALDWANI BG TR","A2","P4058",""
"UK TANAKPUR SC TR","A2","P4059",""
"UP FARUKKHABAD BG NT","A2","P4060",""
"UP AGRA BG TR","A2","P4061",""
"SCL-HARYANA-ISD","A2","P4062",""
"SCL-RAJASTHAN-ISD","A2","P4063",""
"SCL-UTTAR PRADESH-ISD","A2","P4064",""
"SCL-WEST BENGAL-ISD","A2","P4065",""
"SCL-CHHATTISGARH-ISD","A2","P4066",""
"SCL-TAMIL NADU-ISD","A2","P4067",""
"SCL-UTTRAKHAND-ISD","A2","P4068",""
"SCL-JAMMU & KASHMIR","A2","P4069",""
"SCL-HIMACHAL PRADESH","A2","P4070",""
"SCL-PUNJAB","A2","P4071",""
"SCL-CHANDIGARH","A2","P4072",""
"SCL-DELHI","A2","P4073",""
"SCL-RAJASTHAN-DEPOT","A2","P4074",""
"SCL-UTTAR PRADESH DEPOT","A2","P4075",""
"SCL-WEST BENGAL","A2","P4076",""
"SCL-MADHYA PRADESH","A2","P4077",""
"SCL-GUJARAT","A2","P4078",""
"SCL-TELANGANA","A2","P4079",""
"SCL-GOA","A2","P4080",""
"SCL-KOLKATA OFFICE","A2","P4081",""
"SCL-MUMBAI OFFICE","A2","P4082",""
"SCL-JAIPUR OFFICE","A2","P4083",""
"SCL-UTTARAKHAND DEPOT","A2","P4084",""
"BR BEGUSARAI BG TR","A2","P4085",""
"BR MUZAFFARPUR BG TR","A2","P4086",""
"BR SAHARSA BG TR","A2","P4087",""
"RJ MANDI CHOURAHA SC TR","A1","P4088",""
"CG SARAIPALI BG TR","A2","P4089",""
"CG RAIGARH BG TR","A2","P4090",""
"CG GOGAON BG TR","A2","P4091",""
"JH DEOGHAR-II SC TR","A2","P4092",""
"JH GIRIDIH-II SC TR","A2","P4093",""
"JH RANCHI SC TR","A2","P4094",""
"WB COSSIPORE ROAD-II BG TR","A2","P4095",""
"WB SURJAPUR BG TR","A2","P4096",""
"TL BODUPPAL BG TR","A2","P4097",""
"TL CHANDRAYANAGUTTA BG TR","A2","P4098",""
"KA KALABURAGI BG TR","A2","P4099",""
"KA RAICHUR BG TR","A2","P4100",""
"KA BIDAR BG TR","A2","P4101",""
"MH TATHAWADE-PCMC BG TR","A2","P4102",""
"MH SHIROLI BG TR","A2","P4103",""
"MH AURANGABAD BG TR","A2","P4104",""
"UP NOIDA BG TR VD","A2","P4105",""
"UP GHAZIABAD BG TR","A2","P4106",""
"UK DEHRADOON BG TR","A2","P4107",""
"UK RUDRAPUR BG TR","A2","P4108",""
"OD KESINGA BG TR","A2","P4109",""
"OD TANGI TR VD","A2","P4110",""
"OD SUNDARGARH SC TR","A2","P4111",""
"RJ PEEND BG TR","A2","P4112",""
"RJ KOTA BG TR","A2","P4113",""
"RJ MANAKA RS TR","A2","P4114",""
"RJ BHANKROTA SC TR","A2","P4115",""
"PB BHATINDA BG TR","A2","P4116",""
"PB ZIRAKPUR BG TR","A2","P4117",""
"PB PATIALA BG TR","A2","P4118",""
"DL UTTAM NAGAR BG TR","A2","P4119",""
"HR AMBALA CITY BG TR","A2","P4120",""
"HR KARNAL-RURAL BG TR","A2","P4121",""
"HR KURUKSHETRA BG TR","A2","P4122",""
"HR SONEPAT BG TR","A2","P4123",""
"MH CHEMBUR BG TR TP","A2","P4124",""
"GJ MEHSANA BG TR","A2","P4125",""
"GJ HIMMAT NAGAR BG TR","A2","P4126",""
"GJ ADALAJ SC TR","A2","P4127",""
"MP RATLAM BG TR","A2","P4128",""
"MH SATARA SC NT VD","A2","P4129",""
"MH AHMEDNAGAR SC NT VD","A2","P4130",""
"UP?AGRA?SC NT RD","A2","P4131",""
"PB NAWAN PIND BG NT","A2","P4132",""
"DL SHAKURBASTI SC NT","A2","P4133",""
"HR HISSAR BG NT VD","A2","P4134",""
"RJ KANAKPURA TR RLY","A2","P4135",""
"BR RAJAUN BG TR  [VD]","A2","P4136",""
"BR TIKANI-JAGDISPUR BG TR","A2","P4137",""
"BR KHAGARIA BG TR","A2","P4138",""
"BR NAUGACHIA BG TR","A2","P4139",""
"BR MUNGER BG TR","A2","P4140",""
"BR JAGDISHPUR BG TR","A2","P4141",""
"BR ARA BG TR","A2","P4142",""
"BR KANAHAULI BG TR","A2","P4143",""
"BR DARBHANGA BG TR","A2","P4144",""
"BR KHUTOUNA BG TR","A2","P4145",""
"BR MOTIHARI BG TR","A2","P4146",""
"BR CHAKIA BG TR","A2","P4147",""
"BR JHAJHA BG TR","A2","P4148",""
"BR JEHANABAD BG TR  [VD]","A2","P4149",""
"BR KISHANGANJ BG TR","A2","P4150",""
"BR BATHNADA (ARARIA) BG TR","A2","P4151",""
"BR FORBESGANJ BG TR","A2","P4152",""
"BR LAKHISARAI BG TR VD","A2","P4153",""
"BR MALAYPUR BG TR","A2","P4154",""
"BR SITAMARHI BG TR","A2","P4155",""
"BR BIHAR SHARIF BG TR","A2","P4156",""
"BR NAWADA BG TR VD","A2","P4157",""
"BR SEIKHPURA BG TR","A2","P4158",""
"BR FATHUA BG TR","A2","P4159",""
"BR DANAPUR JN. BG TR  [VD]","A2","P4160",""
"BR PURNEA BG TR","A2","P4161",""
"BR KATIHAR BG TR","A2","P4162",""
"BR CHHAPRA BG TR","A2","P4163",""
"BR MASHRAK BG TR","A2","P4164",""
"BR GOPALGANJ BG TR VD","A2","P4165",""
"BR RAGHOPUR BG TR  [VD]","A2","P4166",""
"BR BATHNADA (SUPAUL) BG TR","A2","P4167",""
"BR MADHEPURA BG TR","A2","P4168",""
"BR SHEOHAR BC TR [VD]","A2","P4169",""
"BR SARAI BG TR","A2","P4170",""
"BR BETTIAH BG TR","A2","P4171",""
"BR BHAIROGANJ BG TR VD","A2","P4172",""
"BR BATHNAHA (ARARIA) SC TR","A2","P4173",""
"BR KARPI SC TR","A2","P4174",""
"BR RAJAUN SC TR  [VD]","A2","P4175",""
"BR LAKHISARAI SC TR  [VD]","A2","P4176",""
"BR MUNGER SC TR","A2","P4177",""
"BR TIKANI-BANKA SC TR","A2","P4178",""
"BR BEGUSARAI SC TR","A2","P4179",""
"BR NAUGACHIA SC TR","A2","P4180",""
"BR TIKANI-BHAGALPUR SC TR","A2","P4181",""
"BR TIKANI-II SC TR VD","A2","P4182",""
"BR ARA SC TR","A2","P4183",""
"BR BUXAR SC TR  [VD]","A2","P4184",""
"BR UJAN SC TR","A2","P4185",""
"BR MOTIHARI SC TR","A2","P4186",""
"BR RAXAUL SC TR","A2","P4188",""
"BR SHEOHAR SC TR","A2","P4189",""
"BR DUMARIA SC TR","A2","P4190",""
"BR GAYA SC TR","A2","P4191",""
"BR JAMUI SC TR","A2","P4192",""
"BR JEHANABAD SC TR","A2","P4193",""
"BR KATIHAR SC TR","A2","P4194",""
"BR KHAGARIA SC TR","A2","P4196",""
"BR BATHNAHA (ARARIA-I SC TR","A2","P4197",""
"BR MADHEPURA SC TR","A2","P4198",""
"BR NAUGACHIA PAKRA SC TR","A2","P4199",""
"BR MADHUBANI SC TR","A2","P4200",""
"BR SUPAUL-II SC TR VD","A2","P4201",""
"BR MUZAFFARPUR SC TR","A2","P4202",""
"BR BIHAR SHARIF SC TR","A2","P4203",""
"BR FATHUA SC TR","A2","P4204",""
"BR BARH SC TR","A2","P4205",""
"BR SAHAPUR SC TR","A2","P4206",""
"BR FATHUA-II SC TR","A2","P4207",""
"BR GULABBAGH ZERO MIL SC TR","A2","P4208",""
"BR PURNEA SC TR","A2","P4209",""
"BR KATIHAR-II SC TR","A2","P4210",""
"BR SAHARSA SC TR","A2","P4211",""
"BR ROSERA SC TR","A2","P4212",""
"BR SAMASTIPUR SC TR","A2","P4213",""
"BR CHHAPRA SC TR","A2","P4215",""
"BR SEIKHPURA SC TR","A2","P4216",""
"BR SITAMARHI SC TR","A2","P4217",""
"BR GOPALGANJ SC TR","A2","P4218",""
"BR SIWAN SC TR","A2","P4219",""
"BR SUPAUL SC TR VD","A2","P4220",""
"BR BATHNAHA (SUPAUL) SC TR","A2","P4221",""
"BR JANDAHA SC TR  [VD]","A2","P4222",""
"BR SARAI-II SC TR","A2","P4223",""
"BR ARARIA SC TR","A2","P4224",""
"BR SARAI SC TR","A2","P4225",""
"BR VAISHALI SC TR","A2","P4226",""
"BR BHAIROGANJ SC TR","A2","P4227",""
"CG BALOD BG TR","A2","P4228",""
"CG BALOD SC TR","A2","P4229",""
"CG BILASPUR BG TR","A2","P4230",""
"CG USLAPUR-BILASPUR SC TR","A2","P4231",""
"CG GARIABAND SC TR","A2","P4232",""
"CG DHAMTARI SC TR","A2","P4233",""
"CG DURG BG TR","A2","P4234",""
"CG BHILAI SC TR","A2","P4235",""
"CG KORBA SC TR","A2","P4236",""
"CG KURUD-BHIALI BG TR","A2","P4237",""
"CG KORBA BG TR","A2","P4238",""
"CG SARAIPALI SC TR","A2","P4239",""
"CG KOMAKHAN SC TR","A2","P4240",""
"CG RAIGARH SC TR","A2","P4241",""
"CG MOWA BG TR","A2","P4242",""
"CG BHATAGAON BG TR","A2","P4243",""
"CG SAKRI BG TR","A2","P4244",""
"CG RAIPUR TRANSPORT NGR BG TR","A2","P4245",""
"CG RAIPUR SC TR","A2","P4246",""
"CG RAIPUR-BORIYA SC TR","A2","P4247",""
"CG MOWA SC TR","A2","P4248",""
"CG RAIPUR-BHATAGAON SC TR","A2","P4249",""
"CG KESRI BAGICHA SC TR","A2","P4251",""
"CG KHORPA SC TR","A2","P4252",""
"CG RAJNANDGAON SC TR","A2","P4253",""
"CG RAJNANDGAON BG TR","A2","P4254",""
"JH JAPLA SC TR","A2","P4255",""
"JH BOKARO SC TR","A2","P4256",""
"JH BOKARO THERMAL-II SC TR","A2","P4257",""
"JH PRATAPPUR-II SC TR","A2","P4258",""
"JH HASDHIA-II SC TR","A2","P4259",""
"JH PAKUR-II SC TR","A2","P4260",""
"JH DHANBAD-II SC TR","A2","P4261",""
"JH DHALBHUMGARH SC TR","A2","P4262",""
"JH ADITYAPUR SC TR","A2","P4263",""
"JH KHARAUNDHI SC TR","A2","P4264",""
"JH CHAINPUR SC TR","A2","P4265",""
"JH CHATRO-GIRIDH-II SC TR","A2","P4266",""
"JH MEHERMA-GODDA SC TR","A2","P4267",""
"JH GUMLA SC TR VD","A2","P4268",""
"JH SC TR RD BARAWADIH","A2","P4269",""
"JH LOHARDAGA SC TR","A2","P4270",""
"JH KHAPRIYAWAN SC TR","A2","P4271",""
"JH CHAUPARAN SC TR VD","A2","P4272",""
"JH NARAYANPUR-JAMTARA SC TR","A2","P4273",""
"JH SODE SC TR","A2","P4274",""
"JH JHUMRI TELAIYA SC TR","A2","P4275",""
"JH MANDU SC TR VD","A2","P4276",""
"JH BURMU SC TR VD","A2","P4277",""
"JH SAHIBGANJ-II SC TR","A2","P4278",""
"JH MAJHGAON SC TR","A2","P4279",""
"JH PAKUR-II BG TR","A2","P4280",""
"JH BOKARO BG TR","A2","P4281",""
"JH KUNDA BG TR","A2","P4282",""
"JH DHANBAD-II BG TR","A2","P4283",""
"JH CHATRO BG TR VD","A2","P4284",""
"JH GUMLA BG TR","A2","P4288",""
"JH CHAUPARAN BG TR","A2","P4289",""
"JH JHUMRI TELAIYA BG TR","A2","P4290",""
"JH PRATAPPUR-II BG TR VD","A2","P4291",""
"JH LOHARDAGA BG TR VD","A2","P4292",""
"JH JAPLA BG TR VD","A2","P4294",""
"JH KHARAUNDHI BG TR VD","A2","P4295",""
"JH BC TR RD RANCHI","A2","P4296",""
"RJ MANDU BG TR","A2","P4297",""
"JH NAGRI BG TR","A2","P4298",""
"JH KHALARI BG TR","A2","P4299",""
"JH BURMU BG TR","A2","P4300",""
"JH SODE BG TR VD","A2","P4301",""
"JH SAHIBGANJ-II BG TR VD","A2","P4302",""
"JH TIRULDIH BG TR","A2","P4303",""
"JH DHALBHUMGARH BG TR VD","A2","P4304",""
"JH GIRIDIH-II BG TR","A2","P4305",""
"JH MAHGAMA BG TR VD","A2","P4306",""
"JH BC TR RD MANDU","A2","P4307",""
"JH KUNDAHIT-JAMTARA BG TR","A2","P4308",""
"JH KHAPRIYAWAN BG TR VD","A2","P4309",""
"WB BANKURA-II BG TR","A2","P4310",""
"WB RANIGANJ-II BG TR","A2","P4311",""
"WB BURDWAN-II BG TR","A2","P4312",""
"WB MAGRA-II BG TR","A2","P4313",""
"WB DANKUNI-II BG TR","A2","P4316",""
"WB SAINTHIA-II BG TR","A2","P4320",""
"WB SALUGARAH BG TR","A2","P4322",""
"WB CHANDRAKONA ROAD-I BG TR","A2","P4323",""
"WB BELDA-II BG TR","A2","P4324",""
"WB KOLKATA BG TR","A2","P4331",""
"WB JHALJHALIA BG TR","A2","P4335",""
"WB COSSIMBAZAR RAJ-II BG TR","A2","P4336",""
"WB KRISHNANAGAR-II BG TR","A2","P4337",""
"WB PURULIA-II BG TR","A2","P4341",""
"WB KOYCHOR BG TR","A2","P4344",""
"AP ANANTHAPURAMU BG TR","A2","P4345",""
"TL MOOSAPET BG TR","A2","P4346",""
"TL ALWAL TR","A2","P4347",""
"TL GAJULARAMARAM BG TR","A2","P4348",""
"TL INJAPUR TR","A2","P4349",""
"TL MAHABUBNAGAR BG TR","A2","P4350",""
"TL HANAMKONDA TR","A2","P4351",""
"TL KARIMNAGAR BG TR","A2","P4352",""
"TL NIZAMABAD BG TR","A2","P4353",""
"TL KOMPALLY - HYD TR","A2","P4354",""
"TL MANIKONDA BG TR","A2","P4355",""
"TL GADWAL BG TR","A2","P4356",""
"TL AMEENPUR BG TR","A2","P4357",""
"TL NAGARKURNOOL BG TR","A2","P4358",""
"TL SIDDIPET BG TR","A2","P4359",""
"TL NIRMAL(D) BG TR","A2","P4360",""
"TL VIKARABAD BG TR","A2","P4361",""
"TL MAKTHAL BG TR","A2","P4362",""
"TL MANCHERIAL TR","A2","P4363",""
"TL MIYAPUR BG TR","A2","P4364",""
"TL SANGAREDDY BG TR","A2","P4365",""
"TL STHAMBAMPALLY BG TR","A2","P4366",""
"TL ABDULLAPURMET TR","A2","P4367",""
"KA HUBLI BG TR","A2","P4368",""
"KA CHIKODI BG TR","A2","P4369",""
"KA BELGAUM BG TR","A2","P4370",""
"KA BIJAPUR BG TR","A2","P4371",""
"KA GADAG BG TR","A2","P4372",""
"KA CHITRADURGA BG TR","A2","P4373",""
"KA DAVANGERE BG TR","A2","P4374",""
"KA BAGALKOT TR","A2","P4375",""
"MH RAJGURUNAGAR BG TR","A2","P4376",""
"MH SATARA BG TR","A2","P4377",""
"MH KARAD BG TR","A2","P4378",""
"MH TANANG BG TR","A2","P4379",""
"MH ISLAMPUR BG TR","A2","P4380",""
"MH ATPADI BG TR","A2","P4381",""
"MH BORAVADE BG TR","A2","P4382",""
"MH GADHINGLAJ BG TR","A2","P4383",""
"MH NIVADE BG TR","A2","P4384",""
"MH NASHIK?1?TR","A2","P4385",""
"MH KALWAN BG TR","A2","P4386",""
"MH MANMAD BG TR","A2","P4387",""
"MH SANGAMNER TR","A2","P4388",""
"MH AHMEDNAGAR BG TR","A2","P4389",""
"MH BARSHI?TR","A2","P4390",""
"MH SOLAPUR BG TR","A2","P4391",""
"MH NATEPUTE?TR","A2","P4392",""
"MH MODNIMB BG TR","A2","P4393",""
"MH SILLOD BG TR","A2","P4394",""
"MH JALNA BG TR","A2","P4395",""
"MH LATUR BG TR","A2","P4396",""
"MH KINGAON?TR","A2","P4397",""
"MH NANDED BG TR","A2","P4398",""
"MH OSMANABAD BG TR","A2","P4399",""
"MH BHOOM BG TR","A2","P4400",""
"MH JALGAON BG TR","A2","P4401",""
"MH PARBHANI BG TR","A2","P4402",""
"MH SAWANTWADI BG TR","A2","P4403",""
"MH AMBAJOGAI BG TR","A2","P4404",""
"MH DHULE BG TR","A2","P4405",""
"MH RAJAPUR (RATNAGIRI) TR","A2","P4406",""
"MH DAPOLI BG TR","A2","P4407",""
"AP ANANTHAPURAMU TR","A2","P4408",""
"AP CUDDAPAH TR","A2","P4409",""
"AP KURNOOL SC TR","A2","P4410",""
"AP NANDYAL TR","A2","P4412",""
"TL MAILARDEVPALLY SC TR","A2","P4413",""
"TL CHANDRAYANAGUTTA SC TR","A2","P4414",""
"TL MUTHANGI SC TR","A2","P4415",""
"TL MOOSAPET SC TR","A2","P4416",""
"TL KONDAPUR SC TR","A2","P4417",""
"TL INJAPUR SC TR","A2","P4418",""
"TL MIYAPUR SC TR","A2","P4419",""
"TL NAGARAM SC TR","A2","P4420",""
"TL ALWAL SC TR","A2","P4421",""
"TL BODUPPAL SC TR","A2","P4422",""
"TL MAHABUBNAGAR SC TR","A2","P4423",""
"TL GADWAL SC TR","A2","P4424",""
"TL NAGARKURNOOL SC TR","A2","P4425",""
"TL TOOPRAN SC TR","A2","P4426",""
"TL ZAHEERABAD SC TR","A2","P4427",""
"TL SIDDIPET TR","A2","P4428",""
"TL VIKARABAD SC TR","A2","P4429",""
"TL MOINABAD SC TR","A2","P4430",""
"TL JAGITYAL SC TR","A2","P4431",""
"TL KARIMNAGAR TR","A2","P4432",""
"TL MAHABUBABAD SC TR","A2","P4433",""
"TL WARANGAL SC TR","A2","P4434",""
"TL HANAMKONDA SC TR","A2","P4435",""
"TL NIRMAL? TR","A2","P4436",""
"TL SUBHASHNAGAR-NIZAMABAD TR","A2","P4437",""
"KA JAMKHANDI TR","A2","P4438",""
"KA BELGAUM-II SC TR","A2","P4439",""
"KA BELGAUM SC TR","A2","P4440",""
"KA BAILHONGAL SC TR","A2","P4441",""
"KA CHIKODI SC TR","A2","P4442",""
"KA ATHANI SC TR","A2","P4443",""
"KA KUDACHI SC TR","A2","P4444",""
"KA BADKUNDRI SC TR","A2","P4445",""
"KA YARAGATTI SC TR","A2","P4446",""
"KA BIJAPUR TR","A2","P4447",""
"KA INDI TR","A2","P4448",""
"KA CHADCHAN TR","A2","P4449",""
"KA BELLARY SC TR","A2","P4450",""
"KA RAICHUR SC TR","A2","P4451",""
"KA SINDHANUR SC TR","A2","P4452",""
"KA KALABURAGI SC TR","A2","P4453",""
"KA BIDAR TR","A2","P4454",""
"KA BHALKI TR","A2","P4455",""
"KA CHITRADURGA TR","A2","P4456",""
"KA SHIMOGA SC TR","A2","P4457",""
"KA HAVERI SC TR","A2","P4458",""
"KA DAVANGERE SC TR","A2","P4459",""
"KA HUBLI SC TR","A2","P4460",""
"KA GADAG SC TR","A2","P4461",""
"KA KUSHTAGI SC TR","A2","P4462",""
"MH AURANGABAD SC TR","A2","P4463",""
"MH SILLOD?TR","A2","P4464",""
"MH JALNA?TR","A2","P4465",""
"MH NASHIK?2?TR","A2","P4466",""
"MH MALEGAON TR","A2","P4468",""
"MH AHMEDNAGAR TR","A2","P4469",""
"MH SANGAMNER SC TR","A2","P4470",""
"MH JATH TR","A2","P4471",""
"MH SANGLI TR","A2","P4472",""
"MH RETHARE DHARAN SC TR","A2","P4473",""
"MH VITA TR","A2","P4474",""
"MH SATARA TR","A2","P4475",""
"MH KARAD TR","A2","P4476",""
"MH MEDHA TR","A2","P4477",""
"MH SHIRWAL TR","A2","P4478",""
"MH KURDUWADI?TR","A2","P4479",""
"MH NATEPUTE-OLD SC TR","A2","P4480",""
"MH AKLUJ TR","A2","P4481",""
"MH SOLAPUR SC TR","A2","P4482",""
"MH PARBHANI SC TR","A2","P4483",""
"MH LATUR?TR","A2","P4484",""
"MH KARVIR TR","A2","P4485",""
"MH GADHINGLAJ TR","A2","P4486",""
"MH ICHALKARANJI TR","A2","P4487",""
"MH MUDHAL TITTA TR","A2","P4488",""
"MH MARALI TR","A2","P4489",""
"MH OSMANABAD SC TR","A2","P4490",""
"MH BHOOM SC TR","A2","P4491",""
"MH HINGOLI?TR","A2","P4492",""
"MH BEED SC TR","A2","P4493",""
"MH AMBAJOGAI SC TR","A2","P4494",""
"MH NANDED?2?TR","A2","P4495",""
"MH LONI-KALBHOR TR","A2","P4496",""
"MH TATHAWADE-PCMC TR","A2","P4497",""
"MH NARAYANGAON TR","A2","P4498",""
"MH JALGAON SC TR","A2","P4499",""
"MH GONDIA SC TR","A2","P4500",""
"MH DAPOLI SC TR","A2","P4501",""
"MH MIRJOLI TR","A2","P4502",""
"MH RATNAGIRI TR","A2","P4503",""
"MH LONI-KALBHOR SC NT VD","A2","P4504",""
"MH DHULE SC NT VD","A2","P4505",""
"MH DHULE TR","A2","P4506",""
"MH SAWANTWADI SC TR","A2","P4507",""
"MH GIROLA SC TR","A2","P4508",""
"UP ALIGARH BG TR","A2","P4509",""
"UP AZAMGARH BG TR","A2","P4510",""
"UP BADAUN BG TR","A2","P4511",""
"UP BAREILLY BG TR","A2","P4512",""
"UP BAREILLY-II BG TR","A2","P4513",""
"UP PILIBHIT BG TR","A2","P4514",""
"UP BIJNOR BG TR","A2","P4515",""
"UP BULAND SHAHAR BG TR SHREE CEMENT","A2","P4516",""
"UP BAITALPUR BG TR","A2","P4517",""
"UP PADRAUNA BG TR","A2","P4518",""
"UP ETAWAH BG TR","A2","P4519",""
"UP ETAWAH-II BG TR","A2","P4520",""
"UP FARUKKHABAD BG TR","A2","P4521",""
"UP GREATER NOIDA BG TR","A2","P4522",""
"UP GORAKHPUR BG TR","A2","P4523",""
"UP MAHARAJGANJ BG TR","A2","P4524",""
"UP BASTI BG TR","A2","P4525",""
"UP KHALILABAD BG TR","A2","P4526",""
"UP HAPUR BG TR","A2","P4527",""
"UP HARDOI BG TR","A2","P4528",""
"UP ETAH BG TR","A2","P4529",""
"UP HATHRAS BG TR","A2","P4530",""
"UP KHUTAHAN BG TR","A2","P4531",""
"UP FARUKKHABAD-I BG TR","A2","P4532",""
"UP FARUKKHABAD-II BG TR","A2","P4533",""
"UP KANNAUJ BG TR","A2","P4534",""
"UP KANPUR NAGAR BG TR","A2","P4535",""
"UP KANPUR NAGAR-II BG TR","A2","P4536",""
"UP ALAMNAGAR BG TR","A2","P4537",""
"UP ALAMNAGAR-II BG TR","A2","P4538",""
"UP SIKOHABAD BG TR","A2","P4539",""
"UP SIKOHABAD-II BG TR","A2","P4540",""
"UP MAINPURI BG TR","A2","P4541",""
"UP MAINPURI TR","A2","P4542",""
"UP BALLIA BG TR","A2","P4543",""
"UP TAJOPUR BG TR","A2","P4544",""
"UP MEERUT BG TR","A2","P4545",""
"UP MORADABAD BG TR","A2","P4546",""
"UP MORADABAD-II BG TR","A2","P4547",""
"UP MUZAFFARNAGAR BG TR","A2","P4548",""
"UP RAMPUR-II BG TR","A2","P4549",""
"UP RAMPUR BG TR","A2","P4550",""
"UP SAHARANPUR BG TR","A2","P4551",""
"UP SHAHJAHANPUR-II BG TR","A2","P4553",""
"UP SHAHJAHANPUR BG TR","A2","P4554",""
"BTRD-SITAPUR","A2","P4555",""
"UP THANA BHAWAN BG TR","A2","P4556",""
"UP SHIVPUR BG TR","A2","P4557",""
"UP RAMNAGAR BG TR","A2","P4558",""
"UP VARANASI BG TR","A2","P4559",""
"UP AGRA RS TR","A2","P4560",""
"UP ALIGARH RS TR","A2","P4561",""
"UP BULAND SHAHAR RS TR","A2","P4562",""
"UP BADAUN RS TR","A2","P4563",""
"UP BAGHPAT RS TR","A2","P4564",""
"UP CHANETI RS TR","A2","P4565",""
"UP BIJNOR RS TR","A2","P4566",""
"UP GHAZIABAD RS TR","A2","P4567",""
"UP GREATER NOIDA RS TR","A2","P4568",""
"UP HATHRAS RS TR","A2","P4569",""
"UP MATHURA RS TR","A2","P4570",""
"UP MEERUT RS TR","A2","P4571",""
"UP MORADABAD RS TR","A2","P4572",""
"UP MUZAFFARNAGAR RS TR","A2","P4573",""
"UP PILIBHIT RS TR","A2","P4574",""
"UP RAMPUR RS TR","A2","P4575",""
"UP SHAHJAHANPUR RS TR VD","A2","P4576",""
"UP AGRA SC TR","A2","P4577",""
"UP ALIGARH SC TR","A2","P4578",""
"UP GAURIGANJ SC TR","A2","P4579",""
"UP AZAMGARH SC TR","A2","P4580",""
"UP KHERAGARH RS TR","A2","P4581",""
"UP BAHRAICH SC TR","A2","P4582",""
"UP BALLIA SC TR","A2","P4583",""
"UP CHANETI SC TR","A2","P4584",""
"UP PILIBHIT SC TR","A2","P4585",""
"UP BASTI SC TR","A2","P4586",""
"UP BIJNOR SC TR","A2","P4587",""
"UP BULAND SHAHAR SC TR","A2","P4588",""
"UP DEORIA SC TR","A2","P4589",""
"UP FAIZABAD SC TR","A2","P4590",""
"UP FARUKKHABAD SC TR","A2","P4591",""
"UP FATEHPUR SC TR","A2","P4592",""
"UP GREATER NOIDA SC TR","A2","P4593",""
"UP NOIDA SC TR","A2","P4594",""
"UP LONI-II SC TR","A2","P4595",""
"UP GHAZIABAD SC TR","A2","P4596",""
"UP LONI SC TR","A2","P4597",""
"UP GHAZIPUR SC TR","A2","P4598",""
"UP GONDA SC TR","A2","P4599",""
"UP GORAKHPUR SC TR","A2","P4600",""
"UP MAHARAJGANJ SC TR","A2","P4601",""
"UP BARAHLGANJ SC TR","A2","P4602",""
"UP SHAHGANJ SC TR","A2","P4603",""
"UP JAUNPUR SC TR","A2","P4604",""
"UP JHANSI TR","A2","P4605",""
"UP KANPUR SC TR","A2","P4606",""
"UP PADRAUNA SC TR","A2","P4607",""
"UP PALIA KALAN SC TR","A2","P4608",""
"UP LUCKNOW SC TR","A2","P4609",""
"UP MATHURA SC TR","A2","P4610",""
"UP HATHRAS SC TR","A2","P4611",""
"UP MAU SC TR","A2","P4612",""
"UP MEERUT SC TR","A2","P4613",""
"UP MORADABAD SC TR","A2","P4614",""
"UP MUZAFFARNAGAR SC TR","A2","P4615",""
"UP RAEBARELI TR","A2","P4616",""
"UP RAMPUR-II SC TR","A2","P4617",""
"UP RAMPUR SC TR","A2","P4618",""
"UP SAHARANPUR SC TR","A2","P4619",""
"UP KHALILABAD SC TR","A2","P4620",""
"UP SHAHJAHANPUR SC TR","A2","P4621",""
"UP SITAPUR SC TR","A2","P4622",""
"UP SULTANPUR SC TR","A2","P4623",""
"UP RAMNAGAR SC TR","A2","P4624",""
"UP SHIVPUR SC TR","A2","P4625",""
"UP VARANASI SC TR","A2","P4626",""
"UP LUCKNOW SC NT","A2","P4627",""
"UP JHANSI SC NT","A2","P4628",""
"UP FARUKKHABAD SC NT RSD SHREE CEME","A2","P4629",""
"UP KANPUR SC NT","A2","P4630",""
"UP AGRA RS NT RSD SHREE CEMENT LIMI","A2","P4631",""
"UP GHAZIABAD SC NT RSD SHREE CEMENT","A2","P4632",""
"UK VIKASH NAGAR BG TR","A2","P4633",""
"UK BAHADRABAD BG TR","A2","P4634",""
"UK RISHIKESH BG TR","A2","P4635",""
"UK ROORKEE BG TR","A2","P4636",""
"UK DEHRADOON RS TR","A2","P4637",""
"UK ROORKEE RS TR","A2","P4638",""
"UK RUDRAPUR RS TR","A2","P4639",""
"UK BAHADRABAD SC TR","A2","P4640",""
"UK RISHIKESH SC TR","A2","P4641",""
"UK VIKASH NAGAR SC TR","A2","P4642",""
"UK ROORKEE SC TR","A2","P4643",""
"UK DEHRADOON SC TR","A2","P4644",""
"UK RUDRAPUR SC TR","A2","P4645",""
"UK HALDWANI SC TR","A2","P4646",""
"UK KASHIPUR SC TR","A2","P4647",""
"UK KASHIPUR BG TR","A2","P4648",""
"UK TANAKPUR BG TR","A2","P4649",""
"UK BAHADRABAD-II SC TR","A2","P4650",""
"UK RISHIKESH-II SC TR","A2","P4651",""
"UK DEHRADOON-II SC TR","A2","P4652",""
"UK RISHIKESH RS TR","A2","P4653",""
"UK VIKASH NAGAR RS TR","A2","P4654",""
"UK TANAKPUR RS TR","A2","P4655",""
"UK RISHIKESH-II BG TR","A2","P4656",""
"UK RISHIKESH-II RS TR","A2","P4657",""
"OD-RAIRANGPUR BG TR","A2","P4658",""
"OD BALASORE BG TR VD","A2","P4659",""
"OD BARGARH BG TR VD","A2","P4660",""
"OD NAIKANIDIHI BG TR","A2","P4661",""
"OD BABUJANGA BG TR","A2","P4662",""
"OD BALAM BG TR","A2","P4663",""
"OD PARJANG BG TR","A2","P4664",""
"OD BERHAMPUR BG TR VD","A2","P4665",""
"OD PARADEEP BG TR VD","A2","P4666",""
"OD SINGHPUR TR VD","A2","P4667",""
"OD JHARSUGUDA BG TR VD","A2","P4668",""
"OD BALIGUDA BG TR","A2","P4669",""
"OD AUL BG TR VD","A2","P4670",""
"OD BALIANTA BG TR","A2","P4671",""
"OD NANDAPUR BG TR VD","A2","P4672",""
"OD NABARANGPUR BG TR","A2","P4673",""
"OD ITAMATI BG TR","A2","P4674",""
"OD DUMERBAHAL BG TR VD","A2","P4675",""
"OD RAYAGADA BG TR VD","A2","P4676",""
"OD SAMBALPUR BG TR","A2","P4677",""
"OD BATGAON BG TR VD","A2","P4678",""
"OD BINKA BG TR VD","A2","P4679",""
"OD ANGUL SC TR","A2","P4680",""
"OD BALASORE SC TR","A2","P4681",""
"OD BARGARH SC TR","A2","P4682",""
"OD BHADRAK SC TR  [VD]","A2","P4683",""
"OD NAIKANIDIHI SC TR","A2","P4684",""
"OD BOUDH SC TR","A2","P4685",""
"OD NIALI SC TR","A2","P4686",""
"OD NARASINGHPUR SC TR","A2","P4687",""
"OD NISCHINTAKOILI TR VD","A2","P4688",""
"OD DHENKANAL SC TR  [VD]","A2","P4689",""
"OD PARJANG TR VD","A2","P4690",""
"OD BERHAMPUR SC TR","A2","P4691",""
"OD PARADEEP SC TR","A2","P4692",""
"OD JAJPUR SC TR","A2","P4693",""
"OD SINGHPUR SC TR","A2","P4694",""
"OD JHARSUGUDA SC TR","A2","P4695",""
"OD KESINGA SC TR","A2","P4696",""
"OD KOTHAGARH SC TR","A2","P4697",""
"OD AUL TR VD","A2","P4698",""
"OD JHUMPURA SC TR","A2","P4699",""
"OD RAIRANGPUR SC TR","A2","P4700",""
"OD THAKURMUNDA SC TR","A2","P4701",""
"OD KHORDA SC TR","A2","P4702",""
"OD BANPUR SC TR","A2","P4703",""
"OD BHUBANESWAR SC TR","A2","P4704",""
"OD NANDAPUR SC TR","A2","P4705",""
"OD RASGOVINDPUR SC TR","A2","P4706",""
"OD NABARANGPUR SC TR VD","A2","P4707",""
"OD ITAMATI SC TR VD","A2","P4708",""
"OD DUMERBAHAL SC TR","A2","P4709",""
"OD PURI SC TR","A2","P4710",""
"OD RAYAGADA SC TR","A2","P4711",""
"OD SAMBALPUR SC TR","A2","P4712",""
"OD BATGAON SC TR","A2","P4713",""
"OD BINKA SC TR","A2","P4714",""
"OD ROURKELA SC TR VD","A2","P4715",""
"OD BALAM SC TR","A2","P4716",""
"OD PURI BG TR","A2","P4717",""
"OD KOTHAGARH BG TR VD","A2","P4719",""
"OD ROURKELA BG TR","A2","P4720",""
"OD JHARSUGUDA-II BG TR","A2","P4721",""
"OD CUTTACK SC TR","A2","P4722",""
"OD PAIKAMAL SC TR","A2","P4723",""
"RJ AJMER BG TR","A2","P4724",""
"RJ BEAWAR BG TR","A2","P4725",""
"RJ KEKRI BG TR","A2","P4726",""
"RJ BANSWARA BG TR","A2","P4727",""
"RJ BHADRA BG TR","A2","P4728",""
"RJ KUCHAMAN CITY TRD","A2","P4729",""
"RJ BHARATPUR BG TR","A2","P4730",""
"RJ BIJOLIYA BG TR","A2","P4731",""
"RJ BHILWARA BG TR","A2","P4732",""
"RJ KOSHITHAL BG TR","A2","P4733",""
"RJ BIKANER BG TR","A2","P4734",""
"RJ BUNDI BG TR","A2","P4735",""
"RJ HINDOLI BG TR","A2","P4736",""
"RJ KAPASAN BG TR","A2","P4737",""
"RJ NIMBAHERA BG TR","A2","P4738",""
"RJ CHURU BG TR","A2","P4739",""
"RJ DAUSA BG TR","A2","P4740",""
"RJ DHOLPUR BG TR","A2","P4741",""
"RJ DUNGARPUR BG TR","A2","P4742",""
"RJ SAGWARA BG TR","A2","P4743",""
"RJ HANUMANGARH BG TR","A2","P4744",""
"RJ JAISALMER BG TR","A2","P4745",""
"RJ SANCHORE BG TR","A2","P4746",""
"RJ KESHORAIPATAN BG TR","A2","P4747",""
"RJ JHUNJHUNU BG TR","A2","P4748",""
"RJ GUDHA GORJI BG TR","A2","P4749",""
"RJ PILOD BG TR","A2","P4750",""
"RJ JODHPUR BG TR","A2","P4751",""
"RJ MATA KA THAN BG TR","A2","P4752",""
"RJ SOOR SAGAR BG TR","A2","P4753",""
"RJ LOHAWAT BG TR","A2","P4754",""
"RJ PHALODI BG TR","A2","P4755",""
"RJ HINDON CITY BG TR","A2","P4756",""
"RJ NAGAUR BG TR","A2","P4757",""
"RJ PALI BG TR","A2","P4758",""
"RJ RANI BG TR","A2","P4759",""
"RJ SUMERPUR BG TR","A2","P4760",""
"RJ PRATAPGARH BG TR","A2","P4761",""
"RJ RAJSAMAND BG TR","A2","P4762",""
"RJ KOONCHOLI BG TR","A2","P4763",""
"RJ SAWAI MADHOPUR BG TR","A2","P4764",""
"RJ BALER BG TR","A2","P4765",""
"RJ SIKAR BG TR","A2","P4766",""
"RJ FATEHPUR BG TR","A2","P4767",""
"RJ SIROHI BG TR","A2","P4768",""
"RJ SARUPGANJ BG TR","A2","P4769",""
"RJ SRIGANGANAGAR BG TR","A2","P4770",""
"RJ NIWAI BG TR","A2","P4771",""
"RJ JASWANT GARH BG TR","A2","P4772",""
"RJ UDAIPUR BG TR","A2","P4773",""
"RJ MASUDA RS TR","A2","P4774",""
"RJ AJMER SC TR","A2","P4775",""
"RJ BEAWAR SC TR","A2","P4776",""
"RJ AJMER RS TR","A2","P4777",""
"RJ BIJAY NAGAR SC TR","A2","P4778",""
"RJ MANAKA SC TR","A2","P4779",""
"RJ BANSWARA SC TR","A2","P4780",""
"RJ KUSHALGARH SC TR","A2","P4782",""
"RJ BANSWARA RS TR","A2","P4783",""
"RJ BARMER SC TR","A2","P4784",""
"RJ BARMER RS TR","A2","P4785",""
"RJ BALOTRA RS TR","A2","P4786",""
"RJ BALOTRA SC TR","A2","P4787",""
"RJ BHARATPUR SC TR","A2","P4788",""
"RJ KAITHWARA SC TR","A2","P4789",""
"RJ BHARATPUR RS TR","A2","P4790",""
"RJ SALAWATIYA SC TR","A2","P4791",""
"RJ ASIND SC TR","A2","P4792",""
"RJ BHILWARA RS TR","A2","P4793",""
"RJ SHYAMPURA RS TR","A2","P4794",""
"RJ KACHOLA SC TR","A2","P4795",""
"RJ BHILWARA SC TR","A2","P4796",""
"RJ BIKANER RS TR","A2","P4797",""
"RJ BIKANER-GAJNER RD RS TR","A2","P4798",""
"RJ BIKANER SC TR","A2","P4799",""
"RJ BUNDI SC TR","A2","P4800",""
"RJ CHITTORGARH RS TR","A2","P4801",""
"RJ CHITTORGARH SC TR","A2","P4802",""
"RJ RATANGARH RS TR","A2","P4803",""
"RJ RATANGARH SC TR","A2","P4804",""
"RJ SARDARSHAHAR SC TR","A2","P4805",""
"RJ CHURU SC TR","A2","P4806",""
"RJ SAHWA SC TR","A2","P4807",""
"RJ CHURU RS TR","A2","P4808",""
"RJ LALSOT TR","A2","P4809",""
"RJ BALAJI MOD RS TR","A2","P4810",""
"RJ DAUSA TR","A2","P4811",""
"RJ DHOLPUR SC TR","A2","P4812",""
"RJ DHOLPUR RS TR","A2","P4813",""
"RJ DUNGARPUR SC TR","A2","P4814",""
"RJ SAGWARA SC TR","A2","P4815",""
"RJ HANUMANGARH RS TR","A2","P4816",""
"RJ HANUMANGARH SC TR","A2","P4817",""
"RJ SADWA SC TR","A2","P4818",""
"RJ MANSAROVAR SC TR","A2","P4819",""
"RJ MANSAROVAR RS TR","A2","P4820",""
"RJ SADWA RS TR","A2","P4821",""
"RJ KESHAVPURA RS TR","A2","P4822",""
"RJ RAMSINGHPURA RS TR","A2","P4823",""
"RJ KANOTA SC TR","A2","P4824",""
"RJ V.K.I SC TR","A2","P4825",""
"RJ V.K.I RS TR","A2","P4826",""
"RJ RAMSINGHPURA SC TR","A2","P4827",""
"RJ CHOMU SC TR","A2","P4828",""
"RJ SHAHPURA SC TR","A2","P4829",""
"RJ JALORE RS TR","A2","P4830",""
"RJ SANCHORE SC TR","A2","P4831",""
"RJ JHALAWAR SC TR","A2","P4832",""
"RJ JHUNJHUNU RS TR","A2","P4833",""
"RJ CHIRAWA SC TR","A2","P4834",""
"RJ JHUNJHUNU SC TR","A2","P4835",""
"RJ GUDHA GORJI SC TR","A2","P4836",""
"RJ NAWALGARH SC TR","A2","P4837",""
"RJ CHIRAWA RS TR","A2","P4838",""
"RJ JODHPUR SC TR","A2","P4839",""
"RJ JHALAMAND SC TR","A2","P4840",""
"RJ PHALODI SC TR","A2","P4841",""
"RJ JODHPUR RS TR","A2","P4842",""
"RJ MATA KA THAN RS TR","A2","P4843",""
"RJ PHALODI RS TR","A2","P4844",""
"RJ KAROLI SC TR","A2","P4845",""
"RJ HINDON CITY SC TR","A2","P4846",""
"RJ KOTA RS TR","A2","P4847",""
"RJ KOTA SC TR","A2","P4848",""
"RJ ROHAT SC TR","A2","P4849",""
"RJ PALI RS TR","A2","P4850",""
"RJ RANI RS TR","A2","P4851",""
"RJ PALI SC TR","A2","P4852",""
"RJ KHIWARA SC TR","A2","P4853",""
"RJ RANI SC TR","A2","P4854",""
"RJ CHOTI SADRI SC TR","A2","P4855",""
"RJ PRATAPGARH SC TR","A2","P4856",""
"RJ PRATAPGARH RS TR","A2","P4857",""
"RJ RAJSAMAND RS TR","A2","P4858",""
"RJ RAJSAMAND SC TR","A2","P4859",""
"RJ SAWAI MADHOPUR SC TR","A2","P4860",""
"RJ BONLI SC TR","A2","P4861",""
"RJ BHADOTI SC TR","A2","P4862",""
"RJ GANGAPUR CITY SC TR","A2","P4863",""
"RJ REENGUS SC TR","A2","P4864",""
"RJ SIKAR SC TR","A2","P4865",""
"RJ FATEHPUR SC TR","A2","P4866",""
"RJ SIRODI SC TR","A2","P4867",""
"RJ ABU ROAD SC TR","A2","P4869",""
"RJ SRIGANGANAGAR SC TR","A2","P4870",""
"RJ SRIGANGANAGAR RS TR","A2","P4871",""
"RJ MALPURA SC TR","A2","P4872",""
"RJ TONK RS TR","A2","P4873",""
"RJ TONK SC TR","A2","P4874",""
"RJ DABOK SC TR","A2","P4875",""
"RJ UDAIPUR RS TR","A2","P4876",""
"RJ SALUMBAR SC TR","A2","P4877",""
"RJ GOGUNDA SC TR","A2","P4878",""
"RJ UDAIPUR SC TR","A2","P4879",""
"RJ BHANKROTA BG TR","A2","P4880",""
"RJ SADWA BG TR","A2","P4881",""
"RJ V.K.I BG TR","A2","P4882",""
"RJ SHAHPURA BG TR","A2","P4883",""
"RJ RAMSINGHPURA BG TR","A2","P4884",""
"RJ MANSAROVAR BG TR","A2","P4885",""
"RJ SARDARSHAHAR BG TR","A2","P4886",""
"RJ MANAKA BG TR","A2","P4887",""
"RJ KOTPUTLI SC TR","A2","P4888",""
"RJ KHAIRTHAL SC TR","A2","P4889",""
"RJ BADI SADRI SC TR","A2","P4890",""
"RJ SHAHPURA RS TR","A2","P4891",""
"RJ SIKAR RS TR","A2","P4892",""
"RJ TONK BG TR","A2","P4893",""
"JK LOGATE MORE SC TR","A2","P4894",""
"HP NURPUR SC TR","A2","P4895",""
"HP PANOH SC TR","A2","P4896",""
"JK KATHUA BG TR","A2","P4897",""
"JK KATHUA BG NT","A2","P4898",""
"PB AMRITSAR BG TR","A2","P4899",""
"PB BHATINDA-II BG TR","A2","P4900",""
"PB KOTKAPURA BG TR","A2","P4901",""
"PB GURUHARSAI BG TR","A2","P4902",""
"PB HOSHIARPUR BG TR","A2","P4903",""
"PB AMROH BG TR","A2","P4904",""
"PB JALLANDHAR BG TR","A2","P4905",""
"PB LUDHIANA TR","A2","P4906",""
"PB NAWAN PIND BG TR","A2","P4907",""
"PB AMRITSAR SC TR","A2","P4908",""
"PB BHATINDA RS TR VD","A2","P4909",""
"PB KHANNA SC TR","A2","P4910",""
"PB GURDASPUR SC TR","A2","P4911",""
"PB BATALA SC TR","A2","P4912",""
"PB DINANAGAR RS TR","A2","P4913",""
"PB CHABBEWAL SC TR","A2","P4914",""
"PB HOSHIARPUR SC TR","A2","P4915",""
"PB RAMGARH SIKRI SC TR","A2","P4916",""
"PB RAMGARH SIKRI RS TR","A2","P4917",""
"PB JALLANDHAR SC TR","A2","P4918",""
"PB JALLANDHAR RS TR","A2","P4919",""
"PB LUDHIANA SOW RAS","A2","P4920",""
"PB LUDHIANA RS TR","A2","P4921",""
"PB AJITWAL RS TR","A2","P4922",""
"PB BALACHOUR SC TR","A2","P4923",""
"PB MATOUR RS TR","A2","P4924",""
"PB SUJANPUR SC TR","A2","P4925",""
"PB PATIALA SC TR","A2","P4926",""
"PB PATIALA RS TR","A2","P4927",""
"PB KIRATPUR SABHI SC TR","A2","P4928",""
"PB NOORPUR BEDI RS TR","A2","P4929",""
"PB CHABAL RS TR","A2","P4930",""
"PB GURDASPUR BG TR","A2","P4931",""
"PB HABOWAL BG TR","A2","P4932",""
"PB KOTKAPURA SC TR","A2","P4933",""
"HP NURPUR SC NT","A2","P4934",""
"PB SUJANPUR SC NT","A2","P4935",""
"PB FARIDKOT RS TR","A2","P4936",""
"DL KAKROLA SC TR","A2","P4937",""
"DL KAKROLA RS TR","A2","P4938",""
"DL SHAKURBASTI SC TR","A2","P4939",""
"DL SHAKURBASTI BG TR","A2","P4940",""
"DL SHAKURBASTI-II BG TR","A2","P4941",""
"DL SHAKURBASTI RS TR","A2","P4942",""
"DL SHAKURBASTI RS NT","A2","P4943",""
"DL SHAHADARA SC TR","A2","P4944",""
"DL E.DELHI TAHIRPUR BG TR","A2","P4945",""
"DL MANDOLI RS TR","A2","P4946",""
"DL ROHINI SC TR","A2","P4947",""
"DL ROHINI BG TR","A2","P4948",""
"DL ROHINI RS TR","A2","P4949",""
"DL BHATI RS TR","A2","P4950",""
"DL SOUTH DELHI-ASOLA BG TR","A2","P4951",""
"DL TUGHLAKABAD SC TR","A2","P4952",""
"DL TUGHLAKABAD BG TR","A2","P4954",""
"DL TUGHLAKABAD RS TR","A2","P4955",""
"DL BADARPUR SC TR","A2","P4956",""
"DL BADARPUR BG TR","A2","P4957",""
"DL BADARPUR RS TR","A2","P4958",""
"WB BANKURA SC TR","A2","P4959",""
"WB SAINTHIA-II SC TR","A2","P4960",""
"WB BURDWAN SC TR","A2","P4961",""
"WB RANIGANJ-II SC TR","A2","P4962",""
"WB MAGRA HOOGHLY-II SC TR","A2","P4963",""
"WB DHULAGARH-II SC TR","A2","P4964",""
"WB NEW JALPAIGURI SC TR","A2","P4965",""
"WB NEW JALPAIGURI BYPASS SC TR","A2","P4966",""
"WB COSSIPORE ROAD SC TR","A2","P4967",""
"WB MAHESHTALA-II SC TR","A2","P4968",""
"WB DIAMOND HARBOUR SC TR","A2","P4969",""
"WB MALDA TOWN SC TR","A2","P4970",""
"WB GARHBETA-II SC TR","A2","P4971",""
"WB BELDA SC TR","A2","P4972",""
"WB COSSIMBAZAR RAJ SC TR","A2","P4973",""
"WB KRISHNANAGAR-II SC TR","A2","P4974",""
"WB SURJAPUR SC TR","A2","P4975",""
"WB PURULIA-II SC TR","A2","P4976",""
"WB MAGRA HOOGHLY SC TR","A2","P4977",""
"GO COLVALE SC TR","A2","P4978",""
"HR BAHADURGARH BG TR","A2","P4979",""
"HR  PALLA TR","A2","P4980",""
"HR BHIWANI BG TR","A2","P4982",""
"HR FARIDABAD BG TR","A2","P4984",""
"HR FARIDABAD-II BG TR","A2","P4985",""
"HR FATEHABAD BG TR","A2","P4986",""
"HR GURGAON BG TR","A2","P4987",""
"HR GURGAON-II BG TR","A2","P4988",""
"HR HISSAR BG TR","A2","P4989",""
"HR JIND BG TR","A2","P4990",""
"HR KAITHAL BG TR","A2","P4991",""
"HR KARNAL BG TR","A2","P4992",""
"HR NARNAUL BG TR","A2","P4993",""
"HR PANIPAT TR","A2","P4994",""
"HR REWARI BG TR","A2","P4995",""
"HR ROHTAK BG TR","A2","P4996",""
"HR SIRSA BG TR","A2","P4997",""
"HR YAMUNA NAGAR BG TR","A2","P4998",""
"HR AMBALA CITY RS TR","A2","P5000",""
"HR AMBALA CITY SC TR","A2","P5001",""
"HR AMBALA CANTT SC TR","A2","P5002",""
"HR BAHADURGARH RS TR","A2","P5003",""
"HR BHIWANI SC TR","A2","P5004",""
"HR BHIWANI RS TR","A2","P5005",""
"HR BALLABHGARH SC TR","A2","P5006",""
"HR FARIDABAD RS TR","A2","P5007",""
"HR TOHANA SC TR","A2","P5008",""
"HR PALAM VIHAR SC TR","A2","P5009",""
"HR DHANAWAS SC TR","A2","P5010",""
"HR GURGAON RS TR","A2","P5011",""
"HR HISSAR SC TR","A2","P5012",""
"HR HISSAR RS TR","A2","P5013",""
"HR JHAJJAR SC TR","A2","P5014",""
"HR BAHADURGARH SC TR","A2","P5015",""
"HR JIND SC TR","A2","P5016",""
"HR JIND RS TR","A2","P5017",""
"HR KAITHAL SC TR","A2","P5018",""
"HR KAITHAL RS TR","A2","P5019",""
"HR KARNAL SC TR","A2","P5020",""
"HR KARNAL RS TR","A2","P5021",""
"HR KURUKSHETRA RS TR","A2","P5022",""
"HR KURUKSHETRA SC TR","A2","P5023",""
"HR MAHENDRAGARH SC TR","A2","P5024",""
"HR NARNAUL RS TR","A2","P5025",""
"HR PALWAL SC TR","A2","P5026",""
"HR PALWAL RS TR","A2","P5027",""
"HR PANIPAT RS TR","A2","P5028",""
"HR PANIPAT SC TR","A2","P5029",""
"HR REWARI SC TR","A2","P5030",""
"HR ROHTAK RS TR","A2","P5031",""
"HR ROHTAK SC TR","A2","P5032",""
"HR SIRSA SC TR","A2","P5033",""
"HR SIRSA RS TR","A2","P5034",""
"HR SONEPAT RS TR","A2","P5035",""
"HR SONEPAT SC TR","A2","P5036",""
"HR TOHANA RS TR","A2","P5037",""
"HR YAMUNANAGAR SC TR","A2","P5038",""
"HR RS TR RD YAMUNA NAGAR","A2","P5039",""
"HR BARWALA BG TR","A2","P5040",""
"HR KHORI SC NT RLY","A2","P5041",""
"HR KHORI RS NT RLY","A2","P5042",""
"HR NARNAUL RS NT VD","A2","P5043",""
"HR PINJORE RS TR","A2","P5044",""
"UP MATHURA BG TR?","A2","P5045",""
"UP FATEHGANJ BG TR","A2","P5046",""
"UP GHAZIPUR BG TR","A3","P5047",""
"UP SAHARANPUR RS TR","A2","P5048",""
"UP AGWANPUR RS TR","A2","P5049",""
"UP BAREILLY RS NT","A2","P5050",""
"UP BULAND SHAHAR TR YARD","A2","P5051",""
"UP SHAMLI RS TR","A2","P5052",""
"UP RS GHAZIABAD NT","A2","P5053",""
"MH TALOJA BG TR VD","A2","P5054",""
"MH TASGAON M.D.G BG TR","A2","P5055",""
"MH AMBERNATH BG TR TP","A2","P5056",""
"MH BEED BG TR","A2","P5057",""
"MH TALOJA SC TR VD","A2","P5058",""
"MH CHEMBUR SC TR TP","A2","P5059",""
"MH AMBERNATH SC TR TP","A2","P5060",""
"GJ PALANPUR BG TR","A2","P5061",""
"GJ DABHAN TR","A2","P5062",""
"GJ GODHRA BG TR","A2","P5063",""
"GJ VADODARA TR","A2","P5064",""
"GJ ANAND SC TR","A2","P5065",""
"GJ GODHRA SC TR","A2","P5066",""
"GJ DAHOD SC TR","A2","P5067",""
"GJ VADODARA SC TR","A2","P5068",""
"GJ ASLALI SC TR","A2","P5070",""
"GJ PALANPUR SC TR","A2","P5071",""
"GJ ANKLESWAR SC TR","A2","P5072",""
"GJ DABHAN SC TR","A2","P5073",""
"GJ BHUJ SC TR","A2","P5074",""
"GJ ADALAJ SC NT","A2","P5075",""
"GJ MEHSANA SC TR","A2","P5076",""
"GJ HIMMAT NAGAR SC TR","A2","P5077",""
"GJ JOLWA SC TR","A2","P5078",""
"GJ TANTITHAIYA SC TR","A2","P5081",""
"GJ LIMBADIYA TR","A2","P5082",""
"GJ JOLWA BG TR","A2","P5083",""
"MP AGAR BG TR","A2","P5084",""
"MP PACHORE BG TR","A2","P5085",""
"MP BALAGHAT SC TR","A2","P5086",""
"MP GUNA BG TR","A2","P5087",""
"MP GUNA SC TR","A2","P5088",""
"MP GWALIOR BG TR","A2","P5090",""
"MP GWALIOR SC TR","A2","P5091",""
"MP INDORE BG TR","A2","P5092",""
"MP INDORE SC TR","A2","P5093",""
"MP AHIRKHEDI SC TR","A2","P5094",""
"MP UJJAIN SC TR","A2","P5095",""
"MP BHAGIRATHPURA SC TR","A2","P5096",""
"MP UMARIYA SC TR","A2","P5097",""
"MP MANDSAUR SC TR","A2","P5098",""
"MP KANAWATI BG TR","A2","P5099",""
"MP MANDSAUR BG TR","A2","P5100",""
"MP MORENA SC TR","A2","P5101",""
"MP KUKDESHWAR SC TR","A2","P5102",""
"MP RATLAM SC TR","A2","P5103",""
"MP KANASIYA SC TR","A2","P5104",""
"MP SHIVPURI SC TR","A2","P5105",""
"MP UJJAIN BG TR","A2","P5106",""
"MP BADNAGAR BG TR","A2","P5107",""
"MP NEEMUCH SC TR","A2","P5108",""
"MP BADNAGAR-RATLAM BG TR","A2","P5109",""
"MP PACHORE-II BG TR","A2","P5111",""
"MP GOLWA BG TR","A2","P5112",""
"MP BARDIYA BG TR","A2","P5113",""
"MP B'PUR INDORE BG TR","A2","P5114",""
"MP MORENA BG TR","A2","P5115",""
"MP INDORE SC NT VD","A2","P5116",""
"MP GUNA BG NT VD","A2","P5117",""
"MP INDORE BG NT VD","A2","P5118",""
"MP RATLAM BG NT VD","A2","P5119",""
"MP GWALIOR BG NT VD","A2","P5120",""
"MP LASUDIA MORI BC TR","A2","P5121",""
"MP B'PUR INDORE SC NT VD","A2","P5122",""
"KA BELLARY BG TR","A2","P5123",""
"GJ ANKLESWAR BG TR","A2","P5124",""
"BR ARARIA SC TR RSD SHREE CEMENT LI","A2","P5126",""
"DL TAHIRPUR BG TR","A2","P5129",""
"UP LONI BG TR","A2","P5130",""
"HR PALWAL BG TR","A2","P5131",""
"HP KANDAGHAT BG TR","A2","P5132",""
"UK DEHRADOON-II BG TR","A2","P5133",""
"PB BHATINDA SC TR VD","A2","P5134",""
"UP HAPUR SC TR VD","A2","P5135",""
"PB JALLANDHAR SC NT VD","A2","P5136",""
"PB AMRITSAR RS TR VD","A2","P5138",""
"HR KOSLI RS TR","A2","P5139",""
"DL SHIV VIHAR BG TR","A2","P5140",""
"DL SHIV VIHAR SC TR","A2","P5141",""
"DL SHIV VIHAR RS TR","A2","P5142",""
"UP JHANSI BG TR","A2","P5144",""
"UP JHANSI-II BG TR","A2","P5145",""
"PB BHINDER KALAN BG TR","A2","P5146",""
"OD NARASINGHPUR BG TR VD","A2","P5147",""
"RJ MANAKA BG NT RSD SHREE CEMENT LI","A2","P5148",""
"HR PALWAL-II BG TR","A2","P5149",""
"UP SHAMLI BG TR VD","A2","P5150",""
"HP DHARAMPUR SC TR","A2","P5151",""
"PB KIRATPUR SABHI BG TR VD","A2","P5152",""
"UP KHEKRA BG TR","A2","P5153",""
"UP PALIA KALAN BG TR","A2","P5154",""
"HR BARWALA SC TR","A2","P5155",""
"UP PHDL GZB SC NT RSD SHREE CEMENT","A2","P5156",""
"UP PHDL GZB BG NT RSD SHREE CEMENT","A2","P5157",""
"MP RATLAM SC NT VD","A2","P5158",""
"UP BADAUN SC TR VD","A2","P5159",""
"RJ MANAKA SC NT RSD SHREE CEMENT LI","A2","P5160",""
"MP PACHORE SC TR","A2","P5161",""
"PB MOGA SC TR","A2","P5162",""
"UP ETAWAH SC TR","A2","P5163",""
"PB RAYAA SC TR","A2","P5164",""
"PB RAYAA SC NT VD","A2","P5165",""
"HR FARIDABAD SC TR","A2","P5166",""
"RJ KANAKPURA RS NT RLY SHREE CEMENT","A2","P5167",""
"RJ BHARATPUR RS NT RSD SHREE CEMENT","A2","P5168",""
"HR PALWAL-II RS TR","A2","P5169",""
"HR FARIDABAD-II RS TR","A2","P5170",""
"RJ SAWAI MADHOPUR [VD RS TR VD","A2","P5171",""
"GJ MEHSANA BG TR RSD SHREE CEMENT L","A2","P5172",""
"JH RANCHI BG TR RSD SHREE CEMENT LI","A2","P5173",""
"WB BURDWAN BG TR RSD SHREE CEMENT L","A2","P5174",""
"WB MAGRA BG TR RSD SHREE CEMENT LIM","A2","P5175",""
"PB BHATINDA BG TR RSD SHREE CEMENT","A2","P5176",""
"BR KISHANGANJ BG TR RSD","A2","P5177",""
"WB PURULIA BG TR RSD SHREE CEMENT L","A2","P5178",""
"RJ BHARATPUR BG TR RSD SHREE CEMENT","A2","P5179",""
"RJ KOTA BG TR RSD SHREE CEMENT LIMI","A2","P5180",""
"BR SITAMARHI BG TR RSD SHREE CEMENT","A2","P5181",""
"WB SAINTHIA BG TR RSD SHREE CEMENT","A2","P5182",""
"DL SHAKURBASTI BG TR RSD","A2","P5183",""
"UP GHAZIABAD BG TR RSD SHREE CEMENT","A2","P5184",""
"BR PURNEA BG TR RSD SHREE CEMENT LI","A2","P5185",""
"BR KATIHAR BG TR RSD SHREE CEMENT L","A2","P5186",""
"WB COSSIMBAZAR RAJ BG TR RSD","A2","P5187",""
"BR MADHEPURA BG TR RSD SHREE CEMENT","A2","P5188",""
"DL SHAKURBASTI BG NT RSD SHREE CEME","A2","P5189",""
"UP AGRA BG TR RSD SHREE CEMENT LIMI","A2","P5190",""
"UP MATHURA BG TR RSD SHREE CEMENT L","A2","P5191",""
"UP HARDOI BG TR RSD SHREE CEMENT LI","A2","P5192",""
"JH GIRIDIH-II BG TR RSD SHREE CEMEN","A2","P5193",""
"UP MORADABAD-II BG TR RSD SHREE CEM","A2","P5194",""
"MP KANAWATI BG TR RSD SHREE CEMENT","A2","P5195",""
"UP RAMPUR BG TR RSD SHREE CEMENT LI","A2","P5196",""
"UP MORADABAD BG TR RSD SHREE CEMENT","A2","P5197",""
"JH DHANBAD-II BG TR RSD SHREE CEMEN","A2","P5198",""
"MP RATLAM BG TR RSD SHREE CEMENT LI","A2","P5199",""
"UP BAREILLY-II BG TR RSD SHREE CEME","A2","P5200",""
"UK RUDRAPUR BG TR RSD SHREE CEMENT","A2","P5201",""
"UP GHAZIABAD BG NT RSD SHREE CEMENT","A2","P5202",""
"GJ HIMMAT NAGAR BG TR RSD SHREE CEM","A2","P5203",""
"MP INDORE BG TR RSD SHREE CEMENT LI","A2","P5204",""
"MP GWALIOR BG TR RSD SHREE CEMENT L","A2","P5205",""
"JH JHUMRI TELAIYA BG TR RSD SHREE C","A2","P5206",""
"PB JALLANDHAR BG TR RSD SHREE CEMEN","A2","P5207",""
"WB DANKUNI BG TR RSD SHREE CEMENT L","A2","P5208",""
"WB RANIGANJ BG TR RSD SHREE CEMENT","A2","P5209",""
"BR KHAGARIA BG TR RSD SHREE CEMENT","A2","P5210",""
"BTRL-SITAPUR","A2","P5211",""
"PB BHATINDA-II BG TR RSD SHREE CEME","A2","P5212",""
"JH BURMU BG TR RSD SHREE CEMENT LIM","A2","P5213",""
"DL SHAKURBASTI-II BG TR RSD SHREE C","A2","P5214",""
"BR BATHNADA (SUPAUL) BG TR RSD SHRE","A2","P5215",""
"BR BATHNADA (ARARIA) BG TR RSD SHRE","A2","P5216",""
"BR SIWAN BG TR RSD SHREE CEMENT LIM","A2","P5217",""
"BR MOTIHARI BG TR RSD SHREE CEMENT","A2","P5218",""
"JK KATHUA BG TR RSD SHREE CEMENT LI","A2","P5219",""
"MP BADNAGAR-RATLAM BG TR RSD SHREE","A2","P5220",""
"WB SALUGARAH BG TR RSD SHREE CEMENT","A2","P5221",""
"UP KANPUR NAGAR BG TR RSD SHREE CEM","A2","P5222",""
"RJ KANAKPURA BG NT RLY SHREE CEMENT","A2","P5223",""
"UP ETAWAH BG TR RSD SHREE CEMENT LI","A2","P5224",""
"UP ETAWAH-II BG TR RSD SHREE CEMENT","A2","P5225",""
"BR SARAI BG TR RSD SHREE CEMENT LIM","A2","P5226",""
"UP PHDL GZB RS NT RSD SHREE CEMENT","A2","P5227",""
"UP FARUKKHABAD BG TR RSD SHREE CEME","A2","P5228",""
"UP FARUKKHABAD-II BG TR RSD SHREE C","A2","P5229",""
"MP VIKRAM NAGAR BG TR RSD SHREE CEM","A2","P5230",""
"UP GORAKHPUR BG TR RSD SHREE CEMENT","A2","P5231",""
"UP SHAHJAHANPUR BG TR RSD SHREE CEM","A2","P5232",""
"BR TIKANI JAGD BG TR RSD SHREE CEME","A2","P5233",""
"UP ALAMNAGAR BG TR RSD SHREE CEMENT","A2","P5234",""
"UP ALAMNAGAR-II BG TR RSD SHREE CEM","A2","P5235",""
"WB DHULIYAN SC TR RSD SHREE CEMENT","A2","P5236",""
"UP RAMPUR-II BG TR RSD SHREE CEMENT","A2","P5237",""
"WB SURJAPUR BG TR RSD SHREE CEMENT","A2","P5238",""
"WB CHANDRAKONA ROAD BG TR RSD SHREE","A2","P5239",""
"GJ VADODARA TR RSD SHREE CEMENT LIM","A2","P5240",""
"WB KRISHNANAGAR BG TR RSD SHREE CEM","A2","P5241",""
"UP KANPUR NAGAR-II BG TR RSD SHREE","A2","P5242",""
"WB BANKURA BG TR RSD SHREE CEMENT L","A2","P5243",""
"GJ SARKHEJ BG TR RSD SHREE CEMENT L","A2","P5244",""
"WB KOLKATA BG TR RSD SHREE CEMENT L","A2","P5245",""
"JH NAGRI BG TR RSD SHREE CEMENT LIM","A2","P5246",""
"WB COSSIPORE ROAD BG TR RSD SHREE C","A2","P5247",""
"UP BAREILLY BG TR RSD SHREE CEMENT","A2","P5248",""
"WB BELDA BG TR RSD SHREE CEMENT LIM","A2","P5249",""
"JH KUNDA BG TR RSD SHREE CEMENT LIM","A2","P5250",""
"BR FORBESGANJ BG TR RSD SHREE CEMEN","A2","P5251",""
"MP RATLAM BG NT RSD SHREE CEMENT LI","A2","P5252",""
"PB AMRITSAR BG TR RSD SHREE CEMENT","A2","P5253",""
"GJ JOLWA BG TR RSD SHREE CEMENT LIM","A2","P5254",""
"RJ MANAKA BG NT RSD SHREE CEMENT LI","A2","P5255",""
"BR WARISALIGANJ BG TR RSD SHREE CEM","A2","P5256",""
"UP CHILWARIA BG TR RSD SHREE CEMENT","A2","P5257",""
"RJ MANAKA BG TR RSD SHREE CEMENT LI","A2","P5258",""
"BR KARPORIGRAM BG TR RSD SHREE CEME","A2","P5259",""
"MP GWALIOR BG NT RSD SHREE CEMENT L","A2","P5260",""
"BR CHHAPRA BG TR RSD SHREE CEMENT L","A2","P5261",""
"BR MUZAFFARPUR BG TR RSD SHREE CEME","A2","P5262",""
"BR BETTIAH BG TR RSD SHREE CEMENT L","A2","P5263",""
"BR DARBHANGA BG TR RSD SHREE CEMENT","A2","P5264",""
"BR BEGUSARAI BG TR RSD SHREE CEMENT","A2","P5265",""
"BR CHAKIA BG TR RSD SHREE CEMENT LI","A2","P5266",""
"BR SAHARSA BG TR RSD SHREE CEMENT L","A2","P5267",""
"BR NAUGACHIA BG TR RSD SHREE CEMENT","A2","P5268",""
"UP FARUKKHABAD-I BG TR RSD SHREE CE","A2","P5269",""
"DL SHAKURBASTI SC TR RSD","A2","P5270",""
"BR KISHANGANJ SC TR RSD SHREE CEMEN","A2","P5271",""
"JH RANCHI SC TR RSD SHREE CEMENT LI","A2","P5272",""
"JH GIRIDIH SC TR RSD SHREE CEMENT L","A2","P5273",""
"JH JHUMRI TELAIYA SC TR RSD SHREE C","A2","P5274",""
"PB JALLANDHAR SC TR RSD SHREE CEMEN","A2","P5275",""
"PB BHATINDA SC TR RSD SHREE CEMENT","A2","P5276",""
"BR CHAKIA SC TR RSD SHREE CEMENT LI","A2","P5277",""
"JH DEOGHAR SC TR RSD SHREE CEMENT L","A2","P5278",""
"RJ KOTA SC TR RSD SHREE CEMENT LIMI","A2","P5279",""
"RJ BHARATPUR SC TR RSD SHREE CEMENT","A2","P5280",""
"BR SAHARSA SC TR RSD SHREE CEMENT L","A2","P5281",""
"BR SITAMARHI SC TR RSD SHREE CEMENT","A2","P5282",""
"JH DHANBAD SC TR RSD SHREE CEMENT L","A2","P5283",""
"BR JAMUI SC TR RSD SHREE CEMENT LIM","A2","P5284",""
"BR NAUGACHIA PAKRA SC TR RSD SHREE","A2","P5285",""
"UP AGRA SC TR RSD SHREE CEMENT LIMI","A2","P5286",""
"UP GHAZIABAD SC TR RSD SHREE CEMENT","A2","P5287",""
"UP MATHURA SC TR RSD SHREE CEMENT L","A2","P5288",""
"UP ALIGARH SC TR RSD SHREE CEMENT L","A2","P5289",""
"UP CHANETI SC TR RSD SHREE CEMENT L","A2","P5290",""
"BR MADHEPURA SC TR RSD SHREE CEMENT","A2","P5291",""
"BR KATIHAR SC TR RSD SHREE CEMENT L","A2","P5292",""
"DL SHAKURBASTI SC NT RSD SHREE CEME","A2","P5293",""
"UK RUDRAPUR SC TR RSD SHREE CEMENT","A2","P5294",""
"UP FAIZABAD SC TR RSD SHREE CEMENT","A2","P5295",""
"UP LUCKNOW SC NT RSD SHREE CEMENT L","A2","P5296",""
"UP SITAPUR TR RSD","A2","P5297",""
"MP INDORE SC TR RSD","A2","P5298",""
"MP RATLAM SC TR RSD","A2","P5299",""
"BR SARAI-II SC TR RSD","A2","P5300",""
"RJ KANAKPURA NT RLY","A2","P5301",""
"UP RAMPUR SC TR RSD","A2","P5302",""
"UP FARUKKHABAD SC TR RSD","A2","P5303",""
"UP GORAKHPUR SC TR RSD","A2","P5304",""
"UP RAMPUR-II SC TR RSD","A2","P5305",""
"MP INDORE SC NT RSD","A2","P5306",""
"UP AGRA SC NT RSD","A2","P5307",""
"HR KHORI SC TR RLY","A2","P5308",""
"UP BAREILLY SC NT RSD","A2","P5309",""
"MP RATLAM SC NT RSD","A2","P5310",""
"BR GULABBAGHZEROMIL SC TR RSD","A2","P5311",""
"BR BATHNAHA (SUPAUL) SC TR RSD","A2","P5312",""
"BR BATHNAHA (ARARIA) SC TR RSD","A2","P5313",""
"JK LOGATE MORE SC TR RSD","A2","P5314",""
"UP KANPUR SC TR RSD","A2","P5315",""
"UP LUCKNOW SC TR RSD","A2","P5316",""
"UP SULTANPUR SC TR RSD","A2","P5317",""
"RJ MANAKA SC NT RSD","A2","P5318",""
"GJ ASLALI SC TR RSD","A2","P5319",""
"UP JHANSI TR RSD","A2","P5320",""
"BR TIKANI-BHAGALPUR SC TR RSD","A2","P5321",""
"BR TIKANI-BANKA SC TR RSD","A2","P5322",""
"UP RAEBARELI TR RSD","A2","P5323",""
"UP GONDA SC TR RSD","A2","P5324",""
"UP BAHRAICH SC TR RSD","A2","P5325",""
"MP GWALIOR SC NT RSD","A2","P5326",""
"RJ BHARATPUR SC NT RSD","A2","P5327",""
"GJ VADODARA SC TR RSD","A2","P5328",""
"UP JHANSI SC NT RSD","A2","P5329",""
"PB KOTKAPURA SC TR RSD","A2","P5330",""
"BR BATHNAHA SUPAUL-I SC TR RSD","A2","P5331",""
"WB GARHBETA SC TR RSD","A2","P5332",""
"WB SAINTHIA SC TR RSD","A2","P5333",""
"WB COSSIMBAZAR RAJ SC TR RSD","A2","P5334",""
"WB BURDWAN SC TR RSD","A2","P5335",""
"WB MAGRA HOOGHLY-II SC TR RSD","A2","P5336",""
"UP GAURIGANJ SC TR RSD","A2","P5337",""
"WB TUFANGANJ TR RSD","A2","P5338",""
"WB BANKURA-II SC TR RSD","A2","P5339",""
"WB COSSIPORE -II SC TR RSD","A2","P5340",""
"WB MAHESHTALA SC TR RSD","A2","P5341",""
"MP BHAGIRATHPURA SC TR RSD","A2","P5342",""
"WB RANIGANJ SC TR RSD","A2","P5343",""
"WB KRISHNANAGAR SC TR RSD","A2","P5344",""
"WB PURULIA SC TR RSD","A2","P5345",""
"UP SHAHJAHANPUR SC TR RSD","A2","P5346",""
"WB SURJAPUR SC TR RSD","A2","P5347",""
"WB NEW JALPAIGURI SC TR RSD","A2","P5348",""
"WB NEW JALPAIGURI BYPASS SC TR RSD","A2","P5349",""
"UP FATEHPUR SC TR RSD","A2","P5350",""
"MP GWALIOR SC TR RSD","A2","P5351",""
"BR BATHNAHA ARARIA-I SC TR RSD","A2","P5352",""
"BR KATIHAR-II SC TR RSD","A2","P5353",""
"WB DHULAGARH SC TR RSD","A2","P5354",""
"WB BELDA SC TR RSD","A2","P5355",""
"RJ MANAKA SC TR RSD","A2","P5356",""
"GJ TANTITHAIYA SC TR RSD","A2","P5357",""
"GJ JOLWA SC TR RSD","A2","P5358",""
"GJ JOLWA SC NT RSD","A2","P5359",""
"GJ ASLALI SC NT RSD","A2","P5360",""
"MP B'PUR INDORE SC NT RSD","A2","P5361",""
"PB RAYAA SC TR RSD","A2","P5362",""
"PB RAYAA SC NT RSD","A2","P5363",""
"MP VIKRAM NAGAR SC TR RSD","A2","P5364",""
"RJ KOTA NT RSD","A2","P5365",""
"GJ MEHSANA SC TR RSD","A2","P5366",""
"GJ HIMMAT NAGAR SC TR RSD","A2","P5367",""
"UP FARUKKHABAD SC NT RSD","A2","P5368",""
"PB AMRITSAR SC TR RSD","A2","P5369",""
"BR TIKANI SC TR RSD","A2","P5370",""
"BR NAUGACHIA-II SC TR RSD","A2","P5371",""
"UP GHAZIABAD SC NT RSD","A2","P5372",""
"BR SIWAN SC TR RSD","A2","P5373",""
"BR CHHAPRA SC TR RSD","A2","P5374",""
"BR MOTIHARI SC TR RSD","A2","P5375",""
"BR BETTIAH SC TR RSD","A2","P5376",""
"BR DARBHANGA SC TR RSD","A2","P5377",""
"BR SAMASTIPUR SC TR RSD","A2","P5378",""
"BR KHAGARIA SC TR RSD","A2","P5379",""
"BR SARAI SC TR RSD","A2","P5380",""
"BR NAUGACHIA SC TR RSD","A2","P5381",""
"PB JALLANDHAR SC NT RSD","A2","P5382",""
"BR PURNEA SC TR RSD","A2","P5383",""
"BR BEGUSARAI SC TR RSD","A2","P5384",""
"BR MUZAFFARPUR SC TR RSD","A2","P5385",""
"PB BHATINDA RS TR RSD","A2","P5386",""
"RJ BHARATPUR RS TR RSD","A2","P5387",""
"RJ KOTA TR RSD","A2","P5388",""
"UP GHAZIABAD RS TR RSD","A2","P5389",""
"UP AGRA RS TR RSD","A2","P5390",""
"UP MATHURA RS TR RSD","A2","P5391",""
"UP ALIGARH RS TR RSD","A2","P5392",""
"UK RUDRAPUR RS TR RSD","A2","P5393",""
"UP CHANETI RS TR RSD","A2","P5394",""
"UP MORADABAD RS TR RSD","A2","P5395",""
"HR KHORI RS TR RLY","A2","P5396",""
"PB AMRITSAR RS TR RSD","A2","P5397",""
"UP SHAHJAHANPUR RS TR RSD","A2","P5398",""
"UP BAREILLY RS NT RSD","A2","P5399",""
"UP RAMPUR RS TR RSD","A2","P5400",""
"RJ MANAKA RS TR RSD","A2","P5401",""
"UP GHAZIABAD RS NT RSD","A2","P5402",""
"DL SHAKURBASTI RS TR RSD","A2","P5403",""
"CG BHATAPARA BG TR RLY","A2","P5404",""
"UP GHAZIABAD BG TR RLY","A2","P5405",""
"CG BHATAPARA SC TR RLY","A2","P5406",""
"CG RHIH SC TR RLY","A3","P5407",""
"KA SULEHALLI SC NT RLY","A2","P5408",""
"UP GHAZIABAD SC TR RLY","A2","P5409",""
"BR ANUGRAH NARAYAN SC TR RSD","A2","P5410",""
"UP GHAZIABAD RS TR RLY","A2","P5411",""
"RJ MANDI CHOURAHA SC NT","A1","P5412",""
"RJ MANDI CHOURAHA RS TR","A2","P5413",""
"RJ MANDI CHOURAHA RS NT","A2","P5414",""
"WB DIGHA-PARBATPUR [V BG TR","A1","P5415",""
"WB DIGHA-PARBATPUR [V SC TR SHREE C","A1","P5416",""
"DL E. DELHI BG TR","A2","P5417",""
"UP LAKHIMPUR BG TR","A2","P5418",""
"RJ BHIMGARH BG TR SELF","A2","P5419",""
"RJ BANGUR CITY BG NT SELF","A2","P5420",""
"HR PANIPAT BG TR YARD","A2","P5421",""
"UP BULAND SHAHAR BG TR YARD","A2","P5422",""
"DL ASOLA BG TR","A2","P5423",""
"WB LOHAPUR BG TR","A2","P5424",""
"KA BENKANHALLI BG TR YARD","A2","P5425",""
"BR AURANGABAD BG TR YARD","A2","P5426",""
"MH LONI KALBHOR(PUNE) BG TR","A2","P5427",""
"RJ SHREE YARD BG TR YARD","A2","P5428",""
"RJ ANDHERI DEORI BG TR YARD","A2","P5429",""
"DL WEST DELHI BG TR","A2","P5430",""
"DL PALAM BG TR","A2","P5431",""
"JH BURUDIH BG TR YARD","A2","P5432",""
"WB MAJNA BG TR","A2","P5433",""
"OD KHORDA BG TR","A2","P5434",""
"RJ BANGUR CITY BG TR YARD","A2","P5435",""
"RJ KHUSKHERA BG TR YARD","A2","P5436",""
"RJ UDAIPUR UDASAR YAR BG TR","A2","P5437",""
"RJ ASALPUR BG TR YARD","A2","P5438",""
"RJ SHREE YARD-II BG NT YARD","A2","P5439",""
"MH PATAS BG TR YARD","A2","P5440",""
"WB MIRJAPUR-II BG TR","A2","P5441",""
"JH HASDHIA BG TR","A2","P5442",""
"UK BAHADRABAD-II BG TR","A2","P5443",""
"UK VIKASH NAGAR-II BG TR","A2","P5444",""
"PB RAYAA BG TR","A2","P5445",""
"UP KAGROL BG TR","A2","P5446",""
"UP ISPAT NAGAR BG TR","A2","P5447",""
"JH NARAYANPUR-JAMTARA BG TR","A2","P5448",""
"JH RANCHI-NAMKUM BG TR","A2","P5449",""
"JH MAJHGAON BG TR VD","A2","P5450",""
"JH CHAINPUR BG TR VD","A2","P5451",""
"BR WARISALIGANJ BG TR","A2","P5452",""
"GJ VADODARA BG NT VD","A2","P5453",""
"RJ SIKANDRA BG TR","A2","P5454",""
"DL NASIRPUR BG TR","A2","P5455",""
"RJ BIRDHWAL BG TR","A2","P5456",""
"RJ DEEG BG TR","A2","P5457",""
"MH NAGOTHANE BG TR TP","A2","P5458",""
"MP BALAGHAT BG TR","A2","P5459",""
"RJ KOTA BG NT RSD SHREE CEMENT LIMI","A2","P5460",""
"BR TANDWA BG TR VD","A2","P5461",""
"BR GOH BG TR VD","A2","P5462",""
"RJ ROHAT BG TR","A2","P5463",""
"RJ KHIWARA BG TR","A2","P5464",""
"UP CHILWARIA BG TR","A2","P5465",""
"RJ BEHROR BC TR","A2","P5466",""
"KA TUMKUR BG TR","A2","P5467",""
"DL NARELA BG TR","A2","P5468",""
"CG BILASPUR-TIFRA BG TR","A2","P5469",""
"DL BURARI BG TR","A2","P5470",""
"UP BARAUT BG TR VD","A2","P5471",""
"MP CHAUTHKHEDA (NEEMU BG TR","A2","P5472",""
"RJ TRANSPORT NAGAR (U BG TR","A2","P5473",""
"GJ ADLAJ (GANDHINAGAR BG TR","A2","P5474",""
"GJ RAJKOT BG TR","A2","P5475",""
"CG MUNGELI BG TR","A2","P5476",""
"BR AUNTA BG TR VD","A2","P5477",""
"BR AURANGABAD BG NT SELF","A2","P5478",""
"BR JAMUI BG TR","A2","P5479",""
"OD ATHAGARH SC NT SELF","A2","P5480",""
"UP BULAND SHAHAR SC TR YARD","A2","P5481",""
"KA KODLA SC NT SELF","A2","P5482",""
"HR PANIPAT SC TR YARD","A2","P5483",""
"RJ BANGUR NAGAR SC NT SELF","A2","P5484",""
"JH BURUDIH SC NT SELF","A2","P5485",""
"MH PATAS SC NT SELF","A2","P5486",""
"RJ SURATGARH SC NT SELF","A2","P5487",""
"HR PANIPAT SC NT SELF","A2","P5488",""
"UK AKBARPUR OUD SC NT SELF","A2","P5489",""
"RJ ASALPUR SC NT SELF","A2","P5490",""
"GJ HIMMAT NAGAR SC NT VD","A2","P5491",""
"WB TR RD BISHNUPUR-TP","A2","P5492",""
"WB TUFANGANJ TR","A2","P5493",""
"UK AKBARPUR OUD SC TR YARD","A2","P5494",""
"RJ SHREE YARD SC TR YARD","A2","P5495",""
"WB MAJNA SC TR","A2","P5496",""
"WB BARJALALPUR SC TR","A2","P5497",""
"KA BENKANHALLI SC TR YARD","A2","P5498",""
"MH CHAKAN TR","A2","P5499",""
"RJ GOTHRA SC NT SELF","A2","P5500",""
"DL GHAZIPUR SC TR","A2","P5501",""
"JH BURUDIH SC TR YARD","A2","P5502",""
"RJ BANGUR CITY SC TR YARD","A2","P5503",""
"RJ KHUSKHERA SC TR YARD","A2","P5504",""
"RJ UDAIPUR UDASAR YAR SC TR","A2","P5505",""
"RJ SHREE YARD-II SC NT YARD","A2","P5506",""
"MH PATAS SC TR YARD","A2","P5507",""
"AP PEDAGARLAPADU SC TR SELF SHREE C","A2","P5508",""
"WB DHULIYAN SC TR","A2","P5509",""
"BR AURANGABAD SC TR SELF","A2","P5510",""
"CG KHAPRADIG SC NT SELF","A2","P5511",""
"WB BETAI BAZAR SC TR","A2","P5512",""
"TL SANGAREDDY SC TR","A2","P5513",""
"MP AGAR SC TR","A2","P5514",""
"DL NASIRPUR SC TR","A2","P5515",""
"RJ SIKANDRA SC TR","A2","P5516",""
"RJ BIRDHWAL-II SC TR","A2","P5517",""
"MP VIKRAM NAGAR SC TR VD","A2","P5518",""
"RJ DEEG SC TR","A2","P5519",""
"DL PALAM SC TR VD","A2","P5520",""
"MH NAGOTHANE SC TR TP","A2","P5521",""
"RJ KOTA SC NT RSD SHREE CEMENT LIMI","A2","P5522",""
"RJ BANGUR CITY SC NT SELF","A2","P5523",""
"WB NIMPURA TR RSD SHREE CEMENT LIMI","A2","P5524",""
"BR GOH SC TR","A2","P5525",""
"BR TANDWA SC TR","A2","P5526",""
"RJ SIROHI SC TR","A2","P5527",""
"KA TUMKUR TR","A2","P5528",""
"UP BARAUT SC TR","A2","P5529",""
"DL NARELA SC TR","A2","P5530",""
"JH NAGRI SC TR","A2","P5531",""
"KA MANDYA SC TR","A2","P5532",""
"DL BURARI SC TR","A2","P5533",""
"UP SIKANDRABAD SC NT SELF","A2","P5534",""
"MP CHAUTHKHEDA (NEEMU SC TR","A2","P5535",""
"RJ TRANSPORT NAGAR (U SC TR","A2","P5536",""
"GJ ADLAJ (GANDHINAGAR SC TR","A2","P5537",""
"GJ RAJKOT SC TR","A2","P5538",""
"BR TIKANI SC TR","A2","P5539",""
"UK CHINIYALISOUR SC TR","A2","P5540",""
"BR AUNTA SC TR","A2","P5541",""
"BR NAUGACHIA-II SC TR","A2","P5542",""
"BR WARISALIGANJ SC TR","A2","P5543",""
"BR AURANGABAD SC TR YARD","A2","P5544",""
"RJ KHUSKHERA RS TR YARD","A2","P5545",""
"RJ BIRDHWAL RS TR","A2","P5546",""
"RJ UDAIPUR UDASAR YAR RS TR","A2","P5547",""
"PB RAYAA RS TR","A2","P5548",""
"RJ DEEG RS TR","A2","P5549",""
"RJ ASALPUR RS TR YARD","A2","P5550",""
"DL PALAM RS TR VD","A2","P5551",""
"RJ SHREE YARD RS NT YARD","A2","P5552",""
"UP NOIDA RS TR","A2","P5553",""
"RJ KHUSKHERA RS NT SELF","A2","P5554",""
"UK AKBARPUR OUD RS TR YARD","A2","P5555",""
"RJ KOTA RS NT RSD SHREE CEMENT LIMI","A2","P5556",""
"DL NASIRPUR RS TR","A2","P5557",""
"RJ KHIWARA RS TR","A2","P5558",""
"RJ SIKANDRA RS TR","A2","P5559",""
"RJ ROHAT RS TR","A2","P5560",""
"RJ SHREE YARD-II RS NT YARD","A2","P5561",""
"RJ SHREE YARD RS TR YARD","A2","P5562",""
"HR SIWANI RS TR","A2","P5563",""
"DL GHAZIPUR RS TR","A2","P5564",""
"RJ ANDHERI DEORI RS TR YARD","A2","P5565",""
"RJ DUNGARPUR RS TR","A2","P5566",""
"HR PANIPAT RS TR YARD","A2","P5567",""
"RJ SIROHI RS TR","A2","P5568",""
"RJ LAKHERI RS TR","A2","P5569",""
"RJ BEHROR RS TR","A2","P5570",""
"RJ KOTPUTLI RS TR","A2","P5571",""
"RJ RAMGANJ MANDI RS TR","A2","P5572",""
"DL NARELA RS TR","A2","P5573",""
"DL BURARI RS TR","A2","P5574",""
"HR GURGAON-II RS TR","A2","P5575",""
"RJ TRANSPORT NAGAR (U RS TR","A2","P5576",""
"CG RHIH RLY","A3","P5577",""
"CG RHIH RLY-II","A3","P5578",""
"KA SULEHALLI RLY","A3","P5579",""
"UP BULANDSHAHAR MORTAR","A2","P5580",""
"RJ RAS AAC","A2","P5581",""
"UP S'BAD AAC","A2","P5582",""
"RJ BWR AAC","A2","P5583",""
"UP BULANDSHAHR AAC","A2","P5584",""
"HR PANIPAT AAC","A2","P5585",""
"RJ KKG AAC","A2","P5586",""
"UK RGU AAC","A2","P5587",""
"UP HAPUR AAC","A2","P5588",""
"UP BULANDSHAHR AAC","A2","P5589",""
"BR DUMARIA BG TR VD","A2","P5590",""
"BR JAGDISHPUR BG TR RSD","A2","P5591",""
"BR PAHLEZA SC TR RLY","","P5592",""
"BR PAHARI TR","A2","P5593",""
"BR DAULATPUR SC TR RSD SHREE CEMENT","A2","P5594",""
"BR DAULATPUR BC TR RSD SHREE CEMENT","A2","P5595",""
"BR KIUL SC TR RSD SHREE CEMENT LIMI","A2","P5596",""
"BR KIUL BG TR RSD SHREE CEMENT LIMI","A2","P5597",""
"BR BC TR RL SARAI","","P5598",""
"BR BC TR RL FORBESGANJ","","P5599",""
"BR BC TR RL TIKANI_JAGD","","P5600",""
"BR BC TR RL WARISALIGANJ","","P5601",""
"BR BC TR RL KARPORIGRAM","","P5602",""
"BR BC TR RL CHHAPRA","","P5603",""
"BR BC TR RL MUZAFFARPUR","","P5604",""
"BR BC TR RL BETTIAH","","P5605",""
"BR BC TR RL BEGUSARAI","","P5606",""
"BR BC TR RL CHAKIA","","P5607",""
"BR SASARAM BG TR","A2","P5608",""
"BR BC TR RL SAHARSA","","P5609",""
"BR BC TR RL NAUGACHIA","","P5610",""
"BR PATNA BY PASS SC TR","A2","P5611",""
"BR KARWANDIYA (SASARAM) TR","A2","P5612",""
"BR SC TR RL KISHANGANJ","","P5613",""
"BR SC TR RL SAHARSA","","P5614",""
"BR SC TR RL JAMUI","","P5615",""
"BR SC TR RL MADHEPURA","","P5616",""
"BR SC TR RL TIKANI-BHAGALPUR","","P5617",""
"BR SC TR RL BATHNAHA (ARARIA)","","P5618",""
"BR SC TR RL NAUGACHIA-II","","P5619",""
"BR WARISALIGANJ SC TR RSD","A2","P5620",""
"BR SC TR RL CHHAPRA","","P5621",""
"BR SC TR RL MOTIHARI","","P5622",""
"BR SC TR RL BETTIAH","","P5623",""
"BR SC TR RL SAMASTIPUR","","P5624",""
"BR SC TR RL PURNEA","","P5625",""
"BR SC TR RL BEGUSARAI","","P5626",""
"BR SC TR RL MUZAFFARPUR","","P5627",""
"CG JANJGIR BG TR","A2","P5628",""
"CG AKALTARA SC TR","A2","P5629",""
"CG CHAMPA SC TR","A2","P5630",""
"CG SIRGITTI BG TR","A2","P5631",""
"CG MUNGELI SC TR","A2","P5632",""
"CG BILASPUR-I SC TR","A2","P5633",""
"GJ MEHSANA SC NT RSD","A2","P5634",""
"GJ VADODARA SC NT RSD","A2","P5635",""
"GJ ADALAJ SC NT RSD","A2","P5636",""
"GJ BODELI SC TR","A2","P5637",""
"HR REWARI BG TR RLY","","P5638",""
"HR REWARI SC TR RLY","","P5639",""
"HR SAMALAKHA SC TR","A2","P5640",""
"HR BILASPUR SC TR","A2","P5641",""
"HR BILASPUR SC TR","A2","P5642",""
"HR REWARI RS TR RLY","","P5643",""
"HP RAKKAR SC TR","A2","P5644",""
"HP PANOH SC NT","A2","P5645",""
"JK UDHAMPUR BG TR","A2","P5646",""
"JH JAMSHEDPUR BG TR","A2","P5647",""
"BANGUR SEL BOKARO THERMAL","","P5648",""
"BANGUR SEL KUNDA-DEOGHAR","","P5649",""
"BANGUR SEL MEHERMA (JH)","","P5650",""
"Do Not Use","","P5651",""
"BANGUR SEL SAHIBGANJ (JH)","","P5652",""
"ANGUR SEL CHATRO (GIRIDH)","","P5653",""
"BANGUR SEL GIRIDIH (JH)","","P5654",""
"Do Not Use","","P5655",""
"BANGUR SEL DHANBAD (JH)","","P5656",""
"JH BC TR RD SURIYA","A2","P5657",""
"JH SIMDEGA SC TR","A2","P5658",""
"JH SC TR RD BHAWNATHPUR","A2","P5659",""
"SHREE SEL BOKARO THERMAL","","P5660",""
"Do Not Use","","P5661",""
"SHREE SEL CHATRO-GIRIDIH","","P5662",""
"SHREE SEL DHANBAD (JH)","","P5663",""
"HREE SEL HASDHIA-DUMKA-JH","","P5664",""
"SHREE SEL DEOGHAR (JH)","","P5665",""
"SHREE SEL SAHIBGANJ (JH)","","P5666",""
"SHREE SEL PAKUR (JH)","","P5667",""
"SHREE SEL MEHERMA (JH)","","P5668",""
"SHREE SEL NARAYANPUR (JH)","","P5669",""
"JH TIRULDIH SC TR VD","A2","P5670",""
"JH SC TR RD BUNDU","A2","P5671",""
"JH SC TR RD SURIYA","A2","P5672",""
"KA SHIMOGA BG TR","A2","P5673",""
"KA HASSAN TR","A2","P5674",""
"MP CHHINDWARA BG TR","A2","P5675",""
"MP JABALPUR BG TR","A2","P5676",""
"MP CHHINDWARA SC TR","A2","P5677",""
"MP PATAN SC TR","A2","P5678",""
"MH MIRAJ BG TR","A2","P5679",""
"MH PALASPEPHATA BG TR TP","A2","P5680",""
"MH PALASPEPHATA BG TR SOW","A2","P5681",""
"MH LONI-KALBHOR RSD SHREE CEMENT LI","A2","P5682",""
"MH SANGLI BG TR","A2","P5683",""
"MH KALAMBOLI TR TP","A2","P5684",""
"MH KALAMBOLI NT SOW","A2","P5685",""
"MH PALASPEPHATA SC TR SOW","A2","P5686",""
"MH LONI-KALBHOR SC TR SOW","A2","P5687",""
"MH LONI-KALBHOR NT SOW","A2","P5688",""
"OD CUTTACK BG TR","A2","P5689",""
"OD BHADRAK BG TR  [VD]","A2","P5690",""
"OD RASGOVINDPUR BG TR VD","","P5691",""
"OD KHAIRA BG TR","A2","P5692",""
"OD JHUMPURA BG TR VD","A2","P5693",""
"OD NISCHINTAKOILI BG TR VD","","P5694",""
"OD KEONJHAR BG TR","A2","P5695",""
"OD ANANDAPUR SC TR","A2","P5696",""
"OD KHAIRA SC TR VD","","P5697",""
"OD KEONJHAR SC TR","A2","P5698",""
"PB LUDHIANA SOW NWL","A2","P5699",""
"PB RAJPURA BG TR","A2","P5700",""
"PB RAJPURA SC TR","A2","P5701",""
"PB KHARAR SC TR","A2","P5702",""
"PB PATHANKOT SC TR","A2","P5703",""
"PB ZIRAKPUR SC TR","A2","P5704",""
"PB RAJPURA RS TR","A2","P5705",""
"RJ REENGUS BG TR","A2","P5706",""
"RJ KANOTA BG TR","A2","P5707",""
"RJ BEHROR SC TR","A2","P5708",""
"RJ ASALPUR SC NT","A2","P5709",""
"RJ BEGUN SC TR","A2","P5710",""
"RJ MANAKA RS NT RSD","A2","P5711",""
"RJ BADI SADRI RS TR","A2","P5712",""
"RJ KANOTA RS TR","A2","P5713",""
"UP BAREILLY BG NT RSD","A2","P5714",""
"UP ALIGARH-II BG TR","A2","P5715",""
"UP ETAWAH BG NT RSD","A2","P5716",""
"UP UNNAO KANPUR BG TR RSD","A2","P5717",""
"UP AGRA BG NT RSD","A2","P5718",""
"UP FATEHPUR BG TR","A2","P5719",""
"UP FARUKKHABAD BG NT RSD","A2","P5720",""
"UP SHIKOHABAD BG TR RSD","A2","P5721",""
"UP SHIKOHABAD BG NT RSD","A2","P5722",""
"UP ORAI JALAUN TR","A2","P5723",""
"UP MAINPURI SC TR","A2","P5724",""
"UP FAIZABAD SC NT RSD","A2","P5725",""
"UP GOLA SC TR","A2","P5726",""
"UP HASANPUR KATAULI SC TR","A2","P5727",""
"UP SC TR RL FARUKKHABAD","","P5728",""
"UP SC NT RL FARUKKHABAD","","P5729",""
"UP SC TR RL AGRA","","P5730",""
"UP SC NT RL AGRA","","P5731",""
"UP SC TR RL MATHURA","","P5732",""
"UP MATHURA SC NT RSD","A2","P5733",""
"UP SC TR RL ALIGARH","","P5734",""
"UP ALIGARH SC NT RSD","","P5735",""
"UP SC TR RL GHAZIABAD","","P5736",""
"UP MUNDA PANDEY RS TR","A2","P5737",""
"UP JAITPUR KALAN RS TR","","P5738",""
"UP BIJNOR-II RS TR","A2","P5739",""
"UP RS TR RL AGRA","","P5740",""
"UP AGRA RS NT RSD","A2","P5741",""
"UP RS TR RL ALIGARH","","P5742",""
"UP ALIGARH RS NT RSD","A2","P5743",""
"UP RS TR RL GHAZIABAD","","P5744",""
"UK AKBARPUR OUD SC TR","A2","P5745",""
"UK BAHADRABAD RS TR VD","A2","P5746",""
"WB PURBASTHALI BG TR","A2","P5747",""
"WB JHALDA BG TR","A2","P5748",""
"WB DURGAPUR BG TR","A2","P5749",""
"WB NANDAKUMAR BG TR","A2","P5750",""
"WB BALTI BG TR","A2","P5751",""
"WB RUPNARAYANPUR BG TR","A2","P5752",""
"WB GHATAL BG TR","A2","P5753",""
"WB MANBAZAR BG TR","A2","P5754",""
"WB CHEJKA BG TR","A2","P5755",""
"WB ASANSOL TR","A2","P5756",""
"WB DHULIYAN BG TR","A2","P5757",""
"WB DUMKAL BG TR","A2","P5758",""
"WB BASANTI BG TR","A2","P5759",""
"WB KAKDWIP BG TR","A2","P5760",""
"WB NABAGRAMSIKIPUR BG TR","A2","P5761",""
"WB ULUBERIA BG TR","A2","P5762",""
"WB SUTAHATA BG TR","A2","P5763",""
"WB BOLPUR BG TR","A2","P5764",""
"WB DEBAIPUR BG TR","A2","P5765",""
"WB RAJGRAM BG TR","A2","P5766",""
"WB SURI BG TR","A2","P5767",""
"WB DIGHA-PARBATPUR [V BG NT","A2","P5768",""
"WB PURBASTHALI-II BG TR","A2","P5769",""
"WB KATWA BG TR","A2","P5770",""
"WB KOTALPUR BG TR","A2","P5771",""
"WB SAKTIPUR BG TR","A2","P5772",""
"WB ANDUL ROAD BG TR","A2","P5773",""
"WB BINNAGURI BG TR","A2","P5774",""
"WB RAJARHAT BISHNUPUR BG TR","A2","P5775",""
"WB ASHARU BG TR","A2","P5776",""
"WB RADHANAGAR(HOTUGAN BG TR","A2","P5777",""
"WB NATUN BAZAR (SARBE BG TR","A2","P5778",""
"WB KARIMPUR BG TR","A2","P5779",""
"WB PIYALI RAMNAGAR BG TR","A2","P5780",""
"WB MANGALBARI SC TR RSD","A2","P5781",""
"WB PIYALI RAMNAGAR SC TR","A2","P5782",""
"WB KOTALPUR SC TR","A2","P5783",""
"WB SWARUPNAGAR SC TR","A2","P5784",""
"WB DURGAPUR SC TR","A2","P5785",""
"WB JHALDA SC TR","A2","P5786",""
"WB NANDAKUMAR SC TR","A2","P5787",""
"WB BALTI SC TR","A2","P5788",""
"WB GHATAL SC TR","A2","P5789",""
"WB MANBAZAR SC TR","A2","P5790",""
"WB CHEJKA SC TR","A2","P5791",""
"WB CHAKDAHA SC TR","A2","P5792",""
"WB DHULIYAN SC TR","A2","P5793",""
"WB DUMKAL SC TR","A2","P5794",""
"WB BASANTI SC TR","A2","P5795",""
"WB KAKDWIP SC TR","A2","P5796",""
"WB NABAGRAMSIKIPUR SC TR","A2","P5797",""
"WB ULUBERIA SC TR","A2","P5798",""
"WB SUTAHATA SC TR","A2","P5799",""
"WB BOLPUR SC TR","A2","P5800",""
"WB DEBAIPUR SC TR","A2","P5801",""
"WB SURI SC TR","A2","P5802",""
"WB RAJGRAM SC TR","A2","P5803",""
"WB RUPNARAYANPUR SC TR","A2","P5804",""
"WB PURBASTHALI SC TR","A2","P5805",""
"WB KATWA SC TR","A2","P5806",""
"WB SAKTIPUR SC TR","A2","P5807",""
"WB KANPUR SC TR","A2","P5808",""
"WB ANDUL ROAD SC TR","A2","P5809",""
"WB BINNAGURI SC TR","A2","P5810",""
"WB RAJARHAT BISHNUPUR SC TR","A2","P5811",""
"WB ASHARU SC TR","A2","P5812",""
"WB RADHANAGAR(HOTUGAN SC TR","A2","P5813",""
"WB NATUN BAZAR (SARBE SC TR","A2","P5814",""
"WB KARIMPUR SC TR","A2","P5815",""
"WB DIGHA-PARBATP SC NT","A2","P5816",""
"UP FAIZABAD BG TR","A2","P5817",""
"BR TIKANI BG TR","A2","P5818",""
"MP SHIVPURI BG TR","A2","P5819",""
"UK AKBARPUR OUD BG TR","","P5820",""
"RJ KANAKPURA SC TR RSD","","P5821",""
"RJ UDAIPUR UDASAR SC TR","A2","P5822",""
"UK RGU SHOP RETAIL","A2","P5823",""
"RJ MANDI CHOURAH TR","A2","P5824",""
"UK AKBARPUR OUD TR","","P5825",""
"GJ SURENDRA NAGAR SC TR","A2","P5826",""
"HP BHARJOUNU SC TR","A2","P5827",""
"KA HASSAN BG TR","A2","P5828",""
"MH NAGPUR BG TR","A2","P5829",""
"MH NAGPUR SC TR","A2","P5830",""
"MH BC TR RD HAVELI","","P5831",""
"RJ SGU SHOP RETAIL CLOSED","","P5832",""
"RJ KOTPUTLI BG TR","A2","P5833",""
"RJ SGU SHOP RETAIL CLOSED","","P5834",""
"RJ BANGUR CITY SC TR SELF","A2","P5835",""
"RJ BEAWAR BG TR RLY","","P5836",""
"RJ ANDHERI DEORI BG TR","A2","P5837",""
"RJ BANGUR GRAM BG TR RSD","","P5838",""
"RJ JOBNER BG TR RLY","A2","P5839",""
"RJ MANDI CHOURAHA-I NT","A2","P5840",""
"RJ ANDHERI DEORI SC TR","A2","P5841",""
"RJ BEAWAR SC TR RLY","","P5842",""
"RJ BANGUR GRAM SC TR RSD","","P5843",""
"RJ JOBNER SC TR RLY","A2","P5844",""
"RJ MANDI CHOURAH SC NT","A2","P5845",""
"RJ SC TR RD RAS UNIT-XI SELF CON","","P5846",""
"RJ BEAWAR RS TR RLY","","P5847",""
"RJ JOBNER RS TR RLY","A2","P5848",""
"RJ BANGUR GRAM RS TR RSD","","P5849",""
"UK PATHRI SC TR RLY","A2","P5850",""
"UK ROORKEE  SC TR RLY","A2","P5851",""
"UK ROORKEE  SC NT RLY","A2","P5852",""
"WB TARATALA SC TR RSD","A2","P5853",""
"WB COSSIPORE ROAD SC TR RSD","A2","P5854",""
"RJ PACHPADRA BG TR","A2","P5855",""
"WB PURULIA RETAIL CLOSED","","P5856",""
"WB PURULIA RETAIL","A2","P5857",""
"PB RAJPURA BG NT","A2","P5858",""
"PB RAJPURA SC NT","A2","P5859",""
"GJ BHUJ-KUTCH BG TR","A2","P5860",""
"GJ BHUJ-KUTCH-II (GJ) SC TR","A2","P5861",""
"CG RAIPUR YARD","A2","P5862",""
"OD CUTTACK YARD","A2","P5863",""
"WB PURULIA SELF SEL","A2","P5864",""
"GJ ASLALI-AHMEDABAD-G BG TR","A2","P5865",""
"GJ SARKEHJ SC TR","A2","P5866",""
"PB RAJPURA RS NT","A2","P5867",""
"PB RAJPURA-PB RS NT RSD","A2","P5868",""
"WB MALDA BG TR RSD","A2","P5869",""
"WB DANKUN SC TR RSD","A2","P5870",""
"WB DANKUN SC TR","A2","P5871",""
"WB SILIGUR SC TR RSD","A2","P5872",""
"WB SILIGUR SC TR","A2","P5873",""
"RJ NAWALGARH SC TR YARD","A2","P5874",""
"UP MORADABAD SC TR RSD","A2","P5875",""
"WB BINNAGURI SC TR RSD","A2","P5876",""
"WB BAISHGURICOOCHBEH SC TR RSD","A2","P5877",""
"WB BAISHGURI-COOCHBEH SC TR","A2","P5878",""
"WB BAISHGURICOOCHBEH BG TR RSD","","P5879",""
"WB BAISHGURI-COOCHBEH BG TR","","P5880",""
"JH DALTONGANJ SC TR RSD","A2","P5881",""
"JH DALTONGANJ SC TR","A2","P5882",""
"JH DALTONGANJ BG TR RSD","A2","P5883",""
"JH DALTONGANJ BG TR","A2","P5884",""
"UK RUDRAPUR SC NT RSD","A2","P5885",""
"UK RUDRAPUR SC NT","","P5886",""
"UP FATEHPUR BG TR RSD","A2","P5887",""
"WB HOWRAH-ABDA BG TR RSD","A2","P5888",""
"JK UDHAMPUR BG NT SHREE CEMENT LIMI","A2","P5889",""
"BR PURNIA-II SC TR RSD SHREE CEMENT","A2","P5890",""
"BR PURNIA-II SC TR SHREE CEMENT LIM","A2","P5891",""
"HP KHUKHNIARA-FATEHPU BG TR","A2","P5892",""
"UP SAMBHAL RS TR","A2","P5893",""
"PB RAJPURA BG TR RSD","A2","P5894",""
"PB RAJPURA SC TR RSD","A2","P5895",""
"PB RAJPURA BG NT RSD","A2","P5896",""
"PB RAJPURA SC NT RSD","A2","P5897",""
"PB JALLANDHAR BG NT RSD","A2","P5898",""
"PB JALLANDHAR RS TR RSD","A2","P5899",""
"PB JALLANDHAR RS NT RSD","A2","P5900",""
"PB RAJPURA RS TR RSD","A2","P5901",""
"BR SAHARSA -II SC TR RSD","A2","P5902",""
"BR SAHARSA -II SC TR","A2","P5903",""
"BR SAHARSA -II BG TR RSD","A2","P5904",""
"BR SAHARSA -II BG TR","A2","P5905",""
"PB BHATINDA SC NT RSD","A2","P5906",""
"PB BHATINDA SC NT VD","A2","P5907",""
"PB BHATINDA BG NT RSD","A2","P5908",""
"PB BHATINDA BG NT VD","A2","P5909",""
"PB BHATINDA RS NT RSD","A2","P5910",""
"PB BHATINDA RS NT VD","A2","P5911",""
"RJ SURATGARH SC TR RLY","A2","P5912",""
"RJ SURATGARH SC NT RLY SHREE CEMENT","A2","P5913",""
"JH BASTACOLA (DHN) SC TR SHREE CEME","A2","P5914",""
"JH BASTACOLA (DHN) BG TR","A2","P5915",""
"WB PURULIA RETAIL SHREE CEMENT LIMI","A2","P5916",""
"GJ ADALAJ (NEW) SC NT","A2","P5917",""
"GJ VARELI SURAT SC NT","A2","P5918",""
"GJ VARELI SURAT SC NT RSD SHREE CEM","","P5919",""
"HR YAMUNANAGAR-2 SC TR","A2","P5920",""
"BR NALANDA II BG TR","A2","P5921",""
"BR NALANDA II BG TR RSD","","P5922",""
"UP BIJNOR BG TR RSD SHREE CEMENT LI","A2","P5923",""
"UP BIJNOR RS TR RSD","A2","P5924",""
"MP CHAUTHKHEDA (NEEMU BG NT","A2","P5925",""
"MP CHAUTHKHEDA (NEEMU SC NT","A2","P5926",""
"KA SULEHALLI TR RLY SHREE CEMENT LI","","P5927",""
"UP BIJNOR SC TR RSD SHREE CEMENT LI","A2","P5928",""
"UP BIJNOR-II RS TR RSD SHREE CEMENT","A2","P5929",""
"UP MEERUT BG TR RSD","A2","P5930",""
"UP MEERUT RS TR RSD","A2","P5931",""
"UP MEERUT SC TR RSD","A2","P5932",""
"UP SAHARANPUR BG TR RSD","A2","P5933",""
"UP SAHARANPUR SC TR RSD","A2","P5934",""
"UP SAHARANPUR RS TR RSD","A2","P5935",""
"MP NAGDA (UJJAIN) BG TR","A2","P5936",""
"UP ALIGANJ SC TR SHREE CEMENT LIMIT","A2","P5937",""
"UP KAGAROL SC TR SHREE CEMENT LIMIT","A2","P5938",""
"MH TALOJA SC TR RSD","A2","P5939",""
"MH TALOJA BG TR RSD","A2","P5940",""
"KA YADGIR RSD","A2","P5941",""
"AP TIRUPATI (Y.MALLVRAM) TR SHREE C","A2","P5942",""
"UP UNNAO SC TR SHREE CEMENT LIMITED","A2","P5943",""
"UP UNNAO SC TR RSD","A2","P5944",""
"KA WADI TR RSD SHREE CEMENT LIMITED","","P5945",""
"UP BIJNOR BG NT RSD SHREE CEMENT LI","A2","P5946",""
"UP BIJNOR RS NT RSD","","P5947",""
"UP BIJNOR SC NT RSD SHREE CEMENT LI","A2","P5948",""
"UP BIJNOR-II RS NT RSD SHREE CEMENT","A2","P5949",""
"UP MEERUT BG NT RSD","A2","P5950",""
"UP MEERUT RS NT RSD","A2","P5951",""
"UP MEERUT SC NT RSD","A2","P5952",""
"UP SAHARANPUR BG NT RSD","A2","P5953",""
"UP SAHARANPUR SC NT RSD","A2","P5954",""
"UP SAHARANPUR RS NT RSD","A2","P5955",""
"WB THAKURCHAK SC TR SHREE CEMENT LI","A2","P5956",""
"WB THAKURCHAK SC TR RSD SHREE CEMEN","","P5957",""
"MH TALOJA SC NT RSD","A2","P5958",""
"MH TALOJA BG NT RSD","A2","P5959",""
"MH BARSHI SC TR","A2","P5960",""
"MH ISLAMPUR TR","A2","P5961",""
"MH NATEPUTE SC TR","A2","P5962",""
"MH TASGAON M.D.G SC TR","A2","P5963",""
"MH RAJAPUR (RATNAGIRI SC TR","A2","P5964",""
"MH JATH BG TR","A2","P5965",""
"MH AKLUJ BG TR","A2","P5966",""
"MH KURDUWADI BG TR","A2","P5967",""
"MH ICHALKARANJI BG TR","A2","P5968",""
"MH CHAKAN BG TR","A2","P5969",""
"MH MARALI BG TR","A2","P5970",""
"MH MEDHA BG TR","A2","P5971",""
"MH SHIRWAL BG TR","A2","P5972",""
"MH NARAYANGAON BG TR","A2","P5973",""
"MH MIRJOLI BG TR","A2","P5974",""
"MH RATNAGIRI BG TR","A2","P5975",""
"MH VITA BG TR","A2","P5976",""
"UP UNNAO-KANPUR BG NT RSD","","P5977",""
"RJ SHEOGANJ-PALI TR","A2","P5978",""
"BR DANAPUR SC TR RSD","A2","P5979",""
"BR DANAPUR SC TR","A2","P5980",""
"RJ JASWANTPURA (BHINMAL) TR","A2","P5981",""
"WB RANIGANJ( HUB) TR","A2","P5982",""
"DL NAJAFGARH SC TR","A2","P5983",""
"DL NAJAFGARH BG TR","A2","P5984",""
"DL NAJAFGARH RS TR","","P5985",""
"HR NARWANA RS TR","A2","P5986",""
"UK RAMNAGAR SC TR","A2","P5987",""
"UK RAMNAGAR BG TR","A2","P5988",""
"UK RAMNAGAR RS TR","A2","P5989",""
"UK HALDWANI-II SC TR","A2","P5990",""
"UK HALDWANI-II BG TR","A2","P5991",""
"UK HALDWANI-II RS TR","A2","P5992",""
"UP BULANDSAHAR SDNG TR RSD","","P5993",""
"UP BULANDSAHAR SDNG NT RSD","A2","P5994",""
"MH NALLOSAPARE E SC TR TP","A2","P5995",""
"MH NALLOSAPARE E BG TR TP","A2","P5996",""
"TL GADWAL SC TR RSD SHREE CEMENT LI","A2","P5997",""
"TL GADWAL BG TR RSD SHREE CEMENT LI","A2","P5998",""
"TL MOOSAPET SC TR RSD SHREE CEMENT","A2","P5999",""
"TL MOOSAPET BG TR RSD SHREE CEMENT","A2","P6000",""
"TL NIZAMABAD SC TR RSD SHREE CEMENT","A2","P6001",""
"TL NIZAMABAD BG TR RSD SHREE CEMENT","A2","P6002",""
"TL WARANGAL SC TR RSD SHREE CEMENT","A2","P6003",""
"TL WARANGAL BG TR RSD SHREE CEMENT","A2","P6004",""
"TL KARIMNAGAR SC TR RSD SHREE CEMEN","A2","P6005",""
"TL KARIMNAGAR BG TR RSD SHREE CEMEN","A2","P6006",""
"RJ BHANKROTA NT SHREE CEMENT LIMITE","A2","P6007",""
"RJ BHILWARA TR SHREE CEMENT LIMITED","A2","P6008",""
"BR PRATAPGANJ BG TR RSD SHREE CEMEN","A2","P6009",""
"BR PRATAPGANJ BG TR SHREE CEMENT LI","A2","P6010",""
"BR PRATAPGANJ SC TR RSD SHREE CEMEN","A2","P6011",""
"BR PRATAPGANJ SC TR SHREE CEMENT LI","A2","P6012",""
"RJ KACHOLA TR SHREE CEMENT LIMITED","A2","P6013",""
"GJ KATHWADA TR SHREE CEMENT LIMITED","A2","P6014",""
"GJ KATHWADAA? TR RSD SHREE CEMENT L","A2","P6015",""
"RJ JALORE TR SHREE CEMENT LIMITED","A2","P6016",""
"CH CHANDIGARH TR SHREE CEMENT LIMIT","A2","P6017",""
"MH JALGAON BG TR RSD SHREE CEMENT L","A2","P6018",""
"MH JALGAON SC TR RSD SHREE CEMENT L","A2","P6019",""
"MH AURANGABAD BG TR RSD SHREE CEMEN","","P6020",""
"MH AURANGABAD SC TR RSD SHREE CEMEN","","P6021",""
"WB NIMPURA TR SHREE CEMENT LIMITED","A2","P6022",""
"TL JADCHERLA BG TR RSD SHREE CEMENT","A2","P6023",""
"TL JADCHERLA SC TR RSD SHREE CEMENT","A2","P6024",""
"MH NASHIK BG TR RSD","A2","P6025",""
"MH NASHIK SC TR RSD","A2","P6026",""
"MH DHULE BG TR RSD","A2","P6027",""
"MH DHULE SC TR RSD","A2","P6028",""
"HP PARWANOO SC TR","A2","P6029",""
"BR RAGHOPUR SC TR  [VD]","A2","P6030",""
"HR BADSHAHPUR TR","A2","P6031",""
"UP ALIGARH BG TR RSD","A2","P6032",""
"BR WENA SC TR RSD","A2","P6033",""
"BR WENA BG TR RSD","A2","P6034",""
"UK TANAKPUR TR","A2","P6035",""
"UK JASPUR TR","A2","P6036",""
"RJ LAXMANGARH SC TR","","P6037",""
"RJ KOTA TR","","P6038",""
"PB AMRITSAR RS TR","A2","P6039",""
"PB AMRITSAR RS TR RSD","A2","P6040",""
"PB LUDHIANA SC TR RSD","A2","P6041",""
"PB LUDHIANA RS TR RSD","A2","P6042",""
"PB LUDHIANA BG TR RSD","A2","P6043",""
"PB LUDHIANA SC NT RSD","A2","P6044",""
"PB LUDHIANA RS NT RSD","A2","P6045",""
"PB LUDHIANA BG NT RSD","A2","P6046",""
"PB HOSHIARPUR BG TR RSD","","P6047",""
"PB HOSHIARPUR SC TR RSD","","P6048",""
"PB HOSHIARPUR RS TR RSD","","P6049",""
"PB HOSHIARPUR BG NT RSD","","P6050",""
"PB HOSHIARPUR SC NT RSD","","P6051",""
"PB HOSHIARPUR RS NT RSD","","P6052",""
"PB MOGA BG TR RSD","","P6053",""
"PB MOGA SC TR RSD","","P6054",""
"PB MOGA RS TR RSD","","P6055",""
"PB MOGA BG NT RSD","","P6056",""
"PB MOGA SC NT RSD","","P6057",""
"PB MOGA RS NT RSD","","P6058",""
"PB PATHANKOT BG TR RSD","","P6059",""
"PB PATHANKOT SC TR RSD","","P6060",""
"PB PATHANKOT RS TR RSD","","P6061",""
"PB PATHANKOT BG NT RSD","","P6062",""
"PB PATHANKOT SC NT RSD","","P6063",""
"PB PATHANKOT RS NT RSD","","P6064",""
"PB AMRITSAR RS NT RSD","A2","P6065",""
"PB AMRITSAR SC NT RSD","A2","P6066",""
"PB AMRITSAR BG NT RSD","A2","P6067",""
"HR YAMUNANAGAR-3 SC TR - Close","A2","P6068",""
"PB BHATINDA HUB TR","A2","P6069",""
"HP PARWANOO SC NT","A2","P6070",""
"KA NIPPANI TR","A2","P6071",""
"UP TILHAR TR","A2","P6072",""
"PB PHAGWARA TR","A2","P6073",""
"MH DONDIACHA BG TR RSD","A2","P6074",""
"MH DONDIACHA SC TR RSD","A2","P6075",""
"MH DONDAICHA BG TR","A2","P6076",""
"MH DONDAICHA SC TR","A2","P6077",""
"AP GUNTUR TR","A2","P6078",""
"UP ALIGARH TR","A2","P6079",""
"UP ALIGARH TR RSD","A2","P6080",""
"GJ THARAD? TR","A2","P6081",""
"WB SILIGURI BG TR","A2","P6082",""
"WB SILIGURI BG TR RSD","A2","P6083",""
"OD BHUBANESWAR BG TR","A2","P6084",""
"HR AMBALA TR","A2","P6085",""
"HR YAMUNA NAGAR TR","A2","P6086",""
"UP LUCKNOW BG NT RSD","A2","P6087",""
"UP BAHRAICH SC NT RSD","A2","P6088",""
"UP BAHRAICH BG NT RSD","A2","P6089",""
"UP HARDOI BG NT RSD","A2","P6090",""
"UP SITAPUR SC NT RSD","A2","P6091",""
"UP BC NT RL SITAPUR","A2","P6092",""
"UP SHAHJAHANPUR SC NT RSD","A2","P6093",""
"UP SHAHJAHANPUR BG NT RSD SHREE CEM","A2","P6094",""
"DL FATEHPUR BERI TR","A2","P6095",""
"DL KAPASHERA TR","A2","P6096",""
"DL ROHINI TR","A2","P6097",""
"DL SHIV VIHAR TR","A2","P6098",""
"HR BHIWANI TR","A2","P6099",""
"HR FATEHABAD TR","A2","P6100",""
"HR HISSAR TR","A2","P6101",""
"HR JHAJJAR TR","A2","P6102",""
"HR KARNAL TR","A2","P6103",""
"HR PALWAL TR","A2","P6104",""
"HR REWARI TR","A2","P6105",""
"HR ROHTAK TR","A2","P6106",""
"HR SIRSA TR","A2","P6107",""
"MP GWALIOR TR","A2","P6108",""
"PB AMRITSAR TR","A2","P6109",""
"PB BEAS TR","A2","P6110",""
"PB HOSHIARPUR TR","A2","P6111",""
"PB KHARAR TR","A2","P6112",""
"PB KURALI TR","A2","P6113",""
"PB LUDHIANA TR","A2","P6114",""
"PB MOGA TR","A2","P6115",""
"PB ROPAR TR","A2","P6116",""
"PB SANGRUR TR","A2","P6117",""
"RJ ALWAR TR","A2","P6118",""
"RJ BHARATPUR TR","A2","P6119",""
"RJ BIKANER TR","A2","P6120",""
"RJ CHURU TR","A2","P6121",""
"RJ DHOLPUR TR","A2","P6122",""
"RJ HANUMANGARH TR","A2","P6123",""
"RJ JHUNJHUNU TR","A2","P6124",""
"RJ KAROLI TR","A2","P6125",""
"RJ SIKAR TR","A2","P6126",""
"RJ SRIGANGANAAR TR","A2","P6127",""
"UK DEHRADOON TR","A2","P6128",""
"UK HARIDWAR TR","A2","P6129",""
"UK RISHIKESH TR","A2","P6130",""
"UK RUDRAPUR TR","A2","P6131",""
"UK VIKASHNAGAR TR","A2","P6132",""
"UP BAREILLY TR","A2","P6133",""
"UP BIJNOR TR","A2","P6134",""
"UP ETAH TR","A2","P6135",""
"UP GHAZIABAD TR","A2","P6136",""
"UP MATHURA TR","A2","P6137",""
"UP MEERUT TR","A2","P6138",""
"UP MORADABAD TR","A2","P6139",""
"UP MUZAFFARNAGAR TR","A2","P6140",""
"UP NOIDA TR","A2","P6141",""
"UP RAMPUR TR","A2","P6142",""
"UP SAHARANPUR TR","","P6143",""
"OD JALESWAR SC TR","A2","P6144",""
"OD PATRAPADA SC TR","A2","P6145",""
"OD ANGUL-II SC TR","A2","P6146",""
"OD BARHAMPUR SC TR","A2","P6147",""
"OD NAYAGARH SC TR","A2","P6148",""
"OD SUNDARGARH-II SC TR","A2","P6149",""
"OD ROURKELA SC TR","A2","P6150",""
"OD JHARSUGUDA -II SC TR","A2","P6151",""
"OD BOUDH-II SC TR","A2","P6152",""
"OD SONEPUR SC TR","A2","P6153",""
"OD BALANGIR SC TR","A2","P6154",""
"OD KANTABANJI SC TR","A2","P6155",""
"OD RAYAGADA -II SC TR","A2","P6156",""
"OD NABARANGPUR SC TR","A2","P6157",""
"OD KORAPUT SC TR","A2","P6158",""
"OD BARGRAH SC TR","A2","P6159",""
"UP BHADOHI TR","A2","P6160",""
"TL KAMAREDDY TR","A2","P6161",""
"TL RAJANNA SIRCILLA TR","A2","P6162",""
"TL THIMMAPUR (MANCHERIAL TR","A2","P6163",""
"TL SOFINAGAR (NIRMAL) TR","A2","P6164",""
"TL BOMMAKAL (KARIMNAGAR) TR","A2","P6165",""
"CG BILASPUR-TIFRA SC TR","A2","P6166",""
"BR SAMASTIPUR TR","A2","P6167",""
"BR SAMASTIPUR TR RSD","A2","P6168",""
"UK TANAKPUR NT","A2","P6169",""
"AP NELLORE-2 TR","A2","P6170",""
"AP ANANTHAPUR-2 TR","A2","P6171",""
"PB SUJANPUR RS TR","A2","P6172",""
"GJ BHARUCH TR","A2","P6173",""
"GJ GODHRA TR","A2","P6174",""
"AP NADIKUD RLY SHREE CEMENT LIMITED","A2","P6175",""
"UK RGU SHOP LAKSAR RETAIL SHREE CEM","A2","P6176",""
"MH KHAMGAON TR","A2","P6177",""
"PB SUJANPUR RS NT","A2","P6178",""
"OD JALESWAR BG TR","A2","P6179",""
"OD PATRAPADA BG TR","A2","P6180",""
"OD ANGUL BG TR","A2","P6181",""
"OD BERHAMPUR BG TR","A2","P6182",""
"OD NAYAGARH TR","A2","P6183",""
"OD SUNDARGARH BG TR","A2","P6184",""
"OD ROURKELA -II BG TR","A2","P6185",""
"OD JHARSUGUDA BG TR","A2","P6186",""
"OD BOUDH BG TR","A2","P6187",""
"OD SONEPUR BG TR","A2","P6188",""
"OD BALANGIR BG TR","A2","P6189",""
"OD KANTABANJI BG TR","A2","P6190",""
"OD RAYAGADA BG TR","A2","P6191",""
"OD NABARANGPUR-II BG TR","A2","P6192",""
"OD KORAPUT BG TR","A2","P6193",""
"OD BARGRAH BG TR","A2","P6194",""
"AP CUDDAPAH-2 TR","A2","P6195",""
"UK RISHIKESH SC TR RSD","A2","P6196",""
"UK RISHIKESH BG TR RSD","A2","P6197",""
"UK RISHIKESH RS TR RSD","A2","P6198",""
"JH JAMSHEDPUR SC TR","A2","P6199",""
"JH JAMSHEDPUR BG TR","A2","P6200",""
"CG KHARORA SC TR","A2","P6201",""
"CG TILDA SC TR","A2","P6202",""
"MH NANDED TR","A2","P6203",""
"GJ PALANPUR TR","A2","P6204",""
"BR MAHRAJGANJ SC TR","A2","P6205",""
"BR MAHRAJGANJ BG TR","A2","P6206",""
"BR NARKATIYAGANJ SC TR","A2","P6207",""
"BR NARKATIYAGANJ BG TR","A2","P6208",""
"BR MOHAMMADPUR SC TR  [VD]","A2","P6209",""
"BR MOHAMMADPUR BG TR  [VD]","A2","P6210",""
"KA DAVANGERE TR","A2","P6211",""
"JK UDHAMPUR SC NT","A2","P6212",""
"CH CHANDIGARH NT","A2","P6213",""
"PB KURALI NT","A2","P6214",""
"MP CHAUTHKHEDA NEEMU BG TR RSD","A2","P6215",""
"MP CHAUTHKHEDA NEEMU SC NT RSD","A2","P6216",""
"MP CHAUTHKHEDA NEEMU SC TR RSD","A2","P6217",""
"TL MALLAMPET TR","A2","P6218",""
"TL FALAKNAMA TR","A2","P6219",""
"WB BALIA TR","A2","P6220",""
"UP KUBERPUR BG TR RSD","A2","P6221",""
"UP KUBERPUR SC TR RSD","A2","P6222",""
"UP KUBERPUR RC TR RSD","A2","P6223",""
"UP KUBERPUR SC NT RSD","A2","P6224",""
"MP VIKRAM NAGAR SC NT RSD","A2","P6225",""
"MP VIKRAM NAGAR BG NT RSD","A2","P6226",""
"MP UJJAIN SC NT","A2","P6227",""
"MP UJJAIN BG NT","A2","P6228",""
"MP GANDHINAGAR SC TR","A2","P6229",""
"MP BADARKHA UJJAIN BG TR","A2","P6230",""
"MP UJJAIN HUB NT","A2","P6231",""
"AP TIRUPATHI-2 TR","A2","P6232",""
"RJ KANAKPURA TR","A2","P6233",""
"BR GOKULPUR (SARSI) SC TR RSD","A2","P6234",""
"BR GOKULPUR (SARSI) SC TR","A2","P6235",""
"BR MARHOWRAH SC TR","A2","P6236",""
"BR MARHOWRAH BG TR","A2","P6237",""
"BR SUGAULI SC TR","A2","P6238",""
"BR SUGAULI BG TR","A2","P6239",""
"UP BIJNOR BG NT","A2","P6240",""
"UP BIJNOR SC NT","A2","P6241",""
"UP BIJNOR-II RS NT","A2","P6242",""
"UP MEERUT BG NT","A2","P6243",""
"UP MEERUT RS NT","A2","P6244",""
"UP MEERUT SC NT","A2","P6245",""
"UP SAHARANPUR BG NT","A2","P6246",""
"UP SAHARANPUR SC NT","A2","P6247",""
"UP SAHARANPUR RS NT","A2","P6248",""
"GJ TR RL BHARUCH RSD","A2","P6250",""
"GJ BHARUCH TR NOT USE","","P6251",""
"GJ GODHRA TR RSD","","P6252",""
"GJ GODHRA TR NOT USE","","P6253",""
"GJ KARAMBELI TR RSD","","P6254",""
"GJ KARAMBELI TR","","P6255",""
"GJ MAHESANA TR RSD","","P6256",""
"GJ MAHESANA TR","","P6257",""
"GJ NADIAD TR RSD","","P6258",""
"GJ NADIAD TR","","P6259",""
"GJ NARODA TR RSD","","P6260",""
"GJ NARODA TR","","P6261",""
"GJ RAJKOT TR RSD","","P6262",""
"GJ RAJKOT TR","","P6263",""
"GJ BARDOLI TR RSD","","P6264",""
"GJ BARDOLI TR","","P6265",""
"GJ SURENDRANAGAR TR RSD","","P6266",""
"GJ SURENDRANAGAR TR","","P6267",""
"GJ VALSAD TR RSD","","P6268",""
"GJ VALSAD TR","","P6269",""
"GJ VARTEJ TR RSD","","P6270",""
"GJ VARTEJ TR","","P6271",""
"HR AMBALA CANTT. TR RSD","","P6272",""
"HR AMBALA CANTT. TR","","P6273",""
"HR FARIDABAD TR RSD","","P6274",""
"HR FARIDABAD TR","","P6275",""
"HR GURGAON TR RSD","","P6276",""
"HR GURGAON TR","","P6277",""
"HR KARNAL TR RSD","","P6278",""
"HR KARNAL TR NOT USE","","P6279",""
"HR KURUKSHETRA TR RSD","","P6280",""
"HR KURUKSHETRA TR","","P6281",""
"HR SHOLAKA TR RSD","","P6282",""
"HR SHOLAKA TR","","P6283",""
"HR PANIPAT TR RSD","","P6284",""
"HR PANIPAT TR","","P6285",""
"HR SATROD TR RSD","","P6286",""
"HR SATROD TR","","P6287",""
"JK BARI BRAHMAN TR RSD","","P6288",""
"JK BARI BRAHMAN TR","","P6289",""
"JK KATHUA TR RSD","","P6290",""
"JK KATHUA TR","","P6291",""
"JK MCT MAHAJAN TR RSD","","P6292",""
"JK MCT MAHAJAN TR","","P6293",""
"MP ANUPPUR TR RSD","","P6294",""
"MP ANUPPUR TR","","P6295",""
"MP ASHOK NAGAR TR RSD","","P6296",""
"MP PACHHARI BG TR","A2","P6297",""
"MP BALAGHAT TR RSD","","P6298",""
"MP BALAGHAT TR","","P6299",""
"MP BETUL TR RSD","","P6300",""
"MP MULTAI TR RSD","","P6301",""
"MP BETUL TR","","P6302",""
"MP MULTAI TR","","P6303",""
"MP NISHATPURA TR RSD","","P6304",""
"MP NISHATPURA TR","","P6305",""
"MP BURHANPUR TR RSD","","P6306",""
"MP BURHANPUR TR","","P6307",""
"MP DATIA TR RSD","","P6308",""
"MP DATIA TR","","P6309",""
"MP GUNA TR RSD","","P6310",""
"MP GUNA TR","","P6311",""
"MP HARDA TR RSD","","P6312",""
"MP HARDA TR","","P6313",""
"MP ITARSI TR RSD","","P6314",""
"MP ITARSI TR","","P6315",""
"MP GARHA TR RSD","","P6316",""
"MP KACHHPURA TR RSD","","P6317",""
"MP GARHA TR","","P6318",""
"MP KACHHPURA TR","","P6319",""
"MP KHANDWA TR RSD","","P6320",""
"MP KHANDWA TR","","P6321",""
"MP MANDLA FORT TR RSD","","P6322",""
"MP MANDLA FORT TR","","P6323",""
"MP BIYAVRA RAJGARH TR RSD","","P6324",""
"MP BIYAVRA RAJGARH TR","","P6325",""
"MP JAORA TR RSD","","P6326",""
"MP JAORA TR","","P6327",""
"MP REWA TR RSD","","P6328",""
"MP REWA TR","","P6329",""
"MP SEHORE SC TR RSD","A2","P6330",""
"MP SEHORE SC TR","A2","P6331",""
"MP SHAHDOL TR RSD","","P6332",""
"MP SHAHDOL TR","A2","P6333",""
"MP SHUJALPUR TR RSD","","P6334",""
"MP SHUJALPUR TR","","P6335",""
"MP SHIVPURI TR RSD","","P6336",""
"MP SHIVPURI TR","","P6337",""
"MP MAHIDPUR ROAD TR RSD","","P6338",""
"MP MAHIDPUR ROAD TR","","P6339",""
"UP SALARPUR TR RSD","","P6340",""
"UP MIRZAPUR TR","A2","P6341",""
"UP PHARIHA TR RSD","","P6342",""
"UP SONBHADRA TR","A2","P6343",""
"UP CHILWARIYA TR RSD","","P6344",""
"UP CHILWARIYA TR","","P6345",""
"UP PHEPHNA TR RSD","","P6346",""
"UP PHEPHNA TR","","P6347",""
"UP BALRAMPUR TR RSD","","P6348",""
"UP BALRAMPUR, TR","","P6349",""
"UP BARA BANKI TR RSD SHREE CEMENT L","A2","P6350",""
"UP BARA BANKI TR","A2","P6351",""
"UP BASTI TR RSD","","P6352",""
"UP BASTI TR","","P6353",""
"UP MBDD PRATAPGARH TR RSD","","P6354",""
"UP MBDD PRATAPGARH TR","","P6355",""
"UP DEORIA SADAR TR RSD","","P6356",""
"UP DEORIA SADAR TR","","P6357",""
"UP ETAH RLY TR [VD] SHREE CEMENT LI","A2","P6358",""
"UP ETAH TR [VD]","A1","P6359",""
"UP ETAWAH TR RSD","","P6360",""
"UP ETAWAH TR","","P6361",""
"UP NANDGANJ TR RSD","","P6362",""
"UP NANDGANJ TR","","P6363",""
"UP GOLA GOKARANNATH TR RSD","","P6364",""
"UP GOLA GOKARANNATH TR","","P6365",""
"UP GONDA KACHAHRI TR RSD","","P6366",""
"UP GONDA KACHAHRI TR","","P6367",""
"UP KUSMHI TR RSD","","P6368",""
"UP NAKAHA JUNGLE TR RSD","","P6369",""
"UP SARDARNAGAR TR RSD","","P6370",""
"UP KUSMHI TR","","P6371",""
"UP NAKAHA JUNGLE TR","","P6372",""
"UP SARDARNAGAR F TR","","P6373",""
"UP HATHRAS QILAH TR RSD","","P6374",""
"UP HATHRAS QILAH TR","","P6375",""
"UP SHAHGANJ TR RSD SHREE CEMENT LIM","A2","P6376",""
"UP SHAHGANJ TR","","P6377",""
"UP KHALILABAD TR RSD","","P6378",""
"UP KHALILABAD TR","","P6379",""
"UP AMAUSI TR RSD","","P6380",""
"UP AMAUSI TR","","P6381",""
"UP ANAND NAGAR TR RSD","","P6382",""
"UP ANAND NAGAR TR","","P6383",""
"UP MAHOBA TR RSD","","P6384",""
"UP MAHOBA TR","","P6385",""
"UP MAINPURI TR RSD","","P6386",""
"UP MAINPURI TR NOT USE","","P6387",""
"UP INDARA TR RSD","","P6388",""
"UP KHURAHAT TR RSD","","P6389",""
"UP MAU BG II TR","A2","P6390",""
"UP KHURAHAT TR","","P6391",""
"UP MIRZAPUR TR RSD","","P6392",""
"UP MIRZAPUR TR","","P6393",""
"UP MUZAFFARNAGAR TR RSD","","P6394",""
"UP MUZAFFARNAGAR TR NOT USE","","P6395",""
"UP PADRAUNA TR RSD","","P6396",""
"UP PADRAUNA TR","","P6397",""
"UP PILIBHIT TR RSD","","P6398",""
"UP PILIBHIT TR","","P6399",""
"UP IRADATGANJ TR RSD","","P6400",""
"UP NAINI TR RSD","","P6401",""
"UP IRADATGANJ TR","","P6402",""
"UP NAINI TR","","P6403",""
"UP RAE BARELI TR RSD","","P6404",""
"UP RAE BARELI TR","","P6405",""
"UP CHANDAUSI TR RSD","","P6406",""
"UP CHANDAUSI TR","","P6407",""
"UP SHIKOHABAD TR RSD","","P6408",""
"UP SHIKOHABAD TR","","P6409",""
"UP CHAUKHANDI TR RSD","","P6410",""
"UP SHIUPUR TR RSD","","P6411",""
"UP CHAUKHANDI TR","","P6412",""
"UP SHIUPUR TR","","P6413",""
"UK JWALAPUR TR RSD","","P6414",""
"UK JWALAPUR TR","","P6415",""
"UK KASHIPUR TR RSD","","P6416",""
"UK KASHIPUR TR","","P6417",""
"UP KANPUR SC NT RSD","A2","P6418",""
"UP FARUKKHABAD RS TR RSD SHREE CEME","A2","P6419",""
"UP FARUKKHABAD RS TR","A2","P6420",""
"KA SHIMOGA TR","A2","P6421",""
"KA BELLARY TR","A2","P6422",""
"MP SEHORE SC NT RSD","A2","P6423",""
"MP SEHORE SC NT","A2","P6424",""
"RJ PALI TR","A2","P6425",""
"RJ SWAROOPGANJ TR","A2","P6426",""
"GJ BHAVNAGAR TR","A2","P6427",""
"AP PEDAGARLAPADU YARD","A2","P6428",""
"AP VIJAYAWADA AUTONAGAR TR","A2","P6429",""
"AP BHIMAVARAM TR","A2","P6430",""
"AP TADEPALLIGUDEM TR","A2","P6431",""
"AP MANDAPETA TR","A2","P6432",""
"JK JAMMU SC NT","A2","P6439",""
"HP BHARJOUN SC NT","A2","P6440",""
"RJ DIDWANA TR","A2","P6441",""
"RJ KISHANGARH TR","A2","P6442",""
"RJ NAGAUR TR","A2","P6443",""
"HP DHALIARA BG TR","A2","P6444",""
"HP DEHAR RS TR","A2","P6445",""
"WB DHULIYAN BG TR RSD SHREE CEMENT","A2","P6446",""
"WB DHULIYAN BG TR","A2","P6447",""
"WB COSSIPORE ROAD-III  BC TR","A2","P6448",""
"WB COSSIPORE ROAD III BC TR RSD SHR","A2","P6449",""
"BR ARARIA BG TR","A2","P6450",""
"BR SARSI BG TR RSD SHREE CEMENT LIM","A2","P6451",""
"BR SARSI BG TR","A2","P6452",""
"AP JANGAREDDYGUDEM TR","A2","P6453",""
"AP SATRAMPADU (ELURU) TR","A2","P6454",""
"KA HOSADURGA TR","A2","P6455",""
"HP NAGROTA BAGWAN BG TR","A2","P6456",""
"WB NARAI SC TR","A2","P6457",""
"WB NARAI SC TR RSD SHREE CEMENT LIM","A2","P6458",""
"RJ BIJAY NAGAR TR","A2","P6459",""
"PB PATIALA NT","A2","P6460",""
"UP AHILWAR BUJURG BC TR RSD SHREE C","A2","P6461",""
"AP SATRAMPADU (ELURU) TR","A2","P6462",""
"HP TUNUHATTI BC TR","A2","P6463",""
"BR KATIHAR-III SC TR","A2","P6464",""
"BR KATIHAR-III SC TR RSD SHREE CEME","A2","P6465",""
"BR FATHEPUR BC TR [VD]","A2","P6466",""
"BR BALRAMPUR SC TR","A2","P6467",""
"UP MAINPURI RS TR","","P6468",""
"UP ETAWAH RS TR","","P6469",""
"BR MANSI (KHAGARIA)  SC TR","","P6470",""
"BR MANSI (KHAGARIA) SC TR RSD SHREE","","P6471",""
"BR JHANJHARPUR SC TR","","P6472",""
"BR JHANJHARPUR SC TR RSD SHREE CEME","","P6473",""
"BR JHANJHARPUR  BC TR","","P6474",""
"BR JHANJHARPUR BC TR RSD SHREE CEME","","P6475",""
"JH NAGARUNTARI SC TR [VD]","A2","P6476",""
"JH NAGARUNTARI BC TR [VD]","A2","P6477",""
"JH CHHATTARPUR SC TR [VD]","A2","P6478",""
"JH CHHATTARPUR BC TR [VD]","A2","P6479",""
"AP KOMMADI TR","A2","P6480",""
"AP PENDURTHI TR","A2","P6481",""
"JH GIRIDIH BG TR [VD]","A2","P6482",""
"JH MAHGAMA SC TR [VD]","A2","P6483",""
"OD BALARAMPRASAD SC TR [VD]","","P6484",""
"OD KAMAKHYANAGAR SC TR [VD]","A2","P6485",""
"OD GOPALPUR SC TR [VD]","A2","P6486",""
"OD PANIKOILI SC TR [VD]","A2","P6487",""
"OD JAJPUR SC TR [VD]","A2","P6488",""
"OD PADMAPUR SC TR [VD]","","P6489",""
"OD NACHUNI SC TR [VD]","","P6490",""
"OD CHANDANPUR SC TR [VD]","","P6491",""
"OD BASUDEVPUR SC TR [VD]","A2","P6492",""
"OD KENDRAPARA SC TR [VD]","","P6493",""
"OD UMERKOTE SC TR [VD]","","P6494",""
"OD BALARAMPRASAD BC TR [VD]","","P6495",""
"OD KAMAKHYANAGAR BC TR [VD]","A2","P6496",""
"OD GOPALPUR BC TR [VD]","A2","P6497",""
"OD PANIKOILI BC TR [VD]","A2","P6498",""
"OD JAJPUR BC TR [VD]","A2","P6499",""
"OD PADMAPUR BC TR [VD]","","P6500",""
"OD NACHUNI BC TR [VD]","","P6501",""
"OD CHANDANPUR BC TR [VD]","","P6502",""
"OD BASUDEVPUR BC TR [VD]","A2","P6503",""
"OD KENDRAPARA BC TR [VD]","","P6504",""
"OD UMERKOTE BC TR [VD]","","P6505",""
"JH KHARAGDIHA BC TR [VD]","A2","P6506",""
"JH KHARAGDIHA SC TR [VD]","A2","P6507",""
"HR RADOUR SC TR [VD]","A2","P6508",""
"HR RADOUR BC TR [VD]","A2","P6509",""
"HR RADOUR RS TR [VD]","A2","P6510",""
"D] MOHRA SC TR","A2","P6511",""
"HR MOHRA SC-II TR [VD]","A2","P6512",""
"HR MOHRA BC TR [VD]","A2","P6513",""
"HR MOHRA RS TR [VD]","A2","P6514",""
"JH CHAS SC TR [VD]","A2","P6515",""
"JH CHAS BC TR [VD]","A2","P6516",""
"JH CHATRA SC TR [VD]","A2","P6517",""
"JH CHATRA BC TR [VD]","A2","P6518",""
"GJ DAHOD BC TR","A2","P6519",""
"UP DEORIA BC NT RSD SHREE CEMENT LI","A2","P6520",""
"UP DEORIA BC NT","A2","P6521",""
"UP GORAKHPUR BC NT RSD SHREE CEMENT","A2","P6522",""
"UP GORAKHPUR BC NT","A2","P6523",""
"UP GORAKHPUR SC NT RSD SHREE CEMENT","A2","P6524",""
"UP GORAKHPUR SC NT","A2","P6525",""
"JH HAZARIBAG SC TR [VD]","A2","P6526",""
"JH HAZARIBAG BC TR [VD]","A2","P6527",""
"JH CHANDWA SC TR [VD]","A2","P6528",""
"JH CHANDWA BC TR [VD]","A2","P6529",""
"JH LATEHAR SC TR [VD]","A2","P6530",""
"JH LATEHAR BC TR [VD]","A2","P6531",""
"JH GARHWA SC TR [VD]","A2","P6532",""
"JH GARHWA BC TR [VD]","A2","P6533",""
"JH MAHARO SC TR [VD]","A2","P6534",""
"JH MAHARO BC TR [VD]","A2","P6535",""
"JH DORMA SC TR [VD]","A2","P6536",""
"JH DORMA BC TR [VD]","A2","P6537",""
"UP LONI RC TR [VD]","A2","P6538",""
"JH BARARHWA SC TR [VD]","A2","P6539",""
"JH BARARHWA BC TR [VD]","A2","P6540",""
"MP ALOTE SC TR","A2","P6541",""
"BR PIPRA KOTHI SC TR [VD]","A2","P6542",""
"BR PIPRA KOTHI BC TR [VD]","A2","P6543",""
"BR RAMGARHWA SC TR [VD]","A2","P6544",""
"BR KANTI SC TR [VD]","A2","P6545",""
"BR KANTI BC TR [VD]","A2","P6546",""
"BR PACHRUKHI SC TR [VD]","A2","P6547",""
"BR PACHRUKHI BC TR [VD]","A2","P6548",""
"BR BHAPTIAAHI SC TR [VD]","A2","P6549",""
"BR BHAPTIAAHI BC TR [VD]","A2","P6550",""
"BR KHAGRA SC TR [VD]","A2","P6551",""
"BR KHAGRA BC TR [VD]","A2","P6552",""
"BR KADIRGANJ SC TR [VD]","A2","P6553",""
"BR KADIRGANJ BC TR [VD]","A2","P6554",""
"BR MOKAMA SC TR [VD]","A2","P6555",""
"BR MOKAMA BC TR [VD]","A2","P6556",""
"BR BIHTA BC TR [VD]","A2","P6557",""
"BR IMAMGANJ SC TR [VD]","A2","P6558",""
"BR TAJPUR SC TR [VD]","A2","P6559",""
"BR TAJPUR BC TR [VD]","A2","P6560",""
"BR SAMHUTI SC TR [VD]","A2","P6561",""
"BR SAMHUTI BC TR [VD]","A2","P6562",""
"BR JAGDISHPUR SC TR [VD]","A2","P6563",""
"BR JAGDISHPUR BC TR [VD]","A2","P6564",""
"BR ATHMALGOLA SC TR [VD]","A2","P6565",""
"BR ATHMALGOLA BC TR [VD]","A2","P6566",""
"BR PAHARI SC TR [VD]-1","A2","P6567",""
"BR PAHARI SC TR [VD]-2","A2","P6568",""
"BR PAHARI BC TR [VD]","A2","P6569",""
"BR KANAHAULI SC TR [VD]","A2","P6570",""
"BR BIHAR SHARIF BC TR [VD]","A2","P6571",""
"RJ BEAWAR RS TR","A2","P6572",""
"GJ VAGUSANA SC TR [VD]","A2","P6573",""
"GJ VAGUSANA BC TR [VD]","A2","P6574",""
"UP DEVCHRA SC TR [VD]","A2","P6575",""
"UP DEVCHRA BC TR [VD]","A2","P6576",""
"UP DEVCHRA RS TR [VD]","A2","P6577",""
"UP AZAMGARH SC TR [VD]","A2","P6578",""
"UP AZAMGARH BC TR [VD]","A2","P6579",""
"RJ THIKARIYA SC TR [VD]","A2","P6580",""
"RJ THIKARIYA BC TR [VD]","A2","P6581",""
"RJ GOGUNDA TR","A2","P6582",""
"HR NATHUSARI CHOPTA SC TR [VD]","A2","P6583",""
"HR NATHUSARI CHOPTA BC TR [VD]","A2","P6584",""
"HR NATHUSARI CHOPTA RS TR [VD]","A2","P6585",""
"HR CHOUDHARYWAS SC TR [VD]","A2","P6586",""
"HR CHOUDHARYWAS BC TR [VD]","A2","P6587",""
"HR CHOUDHARYWAS RS TR [VD]","A2","P6588",""
"HR AMADALPUR SC TR [VD]","A2","P6589",""
"HR AMADALPUR BC TR [VD]","A2","P6590",""
"UP PATWAI SC TR [VD]","A2","P6591",""
"UP PATWAI SC TR [VD]-I","A2","P6592",""
"UP PATWAI BC TR [VD]","A2","P6593",""
"UP PATWAI RS TR [VD]","A2","P6594",""
"GJ PALODAR SC TR [VD]","A2","P6595",""
"GJ PALODAR BC TR [VD]","A2","P6596",""
"HP DHARAMPUR BC TR [VD]","A2","P6597",""
"HR RADOUR SC TR-I","A2","P6598",""
"JH NARAYANPUR SC TR [VD]","A2","P6599",""
"JH NARAYANPUR BC TR [VD]","A2","P6600",""
"JH BASTACOLA SC TR [VD]","A2","P6601",""
"JH BASTACOLA BC TR [VD]","A2","P6602",""
"UP GORAKHPUR-KAURIRAM SC TR [VD]","A2","P6603",""
"UP GORAKHPUR-KAURIRAM BC TR [VD]","A2","P6604",""
"MH SOLAPUR TR [VD]","A2","P6605",""
"RJ PALODA SC TR [VD]","A2","P6606",""
"RJ PALODA BC TR [VD]","A2","P6607",""
"JH JAMSHEDPUR SC TR [VD]","A2","P6608",""
"JH JAMSHEDPUR BC TR [VD]","A2","P6609",""
"TL JAGITYAL TR [VD]","A2","P6610",""
"TL KARIMNAGAR-BOMMAKAL TR [VD]","A2","P6611",""
"TL STHAMBAMPALLY TR [VD]","A2","P6612",""
"TL PEDDAPALLI TR [VD]","A2","P6613",""
"TL BHAINSA TR [VD]","A2","P6614",""
"TL PEDDAPALLI TR","A2","P6615",""
"TL BHAINSA TR","A2","P6616",""
"AP ANANTAPUR TR [VD]","A2","P6617",""
"AP TADEPALLE TR [VD]","A2","P6618",""
"AP CUDDAPAH TR [VD]","A2","P6619",""
"RJ KHOONTA-DHARIAWAD TR","A2","P6620",""
"KA BELGAUM TR [VD]","A2","P6621",""
"KA KALABURAGI TR [VD]","A2","P6622",""
"BR SUGAULI SC TR [VD]","A2","P6623",""
"BR SUGAULI BC TR [VD]","A2","P6624",""
"BR BAIKUNTHPUR SC TR [VD]","A2","P6625",""
"BR BAIKUNTHPUR BC TR [VD]","A2","P6626",""
"BR NALANDA-NIRPUR SC TR [VD]","A2","P6627",""
"BR BARBIGHA SC TR [VD]","A2","P6628",""
"BR BARBIGHA BC TR [VD]","A2","P6629",""
"BR CHAKSIKANDAR SC TR [VD]","A2","P6630",""
"BR DIGHIKALAN BC TR [VD]","A2","P6631",""
"MH ALANDI TR [VD]","A2","P6632",""
"MH KOLHAPUR-SHIROLI TR [VD]","A2","P6633",""
"JH MANDAR SC TR [VD]","A2","P6634",""
"JH MANDAR-I BC TR [VD]","A2","P6635",""
"JH MANDAR-II BC TR [VD]","A2","P6636",""
"JH PATRATU SC TR [VD]","A2","P6637",""
"JH PATRATU BC TR [VD]","A2","P6638",""
"JH KHALARI SC TR [VD]","A2","P6639",""
"JH KHALARI BC TR [VD]","A2","P6640",""
"GJ ANKLESHWAR SC TR RSD SHREE CEMEN","A2","P6641",""
"GJ ANKLESHWAR BC TR RSD SHREE CEMEN","A2","P6642",""
"GJ BHARUCH BC TR RSD SHREE CEMENT L","A2","P6643",""
"BR KOINI SC TR [VD]","A2","P6644",""
"BR KOINI BC TR [VD]","A2","P6645",""
"BR BHAGWATIPUR SC TR [VD]","A2","P6646",""
"BR BHAGWATIPUR BC TR [VD]","A2","P6647",""
"BR SAHSARAON SC TR [VD]","A2","P6648",""
"BR SAHSARAON BC TR [VD]","A2","P6649",""
"BR BAIKUNTHWA SC TR [VD]","A2","P6650",""
"BR BAIKUNTHWA BG TR [VD]","A2","P6651",""
"BR SATWARIA SC TR [VD]","A2","P6652",""
"BR SATWARIA BC TR [VD]","A2","P6653",""
"BR KADIPUR-NAGRA SC TR [VD]","A2","P6654",""
"BR KADIPUR-NAGRA BC TR [VD]","A2","P6655",""
"BR GOHATTI- TIKUNA SC TR [VD]","A2","P6656",""
"BR GOHATTI-TIKUNA  BC TR [VD]","A2","P6657",""
"KA KHANAPUR TR","A2","P6658",""
"BR ARARIA-II SC TR RSD SHREE CEMENT","A2","P6659",""
"BR ARARIA-II SC TR","A2","P6660",""
"BR KASAP SC TR [VD]","A2","P6661",""
"BR KASAP BC TR [VD]","A2","P6662",""
"MH SANGLI-BHOSE TR [VD]","A2","P6663",""
"OD SORO SC TR [VD]","A2","P6664",""
"OD SORO BC TR [VD]","A2","P6665",""
"OD JEYPORE SC TR [VD]","A2","P6666",""
"OD JEYPORE BC TR [VD]","A2","P6667",""
"OD BANARPAL SC TR [VD]","A2","P6668",""
"OD BANARPAL BC TR [VD]","A2","P6669",""
"OD BASTA SC TR [VD]","A2","P6670",""
"OD BASTA BC TR [VD]","A2","P6671",""
"OD DHENKANAL BC TR [VD]","A2","P6672",""
"JH ITKI-SEMRA SC TR [VD]","A2","P6673",""
"JH ITKI-SEMRA I BC TR [VD]","A2","P6674",""
"JH ITKI-SEMRA II BC TR [VD]","A2","P6675",""
"JH KAITHA SC TR [VD]","A2","P6676",""
"JH KAITHA BC TR [VD]","A2","P6677",""
"KA HARIHARA-DAVANAGERE TR [VD]","A2","P6678",""
"KA HOLALURU-SHIMOGA TR [VD]","A2","P6679",""
"GJ BOTAD SC TR","A2","P6680",""
"JH BUKRU KANKE SC TR [VD]","A2","P6681",""
"JH BUKRU KANKE BG TR [VD]","A2","P6682",""
"MP TILHARI-JABALPUR SC TR [VD]","A2","P6683",""
"MP TILHARI-JABALPUR BG TR [VD]","A2","P6684",""
"JH CHADI- GOLA SC TR [VD]","A2","P6685",""
"JH CHADI- GOLA BG TR [VD]","A2","P6686",""
"GJ GAMBHOI SC TR [VD]","A2","P6687",""
"GJ GAMBHOI BG TR [VD]","A2","P6688",""
"GJ GAMBHOI RS TR [VD]","A2","P6689",""
"JH BUKRU KANKE-II BC TR [VD]","A2","P6690",""
"JH PETERWAR SC TR [VD]","A2","P6691",""
"JH PETERWAR BG TR [VD]","A2","P6692",""
"PB NAWANSHAHAR SC TR [VD]","A2","P6693",""
"PB NAWANSHAHAR BG TR [VD]","A2","P6694",""
"PB NAWANSHAHAR RC TR [VD]","A2","P6695",""
"HR KADIPUR BG TR","A2","P6696",""
"PB NAWANSHAHR SC TR [VD]","","P6697",""
"MH KUMBHAVE TR [VD]","A2","P6698",""
"MH WATHAR STATION TR","A2","P6699",""
"BR MATHURAPUR SC TR [VD]","A2","P6700",""
"BR MATHURAPUR BG TR [VD]","A2","P6701",""
"BR BHAGALPUR SC TR [VD]","A2","P6702",""
"BR BHAGALPUR BG TR [VD]","A2","P6703",""
"GJ RUNI-PATAN RS TR","A2","P6704",""
"RJ THAIYAT BG TR [VD]","A2","P6705",""
"JH SARWAN SC TR [VD]","A2","P6706",""
"JH SARWAN BG TR [VD]","A2","P6707",""
"GJ SARKHEJ TR","A2","P6708",""
"TL BOLLARAM RMC","A2","P6709",""
"UP SIDKI BG TR-6710","A2","P6710",""
"MH PARALE TR [VD]","A2","P6711",""
"AP KAKINADA TR","A2","P6712",""
"AP RAJAHMUNDRY TR","A2","P6713",""
"BR NIRMALI SC TR [VD]","A2","P6714",""
"BR NIRMALI BG TR [VD]","A2","P6715",""
"UP SIDKI SC TR-6716","A2","P6716",""
"BR CHAKSIKANDAR TR [VD]","A2","P6717",""
"HR KALANWALI BG TR","A2","P6718",""
"HR REWARI TR","A2","P6719",""
"HR NARNAUL TR","A2","P6720",""
"PB NAWANSHAHR BG TR","A2","P6721",""
"PB NAWANSHAHR RS TR","A2","P6722",""
"PB NAWANSHAHR TR","A2","P6723",""
"RJ RANI TR","A2","P6724",""
"BR VAISHALI BG TR [VD]","A2","P6725",""
"UP CHUTMALPUR RS TR [VD]","A2","P6726",""
"BR RAMGARHWA BG TR [VD]","A2","P6727",""
"BR TURKI SC TR [VD]","A2","P6728",""
"BR TURKI BG TR [VD]","A2","P6729",""
"BR UBER SC TR [VD]","A2","P6730",""
"BR UBER BG TR [VD]","A2","P6731",""
"UP GABHANA BG TR [VD]","A2","P6732",""
"UP GABHANA RC TR [VD]","A2","P6733",""
"UP GABHANA SC TR [VD]","A2","P6734",""
"KA KOPPAL TR","A2","P6735",""
"HR CHANDIMANDIR TR","A2","P6736",""
"PB BUNGA SAHIB TR","A2","P6737",""
"WB BOYERMARI SC TR [VD]","A2","P6738",""
"WB BOYERMARI BG TR [VD]","A2","P6739",""
"WB LALKANDIER SC TR [VD]","A2","P6740",""
"WB LALKANDIER BG TR [VD]","A2","P6741",""
"WB KULSONA SC TR [VD]","A2","P6742",""
"WB KULSONA BG TR [VD]","A2","P6743",""
"WB VIDYANAGAR SC TR [VD]","A2","P6744",""
"WB VIDYANAGAR BG TR [VD]","A2","P6745",""
"WB JHANDA 2 SC TR [VD]","A2","P6746",""
"WB JHANDA 2 BG TR [VD]","A2","P6747",""
"WB KARIMPUR 2 SC TR [VD]","A2","P6748",""
"WB KARIMPUR 2 BG TR [VD]","A2","P6749",""
"HR SONEPAT TR SHREE CEMENT LIMITED","A2","P6750",""
"PB JALANDHAR TR","A2","P6751",""
"PB LUDHIANA TR","A2","P6752",""
"PB HOSHIARPUR TR","A2","P6753",""
"BR EKMI BG TR [VD]","A2","P6754",""
"BR EKMI SC TR [VD]","A2","P6755",""
"BR MEHSI BG TR [VD]","A2","P6756",""
"BR MEHSI SC TR [VD]","A2","P6757",""
"HR KARNAL TR","A2","P6758",""
"HR KURUKSHETRA TR","A2","P6759",""
"MP RATLAM TR","A2","P6760",""
"MP RATLAM TR RSD SHREE CEMENT LIMIT","A2","P6761",""
"MP ALOTE TR","A2","P6762",""
"MP MANDSAUR TR","A2","P6763",""
"HR HISSAR TR","A2","P6764",""
"HR ROHTAK TR","A2","P6765",""
"RJ RAJSAMAND (KANKROLI) TR","A2","P6766",""
"GJ ANAND TR","A2","P6767",""
"RJ VAISHALI CITY PAL TR","A2","P6768",""
"RJ CHANDERIYA (CHITTORGARH) TR","A2","P6769",""
"RJ KOTA TR","A2","P6770",""
"PB AMRITSAR TR","A2","P6771",""
"BR CHANAURAGANJ BG TR VD","A2","P6772",""
"BR CHANAURAGANJ SC TR VD","A2","P6773",""
"BR PURAINI BG TR VD","A2","P6774",""
"BR PURAINI SC TR VD","A2","P6775",""
"WB JOYPUR TR VD","A2","P6776",""
"RJ SHAHPURA (BHILWARA) TR","A2","P6777",""
"UP PRAGYARAJ TR","A2","P6778",""
"MP NEEMUCH TR","A2","P6779",""
"RJ CHOMU TR","A2","P6780",""
"RJ MATA KA THAN TR","A2","P6781",""
"RJ BHANKROTA TR","A2","P6782",""
"RJ RAMSINGHPURA TR","A2","P6783",""
"RJ SADWA TR","A2","P6784",""
"RJ SHAHPURA TR","A2","P6785",""
"RJ MACHEDA TR","A2","P6786",""
"RJ KANOTA TR","A2","P6787",""
"RJ BEHROR TR","A2","P6788",""
"RJ MANAKA TR","A2","P6789",""
"RJ BHARATPUR TR","A2","P6790",""
"RJ DEEG TR","A2","P6791",""
"RJ BEAWAR TR","A2","P6792",""
"RJ SUKHER (UDAIPUR) TR","A2","P6793",""
"RJ TRANSPORT NAGAR (UDAIPUR) TR","A2","P6794",""
"RJ DUNGERPUR TR","A2","P6795",""
"UP IRADUTTGANJ TR RSD SHREE CEMENT","A2","P6796",""
"UP NAINI TR RSD SHREE CEMENT LIMITE","A2","P6797",""
"RJ REENGUS TR","A2","P6798",""
"RJ FATEHPUR TR","A2","P6799",""
"RJ CHIRAWA TR","A2","P6800",""
"RJ GUDHA GORJI TR","A2","P6801",""
"RJ NAWALGARH TR","A2","P6802",""
"RJ RATANGARH TR","A2","P6803",""
"RJ SAHWA TR","A2","P6804",""
"RJ SARDARSHAHAR TR","A2","P6805",""
"RJ KOTPUTLI RS TR","A2","P6806",""
"RJ KHAIRTHAL TR","A2","P6807",""
"RJ KAITHWARA TR","A2","P6808",""
"RJ BHADOTI TR","A2","P6809",""
"RJ SAWAI MADHOPUR TR","A2","P6810",""
"RJ HINDON CITY TR","A2","P6811",""
"RJ TONK TR","A2","P6812",""
"OD JAJPUR TOWN TR","A2","P6813",""
"OD BHADRAK TR","A2","P6814",""
"OD BHUBANESWAR-1 TR","A2","P6815",""
"OD BERHAMPUR TR","A2","P6816",""
"OD KHODRA TR","A2","P6817",""
"OD BALIAPAL TR","A2","P6818",""
"PB BATALA TR","A2","P6819",""
"PB MOGA TR","A2","P6820",""
"GJ ASLALI TR","A2","P6821",""
"GJ BHUJ TR","A2","P6822",""
"GJ JOLWA TR","A2","P6823",""
"UK RUDRAPUR TR","A2","P6824",""
"UK HALDWANI TR","A2","P6825",""
"UK TANAKPUR TR","A2","P6826",""
"UK KASHIPUR TR","A2","P6827",""
"PB RAJPURA TR","A2","P6828",""
"PB RAJPURA NT","A2","P6829",""
"UK RAM NAGAR TR","A2","P6830",""
"UP ETAWAH TR","A2","P6831",""
"GJ MEHSANA TR","A2","P6832",""
"GJ HIMMATNAGAR TR","A2","P6833",""
"RJ SIKANDARA TR","A2","P6834",""
"DL FATEHPUR BERI TR","A2","P6835",""
"DL KAKROLA TR","A2","P6836",""
"DL GHAZIPUR TR","A2","P6837",""
"DL BURARI TR","A2","P6838",""
"DL NASIRPUR TR","A2","P6839",""
"DL ROHINI TR","A2","P6840",""
"DL NARELA TR","A2","P6841",""
"DL SHAHADARA TR","A2","P6842",""
"DL SHIV VIHAR TR","A2","P6843",""
"DL SHAKURBASTI TR","A2","P6844",""
"DL BADARPUR TR","A2","P6845",""
"DL TUGHLAKABAD TR","A2","P6846",""
"DL SHAKURBASTI TR RSD SHREE CEMENT","A2","P6847",""
"UP LONI TR","A2","P6848",""
"KA DEVANAHALLI TR VD","A2","P6849",""
"BR FATUHA TR","A2","P6850",""
"BR FATUHA TR RSD SHREE CEMENT LIMIT","A2","P6851",""
"UP KAUSHAMBI TR","A2","P6852",""
"UP BAREILLY TR","A2","P6853",""
"UP MORADABAD TR","A2","P6854",""
"UP RAMPUR TR","A2","P6855",""
"UP PILIBHIT TR","A2","P6856",""
"UP VARANASI TR","A2","P6857",""
"UP SHIVPUR TR","A2","P6858",""
"UP PRATAPGARH TR","A2","P6859",""
"UP AMETHI TR","A2","P6860",""
"UP AMETHI TR RSD SHREE CEMENT LIMIT","A2","P6861",""
"UP BAHRAICH TR","A2","P6862",""
"UP BAHRAICH TR RSD SHREE CEMENT LIM","A2","P6863",""
"UP LAKHIMPUR TR","A2","P6864",""
"UP LAKHIMPUR TR RSD SHREE CEMENT LI","A2","P6865",""
"UP HARDOI TR","A2","P6866",""
"UP HARDOI TR RSD SHREE CEMENT LIMIT","A2","P6867",""
"UP SHAHJAHANPUR TR","A2","P6868",""
"UP SHAHJAHANPUR TR RSD SHREE CEMENT","A2","P6869",""
"UP SITAPUR TR","A2","P6870",""
"UP SITAPUR TR RSD SHREE CEMENT LIMI","A2","P6871",""
"UP FATEHPUR TR","A2","P6872",""
"UP FATEHPUR TR RSD SHREE CEMENT LIM","A2","P6873",""
"UP FATEHPUR NT RSD SHREE CEMENT LIM","A2","P6874",""
"UP KANPUR RS TR","A2","P6875",""
"UP KANPUR RS TR RSD SHREE CEMENT LI","A2","P6876",""
"UP AKBARPUR KAN DEHAT TR","A2","P6877",""
"UP LUCKNOW TR","A2","P6878",""
"UP LUCKNOW TR RSD SHREE CEMENT LIMI","A2","P6879",""
"UP BARABANKI TR","A2","P6880",""
"UP UNNAO TR","A2","P6881",""
"UP BASTI TR","A2","P6882",""
"UP GORAKHPUR TR","A2","P6883",""
"UP GORAKHPUR TR RSD SHREE CEMENT LI","A2","P6884",""
"UP MAHARAJGANJ TR","A2","P6885",""
"UP SANTKABIRNAGAR TR","A2","P6886",""
"UP GONDA TR","A2","P6887",""
"UP GONDA TR RSD SHREE CEMENT LIMITE","A2","P6888",""
"UP SULTANPUR TR","A2","P6889",""
"UP SULTANPUR TR RSD SHREE CEMENT LI","A2","P6890",""
"UP GHAZIPUR TR","A2","P6891",""
"UP BALLIA TR","A2","P6892",""
"UP JAUNPUR TR","A2","P6893",""
"UP AZAMGARH TR","A2","P6894",""
"UP DEORIA TR","A2","P6895",""
"UP AYODHYA TR","A2","P6896",""
"UP AYODHYA TR RSD SHREE CEMENT LIMI","A2","P6897",""
"UP KHUSHINAGAR TR","A2","P6898",""
"UP MAU TR","A2","P6899",""
"RJ BADI SADRI TR","A2","P6900",""
"RJ BANSWARA TR","A2","P6901",""
"RJ BEGUN TR","A2","P6902",""
"RJ BUNDI TR","A2","P6903",""
"RJ DABOK TR","A2","P6904",""
"RJ JHALAWAR TR","A2","P6905",""
"RJ KEKRI TR","A2","P6906",""
"RJ MALPURA TR","A2","P6907",""
"RJ NIMBAHERA TR","A2","P6908",""
"RJ PACHPADRA TR","A2","P6909",""
"RJ PEEND TR","A2","P6910",""
"RJ PRATAPGARH TR","A2","P6911",""
"RJ SAGWARA TR","A2","P6912",""
"RJ SALUMBAR TR","A2","P6913",""
"RJ SIRODI TR","A2","P6914",""
"OD BHOGRAI TR VD","A2","P6915",""
"OD KANIHA TR VD","A2","P6916",""
"OD KAKATPUR TR VD","A2","P6917",""
"OD CHHENDIPADA TR VD","A2","P6918",""
"OD BHANJANAGAR TR VD","A2","P6919",""
"MP GANDHINAGAR TR","A2","P6920",""
"MP UMARIYA TR","A2","P6921",""
"BR GAYA TR","A2","P6922",""
"RJ AJMER TR","A2","P6923",""
"RJ JHALAMAND TR","A2","P6924",""
"UP GHAZIABAD TR","A2","P6925",""
"UP HAPUR TR","A2","P6926",""
"UP NOIDA TR","A2","P6927",""
"UP GREATER NOIDA TR","A2","P6928",""
"HP NAGROTA TR","A2","P6929",""
"UK DOIWALA TR","A2","P6930",""
"UK KOTDWAR TR","A2","P6931",""
"UK KOTDWAR-1 TR","A2","P6932",""
"UK SULTANPUR MAZRI TR","A2","P6933",""
"RJ TRIVENI (BILWARA) TR","A2","P6934",""
"UP GORAKPUR TR","A2","P6935",""
"GJ ANJAR TR","A2","P6936",""
"JH SAHIBGANJ TR VD","A2","P6937",""
"JH GIRIDIH TR VD","A2","P6938",""
"JH NONIHAT TR VD","A2","P6939",""
"JH SINGHRAWAN SC TR VD","A2","P6940",""
"JH SINGHRAWAN BC TR VD","A2","P6941",""
"GJ DAHOD TR","A2","P6942",""
"MP CAT ROAD-INDORE TR","A2","P6943",""
"UK RISHIKESH NT","A2","P6944",""
"UK DEHRADOON NT","A2","P6945",""
"MP INDORE TR","A2","P6946",""
"MP INDORE TR RSD SHREE CEMENT LIMIT","A2","P6947",""
"BR SHEIKHPURA TR","A2","P6948",""
"UK DEHRADUN SC TR RSD SHREE CEMENT","A2","P6949",""
"UK DEHRADUN SC NT RSD SHREE CEMENT","A2","P6950",""
"UK DEHRADUN RS TR RSD SHREE CEMENT","A2","P6951",""
"UK DEHRADUN RS NT RSD SHREE CEMENT","A2","P6952",""
"UK DEHRADUN BG TR RSD SHREE CEMENT","A2","P6953",""
"UK DEHRADUN BG NT RSD SHREE CEMENT","A2","P6954",""
"RJ PALI-2 TR","A2","P6960",""
"RJ MARWAR JUNCTION TR","A2","P6961",""
"UK VIKASNAGAR SC NT","A2","P6962",""
"CG BHANPURI TR","A2","P6963",""
"CG MANDIR HASAUD TR","A2","P6964",""
"CG MOWA TR","A2","P6965",""
"UP SAHSON TR","A2","P6966",""
"RJ BIKANER-2 TR","A2","P6967",""
"HR KARNAL TR RSD SHREE CEMENT LIMIT","A2","P6968",""
"HR KARNAL NT  RSD SHREE CEMENT LIMI","A2","P6969",""
"HR AMBALA CITY SC TR RSD SHREE CEME","A2","P6970",""
"HR AMBALA CANTT SC TR RSD SHREE CEM","A2","P6971",""
"HR AMBALA CITY RS TR RSD SHREE CEME","A2","P6972",""
"HR AMBALA CANTT SC NT RSD SHREE CEM","A2","P6973",""
"UP MAHOBA TR","A2","P6976",""
"UP MAHOBA TR RSD","A2","P6977",""
"UP HAMIRPUR TR","A2","P6978",""
"UP CHITRAKOOT TR","A2","P6979",""
"UP SHRAWASTI TR","A2","P6980",""
"UP BANDA TR","A2","P6981",""
"OD PURI TR RD","A2","P6982",""
"OD DASPALLA TR VD","A2","P6983",""
"JK KATHUA TR","A2","P6984",""
"JK KATHUA NT","A2","P6985",""
"JK BARI BRAHMANA RSD SHREE CEMENT L","A2","P6986",""
"JK BARI BRAHMANA RD","A2","P6987",""
"UP BC NT RD BAREILLY","A2","P6988",""
"HR HISSAR BG TR RSD SHREE CEMENT LI","A2","P6989",""
"HR HISSAR SC TR RSD SHREE CEMENT LI","A2","P6990",""
"HR HISSAR RS TR RSD SHREE CEMENT LI","A2","P6991",""
"HR HISSAR BG NT RSD SHREE CEMENT LI","A2","P6992",""
"HR HISSAR SC NT RSD SHREE CEMENT LI","A2","P6993",""
"HR HISSAR RS NT RSD SHREE CEMENT LI","A2","P6994",""
"HR YAMUNA NAGAR BG TR RSD SHREE CEM","A2","P6995",""
"HR YAMUNANAGAR SC TR RSD SHREE CEME","A2","P6996",""
"HR YAMUNA NAGAER RS TR RSD SHREE CE","A2","P6997",""
"HR YAMUNANAGAR-2 SC TR RSD","A2","P6998",""
"HR YAMUNA NAGAR BG NT RSD SHREE CEM","A2","P6999",""
"AP ADONI SOW","A2","P7000",""
"AP ANANTHAPURAMU SOW","A2","P7001",""
"AP CUDDAPAH SOW","A2","P7002",""
"AP KURNOOL SOW","A2","P7003",""
"AP NANDYAL SOW","A2","P7004",""
"AP NELLORE SOW","A2","P7005",""
"AP YOGIMALLVARAM SOW","A2","P7006",""
"BR ARA SOW","A2","P7007",""
"BR ASTHAWAN SOW","A2","P7008",""
"BR AUNTA SOW","A2","P7009",""
"BR AURAI SOW","A2","P7010",""
"BR BARH SOW","A2","P7011",""
"BR BATHNAHA SOW","A2","P7012",""
"BR BEGUSARAI SOW","A2","P7013",""
"BR BETTIAH SOW","A2","P7014",""
"BR BHAIROGANJ SOW","A2","P7015",""
"BR BHUPATI SOW","A2","P7016",""
"BR BIHAR SHARIF SOW","A2","P7017",""
"BR BUXAR SOW","A2","P7018",""
"BR CHAKARDAHA SOW","A2","P7019",""
"BR CHAKIA SOW","A2","P7020",""
"BR CHHAPRA SOW","A2","P7021",""
"BR DARBHANGA SOW","A2","P7022",""
"BR DUMARIA SOW","A2","P7023",""
"BR FATHUA SOW","A2","P7024",""
"BR FORBESGANJ SOW","A2","P7025",""
"BR GAYA SOW","A2","P7026",""
"BR GOH SOW","A2","P7027",""
"BR GOPALGANJ SOW","A2","P7028",""
"BR GULABBAGH ZERO MILE SOW","A2","P7029",""
"BR JAGDISHPUR SOW","A2","P7030",""
"BR JAMUI SOW","A2","P7031",""
"BR JANDAHA SOW","A2","P7032",""
"BR JEHANABAD SOW","A2","P7033",""
"BR JHAJHA SOW","A2","P7034",""
"BR KANAHAULI SOW","A2","P7035",""
"BR KARPI SOW","A2","P7036",""
"BR KARPORIGRAM SOW","A2","P7037",""
"BR KATIHAR SOW","A2","P7038",""
"BR KHAGARIA SOW","A2","P7039",""
"BR KHUTOUNA SOW","A2","P7040",""
"?BR BAHADURGANJ SOW","A2","P7041",""
"BR LAKHISARAI SOW","A2","P7042",""
"BR MADHEPURA SOW","A2","P7043",""
"BR MADHUBANI SOW","A2","P7044",""
"BR MASHRAK SOW","A2","P7045",""
"BR MOTIHARI SOW","A2","P7046",""
"BR MUNGER SOW","A2","P7047",""
"BR MUZAFFARPUR SOW","A2","P7048",""
"BR NAUGACHIA SOW","A2","P7049",""
"BR NAUGACHIA PAKRA SOW","A2","P7050",""
"BR NAWADA SOW","A2","P7051",""
"BR PATNA BY PASS SOW","A2","P7052",""
"BR PHULWARI SHARIF SOW","A2","P7053",""
"BR PURNEA SOW","A2","P7054",""
"BR RAGHOPUR SOW","A2","P7055",""
"BR RAJAUN SOW","A2","P7056",""
"BR RAXAUL SOW","A2","P7057",""
"BR ROSERA SOW","A2","P7058",""
"BR SAHAPUR SOW","A2","P7059",""
"BR SAHARSA SOW","A2","P7060",""
"BR SAMASTIPUR SOW","A2","P7061",""
"BR SARAI SOW","A2","P7062",""
"BR SASARAM SOW","A2","P7063",""
"BR SEIKHPURA SOW","A2","P7064",""
"BR SHEOHAR SOW","A2","P7065",""
"BR SITAMARHI SOW","A2","P7066",""
"BR SIWAIPATTI SOW","A2","P7067",""
"BR SIWAN SOW","A2","P7068",""
"BR TANDWA SOW","A2","P7069",""
"BR TIKANI SOW","A2","P7070",""
"BR UJAN SOW","A2","P7071",""
"BR VAISHALI SOW","A2","P7072",""
"BR WARISALIGANJ SOW","A2","P7073",""
"CG AKALTARA SOW","A2","P7074",""
"CG BALOD SOW","A2","P7075",""
"CG BHATAGAON SOW","A2","P7076",""
"CG BHILAI SOW","A2","P7077",""
"CG BILASPUR SOW","A2","P7078",""
"CG CHAMPA SOW","A2","P7079",""
"CG DHAMTARI SOW","A2","P7080",""
"CG DURG SOW","A2","P7081",""
"CG GOGAON SOW","A2","P7082",""
"CG JANJGIR SOW","A2","P7083",""
"CG KHORPA SOW","A2","P7084",""
"CG KOMAKHAN SOW","A2","P7085",""
"CG KORBA SOW","A2","P7086",""
"CG MANDIR HASOD SOW","A2","P7087",""
"CG MOWA SOW","A2","P7088",""
"CG MUNGELI SOW","A2","P7089",""
"CG RAIGARH SOW","A2","P7090",""
"CG RAIPUR SOW","A2","P7091",""
"CG RAIPUR TRANSPORT NGR TR SOW","A2","P7092",""
"CG RAJNANDGAON SOW","A2","P7093",""
"CG SAKRI SOW","A2","P7094",""
"CG SANTOSHI NAGAR SOW","A2","P7095",""
"CG SARAIPALI SOW","A2","P7096",""
"DL GHAZIPUR SOW","","P7097",""
"DL PALAM SOW","A2","P7098",""
"GJ ADALAJ SOW","A2","P7099",""
"GJ ADLAJ (GANDHINAGAR) SOW","A2","P7100",""
"GJ ANAND SOW","A2","P7101",""
"GJ ANKLESWAR SOW","A2","P7102",""
"GJ ASLALI SOW","A2","P7103",""
"GJ BAKROL SOW","A2","P7104",""
"GJ BHUJ SOW","A2","P7105",""
"GJ BODELI SOW","A2","P7106",""
"GJ DABHAN SOW","A2","P7107",""
"GJ DAHOD SOW","A2","P7108",""
"GJ GANDHIDHAM SOW","A2","P7109",""
"GJ GODHRA SOW","A2","P7110",""
"GJ HIMMATNAGAR SOW","A2","P7111",""
"GJ JOLWA SOW","A2","P7112",""
"GJ MEHSANA SOW","A2","P7113",""
"GJ NIYOL SOW","A2","P7114",""
"GJ PALANPUR SOW","A2","P7115",""
"GJ RAJKOT SOW","A2","P7116",""
"GJ TANTITHAIYA SOW","A2","P7117",""
"GJ VADODARA SOW","A2","P7118",""
"GJ WADHWAN CITY SOW","A2","P7119",""
"HP BHARJOUNU SOW","A2","P7120",""
"HP KANDAGHAT SOW","A2","P7121",""
"HP KHUKHNIARA SOW","A2","P7122",""
"HP NURPUR SOW","A2","P7123",""
"HP PANOH SOW","A2","P7124",""
"HP RAKKAR SOW","A2","P7125",""
"HR AMBALA CANTT SOW","A2","P7126",""
"HR AMBALA CITY SOW","A2","P7127",""
"HR BAHADURGARH SOW","A2","P7128",""
"HR BARWALA SOW","A2","P7129",""
"HR BHIWANI SOW","A2","P7130",""
"HR BILASPUR SOW","A2","P7131",""
"HR CHARKHI DADRI SOW","A2","P7132",""
"HR DHANAWAS SOW","A2","P7133",""
"HR FARIDABAD SOW","A2","P7134",""
"HR FATEHABAD SOW","A2","P7135",""
"HR GURGAON SOW","A2","P7136",""
"HR HISSAR SOW","A2","P7137",""
"HR RADOUR -YAMUNA NAGAR (SOW)","A2","P7138",""
"HR JHAJJAR SOW","A2","P7139",""
"HR JIND SOW","A2","P7140",""
"HR KAITHAL SOW","A2","P7141",""
"HR KARNAL SOW","A2","P7142",""
"HR KOSLI SOW","A2","P7143",""
"HR KURUKSHETRA TR SOW","A2","P7144",""
"HR MAHENDRAGARH SOW","A2","P7145",""
"HR NARNAUL SOW","A2","P7146",""
"HR NARWANA SOW","A2","P7147",""
"HR PALAM VIHAR SOW","A2","P7148",""
"HR PALWAL SOW","A2","P7149",""
"HR PANIPAT SOW","A2","P7150",""
"HR PINJORE SOW","A2","P7151",""
"HR REWARI SOW","A2","P7152",""
"HR ROHTAK SOW","A2","P7153",""
"HR SAMALAKHA SOW","A2","P7154",""
"HR SIRSA SOW","A2","P7155",""
"HR SIWANI SOW","A2","P7156",""
"HR SONEPAT SOW","A2","P7157",""
"HR TOHANA SOW","A2","P7158",""
"HR YAMUNA NAGAR SOW","A2","P7159",""
"JH ADITYAPUR SOW","A2","P7160",""
"JH BARAWADIH -CHANDWA (SOW)","A2","P7161",""
"JH BASTACOLA SOW","A2","P7162",""
"JH BHAWNATHPUR SOW","A2","P7163",""
"JH BOKARO - CHAS SOW","A2","P7164",""
"JH BOKARO THERMAL - PETERWAR SOW","A2","P7165",""
"JH BUNDU - RARGAON (SOW)","A2","P7166",""
"JH BURMU - RAMPUR (SOW)","A2","P7167",""
"JH CHAINPUR - SATBARWA (SOW)","A2","P7168",""
"JH CHATRO - DUMRI (SOW)","A2","P7169",""
"JH CHAUPARAN - CHARHI SOW","A2","P7170",""
"JH DALTONGANJ SOW","A2","P7171",""
"JH DEOGHAR - DUMARIYA SOW","A2","P7172",""
"JH DHALBHUMGARH SOW","A2","P7173",""
"JH DHANBAD - MAHUDA SOW","A2","P7174",""
"JH GIRIDIH - MAHULIDIH (SOW)","A2","P7175",""
"JH GUMLA - BHARNO SOW","A2","P7176",""
"JH HASDHIA - HASDHIA SOW","A2","P7177",""
"JH JAMSHEDPUR SOW","A2","P7178",""
"JH JAPLA SOW","A2","P7179",""
"JH JHUMRI TELAIYA - BARHI SOW","A2","P7180",""
"JH KHALARI - TANDWA SOW","A2","P7181",""
"JH KHAPRIYAWAN SOW","A2","P7182",""
"JH KHARAUNDHI SOW","A2","P7183",""
"JH KUNDA SOW","A2","P7184",""
"JH KUNDAHIT SOW","A2","P7185",""
"JH LOHARDAGA - CHATTI (SOW)","A2","P7186",""
"JH MAJHGAON SOW","A2","P7187",""
"JH MANDU - GOLA (SOW)","A2","P7188",""
"JH MEHERMA SOW","A2","P7189",""
"JH NAGRI SOW","A2","P7190",""
"JH NARAYANPUR - MAYRANAWATANR SOW","A2","P7191",""
"JH PAKUR - GOPIKANDAR SOW","A2","P7192",""
"JH PRATAPPUR - JABRA SOW","A2","P7193",""
"JH RANCHI SOW","A2","P7194",""
"JH SAHIBGANJ - LITIPARA (SOW)","A2","P7195",""
"JH SIMDEGA SOW","A2","P7196",""
"JH SODE - KAMDARA SOW","A2","P7197",""
"JH SURIYA SOW","A2","P7198",""
"JH TIRULDIH SOW","A2","P7199",""
"JK KATHUA SOW","A2","P7200",""
"JK LOGATE MORE SOW","A2","P7201",""
"JK UDHAMPUR SOW","A2","P7202",""
"KA BADKUNDRI SOW","A2","P7203",""
"KA BAGALKOT SOW","A2","P7204",""
"KA BAILHONGAL SOW","A2","P7205",""
"KA BELGAUM SOW","A2","P7206",""
"KA BELLARY SOW","A2","P7207",""
"KA BHALKI SOW","A2","P7208",""
"KA BIDAR SOW","A2","P7209",""
"KA BIJAPUR SOW","A2","P7210",""
"KA CHADCHAN SOW","A2","P7211",""
"KA CHIKODI SOW","A2","P7212",""
"KA CHITRADURGA TR SOW","A2","P7213",""
"KA DAVANGERE SOW","A2","P7214",""
"KA GADAG SOW","A2","P7215",""
"KA HASSAN SOW","A2","P7216",""
"KA HAVERI SOW","A2","P7217",""
"KA HUBLI SOW","A2","P7218",""
"KA INDI SOW","A2","P7219",""
"KA JAMKHANDI SOW","A2","P7220",""
"KA KALABURAGI SOW","A2","P7221",""
"KA MANDYA SOW","A2","P7222",""
"KA RAICHUR SOW","A2","P7223",""
"KA SHIMOGA SOW","A2","P7224",""
"KA SINDHANUR SOW","A2","P7225",""
"KA TUMKUR SOW","A2","P7226",""
"KA YARAGATTI SOW","A2","P7227",""
"MH NAGOTHANE SOW","A2","P7228",""
"MH AKLUJ SOW","A2","P7229",""
"MH AMBAJOGAI SOW","A2","P7230",""
"MH ATPADI SOW","A2","P7231",""
"MH AURANGABAD SOW","A2","P7232",""
"MH BARSHI SOW","A2","P7233",""
"MH BEED SOW","A2","P7234",""
"MH BHOOM SOW","A2","P7235",""
"MH BORAVADE SOW","A2","P7236",""
"MH CHAKAN SOW","A2","P7237",""
"MH DAPOLI SOW","A2","P7238",""
"MH DHULE SOW","A2","P7239",""
"MH GADHINGLAJ SOW","A2","P7240",""
"MH GIROLA SOW","A2","P7241",""
"MH GONDIA SOW","A2","P7242",""
"MH HINGOLI SOW","A2","P7243",""
"MH ICHALKARANJI SOW","A2","P7244",""
"MH ISLAMPUR SOW","A2","P7245",""
"MH JALGAON SOW","A2","P7246",""
"MH JALNA SOW","A2","P7247",""
"MH JATH SOW","A2","P7248",""
"MH KALWAN SOW","A2","P7249",""
"MH KARAD SOW","A2","P7250",""
"MH KARVIR SOW","A2","P7251",""
"MH KINGAON SOW","A2","P7252",""
"MH KURDUWADI SOW","A2","P7253",""
"MH LATUR SOW","A2","P7254",""
"MH MALEGAON SOW","A2","P7255",""
"MH MANMAD SOW","A2","P7256",""
"MH MARALI SOW","A2","P7257",""
"MH MEDHA SOW","A2","P7258",""
"MH MIRAJ SOW","A2","P7259",""
"MH MIRJOLI SOW","A2","P7260",""
"MH MODNIMB SOW","A2","P7261",""
"MH MUDHAL TITTA SOW","A2","P7262",""
"MH NAGPUR SOW","A2","P7263",""
"MH NANDED SOW","A2","P7264",""
"MH NARAYANGAON SOW","A2","P7265",""
"MH NASHIK SOW","A2","P7266",""
"MH NATEPUTE SOW","A2","P7267",""
"MH NIVADE SOW","A2","P7268",""
"MH OSMANABAD SOW","A2","P7269",""
"MH KALAMBOLI SOW","A2","P7270",""
"MH PARBHANI SOW","A2","P7271",""
"MH RAJAPUR (RATNAGIRI) SOW","A2","P7272",""
"MH RAJGURUNAGAR SOW","A2","P7273",""
"MH RATNAGIRI SOW","A2","P7274",""
"MH RETHARE DHARAN SOW","A2","P7275",""
"MH SANGAMNER SOW","A2","P7276",""
"MH SANGLI SOW","A2","P7277",""
"MH SATARA SOW","A2","P7278",""
"MH SAWANTWADI SOW","A2","P7279",""
"MH SHIROLI SOW","A2","P7280",""
"MH SHIRWAL SOW","A2","P7281",""
"MH SILLOD SOW","A2","P7282",""
"MH SOLAPUR SOW","A2","P7283",""
"MH TANANG SOW","A2","P7284",""
"MH TASGAON M.D.G SOW","A2","P7285",""
"MH TATHAWADE-PCMC SOW","A2","P7286",""
"MH VITA SOW","A2","P7287",""
"MP AHIRKHEDI SOW","A2","P7288",""
"MP BADNAGAR SOW","A2","P7289",""
"MP BALAGHAT SOW","A2","P7290",""
"MP BARDIYA SOW","A2","P7291",""
"MP CHAUTHKHEDA (NEEMUCH) SOW","A2","P7292",""
"MP CHHINDWARA SOW","A2","P7293",""
"MP GOLWA SOW","A2","P7294",""
"MP GUNA SOW","A2","P7295",""
"MP GWALIOR SOW","A2","P7296",""
"MP INDORE SOW","A2","P7297",""
"MP JABALPUR SOW","A2","P7298",""
"MP KANASIYA SOW","A2","P7299",""
"MP KANAWATI SOW","A2","P7300",""
"MP KUKDESHWAR SOW","A2","P7301",""
"MP MANDSAUR SOW","A2","P7302",""
"MP MORENA SOW","A2","P7303",""
"MP NAGDA SOW","A2","P7304",""
"MP NEEMUCH SOW","A2","P7305",""
"MP PACHORE SOW","A2","P7306",""
"MP PATAN SOW","A2","P7307",""
"MP RATLAM SOW","A2","P7308",""
"MP SHIVPURI SOW","A2","P7309",""
"MP UJJAIN SOW","A2","P7310",""
"MP UMARIYA SOW","A2","P7311",""
"OD ANANDAPUR SOW","A2","P7312",""
"OD ANGUL SOW","A2","P7313",""
"OD AUL SOW","A2","P7314",""
"OD BABUJANGA SOW","A2","P7315",""
"OD BALAM SOW","A2","P7316",""
"OD BALASORE SOW","A2","P7317",""
"OD BALIANTA SOW","A2","P7318",""
"OD BALIGUDA SOW","A2","P7319",""
"OD BANPUR SOW","A2","P7320",""
"OD BARGARH SOW","A2","P7321",""
"OD BATGAON SOW","A2","P7322",""
"OD BERHAMPUR SOW","A2","P7323",""
"OD BHADRAK SOW","A2","P7324",""
"OD BHUBANESWAR SOW","A2","P7325",""
"OD BINKA SOW","A2","P7326",""
"OD BOUDH SOW","A2","P7327",""
"OD CUTTACK SOW","A2","P7328",""
"OD DHENKANAL SOW","A2","P7329",""
"OD DUMERBAHAL SOW","A2","P7330",""
"OD NAYAGARH -2 SOW","A2","P7331",""
"OD JAJPUR SOW","A2","P7332",""
"OD JHARSUGUDA SOW","A2","P7333",""
"OD JHUMPURA SOW","A2","P7334",""
"OD KEONJHAR SOW","A2","P7335",""
"OD KESINGA SOW","A2","P7336",""
"OD KHAIRA SOW","A2","P7337",""
"OD KHORDA SOW","A2","P7338",""
"OD KOTHAGARH SOW","A2","P7339",""
"OD NABARANGPUR SOW","A2","P7340",""
"OD NAIKANIDIHI SOW","A2","P7341",""
"OD NANDAPUR SOW","A2","P7342",""
"OD NARASINGHPUR SOW","A2","P7343",""
"OD NIALI SOW","A2","P7344",""
"OD NISCHINTAKOILI SOW","A2","P7345",""
"OD PAIKAMAL SOW","A2","P7346",""
"OD PARADEEP SOW","A2","P7347",""
"OD PARJANG SOW","A2","P7348",""
"OD PURI SOW","A2","P7349",""
"OD RAIRANGPUR SOW","A2","P7350",""
"OD RASGOVINDPUR SOW","A2","P7351",""
"OD RAYAGADA SOW","A2","P7352",""
"OD ROURKELA SOW","A2","P7353",""
"OD SAMBALPUR SOW","A2","P7354",""
"OD SINGHPUR SOW","A2","P7355",""
"OD SUNDARGARH SOW","A2","P7356",""
"OD TANGI SOW","A2","P7357",""
"OD THAKURMUNDA SOW","A2","P7358",""
"PB AMRITSAR SOW NWL","A2","P7359",""
"PB AMRITSAR SOW RAS","A2","P7360",""
"PB AMRITSAR SOW STH","A2","P7361",""
"PB BALACHOUR SOW","A2","P7362",""
"PB BATALA SOW","A2","P7363",""
"PB BHATINDA SOW","A2","P7364",""
"PB BHINDER KALAN SOW","A2","P7365",""
"PB MOGA SOW NWL","A2","P7366",""
"PB CHABBEWAL SOW","A2","P7367",""
"PB FARIDKOT SOW","A2","P7368",""
"PB GURDASPUR SOW","A2","P7369",""
"PB JALLANDHAR SOW RAS","A2","P7370",""
"PB JALLANDHAR SOW NWL","A2","P7371",""
"PB JALLANDHAR SOW STH","A2","P7372",""
"PB LUDHIANA SOW STH","A2","P7373",""
"PB KHARAR SOW","A2","P7374",""
"PB KIRATPUR SABHI SOW","A2","P7375",""
"PB KOTKAPURA SOW","A2","P7376",""
"PB RAIKOT SOW","A2","P7377",""
"PB MALWAL QUADIAN SOW","A2","P7378",""
"PB MATOUR SOW","A2","P7379",""
"PB MOGA SOW STH","A2","P7380",""
"PB NAWANPIND SOW","A2","P7381",""
"PB NOORPUR BEDI SOW","A2","P7382",""
"PB PATHANKOT SOW","A2","P7383",""
"PB PATIALA SOW","A2","P7384",""
"PB RAJPURA SOW","A2","P7385",""
"PB RAMGARH SIKRI SOW","A2","P7386",""
"PB RAYAA SOW","A2","P7387",""
"PB ZIRAKPURA SOW","A2","P7388",""
"RJ ABU ROAD SOW","A2","P7389",""
"RJ AJMER SOW","A2","P7390",""
"RJ BADI SADRI SOW","A2","P7391",""
"RJ BALER SOW","A2","P7392",""
"RJ BALOTRA TR SOW","A2","P7393",""
"RJ BANSWARA SOW","A2","P7394",""
"RJ BARMER SOW","A2","P7395",""
"RJ BEAWAR SOW","A2","P7396",""
"RJ BEGUN SOW","A2","P7397",""
"RJ BEHROR SOW","A2","P7398",""
"RJ BHADOTI SOW","A2","P7399",""
"RJ BHANKROTA SOW","A2","P7400",""
"RJ BHARATPUR SOW","A2","P7401",""
"RJ BHILWARA SOW","A2","P7402",""
"RJ BIJOLIYA SOW","A2","P7403",""
"RJ BIKANER SOW","A2","P7404",""
"RJ BUNDI SOW","A2","P7405",""
"RJ CHIRAWA SOW","A2","P7406",""
"RJ CHITTORGARH SOW","A2","P7407",""
"RJ CHOTI SADRI SOW","A2","P7408",""
"RJ CHURU  SOW","A2","P7409",""
"RJ DABOK SOW","A2","P7410",""
"RJ DAUSA SOW","A2","P7411",""
"RJ DEEG SOW","A2","P7412",""
"RJ DHOLPUR SOW","A2","P7413",""
"RJ DUNGARPUR SOW","A2","P7414",""
"RJ FATEHPUR SOW","A2","P7415",""
"RJ GANGAPUR CITY SOW","A2","P7416",""
"RJ GOGUNDA SOW","A2","P7417",""
"RJ GUDHA GORJI SOW","A2","P7418",""
"RJ HANUMANGARH SOW","A2","P7419",""
"RJ HINDOLI SOW","A2","P7420",""
"RJ HINDON CITY SOW","A2","P7421",""
"RJ JAISALMER SOW","A2","P7422",""
"RJ JALORE SOW","A2","P7423",""
"RJ JASWANT GARH SOW","A2","P7424",""
"RJ JASWANT PURA SOW","A2","P7425",""
"RJ JHALAMAND SOW","A2","P7426",""
"RJ JHALAWAR SOW","A2","P7427",""
"RJ JHUNJHUNU SOW","A2","P7428",""
"RJ JODHPUR SOW","A2","P7429",""
"RJ KACHOLA SOW","A2","P7430",""
"RJ KAITHWARA SOW","A2","P7431",""
"RJ KANOTA SOW","A2","P7432",""
"RJ KAPASAN SOW","A2","P7433",""
"RJ KAROLI SOW","A2","P7434",""
"RJ KEKRI SOW","A2","P7435",""
"RJ KESHAVPURA SOW","A2","P7436",""
"RJ KESHORAIPATAN SOW","A2","P7437",""
"RJ KHAIRTHAL SOW","A2","P7438",""
"RJ KHIWARA SOW","A2","P7439",""
"RJ KOONCHOLI SOW","A2","P7440",""
"RJ KOSHITHAL SOW","A2","P7441",""
"RJ KOTA SOW","A2","P7442",""
"RJ KOTPUTLI SOW","A2","P7443",""
"RJ LAKHERI SOW","A2","P7444",""
"RJ LALSOT SOW","A2","P7445",""
"RJ LOHAWAT SOW","A2","P7446",""
"RJ MALPURA SOW","A2","P7447",""
"RJ MANAKA SOW","A2","P7448",""
"RJ MANSAROVAR SOW","A2","P7449",""
"RJ MATA KA THAN SOW","A2","P7450",""
"RJ NAWALGARH SOW","A2","P7451",""
"RJ NIMBAHERA SOW","A2","P7452",""
"RJ NIWAI SOW","A2","P7453",""
"RJ PACHPADRA SOW","A2","P7454",""
"RJ PALI SOW","A2","P7455",""
"RJ PEEND SOW","A2","P7456",""
"RJ PHALODI SOW","A2","P7457",""
"RJ PILOD SOW","A2","P7458",""
"RJ PRATAPGARH SOW","A2","P7459",""
"RJ RAJSAMAND SOW","A2","P7460",""
"RJ RAMGANJ MANDI SOW","A2","P7461",""
"RJ RAMSINGHPURA SOW","A2","P7462",""
"RJ RANI SOW","A2","P7463",""
"RJ RATANGARH SOW","A2","P7464",""
"RJ REENGUS SOW","A2","P7465",""
"RJ ROHAT SOW","A2","P7466",""
"RJ SADWA SOW","A2","P7467",""
"RJ SAGWARA SOW","A2","P7468",""
"RJ SAHWA SOW","A2","P7469",""
"RJ SALAWATIYA SOW","A2","P7470",""
"RJ SALUMBAR SOW","A2","P7471",""
"RJ SANCHORE SOW","A2","P7472",""
"RJ SARDARSHAHAR SOW","A2","P7473",""
"RJ SARUPGANJ SOW","A2","P7474",""
"RJ SAWAI MADHOPUR SOW","A2","P7475",""
"RJ SHAHPURA SOW","A2","P7476",""
"RJ SHEOGANJ SOW","A2","P7477",""
"RJ SHYAMPURA SOW","A2","P7478",""
"RJ SIKANDRA SOW","A2","P7479",""
"RJ SIKAR SOW","A2","P7480",""
"RJ SIRODI SOW","A2","P7481",""
"RJ SOOR SAGAR SOW","A2","P7482",""
"RJ SRIGANGANAGAR SOW","A2","P7483",""
"RJ SUMERPUR SOW","A2","P7484",""
"RJ TONK SOW","A2","P7485",""
"RJ TRANS. NAGAR (UDAIPUR) TR SOW","A2","P7486",""
"RJ UDAIPUR SOW","A2","P7487",""
"RJ UDAIPUR UDASAR SOW","A2","P7488",""
"RJ V.K.I SOW","A2","P7489",""
"TL ALWAL SOW","A2","P7490",""
"TL AMEENPUR SOW","A2","P7491",""
"TL BODUPPAL SOW","A2","P7492",""
"TL CHANDRAYANAGUTTA SOW","A2","P7493",""
"TL GADWAL SOW","A2","P7494",""
"TL GAJULARAMARAM SOW","A2","P7495",""
"TL HANAMKONDA SOW","A2","P7496",""
"TL INJAPUR SOW","A2","P7497",""
"TL JAGITYAL SOW","A2","P7498",""
"TL KARIMNAGAR SOW","A2","P7499",""
"TL MAHABUBABAD SOW","A2","P7500",""
"TL MAHABUBNAGAR SOW","A2","P7501",""
"TL MAILARDEVPALLY SOW","A2","P7502",""
"TL MAKTHAL SOW","A2","P7503",""
"TL MANIKONDA SOW","A2","P7504",""
"TL MIYAPUR SOW","A2","P7505",""
"TL MOINABAD SOW","A2","P7506",""
"TL MOOSAPET SOW","A2","P7507",""
"TL MUTHANGI SOW","A2","P7508",""
"TL NAGARAM SOW","A2","P7509",""
"TL NAGARKURNOOL SOW","A2","P7510",""
"TL NIRMAL(D) SOW","A2","P7511",""
"TL NIZAMABAD SOW","A2","P7512",""
"TL RAMPALLY SOW","A2","P7513",""
"TL SANGAREDDY SOW","A2","P7514",""
"TL SIDDIPET SOW","A2","P7515",""
"TL STHAMBAMPALLY SOW","A2","P7516",""
"TL TEEGALPAHAD SOW","A2","P7517",""
"TL TOOPRAN SOW","A2","P7518",""
"TL VIKARABAD SOW","A2","P7519",""
"TL WARANGAL SOW","A2","P7520",""
"TL ZAHEERABAD SOW","A2","P7521",""
"UK BAHADRABAD SOW","A2","P7522",""
"UK BAHADRABAD  -II SOW","A2","P7523",""
"UK DEHRADOON SOW","A2","P7524",""
"UK HALDWANI SOW","A2","P7525",""
"UK KASHIPUR SOW","A2","P7526",""
"UK RAMNAGAR SOW","A2","P7527",""
"UK RISHIKESH SOW","A2","P7528",""
"UK ROORKEE SOW","A2","P7529",""
"UK RUDRAPUR SOW","A2","P7530",""
"UK TANAKPUR SOW","A2","P7531",""
"UK VIKASH NAGAR SOW","A2","P7532",""
"UP AGRA SOW","A2","P7533",""
"UP AGWANPUR SOW","A2","P7534",""
"UP ALAMNAGAR SOW","A2","P7535",""
"UP ALIGANJ SOW","A2","P7536",""
"UP ALIGARH SOW","A2","P7537",""
"UP AZAMGARH SOW","A2","P7538",""
"UP BADAUN SOW","A2","P7539",""
"UP BAGHPAT SOW","A2","P7540",""
"UP BAHRAICH SOW","A2","P7541",""
"UP BAITALPUR SOW","A2","P7542",""
"UP BALLIA SOW","A2","P7543",""
"UP BARAHLGANJ SOW","A2","P7544",""
"UP BARAUT SOW","A2","P7545",""
"UP BASTI SOW","A2","P7546",""
"UP BIJNOR SOW","A2","P7547",""
"UP BULAND SHAHAR SOW","A2","P7548",""
"UP CHANETI SOW","A2","P7549",""
"UP DEORIA SOW","A2","P7550",""
"UP ETAH SOW","A2","P7551",""
"UP ETAWAH SOW","A2","P7552",""
"UP FAIZABAD SOW","A2","P7553",""
"UP FAIZABAD-II SOW","A2","P7554",""
"UP FARUKKHABAD SOW","A2","P7555",""
"UP FATEHGANJ SOW","A2","P7556",""
"UP FATEHPUR SOW","A2","P7557",""
"UP GAURIGANJ SOW","A2","P7558",""
"UP GHAZIABAD SOW","A2","P7559",""
"UP GHAZIPUR SOW","A2","P7560",""
"UP GOLA SOW","A2","P7561",""
"UP GONDA SOW","A2","P7562",""
"UP GORAKHPUR SOW","A2","P7563",""
"UP GREATER NOIDA SOW","A2","P7564",""
"UP HAPUR SOW","A2","P7565",""
"UP HARDOI SOW","A2","P7566",""
"UP HASANPUR KATAULI SOW","A2","P7567",""
"UP HATHRAS SOW","A2","P7568",""
"UP ISPATNAGAR SOW","A2","P7569",""
"UP JAUNPUR SOW","A2","P7570",""
"UP JHANSI SOW","A2","P7571",""
"UP KANNAUJ SOW","A2","P7572",""
"UP KANPUR SOW","A2","P7573",""
"UP KANPUR NAGAR SOW","A2","P7574",""
"UP KHALILABAD SOW","A2","P7575",""
"UP KHEKRA SOW","A2","P7576",""
"UP KHERAGARH SOW","A2","P7577",""
"UP KHUTAHAN SOW","A2","P7578",""
"UP LAKHIMPUR SOW","A2","P7579",""
"UP LONI SOW","A2","P7580",""
"UP LUCKNOW SOW","A2","P7581",""
"UP MAHARAJGANJ SOW","A2","P7582",""
"UP MAINPURI SOW","A2","P7583",""
"UP MATHURA SOW","A2","P7584",""
"UP MAU SOW","A2","P7585",""
"UP MEERUT SOW","A2","P7586",""
"UP MORADABAD SOW","A2","P7587",""
"UP MUNDA PANDEY SOW","A2","P7588",""
"UP MUZAFFARNAGAR SOW","A2","P7589",""
"UP NOIDA SOW","A2","P7590",""
"UP PADRAUNA SOW","A2","P7591",""
"UP PALIA KALAN SOW","A2","P7592",""
"UP PILIBHIT SOW","A2","P7593",""
"UP RAEBARELI SOW","A2","P7594",""
"UP RAMNAGAR SOW","A2","P7595",""
"UP RAMPUR SOW","A2","P7596",""
"UP SAHARANPUR SOW","A2","P7597",""
"UP SAMBHAL SOW","A2","P7598",""
"UP SHAHGANJ SOW","A2","P7599",""
"UP SHAHJAHANPUR SOW","A2","P7600",""
"UP SHAMLI SOW","A2","P7601",""
"UP SHIKOHABAD SOW","A2","P7602",""
"UP SHIVPUR SOW","A2","P7603",""
"UP SITAPUR SOW","A2","P7604",""
"UP SULTANPUR SOW","A2","P7605",""
"UP TAJOPUR SOW","A2","P7606",""
"UP THANA BHAWAN SOW","A2","P7607",""
"UP UNNAO SOW","A2","P7608",""
"UP VARANASI SOW","A2","P7609",""
"WB ANDUL ROAD SOW","A2","P7610",""
"WB ASHARU SOW","A2","P7611",""
"WB BAISHGURI SOW","A2","P7612",""
"WB BALTI SOW","A2","P7613",""
"WB BANKURA SOW","A2","P7614",""
"WB BARJALALPUR SOW","A2","P7615",""
"WB BASANTI SOW","A2","P7616",""
"WB BELDA SOW","A2","P7617",""
"WB BETAI BAZAR SOW","A2","P7618",""
"WB BINNAGURI SOW","A2","P7619",""
"WB BOLPUR SOW","A2","P7620",""
"WB BURDWAN SOW","A2","P7621",""
"WB CHAKDAHA SOW","A2","P7622",""
"WB CHANDRAKONA ROAD SOW","A2","P7623",""
"WB CHEJKA SOW","A2","P7624",""
"WB COSSIMBAZAR RAJ SOW","A2","P7625",""
"WB COSSIPORE ROAD SOW","A2","P7626",""
"WB DANKUNI SOW","A2","P7627",""
"WB DEBAIPUR SOW","A2","P7628",""
"WB DHULAGARH SOW","A2","P7629",""
"WB DHULIYAN SOW","A2","P7630",""
"WB DIAMOND HARBOUR SOW","A2","P7631",""
"WB DUMKAL SOW","A2","P7632",""
"WB DURGAPUR SOW","A2","P7633",""
"WB GARHBETA SOW","A2","P7634",""
"WB GHATAL SOW","A2","P7635",""
"WB JHALDA SOW","A2","P7636",""
"WB JHALJHALIA SOW","A2","P7637",""
"WB KAKDWIP SOW","A2","P7638",""
"WB KANPUR SOW","A2","P7639",""
"WB KARIMPUR SOW","A2","P7640",""
"WB KATWA SOW","A2","P7641",""
"WB KOLKATA SOW","A2","P7642",""
"WB KOTALPUR SOW","A2","P7643",""
"WB KOYCHOR SOW","A2","P7644",""
"WB KRISHNANAGAR SOW","A2","P7645",""
"WB LOHAPUR SOW","A2","P7646",""
"WB MAGRA SOW","A2","P7647",""
"WB MAHESHTALA SOW","A2","P7648",""
"WB MAJNA SOW","A2","P7649",""
"WB MALDATOWN SOW","A2","P7650",""
"WB MANBAZAR SOW","A2","P7651",""
"WB MIRJAPUR SOW","A2","P7652",""
"WB NABAGRAMSIKIPUR SOW","A2","P7653",""
"WB NANDAKUMAR SOW","A2","P7654",""
"WB NATUN BAZAR (SARBERIA) SOW","A2","P7655",""
"WB NEW JALPAIGURI SOW","A2","P7656",""
"WB NIMPURA SOW","A2","P7657",""
"WB PIYALI SOW","A2","P7658",""
"WB PURBASTHALI SOW","A2","P7659",""
"WB PURULIA SOW","A2","P7660",""
"WB RADHANAGAR(HOTUGANJ) SOW","A2","P7661",""
"WB RAJARHAT BISHNUPUR SOW","A2","P7662",""
"WB RAJGRAM SOW","A2","P7663",""
"WB RANIGANJ SOW","A2","P7664",""
"WB RUPNARAYANPUR SOW","A2","P7665",""
"WB SAINTHIA SOW","A2","P7666",""
"WB SAKTIPUR SOW","A2","P7667",""
"WB SALUGARAH SOW","A2","P7668",""
"WB SURI SOW","A2","P7669",""
"WB SURJAPUR SOW","A2","P7670",""
"WB SUTAHATA SOW","A2","P7671",""
"WB SWARUPNAGAR SOW","A2","P7672",""
"WB THAKURCHAK SOW","A2","P7673",""
"WB ULUBERIA SOW","A2","P7674",""
"RJ RAS TR LP","A2","P7675",""
"RJ RAS NT LP","A2","P7676",""
"RJ NAWALGARH TR LP","A2","P7677",""
"RJ NAWALGARH NT LP","A2","P7678",""
"RJ SURATGARH TR LP","A2","P7679",""
"RJ SURATGARH NT LP","A2","P7680",""
"RJ SRINAGAR-II (AJMER) SOW SHREE CE","A2","P7681",""
"RJ BEAWAR TR LP SHREE CEMENT LIMITE","A2","P7682",""
"RJ BEAWAR NT LP SHREE CEMENT LIMITE","A2","P7683",""
"UP UPGU TR LP SHREE CEMENT LIMITED","A2","P7684",""
"UP UPGU NT LP SHREE CEMENT LIMITED","A2","P7685",""
"BR AURANGABAD TR LP SHREE CEMENT LI","","P7686",""
"BR AURANGABAD NT LP SHREE CEMENT LI","A2","P7687",""
"JH JHARKHAND TR LP SHREE CEMENT LIM","A2","P7688",""
"JH JHARKHAND NT LP SHREE CEMENT LIM","A2","P7689",""
"MH PATAS TR LP SHREE CEMENT LIMITED","A2","P7690",""
"MH PATAS NT LP SHREE CEMENT LIMITED","A2","P7691",""
"KA KODLA TR LP SHREE CEMENT LIMITED","A2","P7692",""
"KA KODLA NT LP SHREE CEMENT LIMITED","A2","P7693",""
"HR PANIPAT TR LP SHREE CEMENT LIMIT","","P7694",""
"HR PANIPAT NT LP SHREE CEMENT LIMIT","","P7695",""
"UK ROORKEE TR LP","A2","P7696",""
"UK ROORKEE NT LP SHREE CEMENT LIMIT","A2","P7697",""
"RJ JOBNER TR LP SHREE CEMENT LIMITE","","P7698",""
"RJ JOBNER NT LP SHREE CEMENT LIMITE","","P7699",""
"RJ KHUSHKHERA TR LP SHREE CEMENT LI","A2","P7700",""
"RJ KHUSHKHERA NT LP SHREE CEMENT LI","A2","P7701",""
"OD CUTTACK TR LP SHREE CEMENT LIMIT","A2","P7702",""
"OD CUTTACK NT LP SHREE CEMENT LIMIT","","P7703",""
"CG RAIPUR TR LP SHREE CEMENT LIMITE","A2","P7704",""
"CG RAIPUR NT LP SHREE CEMENT LIMITE","","P7705",""
"RJ SRINAGAR (AJMER) SOW SHREE CEMEN","A2","P7716",""
"RJ DANGIYAWAS SOW","A2","P7717",""
"RJ DANGIYAWAS NT SOW","A2","P7718",""
"UK JASPUR SOW","A2","P7719",""
"UK BAJPUR SOW","A2","P7720",""
"UK KICHHA SOW","A2","P7721",""
"CG KHARORA SOW","A2","P7722",""
"RJ KOTPUTLI NT SOW","A2","P7723",""
"RJ KOTA NT SOW","A2","P7724",""
"MP NEEMUCH NT SOW","A2","P7725",""
"MP GWALIOR NT SOW","A2","P7726",""
"GJ JOLWA (SURAT) NT SOW","A2","P7727",""
"PB MALWAL QUADIAN NT SOW","A2","P7728",""
"PB BHATINDA NT SOW","A2","P7729",""
"PB RAIKOT NT SOW","A2","P7730",""
"OD ANGUL-2 SOW","A2","P7731",""
"OD BALASORE-2 SOW","A2","P7732",""
"OD BINKA-2 SOW","A2","P7733",""
"OD BOUDH-2 SOW","A2","P7734",""
"OD JHARSUGUDA -2 SOW","A2","P7735",""
"OD JHUMPURA -2 SOW","A2","P7736",""
"OD KEONJHAR-2 SOW","A2","P7737",""
"OD RAIRANGPUR-2 SOW","A2","P7738",""
"OD RASGOVINDPUR-2 SOW","A2","P7739",""
"OD ROURKELA-2 SOW","A2","P7740",""
"OD SAMBALPUR-2 SOW","A2","P7741",""
"OD SUNDARGARH-2 SOW","A2","P7742",""
"PB BHATINDA -2 SOW","A2","P7743",""
"PB BHATINDA -2 NT SOW","A2","P7744",""
"HR YAMUNANAGAR SC NT RSD SHREE CEME","A2","P8000",""
"HR YAMUNA NAGAER RS NT RSD SHREE CE","A2","P8001",""
"DL RAJNAGAR PALAM C RD","A2","P8002",""
"DL NAJAFGARH C RD","A2","P8003",""
"DL NIHAL VIHAR C RD","A2","P8004",""
"DL LADO SARAI C RD","A2","P8005",""
"BR BHAGALPUR RD TR","A2","P8006",""
"JK KATHUA TR RSD SHREE CEMENT LIMIT","A2","P8007",""
"JK KATHUA NT RSD SHREE CEMENT LIMIT","","P8008",""
"BR TIKANI TR RSD SHREE CEMENT LIMIT","A2","P8009",""
"BR TIKANI TR","A2","P8010",""
"BR KIUL TR RSD SHREE CEMENT LIMITED","A2","P8011",""
"BR KIUL TR","A2","P8012",""
"JK ANANTNAG RSD TN SHREE CEMENT LIM","A2","P8013",""
"JK ANANTNAG RD TN","A2","P8014",""
"MP KUKDESHWAR TR RD","A2","P8015",""
"UK RUDRAPUR JUN TR RSD SHREE CEMENT","A2","P8016",""
"PB RAJPURA TR RSD SHREE CEMENT LIMI","A2","P8017",""
"PB RAJPURA NT RSD SHREE CEMENT LIMI","A2","P8018",""
"GJ ADLAJ TR","A2","P8019",""
"CG AKALTARA TR","A2","P8020",""
"CG CHAMPA TR","A2","P8021",""
"CG SIRGITTI-BSP TR","A2","P8022",""
"CG USLAPUR-BSP TR","A2","P8023",""
"CG RAIGARH TR","A2","P8024",""
"CG BALOD TR","A2","P8025",""
"CG DHAMTARI TR","A2","P8026",""
"CG DURG TR","A2","P8027",""
"CG BHILAI TR","A2","P8028",""
"CG RAIPUR-BORIYA TR","A2","P8029",""
"CG RAJNANDGAON TR","A2","P8030",""
"CG TILDA TR","A2","P8031",""
"CG BHATAGAON TR","A2","P8032",""
"JH BARHARWA TR [VD]","A2","P8033",""
"JH BASTACOLA TR [VD]","A2","P8034",""
"JH CHAS TR [VD]","A2","P8035",""
"JH CHHATTARPUR TR [VD]","A2","P8036",""
"JH DEOGHAR-TR","A2","P8037",""
"JH KHARAGDIHA TR [VD]","A2","P8038",""
"JH MAHARO TR [VD]","A2","P8039",""
"JH MAHGAMA TR [VD]","A2","P8040",""
"JH NAGARUNTARI TR [VD]","A2","P8041",""
"JH NARAYANPUR TR [VD]","A2","P8042",""
"JH PETERWAR TR [VD]","A2","P8043",""
"JH SARWAN TR [VD]","A2","P8044",""
"JH LATEHAR TR [VD]","A2","P8045",""
"JH DEOGHAR TR RSD SHREE CEMENT LIMI","A2","P8046",""
"JH NAMKUM TR","A2","P8047",""
"OD BHUBANESWAR-2 TR","A2","P8048",""
"OD KAMAKHYANAGAR TR [VD]","A2","P8049",""
"OD BALASORE TR","A2","P8050",""
"OD BASUDEVPUR TR [VD]","A2","P8051",""
"OD SORO TR [VD]","A2","P8052",""
"OD PANIKOILI TR [VD]","A2","P8053",""
"OD JAJPUR TOWN TR [VD]","A2","P8054",""
"OD GOPALPUR TR [VD]","A2","P8055",""
"WB BANKURA TR","A2","P8056",""
"WB BANKURA TR RSD SHREE CEMENT LIMI","A2","P8057",""
"WB BELDA TR","A2","P8058",""
"WB BELDA TR RSD SHREE CEMENT LIMITE","A2","P8059",""
"WB BURDWAN TR","A2","P8060",""
"WB BURDWAN TR RSD SHREE CEMENT LIMI","A2","P8061",""
"WB KOTALPUR TR","A2","P8062",""
"WB NARAI TR","A2","P8063",""
"WB NARAI TR RSD SHREE CEMENT LIMITE","A2","P8064",""
"WB PURBASTHALI TR","A2","P8065",""
"WB RANIGANJ TR","A2","P8066",""
"WB RANIGANJ TR RSD SHREE CEMENT LIM","A2","P8067",""
"WB MALDA TR","A2","P8068",""
"WB MALDA TR RSD SHREE CEMENT LIMITE","A2","P8069",""
"BR BEGUSARAI TR","A2","P8070",""
"BR BEGUSARAI TR RSD SHREE CEMENT LI","A2","P8071",""
"BR SITAMARHI TR","A2","P8072",""
"BR SITAMARHI TR RSD SHREE CEMENT LI","A2","P8073",""
"BR BARBIGHA TR [VD]","A2","P8074",""
"BR KASAP TR [VD]","A2","P8075",""
"BR NAUGACHIA TR RSD SHREE CEMENT LI","A2","P8076",""
"BR NAUGACHIA TR","A2","P8077",""
"BR DAULATPUR TR RSD SHREE CEMENT LI","A2","P8078",""
"BR MUNGER TR","A2","P8079",""
"BR JAMUI TR RSD SHREE CEMENT LIMITE","A2","P8080",""
"BR JAMUI TR","A2","P8081",""
"BR SARAI TR RSD SHREE CEMENT LIMITE","A2","P8082",""
"BR SARAI TR","A2","P8083",""
"BR VAISHALI TR [VD]","A2","P8084",""
"BR CHAKSIKANDAR TR [VD]","A2","P8085",""
"BR DIGHIKALAN TR [VD]","A2","P8086",""
"BR KHAGARIA TR","A2","P8087",""
"RJ NEEM KA THANA TR","A2","P8088",""
"TL SHADNAGAR TR","A2","P8089",""
"DL LADO SARAI C RD","A2","P8090",""
"BR JEHANABAD TR","A2","P8091",""
"BR BARH TR","A2","P8092",""
"OD BHUBANESWAR-3 TR RD","A2","P8093",""
"OD BARGARH SOW","A2","P8094",""
"OD SUNDARGAR SOW","A2","P8095",""
"OD SAMABLPUR SOW","A2","P8096",""
"OD JHARSUGUDA SOW","A2","P8097",""
"OD ROURKELA SOW","A2","P8098",""
"OD KESINGA SOW","A2","P8099",""
"UP AMBEDKARNAGAR RD TR","A2","P8100",""
"BR BIHARSHARIF TR","A2","P8101",""
"HR KAKKROLA TR","A2","P8102",""
"UP SC NAUTANWA","A2","P8103",""
"UP BC NAUTANWA","A2","P8104",""
"UP SC TR RD SALEMPUR","A2","P8105",""
"UP BC TR RD SALEMPUR","A2","P8106",""
"BR BHAGWATIPUR TR [VD]","A2","P8107",""
"BR FATHEPUR TR [VD]","A2","P8108",""
"BR GOHATTI- TIKUNA TR [VD]","A2","P8109",""
"BR IMAMGANJ TR [VD]","A2","P8110",""
"BR MADHEPURA TR","A2","P8111",""
"BR MADHEPURA TR RSD SHREE CEMENT LI","A2","P8112",""
"BR DANAPUR TR","A2","P8113",""
"BR DANAPUR TR RSD SHREE CEMENT LIMI","A2","P8114",""
"BR RAJAUN TR? [VD]","A2","P8115",""
"CG ABHANPUR TR","A2","P8116",""
"UP SC TR RD TAMKUHIRAJ","A2","P8117",""
"UP BC TR RD TAMKUHIRAJ","A2","P8118",""
"UP SC TR RD KAURIRAM","A2","P8119",""
"UP BC TR RD KAURIRAM","A2","P8120",""
"MH GHOTI TR","A2","P8121",""
"MH VADGAON TR","A2","P8122",""
"MH JOGESHWARI TR VD","A2","P8123",""
"MH VADPE TR VD","A2","P8124",""
"MH KHED-SHIVAPUR TR","A2","P8125",""
"MH GONDIA TR","A2","P8126",""
"MH KAPSEE TR","A2","P8127",""
"MH MAHAD TR","A2","P8128",""
"AP NARSIPATNAM TR","A2","P8129",""
"AP PUNGANUR TR","A2","P8130",""
"UK KHATIMA TR","A2","P8131",""
"HR NARNAUL-II TR","A2","P8132",""
"JH Daltonganj TR","A2","P8133",""
"JH RANCHI TR RSD SHREE CEMENT LIMIT","A2","P8134",""
"JH BUKRU KANKE TR [VD]","A2","P8135",""
"JH ITKI-SEMRA TR [VD]","A2","P8136",""
"JH MANDAR TR [VD]","A2","P8137",""
"JH PATRATU TR [VD]","A2","P8138",""
"JH NAGRI TR","A2","P8139",""
"JH KHALARI TR [VD]","A2","P8140",""
"JH KAITHA TR [VD]","A2","P8141",""
"JH DORMA TR [VD]","A2","P8142",""
"JH RANCHI TR {VD}","A2","P8143",""
"JH SODE TR {VD}","A2","P8144",""
"JH GOLA TR [VD]","A2","P8145",""
"RJ KISHANGARH  TR","A2","P8146",""
"RJ BHINMAL TR SHREE CEMENT LIMITED","A2","P8147",""
"GJ VADODARA II TR","A2","P8148",""
"PB BHATINDA TR RSD SHREE CEMENT LIM","A2","P8149",""
"PB BHATINDA NT RSD SHREE CEMENT LIM","A2","P8150",""
"PB HABOWAL - T","A2","P8151",""
"GJ ADALAJ NT [TP]","A2","P8152",""
"GJ JOLWA NT [TP]","A2","P8153",""
"MP CHHINDWARA TR RD","A2","P8154",""
"BR PRATAPGANJ TR RSD SHREE CEMENT L","A2","P8155",""
"BR PRATAPGANJ TR","A2","P8156",""
"BR RAGHOPUR TR [VD]","A2","P8157",""
"CG BEMETARA TR","A2","P8158",""
"GJ VADODARA BULK(SOW)","A2","P8159",""
"GJ RAJKOT NT [TP]","A2","P8160",""
"HR FARIDABAD TR","A2","P8161",""
"OD ANGUL TR RD","A2","P8162",""
"UP ETAH RC TR RD","A2","P8163",""
"BR BANKA TR","A2","P8164",""
"BR ARA TR","A2","P8165",""
"UP TR RD BALRAMPUR","A2","P8166",""
"WB COSSIPORE TR","A2","P8167",""
"WB COSSIPORE TR RSD SHREE CEMENT LI","A2","P8168",""
"MH VADGAON (MAVAL) TR","A2","P8169",""
"UP SC TR RD BADAUN","","P8170",""
"UP SC TR RD SAMBHAL","","P8171",""
"HR DAULTABAD TR","A2","P8172",""
"GJ VADODARA TR II","A2","P8173",""
"SCL GUNTUR VD SHREE CEMENT LIMITED","A2","P8174",""
"UP SIKHOHABAD TR RD","A2","P8175",""
"CG MOPKA TR","A2","P8176",""
"CG PENDARI TR","A2","P8177",""
"BR SAHARSA TR","A2","P8178",""
"BR SAHARSA TR RSD SHREE CEMENT LIMI","A2","P8179",""
"PB RD, GAUNSGARH - T","A2","P8180",""
"KA KOTTUR TR","A2","P8181",""
"KA GOKAK TR","A2","P8182",""
"HR SIWANI TR","A2","P8183",""
"GJ VADODARA TR II","","P8184",""
"GJ VADODARA NT TP","A2","P8185",""
"GJ RAJKOT NT TP","A2","P8186",""
"PB KOTKAPURA TR RSD SHREE CEMENT LI","A2","P8187",""
"PB KOTKAPURA NT RSD SHREE CEMENT LI","A2","P8188",""
"PB KOTKAPURA TR","A2","P8189",""
"BR WARISALIGANJ TR","A2","P8203",""
"BR WARISALIGANJ TR RSD","A2","P8204",""
"BR DARBHANGA TR","A2","P8205",""
"BR DARBHANGA TR RSD","A2","P8206",""
"BR EKMI TR [VD]","A2","P8207",""
"BR MUZAFFARPUR TR","A2","P8208",""
"BR MUZAFFARPUR TR RSD","A2","P8209",""
"BR KANTI TR [VD]","A2","P8210",""
"BR BETTIAH TR","A2","P8212",""
"BR BETTIAH TR RSD","A2","P8213",""
"BR JAGDISHPUR TD [VD]","A2","P8214",""
"BR BAIKUNTHWA TR [VD]","A2","P8215",""
"BR SATWARIA TR [VD]","A2","P8216",""
"DL MEHRAULI TP","A2","P8217",""
"BR MATHURAPUR TR [VD]","A2","P8218",""
"BR KATIHAR TR","A2","P8219",""
"BR KATIHAR TR RSD","A2","P8220",""
"BR PURNEA TR","A2","P8221",""
"BR PURNEA TR RSD","A2","P8222",""
"BR SARSI TR","A2","P8223",""
"BR SARSI TR RSD","A2","P8224",""
"BR SIWAN BG TR TOT","A2","P8225",""
"BR SIWAN SC TR TOT","A2","P8226",""
"BR MOTIHARI BG TR TOT","A2","P8227",""
"BR MOTIHARI SC TR TOT","A2","P8228",""
"BR SAHARSA TR TOT","A2","P8229",""
"BR MUZAFFARPUR BG TR TOT","A2","P8230",""
"BR MUZAFFARPUR SC TR TOT","A2","P8231",""
"BR BETTIAH BG TR TOT","A2","P8232",""
"BR BETTIAH SC TR TOT","A2","P8233",""
"MH NASHIK?SOW?TR","A2","P8234",""
"PB PATHANKOT TR","A2","P8235",""
"JK PAMPORE","A2","P8236",""
"JK PAMPORE RSD","A2","P8237",""
"RJ FATEHPUR TR","A2","P8238",""
"MH SHRIRAMPUR TR","A2","P8239",""
"BR CHHAPRA BG TR TOT","A2","P8241",""
"BR CHHAPRA SC TR TOT","A2","P8242",""
"PB FIROZPUR TR","A2","P8243",""
"PB DAPPAR  SOW PGU","A2","P8244",""
"BR ARARIA TR","A2","P8245",""
"BR ARARIA TR RSD","A2","P8246",""
"BR BATHNAHA TR","A2","P8247",""
"BR BATHNAHA TR RSD","A2","P8248",""
"HR AMBALA CANTT. TR","A2","P8249",""
"HR AMBALA CITY TR","A2","P8250",""
"RJ KURGOAN TR","A2","P8251",""
"RJ BAYANA TR","A2","P8252",""
"DL NARDAN TP","A2","P8253",""
"BR KISHANGANJ TR","A2","P8254",""
"BR KISHANGANJ TR RSD","A2","P8255",""
"BR PIPRA KOTHI TR [VD]","A2","P8256",""
"BR RAMGARHWA TR [VD]","A2","P8257",""
"BR SUGAULI-HARSIDHI TR [VD]","A2","P8258",""
"BR CHHAPRA TR","A2","P8260",""
"BR CHHAPRA TR RSD","A2","P8261",""
"BR KADIPUR-NAGRA TR [VD]","A2","P8262",""
"BR SAMHUTI TR [VD]","A2","P8263",""
"UP  MATHURA TR","A2","P8264",""
"UP  MATHURA RSD","A2","P8265",""
"UP  MATHURA TR E","A2","P8266",""
"UP HATHRAS TR E","A2","P8267",""
"UP HATHRAS TR","A2","P8268",""
"BR CHAKIA TR","A2","P8269",""
"BR CHAKIA TR RSD","A2","P8270",""
"BR MOTIHARI TR","A2","P8271",""
"BR MOTIHARI TR RSD","A2","P8272",""
"BR MEHSI TR [VD]","A2","P8273",""
"BR PIRPAINTI TR","A2","P8274",""
"BR PIRPAINTI TR RSD","A2","P8275",""
"HR HANSI TR","A2","P8276",""
"HR YAMUNANAGAR-II TR","A2","P8277",""
"UP PILIBHIT TR E","A2","P8278",""
"UP RAMPUR TR E","A2","P8279",""
"UP BAREILLY CANTT TR E","A2","P8280",""
"UP MORADABAD TR E","A2","P8281",""
"UP BAREILLY CANTT RSD","A2","P8282",""
"UP MORADABAD RSD","A2","P8283",""
"UP RAMPUR RSD","A2","P8284",""
"RJ BARI SADRI TR","A2","P8285",""
"RJ DABOK TR","A2","P8286",""
"MP UJJAIN TR","A2","P8287",""
"MP BADNAGAR TR","A2","P8288",""
"GJ BODELI TR","A2","P8289",""
"HR TOHANA TR","A2","P8290",""
"HR KALANWALI TR","A2","P8291",""
"PB JALANDHAR 2 TR","A2","P8292",""
"RJ BALOTRA TR","A2","P8293",""
"UP  ALIGARH TR","A2","P8294",""
"UP  ALIGARH TR E","A2","P8295",""
"BR GAYA TR RSD","A2","P8296",""
"WB DHULAGARH TR","A2","P8297",""
"WB DHULAGARH TR RSD","A2","P8298",""
"WB DANKUNI TR","A2","P8299",""
"WB DANKUNI TR RSD","A2","P8300",""
"WB MAGRA TR","A2","P8301",""
"WB MAGRA TR RSD","A2","P8302",""
"GJ VAPI TR","A2","P8303",""
"RJ SAHWA TR","A2","P8304",""
"MP GWALIOR TR","A2","P8305",""
"MP GWALIOR RSD","A2","P8306",""
"UP BASTI SOW","A2","P8307",""
"UP KHALILABAD SOW","A2","P8308",""
"RJ HANUMANGARH TR","A2","P8310",""
"WB TUFANGANJ TR","A2","P8311",""
"WB TUFANGANJ TR RSD","A2","P8312",""
"WB BINNAGURI TR","A2","P8313",""
"WB BINNAGURI TR RSD","A2","P8314",""
"WB SILIGURI KHAPRAIL TR","A2","P8315",""
"WB COOCHBEHARE TR","A2","P8316",""
"WB COOCHBEHARE TR RSD","A2","P8317",""
"WB SILIGURI SEVOKE TR","A2","P8318",""
"WB SILIGURI TR RSD","A2","P8319",""
"UP PADRAUNA SOW","A2","P8320",""
"AP RAJAHMUNDRY SOW","A2","P8321",""
"AP KOMMADI SOW","A2","P8322",""
"AP ANAKAPALLI SOW","A2","P8323",""
"AP JANGAREDDYGUDEM SOW","A2","P8324",""
"AP BHIMAVARAM SOW","A2","P8325",""
"TL ZAHEERABAD SOW","A2","P8327",""
"OD BERHAMPUR SOW-2","A2","P8331",""
"OD NAYAGARH SOW-2","A2","P8332",""
"OD BALASORE SOW-2","A2","P8333",""
"OD RAIRANGPUR SOW-2","A2","P8335",""
"OD ANGUL SOW-2","A2","P8338",""
"OD TANGI SOW-2","A2","P8339",""
"MH VINCHUR TR","A2","P8340",""
"MP MORENA TR","A2","P8342",""
"MP BHIND TR","A2","P8343",""
"HR KHORI RSD","A2","P8345",""
"RJ TATARPUR TR","A2","P8346",""
"UP SHAHJAHANPUR TR","A2","P8347",""
"MH NANDED MIDC TR","A2","P8348",""
"BR SIWAN TR","A2","P8349",""
"BR SIWAN TR RSD","A2","P8350",""
"BR KHAGARIA TR RSD","A2","P8351",""
"JH NAGRI TR(ROAD)","A2","P8352",""
"RJ KHUSHKHERA2 BTST","A1","P8353",""
"RJ SGU BTST","A2","P8354",""
"RJ SGU2 BTST","A2","P8355",""
"UP BIJNOR TR","A2","P8356",""
"UP BIJNOR RSD","A2","P8357",""
"UK ROORKEE TR","A2","P8358",""
"UK BAHADRABAD TR","A2","P8359",""
"RJ NIMBAHERA TR","A2","P8360",""
"RJ GOGUNDA TR","A2","P8361",""
"JH RANCHI POLE FACTORY TR(ROAD","A2","P8362",""
"JH NAMKUM TR?(ROAD)","A2","P8363",""
"RJ PRATAPGARH TR","A2","P8364",""
"SCL-KOLKATA OFFICE","A2","P8365",""
"BR KURSELA TR RSD","A2","P8366",""
"BR KURSELA TR","A2","P8367",""
"WB KUSUMGRAM TR","A2","P8368",""
"MP GUNA TR","A2","P8369",""
"MP GUNA RSD","A2","P8370",""
"MP ASHOKNAGAR TR","A2","P8371",""
"WB NANDAKUMAR TR","A2","P8372",""
"WB MECHOGRAM TR","A2","P8373",""
"BR BANKA SOW","A2","P8374",""
"BR BOUSI SOW","A2","P8375",""
"BR CHANDAN SOW","A2","P8376",""
"MH PARBHANI TR","A2","P8377",""
"MH HINGOLI TR","A2","P8378",""
"BR KHAJAULI TR RSD","A2","P8379",""
"BR KHAJAULI TR","A2","P8380",""
"UP MUZAFFARNAGAR TR","A2","P8381",""
"UP SAHARANPUR TR","A2","P8382",""
"HR NARWANA TR","A2","P8384",""
"UK RISHIKESH TR","A2","P8386",""
"SCL-CORPORATE OFFICE","","P9000",""
"DUMMY","","P9004",""
